filename,bucket,tier,found,achieved_severity,output_path
AM_Bing_211.png,augment_full,low,True,100.87281036376953,data/processed/fog_augmented/AM_Bing_211_low.png
AM_Bing_211.png,augment_full,medium,True,114.84710693359375,data/processed/fog_augmented/AM_Bing_211_medium.png
AM_Bing_211.png,augment_full,high,False,,
AM_Bing_217.png,augment_medium,medium,True,154.58824157714844,data/processed/fog_augmented/AM_Bing_217_medium.png
AM_Bing_222.png,augment_medium,medium,True,152.71800231933594,data/processed/fog_augmented/AM_Bing_222_medium.png
AM_Bing_229.png,augment_medium,medium,True,145.2372283935547,data/processed/fog_augmented/AM_Bing_229_medium.png
AM_Bing_232.png,augment_full,low,True,97.19795989990234,data/processed/fog_augmented/AM_Bing_232_low.png
AM_Bing_232.png,augment_full,medium,True,110.5272216796875,data/processed/fog_augmented/AM_Bing_232_medium.png
AM_Bing_232.png,augment_full,high,False,,
AM_Bing_242.png,augment_medium,medium,True,144.40878295898438,data/processed/fog_augmented/AM_Bing_242_medium.png
AM_Bing_243.png,no_augment,,,,
AM_Bing_274.png,augment_medium,medium,True,155.1094207763672,data/processed/fog_augmented/AM_Bing_274_medium.png
AM_Bing_318.png,augment_full,low,True,98.7607192993164,data/processed/fog_augmented/AM_Bing_318_low.png
AM_Bing_318.png,augment_full,medium,True,126.51502227783203,data/processed/fog_augmented/AM_Bing_318_medium.png
AM_Bing_318.png,augment_full,high,False,,
AM_Bing_422.png,augment_full,low,False,,
AM_Bing_422.png,augment_full,medium,True,121.30538177490234,data/processed/fog_augmented/AM_Bing_422_medium.png
AM_Bing_422.png,augment_full,high,True,150.46632385253906,data/processed/fog_augmented/AM_Bing_422_high.png
AM_Bing_464.png,augment_full,low,True,99.75501251220703,data/processed/fog_augmented/AM_Bing_464_low.png
AM_Bing_464.png,augment_full,medium,False,,
AM_Bing_464.png,augment_full,high,False,,
AM_Bing_536.png,no_augment,,,,
AM_Bing_640.png,augment_full,low,True,101.83707427978516,data/processed/fog_augmented/AM_Bing_640_low.png
AM_Bing_640.png,augment_full,medium,False,,
AM_Bing_640.png,augment_full,high,False,,
AM_Bing_727.png,augment_medium,medium,True,154.20008850097656,data/processed/fog_augmented/AM_Bing_727_medium.png
AM_Google_019.png,augment_full,low,False,,
AM_Google_019.png,augment_full,medium,False,,
AM_Google_019.png,augment_full,high,True,152.26327514648438,data/processed/fog_augmented/AM_Google_019_high.png
AM_Google_035.png,augment_medium,medium,True,152.0762481689453,data/processed/fog_augmented/AM_Google_035_medium.png
AM_Google_067.png,augment_full,low,False,,
AM_Google_067.png,augment_full,medium,True,127.76018524169922,data/processed/fog_augmented/AM_Google_067_medium.png
AM_Google_067.png,augment_full,high,True,150.0637664794922,data/processed/fog_augmented/AM_Google_067_high.png
AM_Google_10.png,augment_full,low,True,95.96026611328125,data/processed/fog_augmented/AM_Google_10_low.png
AM_Google_10.png,augment_full,medium,True,124.5179443359375,data/processed/fog_augmented/AM_Google_10_medium.png
AM_Google_10.png,augment_full,high,False,,
AM_Google_228.png,no_augment,,,,
AM_Google_244.png,no_augment,,,,
AM_Google_246.png,augment_medium,medium,True,151.09121704101562,data/processed/fog_augmented/AM_Google_246_medium.png
AM_Google_250.png,no_augment,,,,
AM_Google_289.png,augment_full,low,False,,
AM_Google_289.png,augment_full,medium,True,125.12396240234375,data/processed/fog_augmented/AM_Google_289_medium.png
AM_Google_289.png,augment_full,high,True,132.49713134765625,data/processed/fog_augmented/AM_Google_289_high.png
AM_Google_309.png,no_augment,,,,
AM_Google_320.png,augment_full,low,True,101.52719116210938,data/processed/fog_augmented/AM_Google_320_low.png
AM_Google_320.png,augment_full,medium,True,121.04830932617188,data/processed/fog_augmented/AM_Google_320_medium.png
AM_Google_320.png,augment_full,high,False,,
AM_Google_359.png,no_augment,,,,
AM_Google_411.png,augment_full,low,True,101.56037902832031,data/processed/fog_augmented/AM_Google_411_low.png
AM_Google_411.png,augment_full,medium,True,126.10584259033203,data/processed/fog_augmented/AM_Google_411_medium.png
AM_Google_411.png,augment_full,high,True,131.5243682861328,data/processed/fog_augmented/AM_Google_411_high.png
AM_Google_494.png,augment_medium,medium,True,154.42190551757812,data/processed/fog_augmented/AM_Google_494_medium.png
AM_Google_525.png,augment_full,low,True,101.26123809814453,data/processed/fog_augmented/AM_Google_525_low.png
AM_Google_525.png,augment_full,medium,True,104.23020935058594,data/processed/fog_augmented/AM_Google_525_medium.png
AM_Google_525.png,augment_full,high,False,,
AM_Google_617.png,augment_medium,medium,True,147.07711791992188,data/processed/fog_augmented/AM_Google_617_medium.png
AM_Google_707.png,no_augment,,,,
AM_Google_711.png,no_augment,,,,
AM_Google_754.png,no_augment,,,,
AM_Google_768.png,no_augment,,,,
AM_Google_796.png,no_augment,,,,
AM_Google_869.png,augment_full,low,False,,
AM_Google_869.png,augment_full,medium,True,127.32066345214844,data/processed/fog_augmented/AM_Google_869_medium.png
AM_Google_869.png,augment_full,high,True,151.82745361328125,data/processed/fog_augmented/AM_Google_869_high.png
BD_Baidu_000.png,no_augment,,,,
BD_Baidu_007.png,no_augment,,,,
BD_Baidu_018.png,no_augment,,,,
BD_Baidu_022.png,augment_full,low,True,100.25285339355469,data/processed/fog_augmented/BD_Baidu_022_low.png
BD_Baidu_022.png,augment_full,medium,True,125.48065185546875,data/processed/fog_augmented/BD_Baidu_022_medium.png
BD_Baidu_022.png,augment_full,high,False,,
BD_Baidu_023.png,no_augment,,,,
BD_Baidu_031.png,augment_full,low,True,82.45246887207031,data/processed/fog_augmented/BD_Baidu_031_low.png
BD_Baidu_031.png,augment_full,medium,False,,
BD_Baidu_031.png,augment_full,high,False,,
BD_Baidu_038.png,augment_medium,medium,True,141.23655700683594,data/processed/fog_augmented/BD_Baidu_038_medium.png
BD_Baidu_039.png,augment_medium,medium,True,146.77706909179688,data/processed/fog_augmented/BD_Baidu_039_medium.png
BD_Baidu_042.png,no_augment,,,,
BD_Baidu_045.png,augment_full,low,True,102.45248413085938,data/processed/fog_augmented/BD_Baidu_045_low.png
BD_Baidu_045.png,augment_full,medium,True,111.3409194946289,data/processed/fog_augmented/BD_Baidu_045_medium.png
BD_Baidu_045.png,augment_full,high,False,,
BD_Baidu_046.png,no_augment,,,,
BD_Baidu_050.png,no_augment,,,,
BD_Baidu_058.png,no_augment,,,,
BD_Baidu_059.png,augment_medium,medium,True,154.93557739257812,data/processed/fog_augmented/BD_Baidu_059_medium.png
BD_Baidu_062.png,augment_full,low,True,92.40017700195312,data/processed/fog_augmented/BD_Baidu_062_low.png
BD_Baidu_062.png,augment_full,medium,True,124.32881927490234,data/processed/fog_augmented/BD_Baidu_062_medium.png
BD_Baidu_062.png,augment_full,high,False,,
BD_Baidu_065.png,augment_full,low,True,98.5748062133789,data/processed/fog_augmented/BD_Baidu_065_low.png
BD_Baidu_065.png,augment_full,medium,True,122.42488098144531,data/processed/fog_augmented/BD_Baidu_065_medium.png
BD_Baidu_065.png,augment_full,high,False,,
BD_Baidu_074.png,no_augment,,,,
BD_Baidu_076.png,no_augment,,,,
BD_Baidu_078.png,augment_medium,medium,True,154.5410919189453,data/processed/fog_augmented/BD_Baidu_078_medium.png
BD_Baidu_08.png,no_augment,,,,
BD_Baidu_081.png,augment_medium,medium,True,155.4657440185547,data/processed/fog_augmented/BD_Baidu_081_medium.png
BD_Baidu_084.png,augment_medium,medium,True,153.2574462890625,data/processed/fog_augmented/BD_Baidu_084_medium.png
BD_Baidu_087.png,augment_medium,medium,True,145.0106964111328,data/processed/fog_augmented/BD_Baidu_087_medium.png
BD_Baidu_088.png,no_augment,,,,
BD_Baidu_095.png,augment_medium,medium,True,150.77499389648438,data/processed/fog_augmented/BD_Baidu_095_medium.png
BD_Baidu_097.png,augment_full,low,False,,
BD_Baidu_097.png,augment_full,medium,True,121.71269989013672,data/processed/fog_augmented/BD_Baidu_097_medium.png
BD_Baidu_097.png,augment_full,high,True,148.1873779296875,data/processed/fog_augmented/BD_Baidu_097_high.png
BD_Baidu_10.png,augment_full,low,True,102.01641845703125,data/processed/fog_augmented/BD_Baidu_10_low.png
BD_Baidu_10.png,augment_full,medium,True,122.2200927734375,data/processed/fog_augmented/BD_Baidu_10_medium.png
BD_Baidu_10.png,augment_full,high,True,140.67868041992188,data/processed/fog_augmented/BD_Baidu_10_high.png
BD_Baidu_102.png,augment_medium,medium,True,140.84228515625,data/processed/fog_augmented/BD_Baidu_102_medium.png
BD_Baidu_104.png,augment_medium,medium,True,150.71327209472656,data/processed/fog_augmented/BD_Baidu_104_medium.png
BD_Baidu_105.png,augment_medium,medium,True,152.4097900390625,data/processed/fog_augmented/BD_Baidu_105_medium.png
BD_Baidu_116.png,augment_medium,medium,True,143.60215759277344,data/processed/fog_augmented/BD_Baidu_116_medium.png
BD_Baidu_117.png,no_augment,,,,
BD_Baidu_129.png,no_augment,,,,
BD_Baidu_133.png,no_augment,,,,
BD_Baidu_134.png,no_augment,,,,
BD_Baidu_137.png,no_augment,,,,
BD_Baidu_142.png,no_augment,,,,
BD_Baidu_143.png,augment_medium,medium,True,143.24322509765625,data/processed/fog_augmented/BD_Baidu_143_medium.png
BD_Baidu_145.png,augment_medium,medium,True,148.40760803222656,data/processed/fog_augmented/BD_Baidu_145_medium.png
BD_Baidu_166.png,augment_medium,medium,True,153.57342529296875,data/processed/fog_augmented/BD_Baidu_166_medium.png
BD_Baidu_174.png,augment_full,low,True,96.21109771728516,data/processed/fog_augmented/BD_Baidu_174_low.png
BD_Baidu_174.png,augment_full,medium,True,116.2632064819336,data/processed/fog_augmented/BD_Baidu_174_medium.png
BD_Baidu_174.png,augment_full,high,False,,
BD_Baidu_18.png,augment_full,low,True,101.3260498046875,data/processed/fog_augmented/BD_Baidu_18_low.png
BD_Baidu_18.png,augment_full,medium,True,127.24626159667969,data/processed/fog_augmented/BD_Baidu_18_medium.png
BD_Baidu_18.png,augment_full,high,True,144.53048706054688,data/processed/fog_augmented/BD_Baidu_18_high.png
BD_Baidu_195.png,no_augment,,,,
BD_Baidu_196.png,no_augment,,,,
BD_Baidu_199.png,augment_medium,medium,True,151.15713500976562,data/processed/fog_augmented/BD_Baidu_199_medium.png
BD_Baidu_200.png,augment_medium,medium,True,154.76405334472656,data/processed/fog_augmented/BD_Baidu_200_medium.png
BD_Baidu_201.png,no_augment,,,,
BD_Baidu_208.png,augment_medium,medium,True,143.4492950439453,data/processed/fog_augmented/BD_Baidu_208_medium.png
BD_Baidu_209.png,no_augment,,,,
BD_Baidu_211.png,augment_medium,medium,True,150.00784301757812,data/processed/fog_augmented/BD_Baidu_211_medium.png
BD_Baidu_216.png,augment_full,low,True,100.59029388427734,data/processed/fog_augmented/BD_Baidu_216_low.png
BD_Baidu_216.png,augment_full,medium,True,105.57347869873047,data/processed/fog_augmented/BD_Baidu_216_medium.png
BD_Baidu_216.png,augment_full,high,False,,
BD_Baidu_222.png,augment_medium,medium,True,140.4673309326172,data/processed/fog_augmented/BD_Baidu_222_medium.png
BD_Baidu_224.png,no_augment,,,,
BD_Baidu_247.png,augment_medium,medium,True,149.01589965820312,data/processed/fog_augmented/BD_Baidu_247_medium.png
BD_Baidu_249.png,augment_medium,medium,True,150.12612915039062,data/processed/fog_augmented/BD_Baidu_249_medium.png
BD_Baidu_250.png,no_augment,,,,
BD_Baidu_254.png,augment_medium,medium,True,154.15379333496094,data/processed/fog_augmented/BD_Baidu_254_medium.png
BD_Baidu_256.png,no_augment,,,,
BD_Baidu_277.png,no_augment,,,,
BD_Baidu_281.png,no_augment,,,,
BD_Baidu_284.png,no_augment,,,,
BD_Baidu_285.png,augment_medium,medium,True,153.0482177734375,data/processed/fog_augmented/BD_Baidu_285_medium.png
BD_Baidu_29.png,augment_full,low,True,102.67881774902344,data/processed/fog_augmented/BD_Baidu_29_low.png
BD_Baidu_29.png,augment_full,medium,True,124.02356719970703,data/processed/fog_augmented/BD_Baidu_29_medium.png
BD_Baidu_29.png,augment_full,high,True,153.12628173828125,data/processed/fog_augmented/BD_Baidu_29_high.png
BD_Baidu_291.png,augment_medium,medium,True,154.0798797607422,data/processed/fog_augmented/BD_Baidu_291_medium.png
BD_Baidu_299.png,augment_medium,medium,True,154.34275817871094,data/processed/fog_augmented/BD_Baidu_299_medium.png
BD_Baidu_306.png,augment_medium,medium,True,155.3439483642578,data/processed/fog_augmented/BD_Baidu_306_medium.png
BD_Baidu_322.png,augment_full,low,True,100.50098419189453,data/processed/fog_augmented/BD_Baidu_322_low.png
BD_Baidu_322.png,augment_full,medium,True,125.25894165039062,data/processed/fog_augmented/BD_Baidu_322_medium.png
BD_Baidu_322.png,augment_full,high,False,,
BD_Baidu_332.png,augment_medium,medium,True,148.20396423339844,data/processed/fog_augmented/BD_Baidu_332_medium.png
BD_Baidu_338.png,no_augment,,,,
BD_Baidu_347.png,no_augment,,,,
BD_Baidu_355.png,no_augment,,,,
BD_Baidu_375.png,no_augment,,,,
BD_Baidu_383.png,augment_full,low,True,102.03157806396484,data/processed/fog_augmented/BD_Baidu_383_low.png
BD_Baidu_383.png,augment_full,medium,True,105.15260314941406,data/processed/fog_augmented/BD_Baidu_383_medium.png
BD_Baidu_383.png,augment_full,high,False,,
BD_Baidu_385.png,no_augment,,,,
BD_Baidu_388.png,no_augment,,,,
BD_Baidu_389.png,augment_full,low,True,98.12812805175781,data/processed/fog_augmented/BD_Baidu_389_low.png
BD_Baidu_389.png,augment_full,medium,True,116.05087280273438,data/processed/fog_augmented/BD_Baidu_389_medium.png
BD_Baidu_389.png,augment_full,high,True,129.44808959960938,data/processed/fog_augmented/BD_Baidu_389_high.png
BD_Baidu_391.png,no_augment,,,,
BD_Baidu_397.png,no_augment,,,,
BD_Baidu_410.png,no_augment,,,,
BD_Baidu_424.png,no_augment,,,,
BD_Baidu_428.png,no_augment,,,,
BD_Baidu_451.png,augment_full,low,True,99.83000183105469,data/processed/fog_augmented/BD_Baidu_451_low.png
BD_Baidu_451.png,augment_full,medium,True,103.05995178222656,data/processed/fog_augmented/BD_Baidu_451_medium.png
BD_Baidu_451.png,augment_full,high,False,,
BD_Baidu_461.png,augment_full,low,True,98.53553009033203,data/processed/fog_augmented/BD_Baidu_461_low.png
BD_Baidu_461.png,augment_full,medium,True,120.13372802734375,data/processed/fog_augmented/BD_Baidu_461_medium.png
BD_Baidu_461.png,augment_full,high,True,133.45623779296875,data/processed/fog_augmented/BD_Baidu_461_high.png
BD_Baidu_464.png,no_augment,,,,
BD_Baidu_476.png,no_augment,,,,
BD_Baidu_481.png,augment_medium,medium,True,144.1147003173828,data/processed/fog_augmented/BD_Baidu_481_medium.png
BD_Baidu_486.png,no_augment,,,,
BD_Bing_013.png,no_augment,,,,
BD_Bing_04.png,no_augment,,,,
BD_Bing_042.png,augment_medium,medium,True,154.45445251464844,data/processed/fog_augmented/BD_Bing_042_medium.png
BD_Bing_068.png,no_augment,,,,
BD_Bing_080.png,augment_medium,medium,True,155.3958740234375,data/processed/fog_augmented/BD_Bing_080_medium.png
BD_Bing_084.png,no_augment,,,,
BD_Bing_091.png,no_augment,,,,
BD_Bing_096.png,no_augment,,,,
BD_Bing_097.png,augment_medium,medium,True,140.82260131835938,data/processed/fog_augmented/BD_Bing_097_medium.png
BD_Bing_18.png,no_augment,,,,
BD_Bing_195.png,no_augment,,,,
BD_Bing_216.png,augment_full,low,False,,
BD_Bing_216.png,augment_full,medium,True,123.17744445800781,data/processed/fog_augmented/BD_Bing_216_medium.png
BD_Bing_216.png,augment_full,high,True,151.25076293945312,data/processed/fog_augmented/BD_Bing_216_high.png
BD_Bing_23.png,no_augment,,,,
BD_Bing_231.png,augment_medium,medium,True,153.11643981933594,data/processed/fog_augmented/BD_Bing_231_medium.png
BD_Bing_232.png,augment_medium,medium,True,153.65017700195312,data/processed/fog_augmented/BD_Bing_232_medium.png
BD_Bing_237.png,no_augment,,,,
BD_Bing_26.png,no_augment,,,,
BD_Bing_302.png,no_augment,,,,
BD_Bing_303.png,no_augment,,,,
BD_Bing_308.png,no_augment,,,,
BD_Bing_331.png,augment_full,low,True,100.55003356933594,data/processed/fog_augmented/BD_Bing_331_low.png
BD_Bing_331.png,augment_full,medium,True,117.30640411376953,data/processed/fog_augmented/BD_Bing_331_medium.png
BD_Bing_331.png,augment_full,high,False,,
BD_Bing_358.png,augment_full,low,True,99.667236328125,data/processed/fog_augmented/BD_Bing_358_low.png
BD_Bing_358.png,augment_full,medium,False,,
BD_Bing_358.png,augment_full,high,False,,
BD_Bing_393.png,no_augment,,,,
BD_Bing_420.png,augment_full,low,True,100.7641830444336,data/processed/fog_augmented/BD_Bing_420_low.png
BD_Bing_420.png,augment_full,medium,True,123.54824829101562,data/processed/fog_augmented/BD_Bing_420_medium.png
BD_Bing_420.png,augment_full,high,True,139.0364227294922,data/processed/fog_augmented/BD_Bing_420_high.png
BD_Bing_423.png,no_augment,,,,
BD_Bing_463.png,no_augment,,,,
BD_Bing_479.png,augment_full,low,True,101.58086395263672,data/processed/fog_augmented/BD_Bing_479_low.png
BD_Bing_479.png,augment_full,medium,True,122.62435913085938,data/processed/fog_augmented/BD_Bing_479_medium.png
BD_Bing_479.png,augment_full,high,True,153.69610595703125,data/processed/fog_augmented/BD_Bing_479_high.png
BD_Bing_484.png,augment_medium,medium,True,145.71566772460938,data/processed/fog_augmented/BD_Bing_484_medium.png
BD_Bing_49.png,augment_medium,medium,True,143.2421875,data/processed/fog_augmented/BD_Bing_49_medium.png
BD_Bing_515.png,augment_full,low,False,,
BD_Bing_515.png,augment_full,medium,True,127.96520233154297,data/processed/fog_augmented/BD_Bing_515_medium.png
BD_Bing_515.png,augment_full,high,True,138.2886199951172,data/processed/fog_augmented/BD_Bing_515_high.png
BD_Bing_549.png,augment_medium,medium,True,144.57066345214844,data/processed/fog_augmented/BD_Bing_549_medium.png
BD_Bing_606.png,augment_medium,medium,True,129.94223022460938,data/processed/fog_augmented/BD_Bing_606_medium.png
BD_Bing_609.png,augment_medium,medium,True,128.63671875,data/processed/fog_augmented/BD_Bing_609_medium.png
BD_Bing_634.png,augment_full,low,False,,
BD_Bing_634.png,augment_full,medium,True,127.67315673828125,data/processed/fog_augmented/BD_Bing_634_medium.png
BD_Bing_634.png,augment_full,high,True,134.8394012451172,data/processed/fog_augmented/BD_Bing_634_high.png
BD_Bing_643.png,augment_full,low,True,102.3483657836914,data/processed/fog_augmented/BD_Bing_643_low.png
BD_Bing_643.png,augment_full,medium,True,123.55953216552734,data/processed/fog_augmented/BD_Bing_643_medium.png
BD_Bing_643.png,augment_full,high,False,,
BD_Bing_655.png,augment_full,low,True,101.81146240234375,data/processed/fog_augmented/BD_Bing_655_low.png
BD_Bing_655.png,augment_full,medium,False,,
BD_Bing_655.png,augment_full,high,False,,
BD_Bing_660.png,augment_full,low,True,101.9349136352539,data/processed/fog_augmented/BD_Bing_660_low.png
BD_Bing_660.png,augment_full,medium,True,126.25707244873047,data/processed/fog_augmented/BD_Bing_660_medium.png
BD_Bing_660.png,augment_full,high,True,155.2879638671875,data/processed/fog_augmented/BD_Bing_660_high.png
BD_Bing_664.png,no_augment,,,,
BD_Bing_695.png,no_augment,,,,
BD_Bing_732.png,no_augment,,,,
BD_Bing_74.png,augment_medium,medium,True,140.0156707763672,data/processed/fog_augmented/BD_Bing_74_medium.png
BD_Bing_742.png,no_augment,,,,
BD_Bing_763.png,augment_full,low,True,97.6457290649414,data/processed/fog_augmented/BD_Bing_763_low.png
BD_Bing_763.png,augment_full,medium,True,114.629638671875,data/processed/fog_augmented/BD_Bing_763_medium.png
BD_Bing_763.png,augment_full,high,False,,
BD_Bing_789.png,augment_medium,medium,True,154.123779296875,data/processed/fog_augmented/BD_Bing_789_medium.png
BD_Bing_802.png,no_augment,,,,
BD_Google_00.png,no_augment,,,,
BD_Google_054.png,augment_medium,medium,True,153.10879516601562,data/processed/fog_augmented/BD_Google_054_medium.png
BD_Google_098.png,augment_full,low,True,100.64873504638672,data/processed/fog_augmented/BD_Google_098_low.png
BD_Google_098.png,augment_full,medium,True,125.71766662597656,data/processed/fog_augmented/BD_Google_098_medium.png
BD_Google_098.png,augment_full,high,True,128.97528076171875,data/processed/fog_augmented/BD_Google_098_high.png
BD_Google_126.png,no_augment,,,,
BD_Google_129.png,augment_medium,medium,True,154.50482177734375,data/processed/fog_augmented/BD_Google_129_medium.png
BD_Google_249.png,no_augment,,,,
BD_Google_253.png,augment_full,low,True,98.48645782470703,data/processed/fog_augmented/BD_Google_253_low.png
BD_Google_253.png,augment_full,medium,True,126.2865219116211,data/processed/fog_augmented/BD_Google_253_medium.png
BD_Google_253.png,augment_full,high,True,135.76974487304688,data/processed/fog_augmented/BD_Google_253_high.png
BD_Google_329.png,no_augment,,,,
BD_Google_343.png,augment_medium,medium,True,153.4758758544922,data/processed/fog_augmented/BD_Google_343_medium.png
BD_Google_357.png,augment_full,low,True,101.87155151367188,data/processed/fog_augmented/BD_Google_357_low.png
BD_Google_357.png,augment_full,medium,True,127.71797180175781,data/processed/fog_augmented/BD_Google_357_medium.png
BD_Google_357.png,augment_full,high,True,152.76026916503906,data/processed/fog_augmented/BD_Google_357_high.png
BD_Google_360.png,augment_full,low,False,,
BD_Google_360.png,augment_full,medium,True,123.68795776367188,data/processed/fog_augmented/BD_Google_360_medium.png
BD_Google_360.png,augment_full,high,False,,
BD_Google_368.png,augment_medium,medium,True,154.05845642089844,data/processed/fog_augmented/BD_Google_368_medium.png
BD_Google_372.png,augment_full,low,True,94.81137084960938,data/processed/fog_augmented/BD_Google_372_low.png
BD_Google_372.png,augment_full,medium,True,126.06266021728516,data/processed/fog_augmented/BD_Google_372_medium.png
BD_Google_372.png,augment_full,high,True,147.38046264648438,data/processed/fog_augmented/BD_Google_372_high.png
BD_Google_378.png,augment_medium,medium,True,154.7001190185547,data/processed/fog_augmented/BD_Google_378_medium.png
BD_Google_380.png,augment_full,low,True,97.5054702758789,data/processed/fog_augmented/BD_Google_380_low.png
BD_Google_380.png,augment_full,medium,True,118.79885864257812,data/processed/fog_augmented/BD_Google_380_medium.png
BD_Google_380.png,augment_full,high,False,,
BD_Google_381.png,augment_full,low,True,98.8619155883789,data/processed/fog_augmented/BD_Google_381_low.png
BD_Google_381.png,augment_full,medium,True,118.85125732421875,data/processed/fog_augmented/BD_Google_381_medium.png
BD_Google_381.png,augment_full,high,False,,
BD_Google_396.png,augment_full,low,True,101.14946746826172,data/processed/fog_augmented/BD_Google_396_low.png
BD_Google_396.png,augment_full,medium,False,,
BD_Google_396.png,augment_full,high,False,,
BD_Google_397.png,augment_medium,medium,True,155.59396362304688,data/processed/fog_augmented/BD_Google_397_medium.png
BD_Google_421.png,augment_full,low,True,85.14591979980469,data/processed/fog_augmented/BD_Google_421_low.png
BD_Google_421.png,augment_full,medium,False,,
BD_Google_421.png,augment_full,high,False,,
BD_Google_428.png,augment_medium,medium,True,127.10346221923828,data/processed/fog_augmented/BD_Google_428_medium.png
BD_Google_435.png,no_augment,,,,
BD_Google_443.png,augment_medium,medium,True,149.32716369628906,data/processed/fog_augmented/BD_Google_443_medium.png
BD_Google_466.png,no_augment,,,,
BD_Google_501.png,no_augment,,,,
BD_Google_569.png,augment_medium,medium,True,153.55577087402344,data/processed/fog_augmented/BD_Google_569_medium.png
BD_Google_598.png,augment_full,low,True,102.05362701416016,data/processed/fog_augmented/BD_Google_598_low.png
BD_Google_598.png,augment_full,medium,True,115.06790924072266,data/processed/fog_augmented/BD_Google_598_medium.png
BD_Google_598.png,augment_full,high,False,,
BJ_Baidu_015.png,no_augment,,,,
BJ_Baidu_02.png,augment_full,low,True,99.21427917480469,data/processed/fog_augmented/BJ_Baidu_02_low.png
BJ_Baidu_02.png,augment_full,medium,False,,
BJ_Baidu_02.png,augment_full,high,False,,
BJ_Baidu_029.png,augment_medium,medium,True,143.55809020996094,data/processed/fog_augmented/BJ_Baidu_029_medium.png
BJ_Baidu_04.png,augment_full,low,True,96.10839080810547,data/processed/fog_augmented/BJ_Baidu_04_low.png
BJ_Baidu_04.png,augment_full,medium,False,,
BJ_Baidu_04.png,augment_full,high,False,,
BJ_Baidu_045.png,no_augment,,,,
BJ_Baidu_066.png,augment_full,low,True,99.72758483886719,data/processed/fog_augmented/BJ_Baidu_066_low.png
BJ_Baidu_066.png,augment_full,medium,True,125.41178894042969,data/processed/fog_augmented/BJ_Baidu_066_medium.png
BJ_Baidu_066.png,augment_full,high,True,128.71156311035156,data/processed/fog_augmented/BJ_Baidu_066_high.png
BJ_Baidu_069.png,augment_medium,medium,True,151.44972229003906,data/processed/fog_augmented/BJ_Baidu_069_medium.png
BJ_Baidu_071.png,augment_medium,medium,True,141.01019287109375,data/processed/fog_augmented/BJ_Baidu_071_medium.png
BJ_Baidu_072.png,augment_full,low,True,98.98042297363281,data/processed/fog_augmented/BJ_Baidu_072_low.png
BJ_Baidu_072.png,augment_full,medium,False,,
BJ_Baidu_072.png,augment_full,high,False,,
BJ_Baidu_077.png,augment_medium,medium,True,153.4934844970703,data/processed/fog_augmented/BJ_Baidu_077_medium.png
BJ_Baidu_080.png,augment_medium,medium,True,146.5826416015625,data/processed/fog_augmented/BJ_Baidu_080_medium.png
BJ_Baidu_082.png,augment_full,low,True,99.98937225341797,data/processed/fog_augmented/BJ_Baidu_082_low.png
BJ_Baidu_082.png,augment_full,medium,True,118.83415222167969,data/processed/fog_augmented/BJ_Baidu_082_medium.png
BJ_Baidu_082.png,augment_full,high,True,145.88427734375,data/processed/fog_augmented/BJ_Baidu_082_high.png
BJ_Baidu_093.png,augment_full,low,True,102.60684967041016,data/processed/fog_augmented/BJ_Baidu_093_low.png
BJ_Baidu_093.png,augment_full,medium,True,122.90189361572266,data/processed/fog_augmented/BJ_Baidu_093_medium.png
BJ_Baidu_093.png,augment_full,high,True,134.72573852539062,data/processed/fog_augmented/BJ_Baidu_093_high.png
BJ_Baidu_095.png,augment_full,low,True,100.93348693847656,data/processed/fog_augmented/BJ_Baidu_095_low.png
BJ_Baidu_095.png,augment_full,medium,True,118.17876434326172,data/processed/fog_augmented/BJ_Baidu_095_medium.png
BJ_Baidu_095.png,augment_full,high,False,,
BJ_Baidu_1023.png,augment_full,low,True,102.3594970703125,data/processed/fog_augmented/BJ_Baidu_1023_low.png
BJ_Baidu_1023.png,augment_full,medium,True,125.98912048339844,data/processed/fog_augmented/BJ_Baidu_1023_medium.png
BJ_Baidu_1023.png,augment_full,high,True,148.92422485351562,data/processed/fog_augmented/BJ_Baidu_1023_high.png
BJ_Baidu_1035.png,augment_full,low,True,101.0405502319336,data/processed/fog_augmented/BJ_Baidu_1035_low.png
BJ_Baidu_1035.png,augment_full,medium,True,119.83583068847656,data/processed/fog_augmented/BJ_Baidu_1035_medium.png
BJ_Baidu_1035.png,augment_full,high,True,128.55267333984375,data/processed/fog_augmented/BJ_Baidu_1035_high.png
BJ_Baidu_1039.png,augment_medium,medium,True,136.29598999023438,data/processed/fog_augmented/BJ_Baidu_1039_medium.png
BJ_Baidu_1081.png,no_augment,,,,
BJ_Baidu_1086.png,augment_full,low,True,99.71320343017578,data/processed/fog_augmented/BJ_Baidu_1086_low.png
BJ_Baidu_1086.png,augment_full,medium,True,111.08844757080078,data/processed/fog_augmented/BJ_Baidu_1086_medium.png
BJ_Baidu_1086.png,augment_full,high,True,146.97720336914062,data/processed/fog_augmented/BJ_Baidu_1086_high.png
BJ_Baidu_1090.png,augment_medium,medium,True,146.79281616210938,data/processed/fog_augmented/BJ_Baidu_1090_medium.png
BJ_Baidu_1099.png,augment_full,low,True,96.31086730957031,data/processed/fog_augmented/BJ_Baidu_1099_low.png
BJ_Baidu_1099.png,augment_full,medium,True,122.1695785522461,data/processed/fog_augmented/BJ_Baidu_1099_medium.png
BJ_Baidu_1099.png,augment_full,high,True,137.7540283203125,data/processed/fog_augmented/BJ_Baidu_1099_high.png
BJ_Baidu_1132.png,augment_full,low,False,,
BJ_Baidu_1132.png,augment_full,medium,True,125.90569305419922,data/processed/fog_augmented/BJ_Baidu_1132_medium.png
BJ_Baidu_1132.png,augment_full,high,True,141.3470458984375,data/processed/fog_augmented/BJ_Baidu_1132_high.png
BJ_Baidu_1153.png,augment_full,low,False,,
BJ_Baidu_1153.png,augment_full,medium,True,125.06657409667969,data/processed/fog_augmented/BJ_Baidu_1153_medium.png
BJ_Baidu_1153.png,augment_full,high,True,153.3651885986328,data/processed/fog_augmented/BJ_Baidu_1153_high.png
BJ_Baidu_1158.png,augment_full,low,True,99.95818328857422,data/processed/fog_augmented/BJ_Baidu_1158_low.png
BJ_Baidu_1158.png,augment_full,medium,True,120.6202163696289,data/processed/fog_augmented/BJ_Baidu_1158_medium.png
BJ_Baidu_1158.png,augment_full,high,True,139.21922302246094,data/processed/fog_augmented/BJ_Baidu_1158_high.png
BJ_Baidu_1167.png,no_augment,,,,
BJ_Baidu_1168.png,augment_medium,medium,True,155.26800537109375,data/processed/fog_augmented/BJ_Baidu_1168_medium.png
BJ_Baidu_1170.png,augment_medium,medium,True,154.70437622070312,data/processed/fog_augmented/BJ_Baidu_1170_medium.png
BJ_Baidu_118.png,augment_medium,medium,True,147.28392028808594,data/processed/fog_augmented/BJ_Baidu_118_medium.png
BJ_Baidu_1184.png,augment_full,low,True,100.55680084228516,data/processed/fog_augmented/BJ_Baidu_1184_low.png
BJ_Baidu_1184.png,augment_full,medium,True,106.30426788330078,data/processed/fog_augmented/BJ_Baidu_1184_medium.png
BJ_Baidu_1184.png,augment_full,high,False,,
BJ_Baidu_1191.png,augment_medium,medium,True,155.4030303955078,data/processed/fog_augmented/BJ_Baidu_1191_medium.png
BJ_Baidu_1194.png,no_augment,,,,
BJ_Baidu_1202.png,augment_medium,medium,True,147.89886474609375,data/processed/fog_augmented/BJ_Baidu_1202_medium.png
BJ_Baidu_1213.png,augment_full,low,True,99.90896606445312,data/processed/fog_augmented/BJ_Baidu_1213_low.png
BJ_Baidu_1213.png,augment_full,medium,True,122.06036376953125,data/processed/fog_augmented/BJ_Baidu_1213_medium.png
BJ_Baidu_1213.png,augment_full,high,True,148.34722900390625,data/processed/fog_augmented/BJ_Baidu_1213_high.png
BJ_Baidu_126.png,augment_full,low,True,101.3016357421875,data/processed/fog_augmented/BJ_Baidu_126_low.png
BJ_Baidu_126.png,augment_full,medium,True,118.88671112060547,data/processed/fog_augmented/BJ_Baidu_126_medium.png
BJ_Baidu_126.png,augment_full,high,False,,
BJ_Baidu_1269.png,augment_medium,medium,True,146.2227783203125,data/processed/fog_augmented/BJ_Baidu_1269_medium.png
BJ_Baidu_132.png,no_augment,,,,
BJ_Baidu_138.png,no_augment,,,,
BJ_Baidu_144.png,no_augment,,,,
BJ_Baidu_153.png,no_augment,,,,
BJ_Baidu_156.png,augment_full,low,True,100.9271011352539,data/processed/fog_augmented/BJ_Baidu_156_low.png
BJ_Baidu_156.png,augment_full,medium,True,126.61666107177734,data/processed/fog_augmented/BJ_Baidu_156_medium.png
BJ_Baidu_156.png,augment_full,high,True,137.93641662597656,data/processed/fog_augmented/BJ_Baidu_156_high.png
BJ_Baidu_157.png,no_augment,,,,
BJ_Baidu_164.png,augment_full,low,False,,
BJ_Baidu_164.png,augment_full,medium,True,125.24473571777344,data/processed/fog_augmented/BJ_Baidu_164_medium.png
BJ_Baidu_164.png,augment_full,high,True,137.88180541992188,data/processed/fog_augmented/BJ_Baidu_164_high.png
BJ_Baidu_165.png,augment_medium,medium,True,147.2536163330078,data/processed/fog_augmented/BJ_Baidu_165_medium.png
BJ_Baidu_168.png,augment_medium,medium,True,151.6147003173828,data/processed/fog_augmented/BJ_Baidu_168_medium.png
BJ_Baidu_171.png,augment_medium,medium,True,153.1901092529297,data/processed/fog_augmented/BJ_Baidu_171_medium.png
BJ_Baidu_173.png,augment_medium,medium,True,125.22409057617188,data/processed/fog_augmented/BJ_Baidu_173_medium.png
BJ_Baidu_181.png,augment_medium,medium,True,136.252685546875,data/processed/fog_augmented/BJ_Baidu_181_medium.png
BJ_Baidu_183.png,augment_full,low,True,102.67035675048828,data/processed/fog_augmented/BJ_Baidu_183_low.png
BJ_Baidu_183.png,augment_full,medium,True,127.07649993896484,data/processed/fog_augmented/BJ_Baidu_183_medium.png
BJ_Baidu_183.png,augment_full,high,True,149.24752807617188,data/processed/fog_augmented/BJ_Baidu_183_high.png
BJ_Baidu_192.png,augment_medium,medium,True,142.35743713378906,data/processed/fog_augmented/BJ_Baidu_192_medium.png
BJ_Baidu_199.png,augment_full,low,True,102.69202423095703,data/processed/fog_augmented/BJ_Baidu_199_low.png
BJ_Baidu_199.png,augment_full,medium,True,127.01782989501953,data/processed/fog_augmented/BJ_Baidu_199_medium.png
BJ_Baidu_199.png,augment_full,high,True,129.58538818359375,data/processed/fog_augmented/BJ_Baidu_199_high.png
BJ_Baidu_202.png,no_augment,,,,
BJ_Baidu_207.png,augment_full,low,True,102.24213409423828,data/processed/fog_augmented/BJ_Baidu_207_low.png
BJ_Baidu_207.png,augment_full,medium,True,126.8167495727539,data/processed/fog_augmented/BJ_Baidu_207_medium.png
BJ_Baidu_207.png,augment_full,high,True,150.36631774902344,data/processed/fog_augmented/BJ_Baidu_207_high.png
BJ_Baidu_21.png,no_augment,,,,
BJ_Baidu_212.png,augment_medium,medium,True,151.8875274658203,data/processed/fog_augmented/BJ_Baidu_212_medium.png
BJ_Baidu_217.png,augment_medium,medium,True,130.3991241455078,data/processed/fog_augmented/BJ_Baidu_217_medium.png
BJ_Baidu_220.png,augment_full,low,True,102.56580352783203,data/processed/fog_augmented/BJ_Baidu_220_low.png
BJ_Baidu_220.png,augment_full,medium,True,122.78581237792969,data/processed/fog_augmented/BJ_Baidu_220_medium.png
BJ_Baidu_220.png,augment_full,high,True,152.3579559326172,data/processed/fog_augmented/BJ_Baidu_220_high.png
BJ_Baidu_221.png,augment_full,low,True,100.05654907226562,data/processed/fog_augmented/BJ_Baidu_221_low.png
BJ_Baidu_221.png,augment_full,medium,True,108.25061798095703,data/processed/fog_augmented/BJ_Baidu_221_medium.png
BJ_Baidu_221.png,augment_full,high,False,,
BJ_Baidu_232.png,no_augment,,,,
BJ_Baidu_248.png,augment_full,low,True,99.25812530517578,data/processed/fog_augmented/BJ_Baidu_248_low.png
BJ_Baidu_248.png,augment_full,medium,True,126.74906158447266,data/processed/fog_augmented/BJ_Baidu_248_medium.png
BJ_Baidu_248.png,augment_full,high,True,135.06890869140625,data/processed/fog_augmented/BJ_Baidu_248_high.png
BJ_Baidu_260.png,augment_medium,medium,True,154.61663818359375,data/processed/fog_augmented/BJ_Baidu_260_medium.png
BJ_Baidu_275.png,augment_full,low,False,,
BJ_Baidu_275.png,augment_full,medium,True,126.1729507446289,data/processed/fog_augmented/BJ_Baidu_275_medium.png
BJ_Baidu_275.png,augment_full,high,True,145.4336700439453,data/processed/fog_augmented/BJ_Baidu_275_high.png
BJ_Baidu_279.png,augment_medium,medium,True,143.14105224609375,data/processed/fog_augmented/BJ_Baidu_279_medium.png
BJ_Baidu_284.png,augment_medium,medium,True,143.7237548828125,data/processed/fog_augmented/BJ_Baidu_284_medium.png
BJ_Baidu_287.png,augment_full,low,True,100.97462463378906,data/processed/fog_augmented/BJ_Baidu_287_low.png
BJ_Baidu_287.png,augment_full,medium,True,118.56071472167969,data/processed/fog_augmented/BJ_Baidu_287_medium.png
BJ_Baidu_287.png,augment_full,high,False,,
BJ_Baidu_290.png,no_augment,,,,
BJ_Baidu_309.png,no_augment,,,,
BJ_Baidu_320.png,augment_medium,medium,True,152.40081787109375,data/processed/fog_augmented/BJ_Baidu_320_medium.png
BJ_Baidu_333.png,augment_full,low,True,100.64241027832031,data/processed/fog_augmented/BJ_Baidu_333_low.png
BJ_Baidu_333.png,augment_full,medium,True,126.69186401367188,data/processed/fog_augmented/BJ_Baidu_333_medium.png
BJ_Baidu_333.png,augment_full,high,True,128.89602661132812,data/processed/fog_augmented/BJ_Baidu_333_high.png
BJ_Baidu_363.png,no_augment,,,,
BJ_Baidu_384.png,augment_full,low,True,102.69276428222656,data/processed/fog_augmented/BJ_Baidu_384_low.png
BJ_Baidu_384.png,augment_full,medium,False,,
BJ_Baidu_384.png,augment_full,high,False,,
BJ_Baidu_40.png,augment_full,low,True,98.7808837890625,data/processed/fog_augmented/BJ_Baidu_40_low.png
BJ_Baidu_40.png,augment_full,medium,False,,
BJ_Baidu_40.png,augment_full,high,False,,
BJ_Baidu_41.png,augment_full,low,True,102.40927124023438,data/processed/fog_augmented/BJ_Baidu_41_low.png
BJ_Baidu_41.png,augment_full,medium,True,104.32994079589844,data/processed/fog_augmented/BJ_Baidu_41_medium.png
BJ_Baidu_41.png,augment_full,high,False,,
BJ_Baidu_421.png,augment_full,low,True,93.09796142578125,data/processed/fog_augmented/BJ_Baidu_421_low.png
BJ_Baidu_421.png,augment_full,medium,False,,
BJ_Baidu_421.png,augment_full,high,False,,
BJ_Baidu_427.png,no_augment,,,,
BJ_Baidu_443.png,augment_medium,medium,True,144.2782440185547,data/processed/fog_augmented/BJ_Baidu_443_medium.png
BJ_Baidu_447.png,no_augment,,,,
BJ_Baidu_450.png,no_augment,,,,
BJ_Baidu_459.png,augment_full,low,True,100.93378448486328,data/processed/fog_augmented/BJ_Baidu_459_low.png
BJ_Baidu_459.png,augment_full,medium,True,126.24788665771484,data/processed/fog_augmented/BJ_Baidu_459_medium.png
BJ_Baidu_459.png,augment_full,high,True,139.030517578125,data/processed/fog_augmented/BJ_Baidu_459_high.png
BJ_Baidu_474.png,no_augment,,,,
BJ_Baidu_476.png,augment_medium,medium,True,154.39724731445312,data/processed/fog_augmented/BJ_Baidu_476_medium.png
BJ_Baidu_478.png,augment_full,low,False,,
BJ_Baidu_478.png,augment_full,medium,True,124.84125518798828,data/processed/fog_augmented/BJ_Baidu_478_medium.png
BJ_Baidu_478.png,augment_full,high,True,153.0957794189453,data/processed/fog_augmented/BJ_Baidu_478_high.png
BJ_Baidu_485.png,augment_full,low,True,98.87468719482422,data/processed/fog_augmented/BJ_Baidu_485_low.png
BJ_Baidu_485.png,augment_full,medium,True,125.55233764648438,data/processed/fog_augmented/BJ_Baidu_485_medium.png
BJ_Baidu_485.png,augment_full,high,True,128.29933166503906,data/processed/fog_augmented/BJ_Baidu_485_high.png
BJ_Baidu_487.png,augment_full,low,False,,
BJ_Baidu_487.png,augment_full,medium,True,125.59781646728516,data/processed/fog_augmented/BJ_Baidu_487_medium.png
BJ_Baidu_487.png,augment_full,high,True,155.31866455078125,data/processed/fog_augmented/BJ_Baidu_487_high.png
BJ_Baidu_491.png,augment_full,low,True,101.27303314208984,data/processed/fog_augmented/BJ_Baidu_491_low.png
BJ_Baidu_491.png,augment_full,medium,True,112.51126098632812,data/processed/fog_augmented/BJ_Baidu_491_medium.png
BJ_Baidu_491.png,augment_full,high,False,,
BJ_Baidu_512.png,augment_full,low,False,,
BJ_Baidu_512.png,augment_full,medium,True,124.80522155761719,data/processed/fog_augmented/BJ_Baidu_512_medium.png
BJ_Baidu_512.png,augment_full,high,True,154.63641357421875,data/processed/fog_augmented/BJ_Baidu_512_high.png
BJ_Baidu_528.png,augment_full,low,True,91.453857421875,data/processed/fog_augmented/BJ_Baidu_528_low.png
BJ_Baidu_528.png,augment_full,medium,False,,
BJ_Baidu_528.png,augment_full,high,False,,
BJ_Baidu_535.png,no_augment,,,,
BJ_Baidu_536.png,augment_medium,medium,True,147.9220733642578,data/processed/fog_augmented/BJ_Baidu_536_medium.png
BJ_Baidu_559.png,no_augment,,,,
BJ_Baidu_571.png,augment_full,low,True,101.52436065673828,data/processed/fog_augmented/BJ_Baidu_571_low.png
BJ_Baidu_571.png,augment_full,medium,True,126.13726043701172,data/processed/fog_augmented/BJ_Baidu_571_medium.png
BJ_Baidu_571.png,augment_full,high,False,,
BJ_Baidu_575.png,no_augment,,,,
BJ_Baidu_576.png,no_augment,,,,
BJ_Baidu_589.png,no_augment,,,,
BJ_Baidu_590.png,augment_medium,medium,True,143.94456481933594,data/processed/fog_augmented/BJ_Baidu_590_medium.png
BJ_Baidu_597.png,augment_medium,medium,True,138.12673950195312,data/processed/fog_augmented/BJ_Baidu_597_medium.png
BJ_Baidu_613.png,no_augment,,,,
BJ_Baidu_633.png,augment_full,low,True,100.89389038085938,data/processed/fog_augmented/BJ_Baidu_633_low.png
BJ_Baidu_633.png,augment_full,medium,True,110.89044952392578,data/processed/fog_augmented/BJ_Baidu_633_medium.png
BJ_Baidu_633.png,augment_full,high,False,,
BJ_Baidu_653.png,augment_full,low,False,,
BJ_Baidu_653.png,augment_full,medium,True,127.48262786865234,data/processed/fog_augmented/BJ_Baidu_653_medium.png
BJ_Baidu_653.png,augment_full,high,True,148.44178771972656,data/processed/fog_augmented/BJ_Baidu_653_high.png
BJ_Baidu_657.png,augment_full,low,True,96.04756164550781,data/processed/fog_augmented/BJ_Baidu_657_low.png
BJ_Baidu_657.png,augment_full,medium,False,,
BJ_Baidu_657.png,augment_full,high,False,,
BJ_Baidu_672.png,augment_medium,medium,True,153.18922424316406,data/processed/fog_augmented/BJ_Baidu_672_medium.png
BJ_Baidu_683.png,no_augment,,,,
BJ_Baidu_684.png,augment_full,low,True,98.51133728027344,data/processed/fog_augmented/BJ_Baidu_684_low.png
BJ_Baidu_684.png,augment_full,medium,True,125.39093780517578,data/processed/fog_augmented/BJ_Baidu_684_medium.png
BJ_Baidu_684.png,augment_full,high,False,,
BJ_Baidu_698.png,augment_medium,medium,True,152.99520874023438,data/processed/fog_augmented/BJ_Baidu_698_medium.png
BJ_Baidu_704.png,augment_medium,medium,True,155.41696166992188,data/processed/fog_augmented/BJ_Baidu_704_medium.png
BJ_Baidu_719.png,augment_medium,medium,True,149.0367431640625,data/processed/fog_augmented/BJ_Baidu_719_medium.png
BJ_Baidu_720.png,augment_medium,medium,True,154.3101043701172,data/processed/fog_augmented/BJ_Baidu_720_medium.png
BJ_Baidu_748.png,augment_full,low,True,101.12126922607422,data/processed/fog_augmented/BJ_Baidu_748_low.png
BJ_Baidu_748.png,augment_full,medium,True,124.5661849975586,data/processed/fog_augmented/BJ_Baidu_748_medium.png
BJ_Baidu_748.png,augment_full,high,False,,
BJ_Baidu_754.png,augment_full,low,False,,
BJ_Baidu_754.png,augment_full,medium,True,123.38739013671875,data/processed/fog_augmented/BJ_Baidu_754_medium.png
BJ_Baidu_754.png,augment_full,high,True,139.33758544921875,data/processed/fog_augmented/BJ_Baidu_754_high.png
BJ_Baidu_773.png,augment_medium,medium,True,151.9675750732422,data/processed/fog_augmented/BJ_Baidu_773_medium.png
BJ_Baidu_78.png,no_augment,,,,
BJ_Baidu_800.png,no_augment,,,,
BJ_Baidu_831.png,augment_full,low,False,,
BJ_Baidu_831.png,augment_full,medium,True,120.38705444335938,data/processed/fog_augmented/BJ_Baidu_831_medium.png
BJ_Baidu_831.png,augment_full,high,True,141.64163208007812,data/processed/fog_augmented/BJ_Baidu_831_high.png
BJ_Baidu_832.png,augment_medium,medium,True,140.03866577148438,data/processed/fog_augmented/BJ_Baidu_832_medium.png
BJ_Baidu_842.png,no_augment,,,,
BJ_Baidu_873.png,augment_medium,medium,True,126.84869384765625,data/processed/fog_augmented/BJ_Baidu_873_medium.png
BJ_Baidu_891.png,augment_full,low,True,102.1368637084961,data/processed/fog_augmented/BJ_Baidu_891_low.png
BJ_Baidu_891.png,augment_full,medium,True,116.97769165039062,data/processed/fog_augmented/BJ_Baidu_891_medium.png
BJ_Baidu_891.png,augment_full,high,True,138.13424682617188,data/processed/fog_augmented/BJ_Baidu_891_high.png
BJ_Baidu_903.png,augment_medium,medium,True,148.88397216796875,data/processed/fog_augmented/BJ_Baidu_903_medium.png
BJ_Baidu_904.png,augment_medium,medium,True,152.45176696777344,data/processed/fog_augmented/BJ_Baidu_904_medium.png
BJ_Baidu_909.png,augment_full,low,True,101.5914306640625,data/processed/fog_augmented/BJ_Baidu_909_low.png
BJ_Baidu_909.png,augment_full,medium,True,124.65560150146484,data/processed/fog_augmented/BJ_Baidu_909_medium.png
BJ_Baidu_909.png,augment_full,high,True,130.01805114746094,data/processed/fog_augmented/BJ_Baidu_909_high.png
BJ_Baidu_917.png,augment_full,low,True,101.34298706054688,data/processed/fog_augmented/BJ_Baidu_917_low.png
BJ_Baidu_917.png,augment_full,medium,True,103.5275650024414,data/processed/fog_augmented/BJ_Baidu_917_medium.png
BJ_Baidu_917.png,augment_full,high,False,,
BJ_Baidu_960.png,augment_medium,medium,True,154.19549560546875,data/processed/fog_augmented/BJ_Baidu_960_medium.png
BJ_Baidu_966.png,augment_full,low,True,57.210262298583984,data/processed/fog_augmented/BJ_Baidu_966_low.png
BJ_Baidu_966.png,augment_full,medium,False,,
BJ_Baidu_966.png,augment_full,high,False,,
BJ_Baidu_972.png,augment_full,low,False,,
BJ_Baidu_972.png,augment_full,medium,True,126.56155395507812,data/processed/fog_augmented/BJ_Baidu_972_medium.png
BJ_Baidu_972.png,augment_full,high,True,154.3618621826172,data/processed/fog_augmented/BJ_Baidu_972_high.png
BJ_Baidu_996.png,augment_full,low,True,95.55111694335938,data/processed/fog_augmented/BJ_Baidu_996_low.png
BJ_Baidu_996.png,augment_full,medium,True,127.73922729492188,data/processed/fog_augmented/BJ_Baidu_996_medium.png
BJ_Baidu_996.png,augment_full,high,True,129.18423461914062,data/processed/fog_augmented/BJ_Baidu_996_high.png
BJ_Bing_014.png,augment_medium,medium,True,153.85784912109375,data/processed/fog_augmented/BJ_Bing_014_medium.png
BJ_Bing_031.png,augment_medium,medium,True,155.0654754638672,data/processed/fog_augmented/BJ_Bing_031_medium.png
BJ_Bing_059.png,augment_full,low,False,,
BJ_Bing_059.png,augment_full,medium,True,122.80333709716797,data/processed/fog_augmented/BJ_Bing_059_medium.png
BJ_Bing_059.png,augment_full,high,True,146.19151306152344,data/processed/fog_augmented/BJ_Bing_059_high.png
BJ_Bing_060.png,augment_full,low,False,,
BJ_Bing_060.png,augment_full,medium,True,127.13511657714844,data/processed/fog_augmented/BJ_Bing_060_medium.png
BJ_Bing_060.png,augment_full,high,True,132.4514923095703,data/processed/fog_augmented/BJ_Bing_060_high.png
BJ_Bing_064.png,augment_medium,medium,True,150.15997314453125,data/processed/fog_augmented/BJ_Bing_064_medium.png
BJ_Bing_066.png,augment_medium,medium,True,150.4822540283203,data/processed/fog_augmented/BJ_Bing_066_medium.png
BJ_Bing_076.png,augment_full,low,True,101.60982513427734,data/processed/fog_augmented/BJ_Bing_076_low.png
BJ_Bing_076.png,augment_full,medium,True,118.4764404296875,data/processed/fog_augmented/BJ_Bing_076_medium.png
BJ_Bing_076.png,augment_full,high,False,,
BJ_Bing_082.png,augment_full,low,True,100.8455810546875,data/processed/fog_augmented/BJ_Bing_082_low.png
BJ_Bing_082.png,augment_full,medium,True,126.40796661376953,data/processed/fog_augmented/BJ_Bing_082_medium.png
BJ_Bing_082.png,augment_full,high,False,,
BJ_Bing_085.png,no_augment,,,,
BJ_Bing_087.png,augment_medium,medium,True,154.9805908203125,data/processed/fog_augmented/BJ_Bing_087_medium.png
BJ_Bing_102.png,augment_full,low,True,99.59489440917969,data/processed/fog_augmented/BJ_Bing_102_low.png
BJ_Bing_102.png,augment_full,medium,True,107.79183959960938,data/processed/fog_augmented/BJ_Bing_102_medium.png
BJ_Bing_102.png,augment_full,high,False,,
BJ_Bing_104.png,augment_medium,medium,True,147.37033081054688,data/processed/fog_augmented/BJ_Bing_104_medium.png
BJ_Bing_105.png,no_augment,,,,
BJ_Bing_116.png,augment_medium,medium,True,152.74473571777344,data/processed/fog_augmented/BJ_Bing_116_medium.png
BJ_Bing_124.png,augment_full,low,False,,
BJ_Bing_124.png,augment_full,medium,True,126.64989471435547,data/processed/fog_augmented/BJ_Bing_124_medium.png
BJ_Bing_124.png,augment_full,high,True,152.50637817382812,data/processed/fog_augmented/BJ_Bing_124_high.png
BJ_Bing_131.png,augment_full,low,True,101.21986389160156,data/processed/fog_augmented/BJ_Bing_131_low.png
BJ_Bing_131.png,augment_full,medium,True,124.66669464111328,data/processed/fog_augmented/BJ_Bing_131_medium.png
BJ_Bing_131.png,augment_full,high,True,130.46170043945312,data/processed/fog_augmented/BJ_Bing_131_high.png
BJ_Bing_134.png,no_augment,,,,
BJ_Bing_137.png,augment_full,low,True,96.89623260498047,data/processed/fog_augmented/BJ_Bing_137_low.png
BJ_Bing_137.png,augment_full,medium,True,121.71588897705078,data/processed/fog_augmented/BJ_Bing_137_medium.png
BJ_Bing_137.png,augment_full,high,False,,
BJ_Bing_145.png,augment_full,low,False,,
BJ_Bing_145.png,augment_full,medium,True,116.6814193725586,data/processed/fog_augmented/BJ_Bing_145_medium.png
BJ_Bing_145.png,augment_full,high,True,147.0161590576172,data/processed/fog_augmented/BJ_Bing_145_high.png
BJ_Bing_150.png,augment_full,low,False,,
BJ_Bing_150.png,augment_full,medium,True,126.33724975585938,data/processed/fog_augmented/BJ_Bing_150_medium.png
BJ_Bing_150.png,augment_full,high,True,153.1781463623047,data/processed/fog_augmented/BJ_Bing_150_high.png
BJ_Bing_157.png,augment_medium,medium,True,153.9200897216797,data/processed/fog_augmented/BJ_Bing_157_medium.png
BJ_Bing_164.png,no_augment,,,,
BJ_Bing_174.png,augment_full,low,True,101.91649627685547,data/processed/fog_augmented/BJ_Bing_174_low.png
BJ_Bing_174.png,augment_full,medium,True,124.369140625,data/processed/fog_augmented/BJ_Bing_174_medium.png
BJ_Bing_174.png,augment_full,high,True,133.4650421142578,data/processed/fog_augmented/BJ_Bing_174_high.png
BJ_Bing_185.png,augment_full,low,False,,
BJ_Bing_185.png,augment_full,medium,True,124.78575134277344,data/processed/fog_augmented/BJ_Bing_185_medium.png
BJ_Bing_185.png,augment_full,high,True,148.81178283691406,data/processed/fog_augmented/BJ_Bing_185_high.png
BJ_Bing_190.png,augment_full,low,True,99.70026397705078,data/processed/fog_augmented/BJ_Bing_190_low.png
BJ_Bing_190.png,augment_full,medium,True,123.75312042236328,data/processed/fog_augmented/BJ_Bing_190_medium.png
BJ_Bing_190.png,augment_full,high,True,155.45248413085938,data/processed/fog_augmented/BJ_Bing_190_high.png
BJ_Bing_192.png,augment_medium,medium,True,147.29637145996094,data/processed/fog_augmented/BJ_Bing_192_medium.png
BJ_Bing_195.png,augment_medium,medium,True,137.05245971679688,data/processed/fog_augmented/BJ_Bing_195_medium.png
BJ_Bing_206.png,no_augment,,,,
BJ_Bing_213.png,augment_full,low,True,101.98019409179688,data/processed/fog_augmented/BJ_Bing_213_low.png
BJ_Bing_213.png,augment_full,medium,False,,
BJ_Bing_213.png,augment_full,high,False,,
BJ_Bing_214.png,no_augment,,,,
BJ_Bing_217.png,augment_full,low,True,96.92622375488281,data/processed/fog_augmented/BJ_Bing_217_low.png
BJ_Bing_217.png,augment_full,medium,True,118.67054748535156,data/processed/fog_augmented/BJ_Bing_217_medium.png
BJ_Bing_217.png,augment_full,high,False,,
BJ_Bing_224.png,augment_medium,medium,True,154.32044982910156,data/processed/fog_augmented/BJ_Bing_224_medium.png
BJ_Bing_236.png,augment_medium,medium,True,149.8880157470703,data/processed/fog_augmented/BJ_Bing_236_medium.png
BJ_Bing_261.png,augment_full,low,True,101.9435043334961,data/processed/fog_augmented/BJ_Bing_261_low.png
BJ_Bing_261.png,augment_full,medium,True,120.50093841552734,data/processed/fog_augmented/BJ_Bing_261_medium.png
BJ_Bing_261.png,augment_full,high,False,,
BJ_Bing_266.png,augment_medium,medium,True,149.12794494628906,data/processed/fog_augmented/BJ_Bing_266_medium.png
BJ_Bing_271.png,no_augment,,,,
BJ_Bing_272.png,augment_medium,medium,True,153.35025024414062,data/processed/fog_augmented/BJ_Bing_272_medium.png
BJ_Bing_284.png,no_augment,,,,
BJ_Bing_319.png,augment_medium,medium,True,152.73744201660156,data/processed/fog_augmented/BJ_Bing_319_medium.png
BJ_Bing_337.png,augment_full,low,True,97.51555633544922,data/processed/fog_augmented/BJ_Bing_337_low.png
BJ_Bing_337.png,augment_full,medium,True,120.66796112060547,data/processed/fog_augmented/BJ_Bing_337_medium.png
BJ_Bing_337.png,augment_full,high,True,140.3453369140625,data/processed/fog_augmented/BJ_Bing_337_high.png
BJ_Bing_344.png,no_augment,,,,
BJ_Bing_381.png,augment_medium,medium,True,152.0978546142578,data/processed/fog_augmented/BJ_Bing_381_medium.png
BJ_Bing_385.png,augment_medium,medium,True,137.80062866210938,data/processed/fog_augmented/BJ_Bing_385_medium.png
BJ_Bing_392.png,no_augment,,,,
BJ_Bing_406.png,augment_full,low,True,97.60899353027344,data/processed/fog_augmented/BJ_Bing_406_low.png
BJ_Bing_406.png,augment_full,medium,True,123.75865936279297,data/processed/fog_augmented/BJ_Bing_406_medium.png
BJ_Bing_406.png,augment_full,high,False,,
BJ_Bing_418.png,augment_full,low,True,86.9686508178711,data/processed/fog_augmented/BJ_Bing_418_low.png
BJ_Bing_418.png,augment_full,medium,True,111.33373260498047,data/processed/fog_augmented/BJ_Bing_418_medium.png
BJ_Bing_418.png,augment_full,high,False,,
BJ_Bing_419.png,no_augment,,,,
BJ_Bing_427.png,augment_full,low,False,,
BJ_Bing_427.png,augment_full,medium,True,125.60521697998047,data/processed/fog_augmented/BJ_Bing_427_medium.png
BJ_Bing_427.png,augment_full,high,True,144.89608764648438,data/processed/fog_augmented/BJ_Bing_427_high.png
BJ_Bing_429.png,augment_medium,medium,True,147.8723602294922,data/processed/fog_augmented/BJ_Bing_429_medium.png
BJ_Bing_433.png,augment_full,low,True,99.83049774169922,data/processed/fog_augmented/BJ_Bing_433_low.png
BJ_Bing_433.png,augment_full,medium,True,113.7864990234375,data/processed/fog_augmented/BJ_Bing_433_medium.png
BJ_Bing_433.png,augment_full,high,False,,
BJ_Bing_446.png,augment_full,low,True,97.83432006835938,data/processed/fog_augmented/BJ_Bing_446_low.png
BJ_Bing_446.png,augment_full,medium,True,123.65790557861328,data/processed/fog_augmented/BJ_Bing_446_medium.png
BJ_Bing_446.png,augment_full,high,False,,
BJ_Bing_455.png,no_augment,,,,
BJ_Bing_461.png,augment_full,low,True,97.12960052490234,data/processed/fog_augmented/BJ_Bing_461_low.png
BJ_Bing_461.png,augment_full,medium,True,110.67019653320312,data/processed/fog_augmented/BJ_Bing_461_medium.png
BJ_Bing_461.png,augment_full,high,False,,
BJ_Bing_471.png,augment_full,low,True,101.37696075439453,data/processed/fog_augmented/BJ_Bing_471_low.png
BJ_Bing_471.png,augment_full,medium,True,126.83194732666016,data/processed/fog_augmented/BJ_Bing_471_medium.png
BJ_Bing_471.png,augment_full,high,True,151.68582153320312,data/processed/fog_augmented/BJ_Bing_471_high.png
BJ_Bing_485.png,no_augment,,,,
BJ_Bing_494.png,no_augment,,,,
BJ_Bing_499.png,augment_medium,medium,True,146.30490112304688,data/processed/fog_augmented/BJ_Bing_499_medium.png
BJ_Bing_504.png,augment_medium,medium,True,151.1480255126953,data/processed/fog_augmented/BJ_Bing_504_medium.png
BJ_Bing_507.png,augment_full,low,True,86.07640075683594,data/processed/fog_augmented/BJ_Bing_507_low.png
BJ_Bing_507.png,augment_full,medium,True,117.48855590820312,data/processed/fog_augmented/BJ_Bing_507_medium.png
BJ_Bing_507.png,augment_full,high,False,,
BJ_Bing_523.png,augment_full,low,True,101.58673095703125,data/processed/fog_augmented/BJ_Bing_523_low.png
BJ_Bing_523.png,augment_full,medium,True,127.59244537353516,data/processed/fog_augmented/BJ_Bing_523_medium.png
BJ_Bing_523.png,augment_full,high,False,,
BJ_Bing_529.png,no_augment,,,,
BJ_Bing_544.png,no_augment,,,,
BJ_Bing_575.png,no_augment,,,,
BJ_Bing_576.png,augment_medium,medium,True,154.5626983642578,data/processed/fog_augmented/BJ_Bing_576_medium.png
BJ_Bing_607.png,no_augment,,,,
BJ_Bing_613.png,augment_full,low,True,97.10902404785156,data/processed/fog_augmented/BJ_Bing_613_low.png
BJ_Bing_613.png,augment_full,medium,True,105.51908874511719,data/processed/fog_augmented/BJ_Bing_613_medium.png
BJ_Bing_613.png,augment_full,high,False,,
BJ_Bing_617.png,augment_medium,medium,True,149.4811248779297,data/processed/fog_augmented/BJ_Bing_617_medium.png
BJ_Bing_630.png,no_augment,,,,
BJ_Bing_651.png,augment_full,low,True,87.87142944335938,data/processed/fog_augmented/BJ_Bing_651_low.png
BJ_Bing_651.png,augment_full,medium,True,120.3022232055664,data/processed/fog_augmented/BJ_Bing_651_medium.png
BJ_Bing_651.png,augment_full,high,True,146.1597137451172,data/processed/fog_augmented/BJ_Bing_651_high.png
BJ_Bing_660.png,no_augment,,,,
BJ_Bing_669.png,augment_full,low,False,,
BJ_Bing_669.png,augment_full,medium,True,127.43067169189453,data/processed/fog_augmented/BJ_Bing_669_medium.png
BJ_Bing_669.png,augment_full,high,True,138.93638610839844,data/processed/fog_augmented/BJ_Bing_669_high.png
BJ_Bing_672.png,no_augment,,,,
BJ_Bing_682.png,no_augment,,,,
BJ_Bing_696.png,augment_full,low,True,100.6470947265625,data/processed/fog_augmented/BJ_Bing_696_low.png
BJ_Bing_696.png,augment_full,medium,True,124.2062759399414,data/processed/fog_augmented/BJ_Bing_696_medium.png
BJ_Bing_696.png,augment_full,high,True,152.6375732421875,data/processed/fog_augmented/BJ_Bing_696_high.png
BJ_Bing_698.png,augment_full,low,True,93.65544891357422,data/processed/fog_augmented/BJ_Bing_698_low.png
BJ_Bing_698.png,augment_full,medium,False,,
BJ_Bing_698.png,augment_full,high,False,,
BJ_Bing_699.png,augment_full,low,True,96.76067352294922,data/processed/fog_augmented/BJ_Bing_699_low.png
BJ_Bing_699.png,augment_full,medium,True,119.01417541503906,data/processed/fog_augmented/BJ_Bing_699_medium.png
BJ_Bing_699.png,augment_full,high,False,,
BJ_Bing_701.png,augment_full,low,True,100.17254638671875,data/processed/fog_augmented/BJ_Bing_701_low.png
BJ_Bing_701.png,augment_full,medium,True,119.60272979736328,data/processed/fog_augmented/BJ_Bing_701_medium.png
BJ_Bing_701.png,augment_full,high,True,149.82542419433594,data/processed/fog_augmented/BJ_Bing_701_high.png
BJ_Bing_706.png,augment_medium,medium,True,131.3850860595703,data/processed/fog_augmented/BJ_Bing_706_medium.png
BJ_Bing_718.png,no_augment,,,,
BJ_Bing_719.png,no_augment,,,,
BJ_Bing_727.png,augment_medium,medium,True,153.96697998046875,data/processed/fog_augmented/BJ_Bing_727_medium.png
BJ_Bing_738.png,augment_full,low,True,100.56901550292969,data/processed/fog_augmented/BJ_Bing_738_low.png
BJ_Bing_738.png,augment_full,medium,False,,
BJ_Bing_738.png,augment_full,high,False,,
BJ_Bing_759.png,no_augment,,,,
BJ_Bing_760.png,augment_full,low,True,101.97014617919922,data/processed/fog_augmented/BJ_Bing_760_low.png
BJ_Bing_760.png,augment_full,medium,True,114.38421630859375,data/processed/fog_augmented/BJ_Bing_760_medium.png
BJ_Bing_760.png,augment_full,high,False,,
BJ_Google_002.png,no_augment,,,,
BJ_Google_014.png,no_augment,,,,
BJ_Google_022.png,augment_medium,medium,True,143.52932739257812,data/processed/fog_augmented/BJ_Google_022_medium.png
BJ_Google_024.png,no_augment,,,,
BJ_Google_038.png,augment_full,low,True,102.4587631225586,data/processed/fog_augmented/BJ_Google_038_low.png
BJ_Google_038.png,augment_full,medium,True,108.95307159423828,data/processed/fog_augmented/BJ_Google_038_medium.png
BJ_Google_038.png,augment_full,high,False,,
BJ_Google_053.png,augment_full,low,False,,
BJ_Google_053.png,augment_full,medium,True,125.00162506103516,data/processed/fog_augmented/BJ_Google_053_medium.png
BJ_Google_053.png,augment_full,high,True,138.38961791992188,data/processed/fog_augmented/BJ_Google_053_high.png
BJ_Google_087.png,no_augment,,,,
BJ_Google_088.png,no_augment,,,,
BJ_Google_093.png,augment_medium,medium,True,155.6781463623047,data/processed/fog_augmented/BJ_Google_093_medium.png
BJ_Google_098.png,augment_medium,medium,True,153.54022216796875,data/processed/fog_augmented/BJ_Google_098_medium.png
BJ_Google_116.png,no_augment,,,,
BJ_Google_132.png,augment_medium,medium,True,127.29267120361328,data/processed/fog_augmented/BJ_Google_132_medium.png
BJ_Google_144.png,no_augment,,,,
BJ_Google_15.png,no_augment,,,,
BJ_Google_162.png,no_augment,,,,
BJ_Google_165.png,no_augment,,,,
BJ_Google_166.png,augment_full,low,True,90.7044448852539,data/processed/fog_augmented/BJ_Google_166_low.png
BJ_Google_166.png,augment_full,medium,False,,
BJ_Google_166.png,augment_full,high,False,,
BJ_Google_172.png,augment_full,low,False,,
BJ_Google_172.png,augment_full,medium,True,125.43714904785156,data/processed/fog_augmented/BJ_Google_172_medium.png
BJ_Google_172.png,augment_full,high,True,129.28187561035156,data/processed/fog_augmented/BJ_Google_172_high.png
BJ_Google_178.png,augment_medium,medium,True,152.64854431152344,data/processed/fog_augmented/BJ_Google_178_medium.png
BJ_Google_19.png,augment_full,low,True,100.79560852050781,data/processed/fog_augmented/BJ_Google_19_low.png
BJ_Google_19.png,augment_full,medium,True,116.36837768554688,data/processed/fog_augmented/BJ_Google_19_medium.png
BJ_Google_19.png,augment_full,high,False,,
BJ_Google_203.png,augment_full,low,False,,
BJ_Google_203.png,augment_full,medium,True,123.15563201904297,data/processed/fog_augmented/BJ_Google_203_medium.png
BJ_Google_203.png,augment_full,high,True,154.96817016601562,data/processed/fog_augmented/BJ_Google_203_high.png
BJ_Google_211.png,augment_full,low,False,,
BJ_Google_211.png,augment_full,medium,True,122.96319580078125,data/processed/fog_augmented/BJ_Google_211_medium.png
BJ_Google_211.png,augment_full,high,True,135.08895874023438,data/processed/fog_augmented/BJ_Google_211_high.png
BJ_Google_216.png,augment_medium,medium,True,154.76890563964844,data/processed/fog_augmented/BJ_Google_216_medium.png
BJ_Google_22.png,augment_medium,medium,True,149.53106689453125,data/processed/fog_augmented/BJ_Google_22_medium.png
BJ_Google_222.png,no_augment,,,,
BJ_Google_24.png,no_augment,,,,
BJ_Google_254.png,no_augment,,,,
BJ_Google_261.png,augment_full,low,True,95.70220184326172,data/processed/fog_augmented/BJ_Google_261_low.png
BJ_Google_261.png,augment_full,medium,True,123.70919799804688,data/processed/fog_augmented/BJ_Google_261_medium.png
BJ_Google_261.png,augment_full,high,True,134.50572204589844,data/processed/fog_augmented/BJ_Google_261_high.png
BJ_Google_269.png,no_augment,,,,
BJ_Google_274.png,augment_medium,medium,True,154.77926635742188,data/processed/fog_augmented/BJ_Google_274_medium.png
BJ_Google_282.png,no_augment,,,,
BJ_Google_287.png,no_augment,,,,
BJ_Google_288.png,no_augment,,,,
BJ_Google_293.png,no_augment,,,,
BJ_Google_296.png,no_augment,,,,
BJ_Google_303.png,augment_medium,medium,True,154.18191528320312,data/processed/fog_augmented/BJ_Google_303_medium.png
BJ_Google_309.png,augment_full,low,True,102.65150451660156,data/processed/fog_augmented/BJ_Google_309_low.png
BJ_Google_309.png,augment_full,medium,True,124.58032989501953,data/processed/fog_augmented/BJ_Google_309_medium.png
BJ_Google_309.png,augment_full,high,False,,
BJ_Google_310.png,augment_medium,medium,True,141.0856475830078,data/processed/fog_augmented/BJ_Google_310_medium.png
BJ_Google_326.png,no_augment,,,,
BJ_Google_33.png,augment_medium,medium,True,139.66258239746094,data/processed/fog_augmented/BJ_Google_33_medium.png
BJ_Google_331.png,no_augment,,,,
BJ_Google_334.png,augment_full,low,True,101.88277435302734,data/processed/fog_augmented/BJ_Google_334_low.png
BJ_Google_334.png,augment_full,medium,True,125.85134887695312,data/processed/fog_augmented/BJ_Google_334_medium.png
BJ_Google_334.png,augment_full,high,False,,
BJ_Google_342.png,no_augment,,,,
BJ_Google_347.png,no_augment,,,,
BJ_Google_357.png,no_augment,,,,
BJ_Google_359.png,no_augment,,,,
BJ_Google_374.png,augment_medium,medium,True,155.11289978027344,data/processed/fog_augmented/BJ_Google_374_medium.png
BJ_Google_389.png,no_augment,,,,
BJ_Google_400.png,augment_medium,medium,True,148.51409912109375,data/processed/fog_augmented/BJ_Google_400_medium.png
BJ_Google_401.png,augment_medium,medium,True,140.40199279785156,data/processed/fog_augmented/BJ_Google_401_medium.png
BJ_Google_408.png,no_augment,,,,
BJ_Google_409.png,no_augment,,,,
BJ_Google_412.png,no_augment,,,,
BJ_Google_418.png,augment_medium,medium,True,150.12911987304688,data/processed/fog_augmented/BJ_Google_418_medium.png
BJ_Google_429.png,augment_full,low,True,101.47049713134766,data/processed/fog_augmented/BJ_Google_429_low.png
BJ_Google_429.png,augment_full,medium,True,111.49462890625,data/processed/fog_augmented/BJ_Google_429_medium.png
BJ_Google_429.png,augment_full,high,False,,
BJ_Google_436.png,no_augment,,,,
BJ_Google_44.png,no_augment,,,,
BJ_Google_446.png,augment_full,low,False,,
BJ_Google_446.png,augment_full,medium,True,120.40916442871094,data/processed/fog_augmented/BJ_Google_446_medium.png
BJ_Google_446.png,augment_full,high,True,138.38926696777344,data/processed/fog_augmented/BJ_Google_446_high.png
BJ_Google_447.png,augment_medium,medium,True,146.80023193359375,data/processed/fog_augmented/BJ_Google_447_medium.png
BJ_Google_454.png,augment_full,low,True,90.88714599609375,data/processed/fog_augmented/BJ_Google_454_low.png
BJ_Google_454.png,augment_full,medium,True,111.10945892333984,data/processed/fog_augmented/BJ_Google_454_medium.png
BJ_Google_454.png,augment_full,high,False,,
BJ_Google_455.png,no_augment,,,,
BJ_Google_457.png,augment_medium,medium,True,152.55165100097656,data/processed/fog_augmented/BJ_Google_457_medium.png
BJ_Google_460.png,no_augment,,,,
BJ_Google_471.png,no_augment,,,,
BJ_Google_472.png,augment_medium,medium,True,137.50729370117188,data/processed/fog_augmented/BJ_Google_472_medium.png
BJ_Google_478.png,no_augment,,,,
BJ_Google_49.png,no_augment,,,,
BJ_Google_500.png,augment_medium,medium,True,152.63192749023438,data/processed/fog_augmented/BJ_Google_500_medium.png
BJ_Google_508.png,augment_full,low,True,100.38079833984375,data/processed/fog_augmented/BJ_Google_508_low.png
BJ_Google_508.png,augment_full,medium,True,125.11080932617188,data/processed/fog_augmented/BJ_Google_508_medium.png
BJ_Google_508.png,augment_full,high,True,131.00634765625,data/processed/fog_augmented/BJ_Google_508_high.png
BJ_Google_515.png,no_augment,,,,
BJ_Google_522.png,augment_full,low,True,101.70420837402344,data/processed/fog_augmented/BJ_Google_522_low.png
BJ_Google_522.png,augment_full,medium,True,119.15103912353516,data/processed/fog_augmented/BJ_Google_522_medium.png
BJ_Google_522.png,augment_full,high,False,,
BJ_Google_525.png,augment_medium,medium,True,148.18251037597656,data/processed/fog_augmented/BJ_Google_525_medium.png
BJ_Google_535.png,augment_full,low,True,97.86434936523438,data/processed/fog_augmented/BJ_Google_535_low.png
BJ_Google_535.png,augment_full,medium,True,125.92168426513672,data/processed/fog_augmented/BJ_Google_535_medium.png
BJ_Google_535.png,augment_full,high,True,137.8841552734375,data/processed/fog_augmented/BJ_Google_535_high.png
BJ_Google_551.png,augment_full,low,False,,
BJ_Google_551.png,augment_full,medium,True,122.01824188232422,data/processed/fog_augmented/BJ_Google_551_medium.png
BJ_Google_551.png,augment_full,high,True,133.8158721923828,data/processed/fog_augmented/BJ_Google_551_high.png
BJ_Google_560.png,augment_medium,medium,True,153.46957397460938,data/processed/fog_augmented/BJ_Google_560_medium.png
BJ_Google_567.png,augment_full,low,True,101.57626342773438,data/processed/fog_augmented/BJ_Google_567_low.png
BJ_Google_567.png,augment_full,medium,True,115.99876403808594,data/processed/fog_augmented/BJ_Google_567_medium.png
BJ_Google_567.png,augment_full,high,False,,
BJ_Google_571.png,augment_medium,medium,True,141.60830688476562,data/processed/fog_augmented/BJ_Google_571_medium.png
BJ_Google_576.png,augment_medium,medium,True,147.05264282226562,data/processed/fog_augmented/BJ_Google_576_medium.png
BJ_Google_579.png,no_augment,,,,
BJ_Google_593.png,no_augment,,,,
BJ_Google_595.png,augment_medium,medium,True,149.64974975585938,data/processed/fog_augmented/BJ_Google_595_medium.png
BJ_Google_603.png,no_augment,,,,
BJ_Google_605.png,no_augment,,,,
BJ_Google_608.png,augment_medium,medium,True,150.1246795654297,data/processed/fog_augmented/BJ_Google_608_medium.png
BJ_Google_613.png,augment_full,low,True,101.6019058227539,data/processed/fog_augmented/BJ_Google_613_low.png
BJ_Google_613.png,augment_full,medium,True,124.4458236694336,data/processed/fog_augmented/BJ_Google_613_medium.png
BJ_Google_613.png,augment_full,high,False,,
BJ_Google_620.png,no_augment,,,,
BJ_Google_631.png,augment_medium,medium,True,151.13449096679688,data/processed/fog_augmented/BJ_Google_631_medium.png
BJ_Google_635.png,no_augment,,,,
BJ_Google_637.png,augment_medium,medium,True,147.2418975830078,data/processed/fog_augmented/BJ_Google_637_medium.png
BL_Baidu_068.png,augment_full,low,False,,
BL_Baidu_068.png,augment_full,medium,True,126.43731689453125,data/processed/fog_augmented/BL_Baidu_068_medium.png
BL_Baidu_068.png,augment_full,high,True,141.82827758789062,data/processed/fog_augmented/BL_Baidu_068_high.png
BL_Baidu_069.png,no_augment,,,,
BL_Baidu_070.png,augment_medium,medium,True,148.21836853027344,data/processed/fog_augmented/BL_Baidu_070_medium.png
BL_Baidu_074.png,no_augment,,,,
BL_Baidu_084.png,no_augment,,,,
BL_Baidu_087.png,no_augment,,,,
BL_Baidu_102.png,augment_full,low,True,102.63041687011719,data/processed/fog_augmented/BL_Baidu_102_low.png
BL_Baidu_102.png,augment_full,medium,True,113.37574005126953,data/processed/fog_augmented/BL_Baidu_102_medium.png
BL_Baidu_102.png,augment_full,high,False,,
BL_Baidu_103.png,augment_full,low,True,101.23400115966797,data/processed/fog_augmented/BL_Baidu_103_low.png
BL_Baidu_103.png,augment_full,medium,True,119.19668579101562,data/processed/fog_augmented/BL_Baidu_103_medium.png
BL_Baidu_103.png,augment_full,high,False,,
BL_Baidu_129.png,augment_full,low,True,97.52726745605469,data/processed/fog_augmented/BL_Baidu_129_low.png
BL_Baidu_129.png,augment_full,medium,True,122.53067016601562,data/processed/fog_augmented/BL_Baidu_129_medium.png
BL_Baidu_129.png,augment_full,high,False,,
BL_Baidu_134.png,augment_full,low,True,96.53753662109375,data/processed/fog_augmented/BL_Baidu_134_low.png
BL_Baidu_134.png,augment_full,medium,True,116.8432846069336,data/processed/fog_augmented/BL_Baidu_134_medium.png
BL_Baidu_134.png,augment_full,high,False,,
BL_Baidu_176.png,augment_full,low,True,101.74524688720703,data/processed/fog_augmented/BL_Baidu_176_low.png
BL_Baidu_176.png,augment_full,medium,True,117.02503967285156,data/processed/fog_augmented/BL_Baidu_176_medium.png
BL_Baidu_176.png,augment_full,high,True,143.6210174560547,data/processed/fog_augmented/BL_Baidu_176_high.png
BL_Baidu_213.png,augment_full,low,False,,
BL_Baidu_213.png,augment_full,medium,True,124.39187622070312,data/processed/fog_augmented/BL_Baidu_213_medium.png
BL_Baidu_213.png,augment_full,high,True,136.831787109375,data/processed/fog_augmented/BL_Baidu_213_high.png
BL_Bing_020.png,no_augment,,,,
BL_Bing_075.png,augment_full,low,False,,
BL_Bing_075.png,augment_full,medium,True,126.61727905273438,data/processed/fog_augmented/BL_Bing_075_medium.png
BL_Bing_075.png,augment_full,high,True,135.39102172851562,data/processed/fog_augmented/BL_Bing_075_high.png
BL_Bing_092.png,augment_full,low,True,102.55596923828125,data/processed/fog_augmented/BL_Bing_092_low.png
BL_Bing_092.png,augment_full,medium,True,121.47171020507812,data/processed/fog_augmented/BL_Bing_092_medium.png
BL_Bing_092.png,augment_full,high,False,,
BL_Bing_122.png,augment_full,low,True,100.94182586669922,data/processed/fog_augmented/BL_Bing_122_low.png
BL_Bing_122.png,augment_full,medium,True,122.57665252685547,data/processed/fog_augmented/BL_Bing_122_medium.png
BL_Bing_122.png,augment_full,high,False,,
BL_Bing_126.png,augment_full,low,True,101.69835662841797,data/processed/fog_augmented/BL_Bing_126_low.png
BL_Bing_126.png,augment_full,medium,True,109.96636199951172,data/processed/fog_augmented/BL_Bing_126_medium.png
BL_Bing_126.png,augment_full,high,False,,
BL_Bing_128.png,augment_medium,medium,True,153.79888916015625,data/processed/fog_augmented/BL_Bing_128_medium.png
BL_Bing_134.png,no_augment,,,,
BL_Bing_186.png,augment_full,low,True,102.61394500732422,data/processed/fog_augmented/BL_Bing_186_low.png
BL_Bing_186.png,augment_full,medium,True,121.03227233886719,data/processed/fog_augmented/BL_Bing_186_medium.png
BL_Bing_186.png,augment_full,high,False,,
BL_Bing_193.png,augment_medium,medium,True,146.45669555664062,data/processed/fog_augmented/BL_Bing_193_medium.png
BL_Bing_273.png,augment_medium,medium,True,152.74618530273438,data/processed/fog_augmented/BL_Bing_273_medium.png
BL_Bing_314.png,augment_medium,medium,True,152.55787658691406,data/processed/fog_augmented/BL_Bing_314_medium.png
BL_Bing_350.png,augment_medium,medium,True,139.86956787109375,data/processed/fog_augmented/BL_Bing_350_medium.png
BL_Bing_430.png,augment_full,low,True,100.57439422607422,data/processed/fog_augmented/BL_Bing_430_low.png
BL_Bing_430.png,augment_full,medium,True,116.11012268066406,data/processed/fog_augmented/BL_Bing_430_medium.png
BL_Bing_430.png,augment_full,high,True,155.61337280273438,data/processed/fog_augmented/BL_Bing_430_high.png
BL_Bing_446.png,augment_full,low,True,100.55186462402344,data/processed/fog_augmented/BL_Bing_446_low.png
BL_Bing_446.png,augment_full,medium,True,126.28347778320312,data/processed/fog_augmented/BL_Bing_446_medium.png
BL_Bing_446.png,augment_full,high,True,146.7913055419922,data/processed/fog_augmented/BL_Bing_446_high.png
BL_Bing_591.png,augment_full,low,True,101.01253509521484,data/processed/fog_augmented/BL_Bing_591_low.png
BL_Bing_591.png,augment_full,medium,True,116.3117446899414,data/processed/fog_augmented/BL_Bing_591_medium.png
BL_Bing_591.png,augment_full,high,True,139.92483520507812,data/processed/fog_augmented/BL_Bing_591_high.png
BL_Bing_627.png,no_augment,,,,
BL_Bing_743.png,augment_medium,medium,True,151.1373748779297,data/processed/fog_augmented/BL_Bing_743_medium.png
BL_Google_047.png,augment_full,low,True,95.69955444335938,data/processed/fog_augmented/BL_Google_047_low.png
BL_Google_047.png,augment_full,medium,True,116.75504302978516,data/processed/fog_augmented/BL_Google_047_medium.png
BL_Google_047.png,augment_full,high,False,,
BL_Google_065.png,augment_full,low,True,97.789794921875,data/processed/fog_augmented/BL_Google_065_low.png
BL_Google_065.png,augment_full,medium,True,127.63386535644531,data/processed/fog_augmented/BL_Google_065_medium.png
BL_Google_065.png,augment_full,high,True,137.95054626464844,data/processed/fog_augmented/BL_Google_065_high.png
BL_Google_121.png,augment_full,low,True,101.00009155273438,data/processed/fog_augmented/BL_Google_121_low.png
BL_Google_121.png,augment_full,medium,True,122.51375579833984,data/processed/fog_augmented/BL_Google_121_medium.png
BL_Google_121.png,augment_full,high,True,148.40797424316406,data/processed/fog_augmented/BL_Google_121_high.png
BL_Google_127.png,augment_full,low,True,100.44602966308594,data/processed/fog_augmented/BL_Google_127_low.png
BL_Google_127.png,augment_full,medium,True,125.38167572021484,data/processed/fog_augmented/BL_Google_127_medium.png
BL_Google_127.png,augment_full,high,True,151.41432189941406,data/processed/fog_augmented/BL_Google_127_high.png
BL_Google_147.png,no_augment,,,,
BL_Google_173.png,augment_medium,medium,True,153.31419372558594,data/processed/fog_augmented/BL_Google_173_medium.png
BL_Google_178.png,no_augment,,,,
BL_Google_199.png,augment_full,low,True,99.36365509033203,data/processed/fog_augmented/BL_Google_199_low.png
BL_Google_199.png,augment_full,medium,True,107.33079528808594,data/processed/fog_augmented/BL_Google_199_medium.png
BL_Google_199.png,augment_full,high,False,,
BL_Google_256.png,no_augment,,,,
BL_Google_339.png,no_augment,,,,
BL_Google_433.png,no_augment,,,,
BL_Google_440.png,augment_full,low,True,101.5859146118164,data/processed/fog_augmented/BL_Google_440_low.png
BL_Google_440.png,augment_full,medium,True,119.20806121826172,data/processed/fog_augmented/BL_Google_440_medium.png
BL_Google_440.png,augment_full,high,True,143.44692993164062,data/processed/fog_augmented/BL_Google_440_high.png
BL_Google_463.png,no_augment,,,,
BL_Google_528.png,no_augment,,,,
CC_Baidu_01.png,augment_medium,medium,True,140.1581268310547,data/processed/fog_augmented/CC_Baidu_01_medium.png
CC_Baidu_011.png,augment_medium,medium,True,153.3515625,data/processed/fog_augmented/CC_Baidu_011_medium.png
CC_Baidu_016.png,augment_medium,medium,True,143.75341796875,data/processed/fog_augmented/CC_Baidu_016_medium.png
CC_Baidu_017.png,no_augment,,,,
CC_Baidu_028.png,augment_full,low,False,,
CC_Baidu_028.png,augment_full,medium,True,126.77610778808594,data/processed/fog_augmented/CC_Baidu_028_medium.png
CC_Baidu_028.png,augment_full,high,True,137.2874298095703,data/processed/fog_augmented/CC_Baidu_028_high.png
CC_Baidu_039.png,no_augment,,,,
CC_Baidu_040.png,augment_medium,medium,True,147.8917999267578,data/processed/fog_augmented/CC_Baidu_040_medium.png
CC_Baidu_042.png,no_augment,,,,
CC_Baidu_047.png,augment_full,low,True,98.68186950683594,data/processed/fog_augmented/CC_Baidu_047_low.png
CC_Baidu_047.png,augment_full,medium,True,126.41217803955078,data/processed/fog_augmented/CC_Baidu_047_medium.png
CC_Baidu_047.png,augment_full,high,True,146.59518432617188,data/processed/fog_augmented/CC_Baidu_047_high.png
CC_Baidu_055.png,no_augment,,,,
CC_Baidu_066.png,no_augment,,,,
CC_Baidu_075.png,no_augment,,,,
CC_Baidu_081.png,augment_medium,medium,True,154.39715576171875,data/processed/fog_augmented/CC_Baidu_081_medium.png
CC_Baidu_083.png,no_augment,,,,
CC_Baidu_086.png,augment_medium,medium,True,141.1590118408203,data/processed/fog_augmented/CC_Baidu_086_medium.png
CC_Baidu_091.png,augment_medium,medium,True,148.19053649902344,data/processed/fog_augmented/CC_Baidu_091_medium.png
CC_Baidu_095.png,augment_full,low,False,,
CC_Baidu_095.png,augment_full,medium,True,122.46730041503906,data/processed/fog_augmented/CC_Baidu_095_medium.png
CC_Baidu_095.png,augment_full,high,True,150.85903930664062,data/processed/fog_augmented/CC_Baidu_095_high.png
CC_Baidu_102.png,no_augment,,,,
CC_Baidu_108.png,no_augment,,,,
CC_Baidu_11.png,augment_medium,medium,True,155.16529846191406,data/processed/fog_augmented/CC_Baidu_11_medium.png
CC_Baidu_117.png,augment_full,low,True,102.62200927734375,data/processed/fog_augmented/CC_Baidu_117_low.png
CC_Baidu_117.png,augment_full,medium,True,126.46305847167969,data/processed/fog_augmented/CC_Baidu_117_medium.png
CC_Baidu_117.png,augment_full,high,True,132.7977752685547,data/processed/fog_augmented/CC_Baidu_117_high.png
CC_Baidu_12.png,augment_full,low,True,102.44025421142578,data/processed/fog_augmented/CC_Baidu_12_low.png
CC_Baidu_12.png,augment_full,medium,True,122.38545989990234,data/processed/fog_augmented/CC_Baidu_12_medium.png
CC_Baidu_12.png,augment_full,high,False,,
CC_Baidu_132.png,no_augment,,,,
CC_Baidu_137.png,no_augment,,,,
CC_Baidu_141.png,no_augment,,,,
CC_Baidu_142.png,augment_medium,medium,True,137.53729248046875,data/processed/fog_augmented/CC_Baidu_142_medium.png
CC_Baidu_146.png,augment_full,low,False,,
CC_Baidu_146.png,augment_full,medium,True,126.66285705566406,data/processed/fog_augmented/CC_Baidu_146_medium.png
CC_Baidu_146.png,augment_full,high,True,137.8065948486328,data/processed/fog_augmented/CC_Baidu_146_high.png
CC_Baidu_147.png,no_augment,,,,
CC_Baidu_148.png,augment_full,low,True,83.80075073242188,data/processed/fog_augmented/CC_Baidu_148_low.png
CC_Baidu_148.png,augment_full,medium,True,118.52228546142578,data/processed/fog_augmented/CC_Baidu_148_medium.png
CC_Baidu_148.png,augment_full,high,False,,
CC_Baidu_150.png,augment_medium,medium,True,150.54176330566406,data/processed/fog_augmented/CC_Baidu_150_medium.png
CC_Baidu_151.png,augment_full,low,True,93.1162338256836,data/processed/fog_augmented/CC_Baidu_151_low.png
CC_Baidu_151.png,augment_full,medium,False,,
CC_Baidu_151.png,augment_full,high,False,,
CC_Baidu_153.png,no_augment,,,,
CC_Baidu_168.png,no_augment,,,,
CC_Baidu_169.png,no_augment,,,,
CC_Baidu_17.png,augment_full,low,False,,
CC_Baidu_17.png,augment_full,medium,True,125.04744720458984,data/processed/fog_augmented/CC_Baidu_17_medium.png
CC_Baidu_17.png,augment_full,high,True,137.27230834960938,data/processed/fog_augmented/CC_Baidu_17_high.png
CC_Baidu_174.png,no_augment,,,,
CC_Baidu_176.png,augment_medium,medium,True,136.7942352294922,data/processed/fog_augmented/CC_Baidu_176_medium.png
CC_Baidu_179.png,augment_full,low,False,,
CC_Baidu_179.png,augment_full,medium,True,102.84427642822266,data/processed/fog_augmented/CC_Baidu_179_medium.png
CC_Baidu_179.png,augment_full,high,False,,
CC_Baidu_189.png,augment_medium,medium,True,152.440185546875,data/processed/fog_augmented/CC_Baidu_189_medium.png
CC_Baidu_19.png,no_augment,,,,
CC_Baidu_221.png,no_augment,,,,
CC_Baidu_226.png,no_augment,,,,
CC_Baidu_228.png,augment_medium,medium,True,144.93211364746094,data/processed/fog_augmented/CC_Baidu_228_medium.png
CC_Baidu_229.png,augment_medium,medium,True,155.11338806152344,data/processed/fog_augmented/CC_Baidu_229_medium.png
CC_Baidu_230.png,no_augment,,,,
CC_Baidu_233.png,no_augment,,,,
CC_Baidu_236.png,augment_full,low,True,101.14543914794922,data/processed/fog_augmented/CC_Baidu_236_low.png
CC_Baidu_236.png,augment_full,medium,True,127.9736328125,data/processed/fog_augmented/CC_Baidu_236_medium.png
CC_Baidu_236.png,augment_full,high,True,131.72604370117188,data/processed/fog_augmented/CC_Baidu_236_high.png
CC_Baidu_237.png,augment_medium,medium,True,142.40415954589844,data/processed/fog_augmented/CC_Baidu_237_medium.png
CC_Baidu_244.png,no_augment,,,,
CC_Baidu_254.png,no_augment,,,,
CC_Baidu_256.png,augment_full,low,True,100.15841674804688,data/processed/fog_augmented/CC_Baidu_256_low.png
CC_Baidu_256.png,augment_full,medium,True,119.53789520263672,data/processed/fog_augmented/CC_Baidu_256_medium.png
CC_Baidu_256.png,augment_full,high,True,145.47616577148438,data/processed/fog_augmented/CC_Baidu_256_high.png
CC_Baidu_286.png,augment_medium,medium,True,152.1334686279297,data/processed/fog_augmented/CC_Baidu_286_medium.png
CC_Baidu_295.png,no_augment,,,,
CC_Baidu_296.png,augment_medium,medium,True,136.19129943847656,data/processed/fog_augmented/CC_Baidu_296_medium.png
CC_Bing_001.png,no_augment,,,,
CC_Bing_003.png,no_augment,,,,
CC_Bing_004.png,augment_medium,medium,True,145.0690460205078,data/processed/fog_augmented/CC_Bing_004_medium.png
CC_Bing_020.png,augment_full,low,False,,
CC_Bing_020.png,augment_full,medium,False,,
CC_Bing_020.png,augment_full,high,True,149.47328186035156,data/processed/fog_augmented/CC_Bing_020_high.png
CC_Bing_022.png,augment_medium,medium,True,155.1187286376953,data/processed/fog_augmented/CC_Bing_022_medium.png
CC_Bing_027.png,no_augment,,,,
CC_Bing_046.png,no_augment,,,,
CC_Bing_052.png,no_augment,,,,
CC_Bing_062.png,augment_full,low,False,,
CC_Bing_062.png,augment_full,medium,True,125.56534576416016,data/processed/fog_augmented/CC_Bing_062_medium.png
CC_Bing_062.png,augment_full,high,True,146.1606903076172,data/processed/fog_augmented/CC_Bing_062_high.png
CC_Bing_070.png,augment_medium,medium,True,153.11221313476562,data/processed/fog_augmented/CC_Bing_070_medium.png
CC_Bing_081.png,no_augment,,,,
CC_Bing_11.png,augment_medium,medium,True,151.97007751464844,data/processed/fog_augmented/CC_Bing_11_medium.png
CC_Bing_112.png,augment_full,low,True,92.80850219726562,data/processed/fog_augmented/CC_Bing_112_low.png
CC_Bing_112.png,augment_full,medium,False,,
CC_Bing_112.png,augment_full,high,False,,
CC_Bing_125.png,no_augment,,,,
CC_Bing_134.png,no_augment,,,,
CC_Bing_195.png,no_augment,,,,
CC_Bing_204.png,augment_medium,medium,True,153.718505859375,data/processed/fog_augmented/CC_Bing_204_medium.png
CC_Bing_218.png,no_augment,,,,
CC_Bing_223.png,no_augment,,,,
CC_Bing_242.png,augment_medium,medium,True,143.02685546875,data/processed/fog_augmented/CC_Bing_242_medium.png
CC_Bing_26.png,augment_full,low,True,98.16426849365234,data/processed/fog_augmented/CC_Bing_26_low.png
CC_Bing_26.png,augment_full,medium,True,127.43392181396484,data/processed/fog_augmented/CC_Bing_26_medium.png
CC_Bing_26.png,augment_full,high,True,150.86703491210938,data/processed/fog_augmented/CC_Bing_26_high.png
CC_Bing_275.png,augment_medium,medium,True,148.76229858398438,data/processed/fog_augmented/CC_Bing_275_medium.png
CC_Bing_283.png,no_augment,,,,
CC_Bing_290.png,augment_medium,medium,True,153.81207275390625,data/processed/fog_augmented/CC_Bing_290_medium.png
CC_Bing_309.png,no_augment,,,,
CC_Bing_327.png,augment_full,low,True,99.98051452636719,data/processed/fog_augmented/CC_Bing_327_low.png
CC_Bing_327.png,augment_full,medium,True,120.70584869384766,data/processed/fog_augmented/CC_Bing_327_medium.png
CC_Bing_327.png,augment_full,high,True,146.7764892578125,data/processed/fog_augmented/CC_Bing_327_high.png
CC_Bing_336.png,augment_medium,medium,True,154.51437377929688,data/processed/fog_augmented/CC_Bing_336_medium.png
CC_Bing_356.png,augment_medium,medium,True,147.53282165527344,data/processed/fog_augmented/CC_Bing_356_medium.png
CC_Bing_357.png,augment_full,low,True,99.7958755493164,data/processed/fog_augmented/CC_Bing_357_low.png
CC_Bing_357.png,augment_full,medium,True,125.72602081298828,data/processed/fog_augmented/CC_Bing_357_medium.png
CC_Bing_357.png,augment_full,high,True,128.16122436523438,data/processed/fog_augmented/CC_Bing_357_high.png
CC_Bing_371.png,no_augment,,,,
CC_Bing_375.png,augment_medium,medium,True,148.59275817871094,data/processed/fog_augmented/CC_Bing_375_medium.png
CC_Bing_384.png,augment_medium,medium,True,146.95335388183594,data/processed/fog_augmented/CC_Bing_384_medium.png
CC_Bing_390.png,no_augment,,,,
CC_Bing_409.png,augment_medium,medium,True,151.60174560546875,data/processed/fog_augmented/CC_Bing_409_medium.png
CC_Bing_434.png,no_augment,,,,
CC_Bing_436.png,no_augment,,,,
CC_Bing_441.png,no_augment,,,,
CC_Bing_452.png,no_augment,,,,
CC_Bing_486.png,augment_medium,medium,True,154.62765502929688,data/processed/fog_augmented/CC_Bing_486_medium.png
CC_Bing_510.png,no_augment,,,,
CC_Bing_512.png,augment_medium,medium,True,149.8046112060547,data/processed/fog_augmented/CC_Bing_512_medium.png
CC_Bing_523.png,augment_medium,medium,True,138.85592651367188,data/processed/fog_augmented/CC_Bing_523_medium.png
CC_Bing_524.png,no_augment,,,,
CC_Bing_547.png,augment_medium,medium,True,135.71002197265625,data/processed/fog_augmented/CC_Bing_547_medium.png
CC_Bing_548.png,no_augment,,,,
CC_Bing_572.png,no_augment,,,,
CC_Bing_573.png,no_augment,,,,
CC_Bing_587.png,augment_medium,medium,True,148.8287353515625,data/processed/fog_augmented/CC_Bing_587_medium.png
CC_Bing_633.png,augment_medium,medium,True,148.74354553222656,data/processed/fog_augmented/CC_Bing_633_medium.png
CC_Bing_637.png,no_augment,,,,
CC_Bing_653.png,no_augment,,,,
CC_Bing_666.png,augment_medium,medium,True,153.31546020507812,data/processed/fog_augmented/CC_Bing_666_medium.png
CC_Bing_668.png,augment_medium,medium,True,149.31158447265625,data/processed/fog_augmented/CC_Bing_668_medium.png
CC_Bing_683.png,augment_full,low,True,102.23084259033203,data/processed/fog_augmented/CC_Bing_683_low.png
CC_Bing_683.png,augment_full,medium,True,125.70488739013672,data/processed/fog_augmented/CC_Bing_683_medium.png
CC_Bing_683.png,augment_full,high,True,154.64491271972656,data/processed/fog_augmented/CC_Bing_683_high.png
CC_Bing_689.png,augment_medium,medium,True,154.7314910888672,data/processed/fog_augmented/CC_Bing_689_medium.png
CC_Bing_694.png,augment_medium,medium,True,145.8395233154297,data/processed/fog_augmented/CC_Bing_694_medium.png
CC_Bing_725.png,no_augment,,,,
CC_Bing_731.png,no_augment,,,,
CC_Bing_750.png,augment_medium,medium,True,154.17886352539062,data/processed/fog_augmented/CC_Bing_750_medium.png
CC_Bing_758.png,augment_medium,medium,True,151.27200317382812,data/processed/fog_augmented/CC_Bing_758_medium.png
CC_Bing_836.png,no_augment,,,,
CC_Bing_837.png,augment_medium,medium,True,153.9378662109375,data/processed/fog_augmented/CC_Bing_837_medium.png
CC_Bing_875.png,augment_medium,medium,True,141.69583129882812,data/processed/fog_augmented/CC_Bing_875_medium.png
CC_Google_007.png,no_augment,,,,
CC_Google_015.png,no_augment,,,,
CC_Google_033.png,augment_medium,medium,True,153.12477111816406,data/processed/fog_augmented/CC_Google_033_medium.png
CC_Google_038.png,augment_medium,medium,True,126.2850570678711,data/processed/fog_augmented/CC_Google_038_medium.png
CC_Google_04.png,augment_medium,medium,True,142.93446350097656,data/processed/fog_augmented/CC_Google_04_medium.png
CC_Google_041.png,no_augment,,,,
CC_Google_058.png,no_augment,,,,
CC_Google_07.png,no_augment,,,,
CC_Google_074.png,augment_full,low,True,101.91162109375,data/processed/fog_augmented/CC_Google_074_low.png
CC_Google_074.png,augment_full,medium,True,110.95716857910156,data/processed/fog_augmented/CC_Google_074_medium.png
CC_Google_074.png,augment_full,high,False,,
CC_Google_089.png,augment_full,low,True,99.95278930664062,data/processed/fog_augmented/CC_Google_089_low.png
CC_Google_089.png,augment_full,medium,True,121.79051208496094,data/processed/fog_augmented/CC_Google_089_medium.png
CC_Google_089.png,augment_full,high,True,153.30775451660156,data/processed/fog_augmented/CC_Google_089_high.png
CD_Baidu_012.png,no_augment,,,,
CD_Baidu_013.png,augment_medium,medium,True,151.58355712890625,data/processed/fog_augmented/CD_Baidu_013_medium.png
CD_Baidu_019.png,augment_full,low,True,102.58041381835938,data/processed/fog_augmented/CD_Baidu_019_low.png
CD_Baidu_019.png,augment_full,medium,True,120.15375518798828,data/processed/fog_augmented/CD_Baidu_019_medium.png
CD_Baidu_019.png,augment_full,high,True,133.9307403564453,data/processed/fog_augmented/CD_Baidu_019_high.png
CD_Baidu_025.png,augment_medium,medium,True,140.35792541503906,data/processed/fog_augmented/CD_Baidu_025_medium.png
CD_Baidu_058.png,augment_full,low,True,102.24524688720703,data/processed/fog_augmented/CD_Baidu_058_low.png
CD_Baidu_058.png,augment_full,medium,False,,
CD_Baidu_058.png,augment_full,high,False,,
CD_Baidu_077.png,no_augment,,,,
CD_Baidu_083.png,no_augment,,,,
CD_Baidu_095.png,augment_full,low,True,95.11634063720703,data/processed/fog_augmented/CD_Baidu_095_low.png
CD_Baidu_095.png,augment_full,medium,True,124.64060974121094,data/processed/fog_augmented/CD_Baidu_095_medium.png
CD_Baidu_095.png,augment_full,high,True,136.61483764648438,data/processed/fog_augmented/CD_Baidu_095_high.png
CD_Baidu_127.png,no_augment,,,,
CD_Baidu_137.png,augment_full,low,True,100.59130096435547,data/processed/fog_augmented/CD_Baidu_137_low.png
CD_Baidu_137.png,augment_full,medium,True,127.9649887084961,data/processed/fog_augmented/CD_Baidu_137_medium.png
CD_Baidu_137.png,augment_full,high,False,,
CD_Baidu_160.png,no_augment,,,,
CD_Baidu_169.png,no_augment,,,,
CD_Baidu_180.png,augment_full,low,True,100.04930877685547,data/processed/fog_augmented/CD_Baidu_180_low.png
CD_Baidu_180.png,augment_full,medium,True,104.8960952758789,data/processed/fog_augmented/CD_Baidu_180_medium.png
CD_Baidu_180.png,augment_full,high,False,,
CD_Baidu_183.png,augment_full,low,True,102.77137756347656,data/processed/fog_augmented/CD_Baidu_183_low.png
CD_Baidu_183.png,augment_full,medium,True,122.0295181274414,data/processed/fog_augmented/CD_Baidu_183_medium.png
CD_Baidu_183.png,augment_full,high,True,133.76873779296875,data/processed/fog_augmented/CD_Baidu_183_high.png
CD_Baidu_194.png,no_augment,,,,
CD_Baidu_195.png,augment_full,low,True,96.68128967285156,data/processed/fog_augmented/CD_Baidu_195_low.png
CD_Baidu_195.png,augment_full,medium,True,114.0239028930664,data/processed/fog_augmented/CD_Baidu_195_medium.png
CD_Baidu_195.png,augment_full,high,True,138.24188232421875,data/processed/fog_augmented/CD_Baidu_195_high.png
CD_Baidu_201.png,augment_medium,medium,True,134.5027618408203,data/processed/fog_augmented/CD_Baidu_201_medium.png
CD_Baidu_214.png,no_augment,,,,
CD_Baidu_221.png,no_augment,,,,
CD_Baidu_225.png,no_augment,,,,
CD_Baidu_249.png,augment_medium,medium,True,148.38143920898438,data/processed/fog_augmented/CD_Baidu_249_medium.png
CD_Baidu_255.png,no_augment,,,,
CD_Baidu_269.png,no_augment,,,,
CD_Baidu_308.png,no_augment,,,,
CD_Baidu_342.png,augment_medium,medium,True,149.3436279296875,data/processed/fog_augmented/CD_Baidu_342_medium.png
CD_Baidu_352.png,augment_medium,medium,True,146.06329345703125,data/processed/fog_augmented/CD_Baidu_352_medium.png
CD_Baidu_354.png,augment_full,low,True,99.9820556640625,data/processed/fog_augmented/CD_Baidu_354_low.png
CD_Baidu_354.png,augment_full,medium,True,109.17180633544922,data/processed/fog_augmented/CD_Baidu_354_medium.png
CD_Baidu_354.png,augment_full,high,False,,
CD_Baidu_422.png,augment_medium,medium,True,155.09146118164062,data/processed/fog_augmented/CD_Baidu_422_medium.png
CD_Baidu_424.png,augment_medium,medium,True,149.32696533203125,data/processed/fog_augmented/CD_Baidu_424_medium.png
CD_Baidu_427.png,no_augment,,,,
CD_Baidu_434.png,no_augment,,,,
CD_Baidu_450.png,no_augment,,,,
CD_Baidu_453.png,augment_full,low,False,,
CD_Baidu_453.png,augment_full,medium,True,125.17896270751953,data/processed/fog_augmented/CD_Baidu_453_medium.png
CD_Baidu_453.png,augment_full,high,False,,
CD_Baidu_47.png,augment_full,low,False,,
CD_Baidu_47.png,augment_full,medium,True,112.93089294433594,data/processed/fog_augmented/CD_Baidu_47_medium.png
CD_Baidu_47.png,augment_full,high,False,,
CD_Baidu_479.png,no_augment,,,,
CD_Baidu_489.png,augment_medium,medium,True,153.15213012695312,data/processed/fog_augmented/CD_Baidu_489_medium.png
CD_Baidu_523.png,no_augment,,,,
CD_Bing_064.png,augment_medium,medium,True,154.70497131347656,data/processed/fog_augmented/CD_Bing_064_medium.png
CD_Bing_139.png,augment_full,low,True,86.40117645263672,data/processed/fog_augmented/CD_Bing_139_low.png
CD_Bing_139.png,augment_full,medium,False,,
CD_Bing_139.png,augment_full,high,False,,
CD_Bing_144.png,augment_full,low,True,101.23773956298828,data/processed/fog_augmented/CD_Bing_144_low.png
CD_Bing_144.png,augment_full,medium,True,127.47017669677734,data/processed/fog_augmented/CD_Bing_144_medium.png
CD_Bing_144.png,augment_full,high,True,154.45872497558594,data/processed/fog_augmented/CD_Bing_144_high.png
CD_Bing_176.png,augment_full,low,True,100.01985168457031,data/processed/fog_augmented/CD_Bing_176_low.png
CD_Bing_176.png,augment_full,medium,True,121.76571655273438,data/processed/fog_augmented/CD_Bing_176_medium.png
CD_Bing_176.png,augment_full,high,False,,
CD_Bing_177.png,augment_full,low,True,99.6904525756836,data/processed/fog_augmented/CD_Bing_177_low.png
CD_Bing_177.png,augment_full,medium,True,106.58094787597656,data/processed/fog_augmented/CD_Bing_177_medium.png
CD_Bing_177.png,augment_full,high,False,,
CD_Bing_214.png,augment_full,low,True,101.9188232421875,data/processed/fog_augmented/CD_Bing_214_low.png
CD_Bing_214.png,augment_full,medium,True,105.65835571289062,data/processed/fog_augmented/CD_Bing_214_medium.png
CD_Bing_214.png,augment_full,high,False,,
CD_Bing_221.png,augment_full,low,True,94.45848083496094,data/processed/fog_augmented/CD_Bing_221_low.png
CD_Bing_221.png,augment_full,medium,True,121.93746948242188,data/processed/fog_augmented/CD_Bing_221_medium.png
CD_Bing_221.png,augment_full,high,False,,
CD_Bing_256.png,no_augment,,,,
CD_Bing_262.png,augment_medium,medium,True,150.82867431640625,data/processed/fog_augmented/CD_Bing_262_medium.png
CD_Bing_270.png,no_augment,,,,
CD_Bing_292.png,augment_full,low,True,97.67041015625,data/processed/fog_augmented/CD_Bing_292_low.png
CD_Bing_292.png,augment_full,medium,True,115.84796905517578,data/processed/fog_augmented/CD_Bing_292_medium.png
CD_Bing_292.png,augment_full,high,False,,
CD_Bing_30.png,no_augment,,,,
CD_Bing_310.png,no_augment,,,,
CD_Bing_338.png,augment_medium,medium,True,155.10133361816406,data/processed/fog_augmented/CD_Bing_338_medium.png
CD_Bing_390.png,augment_medium,medium,True,151.81541442871094,data/processed/fog_augmented/CD_Bing_390_medium.png
CD_Bing_402.png,augment_full,low,False,,
CD_Bing_402.png,augment_full,medium,True,127.31478118896484,data/processed/fog_augmented/CD_Bing_402_medium.png
CD_Bing_402.png,augment_full,high,True,142.08143615722656,data/processed/fog_augmented/CD_Bing_402_high.png
CD_Bing_416.png,augment_medium,medium,True,145.36624145507812,data/processed/fog_augmented/CD_Bing_416_medium.png
CD_Bing_436.png,augment_full,low,True,100.43119812011719,data/processed/fog_augmented/CD_Bing_436_low.png
CD_Bing_436.png,augment_full,medium,True,108.70919799804688,data/processed/fog_augmented/CD_Bing_436_medium.png
CD_Bing_436.png,augment_full,high,False,,
CD_Bing_452.png,augment_medium,medium,True,151.34063720703125,data/processed/fog_augmented/CD_Bing_452_medium.png
CD_Bing_501.png,augment_full,low,True,101.379638671875,data/processed/fog_augmented/CD_Bing_501_low.png
CD_Bing_501.png,augment_full,medium,True,102.7916488647461,data/processed/fog_augmented/CD_Bing_501_medium.png
CD_Bing_501.png,augment_full,high,False,,
CD_Bing_533.png,augment_medium,medium,True,155.0039520263672,data/processed/fog_augmented/CD_Bing_533_medium.png
CD_Bing_581.png,augment_medium,medium,True,148.98309326171875,data/processed/fog_augmented/CD_Bing_581_medium.png
CD_Bing_662.png,augment_full,low,True,89.47077941894531,data/processed/fog_augmented/CD_Bing_662_low.png
CD_Bing_662.png,augment_full,medium,True,108.20763397216797,data/processed/fog_augmented/CD_Bing_662_medium.png
CD_Bing_662.png,augment_full,high,False,,
CD_Bing_737.png,augment_medium,medium,True,149.35183715820312,data/processed/fog_augmented/CD_Bing_737_medium.png
CD_Bing_790.png,augment_full,low,True,99.38884735107422,data/processed/fog_augmented/CD_Bing_790_low.png
CD_Bing_790.png,augment_full,medium,True,127.44247436523438,data/processed/fog_augmented/CD_Bing_790_medium.png
CD_Bing_790.png,augment_full,high,True,137.8461151123047,data/processed/fog_augmented/CD_Bing_790_high.png
CD_Bing_812.png,no_augment,,,,
CD_Google_04.png,augment_medium,medium,True,146.4153594970703,data/processed/fog_augmented/CD_Google_04_medium.png
CD_Google_065.png,augment_medium,medium,True,153.86212158203125,data/processed/fog_augmented/CD_Google_065_medium.png
CD_Google_078.png,augment_full,low,True,101.83747863769531,data/processed/fog_augmented/CD_Google_078_low.png
CD_Google_078.png,augment_full,medium,True,121.81436157226562,data/processed/fog_augmented/CD_Google_078_medium.png
CD_Google_078.png,augment_full,high,False,,
CD_Google_135.png,no_augment,,,,
CD_Google_158.png,no_augment,,,,
CD_Google_162.png,no_augment,,,,
CD_Google_180.png,augment_medium,medium,True,136.15379333496094,data/processed/fog_augmented/CD_Google_180_medium.png
CD_Google_185.png,augment_full,low,False,,
CD_Google_185.png,augment_full,medium,True,126.67509460449219,data/processed/fog_augmented/CD_Google_185_medium.png
CD_Google_185.png,augment_full,high,True,135.77845764160156,data/processed/fog_augmented/CD_Google_185_high.png
CD_Google_199.png,augment_full,low,True,101.82907104492188,data/processed/fog_augmented/CD_Google_199_low.png
CD_Google_199.png,augment_full,medium,True,118.26715850830078,data/processed/fog_augmented/CD_Google_199_medium.png
CD_Google_199.png,augment_full,high,False,,
CD_Google_207.png,augment_full,low,False,,
CD_Google_207.png,augment_full,medium,True,125.64173889160156,data/processed/fog_augmented/CD_Google_207_medium.png
CD_Google_207.png,augment_full,high,True,152.4172821044922,data/processed/fog_augmented/CD_Google_207_high.png
CD_Google_239.png,no_augment,,,,
CD_Google_341.png,no_augment,,,,
CD_Google_367.png,augment_medium,medium,True,143.78985595703125,data/processed/fog_augmented/CD_Google_367_medium.png
CD_Google_372.png,augment_full,low,True,97.66592407226562,data/processed/fog_augmented/CD_Google_372_low.png
CD_Google_372.png,augment_full,medium,True,108.41546630859375,data/processed/fog_augmented/CD_Google_372_medium.png
CD_Google_372.png,augment_full,high,False,,
CD_Google_518.png,augment_medium,medium,True,154.27590942382812,data/processed/fog_augmented/CD_Google_518_medium.png
CD_Google_571.png,no_augment,,,,
CD_Google_609.png,no_augment,,,,
CD_Google_63.png,augment_medium,medium,True,148.49758911132812,data/processed/fog_augmented/CD_Google_63_medium.png
CD_Google_630.png,augment_medium,medium,True,153.44776916503906,data/processed/fog_augmented/CD_Google_630_medium.png
CD_Google_631.png,augment_full,low,True,99.77246856689453,data/processed/fog_augmented/CD_Google_631_low.png
CD_Google_631.png,augment_full,medium,True,119.00788879394531,data/processed/fog_augmented/CD_Google_631_medium.png
CD_Google_631.png,augment_full,high,False,,
CD_Google_643.png,no_augment,,,,
CQ_Baidu_062.png,no_augment,,,,
CQ_Baidu_147.png,augment_medium,medium,True,144.1865997314453,data/processed/fog_augmented/CQ_Baidu_147_medium.png
CQ_Baidu_190.png,no_augment,,,,
CQ_Baidu_199.png,augment_medium,medium,True,144.83258056640625,data/processed/fog_augmented/CQ_Baidu_199_medium.png
CQ_Baidu_273.png,augment_full,low,True,97.05514526367188,data/processed/fog_augmented/CQ_Baidu_273_low.png
CQ_Baidu_273.png,augment_full,medium,True,105.91340637207031,data/processed/fog_augmented/CQ_Baidu_273_medium.png
CQ_Baidu_273.png,augment_full,high,False,,
CQ_Baidu_286.png,no_augment,,,,
CQ_Baidu_291.png,augment_medium,medium,True,155.22183227539062,data/processed/fog_augmented/CQ_Baidu_291_medium.png
CQ_Baidu_316.png,augment_full,low,True,97.64897155761719,data/processed/fog_augmented/CQ_Baidu_316_low.png
CQ_Baidu_316.png,augment_full,medium,False,,
CQ_Baidu_316.png,augment_full,high,False,,
CQ_Baidu_327.png,augment_full,low,True,101.38459777832031,data/processed/fog_augmented/CQ_Baidu_327_low.png
CQ_Baidu_327.png,augment_full,medium,True,126.53162384033203,data/processed/fog_augmented/CQ_Baidu_327_medium.png
CQ_Baidu_327.png,augment_full,high,True,143.61744689941406,data/processed/fog_augmented/CQ_Baidu_327_high.png
CQ_Baidu_345.png,augment_medium,medium,True,141.90240478515625,data/processed/fog_augmented/CQ_Baidu_345_medium.png
CQ_Baidu_373.png,no_augment,,,,
CQ_Bing_162.png,augment_full,low,True,101.15081024169922,data/processed/fog_augmented/CQ_Bing_162_low.png
CQ_Bing_162.png,augment_full,medium,True,121.91492462158203,data/processed/fog_augmented/CQ_Bing_162_medium.png
CQ_Bing_162.png,augment_full,high,True,145.4810333251953,data/processed/fog_augmented/CQ_Bing_162_high.png
CQ_Bing_190.png,augment_medium,medium,True,141.42808532714844,data/processed/fog_augmented/CQ_Bing_190_medium.png
CQ_Bing_221.png,augment_full,low,False,,
CQ_Bing_221.png,augment_full,medium,True,123.43402099609375,data/processed/fog_augmented/CQ_Bing_221_medium.png
CQ_Bing_221.png,augment_full,high,True,139.2137451171875,data/processed/fog_augmented/CQ_Bing_221_high.png
CQ_Bing_318.png,augment_full,low,False,,
CQ_Bing_318.png,augment_full,medium,True,125.51883697509766,data/processed/fog_augmented/CQ_Bing_318_medium.png
CQ_Bing_318.png,augment_full,high,True,150.24195861816406,data/processed/fog_augmented/CQ_Bing_318_high.png
CQ_Bing_342.png,no_augment,,,,
CQ_Google_019.png,no_augment,,,,
CQ_Google_029.png,no_augment,,,,
CQ_Google_035.png,no_augment,,,,
CQ_Google_290.png,no_augment,,,,
CQ_Google_35.png,no_augment,,,,
CQ_Google_370.png,no_augment,,,,
CQ_Google_380.png,augment_full,low,True,100.0330581665039,data/processed/fog_augmented/CQ_Google_380_low.png
CQ_Google_380.png,augment_full,medium,True,125.88035583496094,data/processed/fog_augmented/CQ_Google_380_medium.png
CQ_Google_380.png,augment_full,high,True,152.47731018066406,data/processed/fog_augmented/CQ_Google_380_high.png
CQ_Google_406.png,augment_full,low,True,98.8025131225586,data/processed/fog_augmented/CQ_Google_406_low.png
CQ_Google_406.png,augment_full,medium,False,,
CQ_Google_406.png,augment_full,high,False,,
CQ_Google_446.png,no_augment,,,,
CQ_Google_52.png,no_augment,,,,
CQ_Google_521.png,augment_medium,medium,True,153.2597198486328,data/processed/fog_augmented/CQ_Google_521_medium.png
CQ_Google_529.png,no_augment,,,,
CQ_Google_547.png,no_augment,,,,
CQ_Google_55.png,no_augment,,,,
CQ_Google_615.png,no_augment,,,,
CQ_Google_745.png,no_augment,,,,
CQ_Google_763.png,augment_full,low,True,98.97872161865234,data/processed/fog_augmented/CQ_Google_763_low.png
CQ_Google_763.png,augment_full,medium,True,119.29672241210938,data/processed/fog_augmented/CQ_Google_763_medium.png
CQ_Google_763.png,augment_full,high,True,149.152587890625,data/processed/fog_augmented/CQ_Google_763_high.png
DJ_Baidu_023.png,augment_full,low,False,,
DJ_Baidu_023.png,augment_full,medium,True,127.62886047363281,data/processed/fog_augmented/DJ_Baidu_023_medium.png
DJ_Baidu_023.png,augment_full,high,True,142.8414764404297,data/processed/fog_augmented/DJ_Baidu_023_high.png
DJ_Baidu_040.png,augment_full,low,True,98.5344009399414,data/processed/fog_augmented/DJ_Baidu_040_low.png
DJ_Baidu_040.png,augment_full,medium,True,113.20032501220703,data/processed/fog_augmented/DJ_Baidu_040_medium.png
DJ_Baidu_040.png,augment_full,high,False,,
DJ_Baidu_055.png,no_augment,,,,
DJ_Baidu_065.png,augment_full,low,True,102.22637939453125,data/processed/fog_augmented/DJ_Baidu_065_low.png
DJ_Baidu_065.png,augment_full,medium,True,117.6132583618164,data/processed/fog_augmented/DJ_Baidu_065_medium.png
DJ_Baidu_065.png,augment_full,high,False,,
DJ_Baidu_104.png,augment_medium,medium,True,155.06202697753906,data/processed/fog_augmented/DJ_Baidu_104_medium.png
DJ_Baidu_179.png,augment_full,low,False,,
DJ_Baidu_179.png,augment_full,medium,True,122.97366333007812,data/processed/fog_augmented/DJ_Baidu_179_medium.png
DJ_Baidu_179.png,augment_full,high,True,138.4246368408203,data/processed/fog_augmented/DJ_Baidu_179_high.png
DJ_Baidu_189.png,augment_medium,medium,True,132.1757354736328,data/processed/fog_augmented/DJ_Baidu_189_medium.png
DJ_Baidu_206.png,augment_full,low,False,,
DJ_Baidu_206.png,augment_full,medium,True,125.51514434814453,data/processed/fog_augmented/DJ_Baidu_206_medium.png
DJ_Baidu_206.png,augment_full,high,True,135.7307891845703,data/processed/fog_augmented/DJ_Baidu_206_high.png
DJ_Baidu_240.png,no_augment,,,,
DJ_Bing_007.png,no_augment,,,,
DJ_Bing_021.png,augment_full,low,False,,
DJ_Bing_021.png,augment_full,medium,True,127.63245391845703,data/processed/fog_augmented/DJ_Bing_021_medium.png
DJ_Bing_021.png,augment_full,high,True,135.5099334716797,data/processed/fog_augmented/DJ_Bing_021_high.png
DJ_Bing_121.png,augment_full,low,True,91.18008422851562,data/processed/fog_augmented/DJ_Bing_121_low.png
DJ_Bing_121.png,augment_full,medium,True,124.4688949584961,data/processed/fog_augmented/DJ_Bing_121_medium.png
DJ_Bing_121.png,augment_full,high,True,148.57388305664062,data/processed/fog_augmented/DJ_Bing_121_high.png
DJ_Bing_127.png,augment_full,low,True,98.21025085449219,data/processed/fog_augmented/DJ_Bing_127_low.png
DJ_Bing_127.png,augment_full,medium,True,123.7026138305664,data/processed/fog_augmented/DJ_Bing_127_medium.png
DJ_Bing_127.png,augment_full,high,True,128.59747314453125,data/processed/fog_augmented/DJ_Bing_127_high.png
DJ_Bing_148.png,augment_medium,medium,True,150.417724609375,data/processed/fog_augmented/DJ_Bing_148_medium.png
DJ_Bing_20.png,augment_full,low,True,98.5033187866211,data/processed/fog_augmented/DJ_Bing_20_low.png
DJ_Bing_20.png,augment_full,medium,True,111.50035095214844,data/processed/fog_augmented/DJ_Bing_20_medium.png
DJ_Bing_20.png,augment_full,high,False,,
DJ_Bing_259.png,augment_full,low,True,99.33932495117188,data/processed/fog_augmented/DJ_Bing_259_low.png
DJ_Bing_259.png,augment_full,medium,True,123.92691802978516,data/processed/fog_augmented/DJ_Bing_259_medium.png
DJ_Bing_259.png,augment_full,high,False,,
DJ_Bing_271.png,augment_full,low,False,,
DJ_Bing_271.png,augment_full,medium,True,121.48678588867188,data/processed/fog_augmented/DJ_Bing_271_medium.png
DJ_Bing_271.png,augment_full,high,True,140.66006469726562,data/processed/fog_augmented/DJ_Bing_271_high.png
DJ_Bing_283.png,augment_medium,medium,True,152.16854858398438,data/processed/fog_augmented/DJ_Bing_283_medium.png
DJ_Bing_313.png,augment_medium,medium,True,147.8621368408203,data/processed/fog_augmented/DJ_Bing_313_medium.png
DJ_Bing_321.png,augment_full,low,True,76.7626724243164,data/processed/fog_augmented/DJ_Bing_321_low.png
DJ_Bing_321.png,augment_full,medium,False,,
DJ_Bing_321.png,augment_full,high,False,,
DJ_Bing_372.png,augment_full,low,False,,
DJ_Bing_372.png,augment_full,medium,True,115.50074005126953,data/processed/fog_augmented/DJ_Bing_372_medium.png
DJ_Bing_372.png,augment_full,high,False,,
DJ_Bing_555.png,augment_full,low,True,94.55867004394531,data/processed/fog_augmented/DJ_Bing_555_low.png
DJ_Bing_555.png,augment_full,medium,False,,
DJ_Bing_555.png,augment_full,high,False,,
DJ_Bing_694.png,augment_full,low,False,,
DJ_Bing_694.png,augment_full,medium,True,125.23245239257812,data/processed/fog_augmented/DJ_Bing_694_medium.png
DJ_Bing_694.png,augment_full,high,False,,
DJ_Google_026.png,augment_full,low,True,102.30764770507812,data/processed/fog_augmented/DJ_Google_026_low.png
DJ_Google_026.png,augment_full,medium,True,127.90597534179688,data/processed/fog_augmented/DJ_Google_026_medium.png
DJ_Google_026.png,augment_full,high,True,131.0431365966797,data/processed/fog_augmented/DJ_Google_026_high.png
DJ_Google_154.png,no_augment,,,,
DJ_Google_157.png,augment_medium,medium,True,146.6549530029297,data/processed/fog_augmented/DJ_Google_157_medium.png
DJ_Google_199.png,no_augment,,,,
DJ_Google_234.png,no_augment,,,,
DJ_Google_388.png,augment_medium,medium,True,155.23751831054688,data/processed/fog_augmented/DJ_Google_388_medium.png
DJ_Google_398.png,augment_full,low,True,102.06880187988281,data/processed/fog_augmented/DJ_Google_398_low.png
DJ_Google_398.png,augment_full,medium,True,103.80547332763672,data/processed/fog_augmented/DJ_Google_398_medium.png
DJ_Google_398.png,augment_full,high,False,,
DJ_Google_406.png,augment_medium,medium,True,152.91900634765625,data/processed/fog_augmented/DJ_Google_406_medium.png
DJ_Google_425.png,no_augment,,,,
DJ_Google_535.png,no_augment,,,,
DJ_Google_674.png,no_augment,,,,
FogDr_Bing_002.png,augment_full,low,False,,
FogDr_Bing_002.png,augment_full,medium,True,124.20654296875,data/processed/fog_augmented/FogDr_Bing_002_medium.png
FogDr_Bing_002.png,augment_full,high,True,151.9022216796875,data/processed/fog_augmented/FogDr_Bing_002_high.png
FogDr_Bing_003.png,no_augment,,,,
FogDr_Bing_008.png,augment_full,low,False,,
FogDr_Bing_008.png,augment_full,medium,True,125.06454467773438,data/processed/fog_augmented/FogDr_Bing_008_medium.png
FogDr_Bing_008.png,augment_full,high,True,155.5154266357422,data/processed/fog_augmented/FogDr_Bing_008_high.png
FogDr_Bing_019.png,augment_full,low,True,97.29175567626953,data/processed/fog_augmented/FogDr_Bing_019_low.png
FogDr_Bing_019.png,augment_full,medium,True,120.62747955322266,data/processed/fog_augmented/FogDr_Bing_019_medium.png
FogDr_Bing_019.png,augment_full,high,False,,
FogDr_Bing_106.png,augment_full,low,True,101.03023529052734,data/processed/fog_augmented/FogDr_Bing_106_low.png
FogDr_Bing_106.png,augment_full,medium,True,106.64945983886719,data/processed/fog_augmented/FogDr_Bing_106_medium.png
FogDr_Bing_106.png,augment_full,high,False,,
FogDr_Bing_125.png,no_augment,,,,
FogDr_Bing_206.png,no_augment,,,,
FogDr_Bing_217.png,augment_full,low,True,82.2510986328125,data/processed/fog_augmented/FogDr_Bing_217_low.png
FogDr_Bing_217.png,augment_full,medium,False,,
FogDr_Bing_217.png,augment_full,high,False,,
FogDr_Bing_223.png,augment_medium,medium,True,143.4817657470703,data/processed/fog_augmented/FogDr_Bing_223_medium.png
FogDr_Bing_237.png,augment_full,low,True,100.34630584716797,data/processed/fog_augmented/FogDr_Bing_237_low.png
FogDr_Bing_237.png,augment_full,medium,True,125.25460815429688,data/processed/fog_augmented/FogDr_Bing_237_medium.png
FogDr_Bing_237.png,augment_full,high,True,143.23782348632812,data/processed/fog_augmented/FogDr_Bing_237_high.png
FogDr_Bing_256.png,augment_medium,medium,True,111.77796936035156,data/processed/fog_augmented/FogDr_Bing_256_medium.png
FogDr_Bing_304.png,no_augment,,,,
FogDr_Bing_358.png,no_augment,,,,
FogDr_Bing_367.png,augment_full,low,True,102.04431915283203,data/processed/fog_augmented/FogDr_Bing_367_low.png
FogDr_Bing_367.png,augment_full,medium,True,113.46273040771484,data/processed/fog_augmented/FogDr_Bing_367_medium.png
FogDr_Bing_367.png,augment_full,high,False,,
FogDr_Bing_370.png,augment_medium,medium,True,150.47378540039062,data/processed/fog_augmented/FogDr_Bing_370_medium.png
FogDr_Bing_394.png,no_augment,,,,
FogDr_Bing_405.png,augment_medium,medium,True,140.37283325195312,data/processed/fog_augmented/FogDr_Bing_405_medium.png
FogDr_Bing_410.png,augment_medium,medium,True,154.35494995117188,data/processed/fog_augmented/FogDr_Bing_410_medium.png
FogDr_Bing_422.png,augment_full,low,False,,
FogDr_Bing_422.png,augment_full,medium,True,126.78718566894531,data/processed/fog_augmented/FogDr_Bing_422_medium.png
FogDr_Bing_422.png,augment_full,high,True,139.3123016357422,data/processed/fog_augmented/FogDr_Bing_422_high.png
FogDr_Bing_443.png,augment_full,low,True,75.8316421508789,data/processed/fog_augmented/FogDr_Bing_443_low.png
FogDr_Bing_443.png,augment_full,medium,False,,
FogDr_Bing_443.png,augment_full,high,False,,
FogDr_Bing_454.png,augment_full,low,True,96.36779022216797,data/processed/fog_augmented/FogDr_Bing_454_low.png
FogDr_Bing_454.png,augment_full,medium,True,125.64450073242188,data/processed/fog_augmented/FogDr_Bing_454_medium.png
FogDr_Bing_454.png,augment_full,high,False,,
FogDr_Bing_510.png,augment_medium,medium,True,151.78211975097656,data/processed/fog_augmented/FogDr_Bing_510_medium.png
FogDr_Bing_535.png,augment_medium,medium,True,142.2227783203125,data/processed/fog_augmented/FogDr_Bing_535_medium.png
FogDr_Bing_557.png,augment_medium,medium,True,116.50777435302734,data/processed/fog_augmented/FogDr_Bing_557_medium.png
FogDr_Bing_559.png,augment_medium,medium,True,135.90872192382812,data/processed/fog_augmented/FogDr_Bing_559_medium.png
FogDr_Bing_567.png,augment_medium,medium,True,148.21435546875,data/processed/fog_augmented/FogDr_Bing_567_medium.png
FogDr_Bing_569.png,augment_full,low,True,99.4644775390625,data/processed/fog_augmented/FogDr_Bing_569_low.png
FogDr_Bing_569.png,augment_full,medium,True,122.99081420898438,data/processed/fog_augmented/FogDr_Bing_569_medium.png
FogDr_Bing_569.png,augment_full,high,False,,
FogDr_Bing_635.png,augment_medium,medium,True,146.47152709960938,data/processed/fog_augmented/FogDr_Bing_635_medium.png
FogDr_Bing_648.png,no_augment,,,,
FogDr_Bing_697.png,augment_medium,medium,True,147.26075744628906,data/processed/fog_augmented/FogDr_Bing_697_medium.png
FogDr_Google_003.png,augment_full,low,True,85.57826232910156,data/processed/fog_augmented/FogDr_Google_003_low.png
FogDr_Google_003.png,augment_full,medium,False,,
FogDr_Google_003.png,augment_full,high,False,,
FogDr_Google_004.png,no_augment,,,,
FogDr_Google_013.png,augment_medium,medium,True,145.6298828125,data/processed/fog_augmented/FogDr_Google_013_medium.png
FogDr_Google_014.png,augment_medium,medium,True,140.9806365966797,data/processed/fog_augmented/FogDr_Google_014_medium.png
FogDr_Google_018.png,augment_full,low,True,101.31602478027344,data/processed/fog_augmented/FogDr_Google_018_low.png
FogDr_Google_018.png,augment_full,medium,True,125.32044219970703,data/processed/fog_augmented/FogDr_Google_018_medium.png
FogDr_Google_018.png,augment_full,high,True,131.13475036621094,data/processed/fog_augmented/FogDr_Google_018_high.png
FogDr_Google_024.png,no_augment,,,,
FogDr_Google_025.png,augment_full,low,True,99.5712890625,data/processed/fog_augmented/FogDr_Google_025_low.png
FogDr_Google_025.png,augment_full,medium,True,127.97962188720703,data/processed/fog_augmented/FogDr_Google_025_medium.png
FogDr_Google_025.png,augment_full,high,False,,
FogDr_Google_026.png,no_augment,,,,
FogDr_Google_031.png,augment_medium,medium,True,155.28846740722656,data/processed/fog_augmented/FogDr_Google_031_medium.png
FogDr_Google_035.png,augment_full,low,True,100.67061614990234,data/processed/fog_augmented/FogDr_Google_035_low.png
FogDr_Google_035.png,augment_full,medium,True,120.20040130615234,data/processed/fog_augmented/FogDr_Google_035_medium.png
FogDr_Google_035.png,augment_full,high,True,131.0047607421875,data/processed/fog_augmented/FogDr_Google_035_high.png
FogDr_Google_036.png,augment_full,low,True,101.5090103149414,data/processed/fog_augmented/FogDr_Google_036_low.png
FogDr_Google_036.png,augment_full,medium,True,110.04881286621094,data/processed/fog_augmented/FogDr_Google_036_medium.png
FogDr_Google_036.png,augment_full,high,False,,
FogDr_Google_040.png,augment_full,low,True,101.09660339355469,data/processed/fog_augmented/FogDr_Google_040_low.png
FogDr_Google_040.png,augment_full,medium,True,113.97779846191406,data/processed/fog_augmented/FogDr_Google_040_medium.png
FogDr_Google_040.png,augment_full,high,False,,
FogDr_Google_045.png,augment_medium,medium,True,133.14810180664062,data/processed/fog_augmented/FogDr_Google_045_medium.png
FogDr_Google_050.png,augment_medium,medium,True,135.65475463867188,data/processed/fog_augmented/FogDr_Google_050_medium.png
FogDr_Google_054.png,no_augment,,,,
FogDr_Google_058.png,augment_full,low,True,95.90497589111328,data/processed/fog_augmented/FogDr_Google_058_low.png
FogDr_Google_058.png,augment_full,medium,True,126.59281158447266,data/processed/fog_augmented/FogDr_Google_058_medium.png
FogDr_Google_058.png,augment_full,high,True,133.9190673828125,data/processed/fog_augmented/FogDr_Google_058_high.png
FogDr_Google_062.png,augment_full,low,True,100.6917724609375,data/processed/fog_augmented/FogDr_Google_062_low.png
FogDr_Google_062.png,augment_full,medium,True,113.35038757324219,data/processed/fog_augmented/FogDr_Google_062_medium.png
FogDr_Google_062.png,augment_full,high,False,,
FogDr_Google_063.png,no_augment,,,,
FogDr_Google_066.png,augment_full,low,False,,
FogDr_Google_066.png,augment_full,medium,True,127.37250518798828,data/processed/fog_augmented/FogDr_Google_066_medium.png
FogDr_Google_066.png,augment_full,high,True,130.57752990722656,data/processed/fog_augmented/FogDr_Google_066_high.png
FogDr_Google_072.png,augment_full,low,True,99.87025451660156,data/processed/fog_augmented/FogDr_Google_072_low.png
FogDr_Google_072.png,augment_full,medium,False,,
FogDr_Google_072.png,augment_full,high,False,,
FogDr_Google_073.png,augment_full,low,True,90.05132293701172,data/processed/fog_augmented/FogDr_Google_073_low.png
FogDr_Google_073.png,augment_full,medium,False,,
FogDr_Google_073.png,augment_full,high,False,,
FogDr_Google_074.png,augment_full,low,True,100.33883666992188,data/processed/fog_augmented/FogDr_Google_074_low.png
FogDr_Google_074.png,augment_full,medium,False,,
FogDr_Google_074.png,augment_full,high,False,,
FogDr_Google_076.png,augment_full,low,True,102.6266098022461,data/processed/fog_augmented/FogDr_Google_076_low.png
FogDr_Google_076.png,augment_full,medium,True,106.62089538574219,data/processed/fog_augmented/FogDr_Google_076_medium.png
FogDr_Google_076.png,augment_full,high,False,,
FogDr_Google_077.png,augment_full,low,True,101.7505111694336,data/processed/fog_augmented/FogDr_Google_077_low.png
FogDr_Google_077.png,augment_full,medium,False,,
FogDr_Google_077.png,augment_full,high,False,,
FogDr_Google_080.png,augment_full,low,True,100.32655334472656,data/processed/fog_augmented/FogDr_Google_080_low.png
FogDr_Google_080.png,augment_full,medium,True,123.07748413085938,data/processed/fog_augmented/FogDr_Google_080_medium.png
FogDr_Google_080.png,augment_full,high,False,,
FogDr_Google_081.png,no_augment,,,,
FogDr_Google_085.png,no_augment,,,,
FogDr_Google_089.png,augment_full,low,True,102.4692611694336,data/processed/fog_augmented/FogDr_Google_089_low.png
FogDr_Google_089.png,augment_full,medium,True,125.62435150146484,data/processed/fog_augmented/FogDr_Google_089_medium.png
FogDr_Google_089.png,augment_full,high,False,,
FogDr_Google_096.png,no_augment,,,,
FogDr_Google_105.png,augment_medium,medium,True,140.28350830078125,data/processed/fog_augmented/FogDr_Google_105_medium.png
FogDr_Google_116.png,no_augment,,,,
FogDr_Google_117.png,no_augment,,,,
FogDr_Google_118.png,augment_full,low,False,,
FogDr_Google_118.png,augment_full,medium,True,127.80429077148438,data/processed/fog_augmented/FogDr_Google_118_medium.png
FogDr_Google_118.png,augment_full,high,True,129.5541534423828,data/processed/fog_augmented/FogDr_Google_118_high.png
FogDr_Google_123.png,augment_medium,medium,True,153.31466674804688,data/processed/fog_augmented/FogDr_Google_123_medium.png
FogDr_Google_128.png,augment_full,low,True,92.8457260131836,data/processed/fog_augmented/FogDr_Google_128_low.png
FogDr_Google_128.png,augment_full,medium,False,,
FogDr_Google_128.png,augment_full,high,False,,
FogDr_Google_129.png,no_augment,,,,
FogDr_Google_133.png,augment_medium,medium,True,144.46685791015625,data/processed/fog_augmented/FogDr_Google_133_medium.png
FogDr_Google_137.png,augment_full,low,True,100.38087463378906,data/processed/fog_augmented/FogDr_Google_137_low.png
FogDr_Google_137.png,augment_full,medium,True,127.05863952636719,data/processed/fog_augmented/FogDr_Google_137_medium.png
FogDr_Google_137.png,augment_full,high,False,,
FogDr_Google_139.png,no_augment,,,,
FogDr_Google_140.png,augment_full,low,True,68.05274200439453,data/processed/fog_augmented/FogDr_Google_140_low.png
FogDr_Google_140.png,augment_full,medium,False,,
FogDr_Google_140.png,augment_full,high,False,,
FogDr_Google_141.png,augment_medium,medium,True,142.17843627929688,data/processed/fog_augmented/FogDr_Google_141_medium.png
FogDr_Google_145.png,augment_medium,medium,True,145.8428192138672,data/processed/fog_augmented/FogDr_Google_145_medium.png
FogDr_Google_150.png,no_augment,,,,
FogDr_Google_157.png,augment_medium,medium,True,152.59547424316406,data/processed/fog_augmented/FogDr_Google_157_medium.png
FogDr_Google_160.png,augment_medium,medium,True,143.22134399414062,data/processed/fog_augmented/FogDr_Google_160_medium.png
FogDr_Google_167.png,augment_medium,medium,True,146.79132080078125,data/processed/fog_augmented/FogDr_Google_167_medium.png
FogDr_Google_170.png,augment_full,low,True,102.6459732055664,data/processed/fog_augmented/FogDr_Google_170_low.png
FogDr_Google_170.png,augment_full,medium,True,125.04120635986328,data/processed/fog_augmented/FogDr_Google_170_medium.png
FogDr_Google_170.png,augment_full,high,True,131.24819946289062,data/processed/fog_augmented/FogDr_Google_170_high.png
FogDr_Google_172.png,augment_full,low,True,101.21467590332031,data/processed/fog_augmented/FogDr_Google_172_low.png
FogDr_Google_172.png,augment_full,medium,True,126.60869598388672,data/processed/fog_augmented/FogDr_Google_172_medium.png
FogDr_Google_172.png,augment_full,high,True,149.21502685546875,data/processed/fog_augmented/FogDr_Google_172_high.png
FogDr_Google_175.png,augment_medium,medium,True,133.33827209472656,data/processed/fog_augmented/FogDr_Google_175_medium.png
FogDr_Google_187.png,augment_full,low,True,101.72008514404297,data/processed/fog_augmented/FogDr_Google_187_low.png
FogDr_Google_187.png,augment_full,medium,True,126.9076919555664,data/processed/fog_augmented/FogDr_Google_187_medium.png
FogDr_Google_187.png,augment_full,high,True,132.35325622558594,data/processed/fog_augmented/FogDr_Google_187_high.png
FogDr_Google_189.png,augment_medium,medium,True,135.29043579101562,data/processed/fog_augmented/FogDr_Google_189_medium.png
FogDr_Google_196.png,augment_medium,medium,True,139.15699768066406,data/processed/fog_augmented/FogDr_Google_196_medium.png
FogDr_Google_214.png,augment_full,low,True,99.40985107421875,data/processed/fog_augmented/FogDr_Google_214_low.png
FogDr_Google_214.png,augment_full,medium,True,117.39047241210938,data/processed/fog_augmented/FogDr_Google_214_medium.png
FogDr_Google_214.png,augment_full,high,False,,
FogDr_Google_215.png,no_augment,,,,
FogDr_Google_222.png,no_augment,,,,
FogDr_Google_223.png,augment_medium,medium,True,142.4126739501953,data/processed/fog_augmented/FogDr_Google_223_medium.png
FogDr_Google_238.png,augment_full,low,True,98.02277374267578,data/processed/fog_augmented/FogDr_Google_238_low.png
FogDr_Google_238.png,augment_full,medium,True,125.81720733642578,data/processed/fog_augmented/FogDr_Google_238_medium.png
FogDr_Google_238.png,augment_full,high,False,,
FogDr_Google_24.png,augment_medium,medium,True,149.7411651611328,data/processed/fog_augmented/FogDr_Google_24_medium.png
FogDr_Google_246.png,augment_full,low,True,100.51033782958984,data/processed/fog_augmented/FogDr_Google_246_low.png
FogDr_Google_246.png,augment_full,medium,True,123.99744415283203,data/processed/fog_augmented/FogDr_Google_246_medium.png
FogDr_Google_246.png,augment_full,high,False,,
FogDr_Google_255.png,augment_full,low,True,102.7151870727539,data/processed/fog_augmented/FogDr_Google_255_low.png
FogDr_Google_255.png,augment_full,medium,True,125.11540985107422,data/processed/fog_augmented/FogDr_Google_255_medium.png
FogDr_Google_255.png,augment_full,high,True,131.97544860839844,data/processed/fog_augmented/FogDr_Google_255_high.png
FogDr_Google_257.png,augment_medium,medium,True,128.25787353515625,data/processed/fog_augmented/FogDr_Google_257_medium.png
FogDr_Google_259.png,augment_medium,medium,True,155.14857482910156,data/processed/fog_augmented/FogDr_Google_259_medium.png
FogDr_Google_261.png,augment_medium,medium,True,146.34146118164062,data/processed/fog_augmented/FogDr_Google_261_medium.png
FogDr_Google_279.png,augment_full,low,True,85.48779296875,data/processed/fog_augmented/FogDr_Google_279_low.png
FogDr_Google_279.png,augment_full,medium,False,,
FogDr_Google_279.png,augment_full,high,False,,
FogDr_Google_293.png,augment_medium,medium,True,151.72007751464844,data/processed/fog_augmented/FogDr_Google_293_medium.png
FogDr_Google_294.png,augment_full,low,True,99.6229476928711,data/processed/fog_augmented/FogDr_Google_294_low.png
FogDr_Google_294.png,augment_full,medium,True,117.66263580322266,data/processed/fog_augmented/FogDr_Google_294_medium.png
FogDr_Google_294.png,augment_full,high,True,137.83155822753906,data/processed/fog_augmented/FogDr_Google_294_high.png
FogDr_Google_306.png,no_augment,,,,
FogDr_Google_308.png,no_augment,,,,
FogDr_Google_311.png,no_augment,,,,
FogDr_Google_337.png,no_augment,,,,
FogDr_Google_348.png,augment_medium,medium,True,130.70338439941406,data/processed/fog_augmented/FogDr_Google_348_medium.png
FogDr_Google_358.png,augment_full,low,True,98.45899963378906,data/processed/fog_augmented/FogDr_Google_358_low.png
FogDr_Google_358.png,augment_full,medium,True,124.69927978515625,data/processed/fog_augmented/FogDr_Google_358_medium.png
FogDr_Google_358.png,augment_full,high,True,150.81011962890625,data/processed/fog_augmented/FogDr_Google_358_high.png
FogDr_Google_362.png,no_augment,,,,
FogDr_Google_365.png,augment_full,low,True,51.56193161010742,data/processed/fog_augmented/FogDr_Google_365_low.png
FogDr_Google_365.png,augment_full,medium,False,,
FogDr_Google_365.png,augment_full,high,False,,
FogDr_Google_367.png,no_augment,,,,
FogDr_Google_370.png,no_augment,,,,
FogDr_Google_375.png,no_augment,,,,
FogDr_Google_387.png,augment_full,low,True,100.45559692382812,data/processed/fog_augmented/FogDr_Google_387_low.png
FogDr_Google_387.png,augment_full,medium,True,116.9979476928711,data/processed/fog_augmented/FogDr_Google_387_medium.png
FogDr_Google_387.png,augment_full,high,False,,
FogDr_Google_392.png,no_augment,,,,
FogDr_Google_402.png,augment_full,low,True,100.44429779052734,data/processed/fog_augmented/FogDr_Google_402_low.png
FogDr_Google_402.png,augment_full,medium,True,109.54803466796875,data/processed/fog_augmented/FogDr_Google_402_medium.png
FogDr_Google_402.png,augment_full,high,False,,
FogDr_Google_405.png,augment_full,low,True,100.55852508544922,data/processed/fog_augmented/FogDr_Google_405_low.png
FogDr_Google_405.png,augment_full,medium,True,125.29115295410156,data/processed/fog_augmented/FogDr_Google_405_medium.png
FogDr_Google_405.png,augment_full,high,True,143.30084228515625,data/processed/fog_augmented/FogDr_Google_405_high.png
FogDr_Google_410.png,no_augment,,,,
FogDr_Google_415.png,augment_medium,medium,True,154.9666290283203,data/processed/fog_augmented/FogDr_Google_415_medium.png
FogDr_Google_426.png,augment_full,low,True,101.0424575805664,data/processed/fog_augmented/FogDr_Google_426_low.png
FogDr_Google_426.png,augment_full,medium,True,116.46903228759766,data/processed/fog_augmented/FogDr_Google_426_medium.png
FogDr_Google_426.png,augment_full,high,False,,
FogDr_Google_429.png,augment_full,low,True,96.9630355834961,data/processed/fog_augmented/FogDr_Google_429_low.png
FogDr_Google_429.png,augment_full,medium,True,121.74440002441406,data/processed/fog_augmented/FogDr_Google_429_medium.png
FogDr_Google_429.png,augment_full,high,True,132.4508819580078,data/processed/fog_augmented/FogDr_Google_429_high.png
FogDr_Google_430.png,augment_medium,medium,True,153.27113342285156,data/processed/fog_augmented/FogDr_Google_430_medium.png
FogDr_Google_431.png,no_augment,,,,
FogDr_Google_467.png,augment_medium,medium,True,134.66700744628906,data/processed/fog_augmented/FogDr_Google_467_medium.png
FogDr_Google_470.png,no_augment,,,,
FogDr_Google_501.png,augment_full,low,True,101.33345794677734,data/processed/fog_augmented/FogDr_Google_501_low.png
FogDr_Google_501.png,augment_full,medium,True,118.38934326171875,data/processed/fog_augmented/FogDr_Google_501_medium.png
FogDr_Google_501.png,augment_full,high,False,,
FogDr_Google_509.png,augment_medium,medium,True,143.89413452148438,data/processed/fog_augmented/FogDr_Google_509_medium.png
FogDr_Google_515.png,augment_full,low,True,101.1673355102539,data/processed/fog_augmented/FogDr_Google_515_low.png
FogDr_Google_515.png,augment_full,medium,False,,
FogDr_Google_515.png,augment_full,high,False,,
FogDr_Google_519.png,augment_full,low,True,85.3437728881836,data/processed/fog_augmented/FogDr_Google_519_low.png
FogDr_Google_519.png,augment_full,medium,False,,
FogDr_Google_519.png,augment_full,high,False,,
FogDr_Google_520.png,augment_full,low,True,97.8784408569336,data/processed/fog_augmented/FogDr_Google_520_low.png
FogDr_Google_520.png,augment_full,medium,True,125.46831512451172,data/processed/fog_augmented/FogDr_Google_520_medium.png
FogDr_Google_520.png,augment_full,high,True,134.75599670410156,data/processed/fog_augmented/FogDr_Google_520_high.png
FogDr_Google_538.png,no_augment,,,,
FogDr_Google_564.png,augment_full,low,False,,
FogDr_Google_564.png,augment_full,medium,True,124.6484146118164,data/processed/fog_augmented/FogDr_Google_564_medium.png
FogDr_Google_564.png,augment_full,high,True,155.2154998779297,data/processed/fog_augmented/FogDr_Google_564_high.png
FogDr_Google_569.png,no_augment,,,,
FogDr_Google_589.png,augment_medium,medium,True,146.48974609375,data/processed/fog_augmented/FogDr_Google_589_medium.png
FogDr_Google_590.png,augment_full,low,False,,
FogDr_Google_590.png,augment_full,medium,True,126.65292358398438,data/processed/fog_augmented/FogDr_Google_590_medium.png
FogDr_Google_590.png,augment_full,high,True,128.05880737304688,data/processed/fog_augmented/FogDr_Google_590_high.png
FogDr_Google_597.png,augment_full,low,True,101.8273696899414,data/processed/fog_augmented/FogDr_Google_597_low.png
FogDr_Google_597.png,augment_full,medium,True,124.69425201416016,data/processed/fog_augmented/FogDr_Google_597_medium.png
FogDr_Google_597.png,augment_full,high,True,129.1152801513672,data/processed/fog_augmented/FogDr_Google_597_high.png
FogDr_Google_599.png,augment_full,low,False,,
FogDr_Google_599.png,augment_full,medium,True,126.40785217285156,data/processed/fog_augmented/FogDr_Google_599_medium.png
FogDr_Google_599.png,augment_full,high,True,129.43296813964844,data/processed/fog_augmented/FogDr_Google_599_high.png
FogDr_Google_638.png,augment_full,low,False,,
FogDr_Google_638.png,augment_full,medium,True,127.73078155517578,data/processed/fog_augmented/FogDr_Google_638_medium.png
FogDr_Google_638.png,augment_full,high,True,149.6535186767578,data/processed/fog_augmented/FogDr_Google_638_high.png
FogDr_Google_651.png,no_augment,,,,
FogDr_Google_658.png,augment_full,low,False,,
FogDr_Google_658.png,augment_full,medium,True,120.81670379638672,data/processed/fog_augmented/FogDr_Google_658_medium.png
FogDr_Google_658.png,augment_full,high,True,149.12620544433594,data/processed/fog_augmented/FogDr_Google_658_high.png
FogDr_Google_669.png,augment_full,low,False,,
FogDr_Google_669.png,augment_full,medium,True,121.9615707397461,data/processed/fog_augmented/FogDr_Google_669_medium.png
FogDr_Google_669.png,augment_full,high,True,144.52830505371094,data/processed/fog_augmented/FogDr_Google_669_high.png
FogDr_Google_674.png,augment_medium,medium,True,151.5923614501953,data/processed/fog_augmented/FogDr_Google_674_medium.png
FogDr_Google_678.png,augment_medium,medium,True,135.62368774414062,data/processed/fog_augmented/FogDr_Google_678_medium.png
FogDr_Google_694.png,augment_full,low,True,91.8411865234375,data/processed/fog_augmented/FogDr_Google_694_low.png
FogDr_Google_694.png,augment_full,medium,False,,
FogDr_Google_694.png,augment_full,high,False,,
FogDr_Google_700.png,no_augment,,,,
FogDr_Google_703.png,no_augment,,,,
FogDr_Google_706.png,augment_full,low,True,102.5540771484375,data/processed/fog_augmented/FogDr_Google_706_low.png
FogDr_Google_706.png,augment_full,medium,True,123.3861312866211,data/processed/fog_augmented/FogDr_Google_706_medium.png
FogDr_Google_706.png,augment_full,high,False,,
FogDr_Google_709.png,augment_full,low,True,101.33064270019531,data/processed/fog_augmented/FogDr_Google_709_low.png
FogDr_Google_709.png,augment_full,medium,True,106.4020767211914,data/processed/fog_augmented/FogDr_Google_709_medium.png
FogDr_Google_709.png,augment_full,high,False,,
FogDr_Google_713.png,augment_full,low,True,102.7658920288086,data/processed/fog_augmented/FogDr_Google_713_low.png
FogDr_Google_713.png,augment_full,medium,False,,
FogDr_Google_713.png,augment_full,high,False,,
FogDr_Google_720.png,augment_full,low,True,101.86009216308594,data/processed/fog_augmented/FogDr_Google_720_low.png
FogDr_Google_720.png,augment_full,medium,True,113.67574310302734,data/processed/fog_augmented/FogDr_Google_720_medium.png
FogDr_Google_720.png,augment_full,high,False,,
FogDr_Google_721.png,augment_medium,medium,True,147.66456604003906,data/processed/fog_augmented/FogDr_Google_721_medium.png
FogDr_Google_724.png,augment_full,low,True,100.8929672241211,data/processed/fog_augmented/FogDr_Google_724_low.png
FogDr_Google_724.png,augment_full,medium,True,108.13694763183594,data/processed/fog_augmented/FogDr_Google_724_medium.png
FogDr_Google_724.png,augment_full,high,False,,
FogDr_Google_744.png,augment_full,low,True,89.16437530517578,data/processed/fog_augmented/FogDr_Google_744_low.png
FogDr_Google_744.png,augment_full,medium,False,,
FogDr_Google_744.png,augment_full,high,False,,
FogDr_Google_747.png,no_augment,,,,
FogDr_Google_756.png,augment_medium,medium,True,154.7960968017578,data/processed/fog_augmented/FogDr_Google_756_medium.png
FogDr_Google_757.png,augment_full,low,False,,
FogDr_Google_757.png,augment_full,medium,True,123.745361328125,data/processed/fog_augmented/FogDr_Google_757_medium.png
FogDr_Google_757.png,augment_full,high,True,147.39134216308594,data/processed/fog_augmented/FogDr_Google_757_high.png
FogDr_Google_765.png,augment_medium,medium,True,145.7330780029297,data/processed/fog_augmented/FogDr_Google_765_medium.png
FogDr_Google_783.png,augment_full,low,False,,
FogDr_Google_783.png,augment_full,medium,True,126.26072692871094,data/processed/fog_augmented/FogDr_Google_783_medium.png
FogDr_Google_783.png,augment_full,high,True,132.9841766357422,data/processed/fog_augmented/FogDr_Google_783_high.png
FogDr_Google_785.png,no_augment,,,,
FogDr_Google_788.png,augment_full,low,True,101.94696807861328,data/processed/fog_augmented/FogDr_Google_788_low.png
FogDr_Google_788.png,augment_full,medium,True,125.13512420654297,data/processed/fog_augmented/FogDr_Google_788_medium.png
FogDr_Google_788.png,augment_full,high,True,141.0126190185547,data/processed/fog_augmented/FogDr_Google_788_high.png
FogDr_Google_791.png,augment_medium,medium,True,144.0097198486328,data/processed/fog_augmented/FogDr_Google_791_medium.png
FogDr_Google_792.png,no_augment,,,,
FogDr_Google_794.png,augment_full,low,True,101.47118377685547,data/processed/fog_augmented/FogDr_Google_794_low.png
FogDr_Google_794.png,augment_full,medium,True,127.81350708007812,data/processed/fog_augmented/FogDr_Google_794_medium.png
FogDr_Google_794.png,augment_full,high,False,,
FogDr_Google_798.png,augment_full,low,True,101.29204559326172,data/processed/fog_augmented/FogDr_Google_798_low.png
FogDr_Google_798.png,augment_full,medium,True,124.21630096435547,data/processed/fog_augmented/FogDr_Google_798_medium.png
FogDr_Google_798.png,augment_full,high,False,,
FogDr_Google_799.png,augment_medium,medium,True,143.96949768066406,data/processed/fog_augmented/FogDr_Google_799_medium.png
FogDr_Google_811.png,augment_full,low,True,100.27986907958984,data/processed/fog_augmented/FogDr_Google_811_low.png
FogDr_Google_811.png,augment_full,medium,True,115.47063446044922,data/processed/fog_augmented/FogDr_Google_811_medium.png
FogDr_Google_811.png,augment_full,high,False,,
GRCN_Google_098.png,augment_medium,medium,True,145.6478271484375,data/processed/fog_augmented/GRCN_Google_098_medium.png
GRCN_Google_108.png,no_augment,,,,
GRCN_Google_152.png,no_augment,,,,
GRCN_Google_207.png,augment_medium,medium,True,145.2793731689453,data/processed/fog_augmented/GRCN_Google_207_medium.png
GRCN_Google_297.png,augment_medium,medium,True,146.1651611328125,data/processed/fog_augmented/GRCN_Google_297_medium.png
GRCN_Google_308.png,augment_medium,medium,True,146.7088165283203,data/processed/fog_augmented/GRCN_Google_308_medium.png
GRCN_Google_330.png,no_augment,,,,
GRCN_Google_340.png,augment_medium,medium,True,153.05055236816406,data/processed/fog_augmented/GRCN_Google_340_medium.png
GRCN_Google_346.png,augment_full,low,False,,
GRCN_Google_346.png,augment_full,medium,True,125.05338287353516,data/processed/fog_augmented/GRCN_Google_346_medium.png
GRCN_Google_346.png,augment_full,high,True,151.2642059326172,data/processed/fog_augmented/GRCN_Google_346_high.png
GRCN_Google_385.png,no_augment,,,,
GRCN_Google_482.png,augment_full,low,True,102.41093444824219,data/processed/fog_augmented/GRCN_Google_482_low.png
GRCN_Google_482.png,augment_full,medium,True,122.70259857177734,data/processed/fog_augmented/GRCN_Google_482_medium.png
GRCN_Google_482.png,augment_full,high,True,151.6488800048828,data/processed/fog_augmented/GRCN_Google_482_high.png
GRCN_Google_509.png,augment_medium,medium,True,153.08045959472656,data/processed/fog_augmented/GRCN_Google_509_medium.png
GRCN_Google_517.png,no_augment,,,,
GRCN_Google_538.png,augment_full,low,True,102.62156677246094,data/processed/fog_augmented/GRCN_Google_538_low.png
GRCN_Google_538.png,augment_full,medium,True,126.20440673828125,data/processed/fog_augmented/GRCN_Google_538_medium.png
GRCN_Google_538.png,augment_full,high,True,136.10316467285156,data/processed/fog_augmented/GRCN_Google_538_high.png
GRCN_Google_601.png,augment_medium,medium,True,152.66983032226562,data/processed/fog_augmented/GRCN_Google_601_medium.png
GRCN_Google_696.png,augment_medium,medium,True,141.35694885253906,data/processed/fog_augmented/GRCN_Google_696_medium.png
GRCN_Google_698.png,no_augment,,,,
GRCN_Google_713.png,augment_full,low,True,97.57270050048828,data/processed/fog_augmented/GRCN_Google_713_low.png
GRCN_Google_713.png,augment_full,medium,True,116.59786224365234,data/processed/fog_augmented/GRCN_Google_713_medium.png
GRCN_Google_713.png,augment_full,high,False,,
GSGL_Baidu_003.png,no_augment,,,,
GSGL_Baidu_005.png,no_augment,,,,
GSGL_Baidu_006.png,no_augment,,,,
GSGL_Baidu_012.png,augment_full,low,False,,
GSGL_Baidu_012.png,augment_full,medium,True,127.66735076904297,data/processed/fog_augmented/GSGL_Baidu_012_medium.png
GSGL_Baidu_012.png,augment_full,high,False,,
GSGL_Baidu_016.png,no_augment,,,,
GSGL_Baidu_019.png,no_augment,,,,
GSGL_Baidu_020.png,augment_full,low,False,,
GSGL_Baidu_020.png,augment_full,medium,True,125.26919555664062,data/processed/fog_augmented/GSGL_Baidu_020_medium.png
GSGL_Baidu_020.png,augment_full,high,True,153.10643005371094,data/processed/fog_augmented/GSGL_Baidu_020_high.png
GSGL_Baidu_028.png,augment_full,low,False,,
GSGL_Baidu_028.png,augment_full,medium,True,123.93852233886719,data/processed/fog_augmented/GSGL_Baidu_028_medium.png
GSGL_Baidu_028.png,augment_full,high,False,,
GSGL_Baidu_029.png,no_augment,,,,
GSGL_Baidu_032.png,no_augment,,,,
GSGL_Baidu_035.png,no_augment,,,,
GSGL_Baidu_036.png,no_augment,,,,
GSGL_Baidu_037.png,augment_medium,medium,True,153.2506561279297,data/processed/fog_augmented/GSGL_Baidu_037_medium.png
GSGL_Baidu_038.png,augment_full,low,True,101.32037353515625,data/processed/fog_augmented/GSGL_Baidu_038_low.png
GSGL_Baidu_038.png,augment_full,medium,True,120.66583251953125,data/processed/fog_augmented/GSGL_Baidu_038_medium.png
GSGL_Baidu_038.png,augment_full,high,True,152.7616729736328,data/processed/fog_augmented/GSGL_Baidu_038_high.png
GSGL_Baidu_045.png,no_augment,,,,
GSGL_Baidu_047.png,augment_medium,medium,True,139.55552673339844,data/processed/fog_augmented/GSGL_Baidu_047_medium.png
GSGL_Baidu_048.png,augment_medium,medium,True,153.52862548828125,data/processed/fog_augmented/GSGL_Baidu_048_medium.png
GSGL_Baidu_051.png,augment_full,low,True,97.64277648925781,data/processed/fog_augmented/GSGL_Baidu_051_low.png
GSGL_Baidu_051.png,augment_full,medium,False,,
GSGL_Baidu_051.png,augment_full,high,False,,
GSGL_Baidu_052.png,no_augment,,,,
GSGL_Baidu_056.png,augment_medium,medium,True,151.2998504638672,data/processed/fog_augmented/GSGL_Baidu_056_medium.png
GSGL_Baidu_058.png,augment_full,low,True,75.52283477783203,data/processed/fog_augmented/GSGL_Baidu_058_low.png
GSGL_Baidu_058.png,augment_full,medium,False,,
GSGL_Baidu_058.png,augment_full,high,False,,
GSGL_Baidu_060.png,augment_full,low,False,,
GSGL_Baidu_060.png,augment_full,medium,True,121.97933959960938,data/processed/fog_augmented/GSGL_Baidu_060_medium.png
GSGL_Baidu_060.png,augment_full,high,True,143.93885803222656,data/processed/fog_augmented/GSGL_Baidu_060_high.png
GSGL_Baidu_065.png,augment_medium,medium,True,152.7521209716797,data/processed/fog_augmented/GSGL_Baidu_065_medium.png
GSGL_Baidu_071.png,no_augment,,,,
GSGL_Baidu_072.png,augment_medium,medium,True,151.5474395751953,data/processed/fog_augmented/GSGL_Baidu_072_medium.png
GSGL_Baidu_075.png,augment_full,low,True,96.49697875976562,data/processed/fog_augmented/GSGL_Baidu_075_low.png
GSGL_Baidu_075.png,augment_full,medium,True,120.35429382324219,data/processed/fog_augmented/GSGL_Baidu_075_medium.png
GSGL_Baidu_075.png,augment_full,high,False,,
GSGL_Baidu_076.png,augment_full,low,False,,
GSGL_Baidu_076.png,augment_full,medium,True,127.24925231933594,data/processed/fog_augmented/GSGL_Baidu_076_medium.png
GSGL_Baidu_076.png,augment_full,high,True,138.9226837158203,data/processed/fog_augmented/GSGL_Baidu_076_high.png
GSGL_Baidu_078.png,augment_full,low,True,101.7868423461914,data/processed/fog_augmented/GSGL_Baidu_078_low.png
GSGL_Baidu_078.png,augment_full,medium,True,120.80858612060547,data/processed/fog_augmented/GSGL_Baidu_078_medium.png
GSGL_Baidu_078.png,augment_full,high,False,,
GSGL_Baidu_079.png,no_augment,,,,
GSGL_Baidu_085.png,augment_full,low,True,102.48685455322266,data/processed/fog_augmented/GSGL_Baidu_085_low.png
GSGL_Baidu_085.png,augment_full,medium,True,123.79507446289062,data/processed/fog_augmented/GSGL_Baidu_085_medium.png
GSGL_Baidu_085.png,augment_full,high,True,144.75320434570312,data/processed/fog_augmented/GSGL_Baidu_085_high.png
GSGL_Baidu_09.png,augment_full,low,False,,
GSGL_Baidu_09.png,augment_full,medium,True,127.36687469482422,data/processed/fog_augmented/GSGL_Baidu_09_medium.png
GSGL_Baidu_09.png,augment_full,high,True,153.20632934570312,data/processed/fog_augmented/GSGL_Baidu_09_high.png
GSGL_Baidu_093.png,augment_medium,medium,True,143.58555603027344,data/processed/fog_augmented/GSGL_Baidu_093_medium.png
GSGL_Baidu_094.png,augment_medium,medium,True,152.0809783935547,data/processed/fog_augmented/GSGL_Baidu_094_medium.png
GSGL_Baidu_1002.png,augment_medium,medium,True,146.89256286621094,data/processed/fog_augmented/GSGL_Baidu_1002_medium.png
GSGL_Baidu_1011.png,augment_medium,medium,True,149.9667205810547,data/processed/fog_augmented/GSGL_Baidu_1011_medium.png
GSGL_Baidu_1016.png,augment_full,low,True,92.33076477050781,data/processed/fog_augmented/GSGL_Baidu_1016_low.png
GSGL_Baidu_1016.png,augment_full,medium,True,123.84272003173828,data/processed/fog_augmented/GSGL_Baidu_1016_medium.png
GSGL_Baidu_1016.png,augment_full,high,True,138.522216796875,data/processed/fog_augmented/GSGL_Baidu_1016_high.png
GSGL_Baidu_1021.png,augment_medium,medium,True,153.91107177734375,data/processed/fog_augmented/GSGL_Baidu_1021_medium.png
GSGL_Baidu_1027.png,no_augment,,,,
GSGL_Baidu_1028.png,augment_medium,medium,True,145.55023193359375,data/processed/fog_augmented/GSGL_Baidu_1028_medium.png
GSGL_Baidu_1029.png,no_augment,,,,
GSGL_Baidu_1034.png,augment_medium,medium,True,144.2168426513672,data/processed/fog_augmented/GSGL_Baidu_1034_medium.png
GSGL_Baidu_1035.png,augment_full,low,True,101.30332946777344,data/processed/fog_augmented/GSGL_Baidu_1035_low.png
GSGL_Baidu_1035.png,augment_full,medium,True,119.73104095458984,data/processed/fog_augmented/GSGL_Baidu_1035_medium.png
GSGL_Baidu_1035.png,augment_full,high,True,131.4884033203125,data/processed/fog_augmented/GSGL_Baidu_1035_high.png
GSGL_Baidu_1038.png,no_augment,,,,
GSGL_Baidu_104.png,augment_full,low,False,,
GSGL_Baidu_104.png,augment_full,medium,True,126.18685150146484,data/processed/fog_augmented/GSGL_Baidu_104_medium.png
GSGL_Baidu_104.png,augment_full,high,True,129.71775817871094,data/processed/fog_augmented/GSGL_Baidu_104_high.png
GSGL_Baidu_1040.png,augment_medium,medium,True,143.26925659179688,data/processed/fog_augmented/GSGL_Baidu_1040_medium.png
GSGL_Baidu_1046.png,augment_full,low,True,102.760986328125,data/processed/fog_augmented/GSGL_Baidu_1046_low.png
GSGL_Baidu_1046.png,augment_full,medium,True,121.39633178710938,data/processed/fog_augmented/GSGL_Baidu_1046_medium.png
GSGL_Baidu_1046.png,augment_full,high,False,,
GSGL_Baidu_1053.png,no_augment,,,,
GSGL_Baidu_1054.png,augment_full,low,True,82.78563690185547,data/processed/fog_augmented/GSGL_Baidu_1054_low.png
GSGL_Baidu_1054.png,augment_full,medium,True,127.33837890625,data/processed/fog_augmented/GSGL_Baidu_1054_medium.png
GSGL_Baidu_1054.png,augment_full,high,True,144.2567596435547,data/processed/fog_augmented/GSGL_Baidu_1054_high.png
GSGL_Baidu_1059.png,no_augment,,,,
GSGL_Baidu_1066.png,augment_full,low,True,98.279296875,data/processed/fog_augmented/GSGL_Baidu_1066_low.png
GSGL_Baidu_1066.png,augment_full,medium,True,105.9808578491211,data/processed/fog_augmented/GSGL_Baidu_1066_medium.png
GSGL_Baidu_1066.png,augment_full,high,False,,
GSGL_Baidu_1072.png,augment_medium,medium,True,145.38449096679688,data/processed/fog_augmented/GSGL_Baidu_1072_medium.png
GSGL_Baidu_1074.png,no_augment,,,,
GSGL_Baidu_1077.png,no_augment,,,,
GSGL_Baidu_1084.png,augment_full,low,False,,
GSGL_Baidu_1084.png,augment_full,medium,True,124.66947937011719,data/processed/fog_augmented/GSGL_Baidu_1084_medium.png
GSGL_Baidu_1084.png,augment_full,high,True,133.2060546875,data/processed/fog_augmented/GSGL_Baidu_1084_high.png
GSGL_Baidu_1086.png,no_augment,,,,
GSGL_Baidu_1087.png,augment_medium,medium,True,142.4917755126953,data/processed/fog_augmented/GSGL_Baidu_1087_medium.png
GSGL_Baidu_1088.png,augment_medium,medium,True,155.34829711914062,data/processed/fog_augmented/GSGL_Baidu_1088_medium.png
GSGL_Baidu_1089.png,augment_medium,medium,True,129.78965759277344,data/processed/fog_augmented/GSGL_Baidu_1089_medium.png
GSGL_Baidu_1102.png,no_augment,,,,
GSGL_Baidu_1104.png,no_augment,,,,
GSGL_Baidu_1121.png,augment_full,low,True,101.72730255126953,data/processed/fog_augmented/GSGL_Baidu_1121_low.png
GSGL_Baidu_1121.png,augment_full,medium,True,123.63873291015625,data/processed/fog_augmented/GSGL_Baidu_1121_medium.png
GSGL_Baidu_1121.png,augment_full,high,False,,
GSGL_Baidu_1122.png,no_augment,,,,
GSGL_Baidu_113.png,no_augment,,,,
GSGL_Baidu_1135.png,augment_full,low,True,100.88631439208984,data/processed/fog_augmented/GSGL_Baidu_1135_low.png
GSGL_Baidu_1135.png,augment_full,medium,True,117.88346099853516,data/processed/fog_augmented/GSGL_Baidu_1135_medium.png
GSGL_Baidu_1135.png,augment_full,high,True,149.0799102783203,data/processed/fog_augmented/GSGL_Baidu_1135_high.png
GSGL_Baidu_1136.png,augment_full,low,True,92.87229919433594,data/processed/fog_augmented/GSGL_Baidu_1136_low.png
GSGL_Baidu_1136.png,augment_full,medium,False,,
GSGL_Baidu_1136.png,augment_full,high,False,,
GSGL_Baidu_1138.png,augment_medium,medium,True,151.99920654296875,data/processed/fog_augmented/GSGL_Baidu_1138_medium.png
GSGL_Baidu_1139.png,augment_full,low,True,101.40082550048828,data/processed/fog_augmented/GSGL_Baidu_1139_low.png
GSGL_Baidu_1139.png,augment_full,medium,True,127.0619888305664,data/processed/fog_augmented/GSGL_Baidu_1139_medium.png
GSGL_Baidu_1139.png,augment_full,high,True,130.40011596679688,data/processed/fog_augmented/GSGL_Baidu_1139_high.png
GSGL_Baidu_1142.png,no_augment,,,,
GSGL_Baidu_1145.png,augment_full,low,True,99.8287353515625,data/processed/fog_augmented/GSGL_Baidu_1145_low.png
GSGL_Baidu_1145.png,augment_full,medium,True,124.24049377441406,data/processed/fog_augmented/GSGL_Baidu_1145_medium.png
GSGL_Baidu_1145.png,augment_full,high,False,,
GSGL_Baidu_1149.png,augment_full,low,True,100.7174301147461,data/processed/fog_augmented/GSGL_Baidu_1149_low.png
GSGL_Baidu_1149.png,augment_full,medium,True,127.53189849853516,data/processed/fog_augmented/GSGL_Baidu_1149_medium.png
GSGL_Baidu_1149.png,augment_full,high,True,143.08102416992188,data/processed/fog_augmented/GSGL_Baidu_1149_high.png
GSGL_Baidu_1155.png,augment_medium,medium,True,148.12673950195312,data/processed/fog_augmented/GSGL_Baidu_1155_medium.png
GSGL_Baidu_1156.png,augment_medium,medium,True,154.11175537109375,data/processed/fog_augmented/GSGL_Baidu_1156_medium.png
GSGL_Baidu_1158.png,augment_full,low,False,,
GSGL_Baidu_1158.png,augment_full,medium,True,127.24592590332031,data/processed/fog_augmented/GSGL_Baidu_1158_medium.png
GSGL_Baidu_1158.png,augment_full,high,True,134.73373413085938,data/processed/fog_augmented/GSGL_Baidu_1158_high.png
GSGL_Baidu_1163.png,augment_full,low,True,102.42971801757812,data/processed/fog_augmented/GSGL_Baidu_1163_low.png
GSGL_Baidu_1163.png,augment_full,medium,True,126.86398315429688,data/processed/fog_augmented/GSGL_Baidu_1163_medium.png
GSGL_Baidu_1163.png,augment_full,high,True,129.26620483398438,data/processed/fog_augmented/GSGL_Baidu_1163_high.png
GSGL_Baidu_1167.png,augment_full,low,False,,
GSGL_Baidu_1167.png,augment_full,medium,True,120.56690216064453,data/processed/fog_augmented/GSGL_Baidu_1167_medium.png
GSGL_Baidu_1167.png,augment_full,high,False,,
GSGL_Baidu_1170.png,augment_full,low,False,,
GSGL_Baidu_1170.png,augment_full,medium,True,126.6370620727539,data/processed/fog_augmented/GSGL_Baidu_1170_medium.png
GSGL_Baidu_1170.png,augment_full,high,True,130.6378173828125,data/processed/fog_augmented/GSGL_Baidu_1170_high.png
GSGL_Baidu_1171.png,augment_medium,medium,True,150.24530029296875,data/processed/fog_augmented/GSGL_Baidu_1171_medium.png
GSGL_Baidu_1176.png,no_augment,,,,
GSGL_Baidu_1177.png,no_augment,,,,
GSGL_Baidu_1190.png,augment_medium,medium,True,154.90753173828125,data/processed/fog_augmented/GSGL_Baidu_1190_medium.png
GSGL_Baidu_1191.png,no_augment,,,,
GSGL_Baidu_1210.png,no_augment,,,,
GSGL_Baidu_1216.png,augment_medium,medium,True,126.14790344238281,data/processed/fog_augmented/GSGL_Baidu_1216_medium.png
GSGL_Baidu_1220.png,augment_medium,medium,True,154.77880859375,data/processed/fog_augmented/GSGL_Baidu_1220_medium.png
GSGL_Baidu_1232.png,no_augment,,,,
GSGL_Baidu_1241.png,augment_full,low,True,100.64080047607422,data/processed/fog_augmented/GSGL_Baidu_1241_low.png
GSGL_Baidu_1241.png,augment_full,medium,True,122.707275390625,data/processed/fog_augmented/GSGL_Baidu_1241_medium.png
GSGL_Baidu_1241.png,augment_full,high,True,132.78091430664062,data/processed/fog_augmented/GSGL_Baidu_1241_high.png
GSGL_Baidu_1249.png,augment_full,low,False,,
GSGL_Baidu_1249.png,augment_full,medium,True,121.74612426757812,data/processed/fog_augmented/GSGL_Baidu_1249_medium.png
GSGL_Baidu_1249.png,augment_full,high,True,154.0428466796875,data/processed/fog_augmented/GSGL_Baidu_1249_high.png
GSGL_Baidu_1251.png,augment_full,low,False,,
GSGL_Baidu_1251.png,augment_full,medium,True,122.73773956298828,data/processed/fog_augmented/GSGL_Baidu_1251_medium.png
GSGL_Baidu_1251.png,augment_full,high,True,153.4652557373047,data/processed/fog_augmented/GSGL_Baidu_1251_high.png
GSGL_Baidu_1257.png,no_augment,,,,
GSGL_Baidu_1259.png,augment_full,low,False,,
GSGL_Baidu_1259.png,augment_full,medium,True,123.87519073486328,data/processed/fog_augmented/GSGL_Baidu_1259_medium.png
GSGL_Baidu_1259.png,augment_full,high,False,,
GSGL_Baidu_1263.png,augment_full,low,True,102.45091247558594,data/processed/fog_augmented/GSGL_Baidu_1263_low.png
GSGL_Baidu_1263.png,augment_full,medium,True,119.1703109741211,data/processed/fog_augmented/GSGL_Baidu_1263_medium.png
GSGL_Baidu_1263.png,augment_full,high,False,,
GSGL_Baidu_1270.png,no_augment,,,,
GSGL_Baidu_133.png,augment_full,low,True,87.7695541381836,data/processed/fog_augmented/GSGL_Baidu_133_low.png
GSGL_Baidu_133.png,augment_full,medium,False,,
GSGL_Baidu_133.png,augment_full,high,False,,
GSGL_Baidu_144.png,augment_full,low,False,,
GSGL_Baidu_144.png,augment_full,medium,True,123.94247436523438,data/processed/fog_augmented/GSGL_Baidu_144_medium.png
GSGL_Baidu_144.png,augment_full,high,True,134.90419006347656,data/processed/fog_augmented/GSGL_Baidu_144_high.png
GSGL_Baidu_145.png,augment_full,low,True,100.90675354003906,data/processed/fog_augmented/GSGL_Baidu_145_low.png
GSGL_Baidu_145.png,augment_full,medium,True,114.90032958984375,data/processed/fog_augmented/GSGL_Baidu_145_medium.png
GSGL_Baidu_145.png,augment_full,high,False,,
GSGL_Baidu_147.png,augment_full,low,True,98.71800231933594,data/processed/fog_augmented/GSGL_Baidu_147_low.png
GSGL_Baidu_147.png,augment_full,medium,True,127.21089172363281,data/processed/fog_augmented/GSGL_Baidu_147_medium.png
GSGL_Baidu_147.png,augment_full,high,True,128.98089599609375,data/processed/fog_augmented/GSGL_Baidu_147_high.png
GSGL_Baidu_148.png,augment_full,low,True,102.65254974365234,data/processed/fog_augmented/GSGL_Baidu_148_low.png
GSGL_Baidu_148.png,augment_full,medium,True,125.88609313964844,data/processed/fog_augmented/GSGL_Baidu_148_medium.png
GSGL_Baidu_148.png,augment_full,high,False,,
GSGL_Baidu_149.png,augment_full,low,True,102.05332946777344,data/processed/fog_augmented/GSGL_Baidu_149_low.png
GSGL_Baidu_149.png,augment_full,medium,True,126.18126678466797,data/processed/fog_augmented/GSGL_Baidu_149_medium.png
GSGL_Baidu_149.png,augment_full,high,True,151.53009033203125,data/processed/fog_augmented/GSGL_Baidu_149_high.png
GSGL_Baidu_156.png,no_augment,,,,
GSGL_Baidu_163.png,augment_medium,medium,True,154.40562438964844,data/processed/fog_augmented/GSGL_Baidu_163_medium.png
GSGL_Baidu_173.png,no_augment,,,,
GSGL_Baidu_175.png,no_augment,,,,
GSGL_Baidu_179.png,augment_medium,medium,True,152.77926635742188,data/processed/fog_augmented/GSGL_Baidu_179_medium.png
GSGL_Baidu_187.png,augment_full,low,True,96.3897476196289,data/processed/fog_augmented/GSGL_Baidu_187_low.png
GSGL_Baidu_187.png,augment_full,medium,False,,
GSGL_Baidu_187.png,augment_full,high,False,,
GSGL_Baidu_196.png,augment_medium,medium,True,151.61309814453125,data/processed/fog_augmented/GSGL_Baidu_196_medium.png
GSGL_Baidu_198.png,augment_medium,medium,True,148.80152893066406,data/processed/fog_augmented/GSGL_Baidu_198_medium.png
GSGL_Baidu_200.png,augment_full,low,True,98.93099975585938,data/processed/fog_augmented/GSGL_Baidu_200_low.png
GSGL_Baidu_200.png,augment_full,medium,True,121.52269744873047,data/processed/fog_augmented/GSGL_Baidu_200_medium.png
GSGL_Baidu_200.png,augment_full,high,True,149.8941192626953,data/processed/fog_augmented/GSGL_Baidu_200_high.png
GSGL_Baidu_207.png,augment_medium,medium,True,155.2489776611328,data/processed/fog_augmented/GSGL_Baidu_207_medium.png
GSGL_Baidu_211.png,no_augment,,,,
GSGL_Baidu_217.png,no_augment,,,,
GSGL_Baidu_220.png,no_augment,,,,
GSGL_Baidu_226.png,no_augment,,,,
GSGL_Baidu_229.png,augment_full,low,False,,
GSGL_Baidu_229.png,augment_full,medium,True,126.70226287841797,data/processed/fog_augmented/GSGL_Baidu_229_medium.png
GSGL_Baidu_229.png,augment_full,high,True,139.77670288085938,data/processed/fog_augmented/GSGL_Baidu_229_high.png
GSGL_Baidu_23.png,augment_full,low,False,,
GSGL_Baidu_23.png,augment_full,medium,True,123.93234252929688,data/processed/fog_augmented/GSGL_Baidu_23_medium.png
GSGL_Baidu_23.png,augment_full,high,False,,
GSGL_Baidu_249.png,augment_medium,medium,True,151.2608642578125,data/processed/fog_augmented/GSGL_Baidu_249_medium.png
GSGL_Baidu_253.png,augment_medium,medium,True,136.21881103515625,data/processed/fog_augmented/GSGL_Baidu_253_medium.png
GSGL_Baidu_261.png,augment_full,low,True,92.70497131347656,data/processed/fog_augmented/GSGL_Baidu_261_low.png
GSGL_Baidu_261.png,augment_full,medium,False,,
GSGL_Baidu_261.png,augment_full,high,False,,
GSGL_Baidu_266.png,augment_medium,medium,True,143.76136779785156,data/processed/fog_augmented/GSGL_Baidu_266_medium.png
GSGL_Baidu_270.png,augment_medium,medium,True,149.5896453857422,data/processed/fog_augmented/GSGL_Baidu_270_medium.png
GSGL_Baidu_273.png,no_augment,,,,
GSGL_Baidu_281.png,augment_medium,medium,True,143.69400024414062,data/processed/fog_augmented/GSGL_Baidu_281_medium.png
GSGL_Baidu_282.png,no_augment,,,,
GSGL_Baidu_288.png,augment_full,low,True,101.37454986572266,data/processed/fog_augmented/GSGL_Baidu_288_low.png
GSGL_Baidu_288.png,augment_full,medium,True,117.99382781982422,data/processed/fog_augmented/GSGL_Baidu_288_medium.png
GSGL_Baidu_288.png,augment_full,high,True,139.76536560058594,data/processed/fog_augmented/GSGL_Baidu_288_high.png
GSGL_Baidu_296.png,augment_medium,medium,True,125.97071075439453,data/processed/fog_augmented/GSGL_Baidu_296_medium.png
GSGL_Baidu_300.png,augment_full,low,True,101.57234954833984,data/processed/fog_augmented/GSGL_Baidu_300_low.png
GSGL_Baidu_300.png,augment_full,medium,True,121.45459747314453,data/processed/fog_augmented/GSGL_Baidu_300_medium.png
GSGL_Baidu_300.png,augment_full,high,False,,
GSGL_Baidu_304.png,augment_medium,medium,True,144.99005126953125,data/processed/fog_augmented/GSGL_Baidu_304_medium.png
GSGL_Baidu_308.png,augment_full,low,False,,
GSGL_Baidu_308.png,augment_full,medium,True,124.80899047851562,data/processed/fog_augmented/GSGL_Baidu_308_medium.png
GSGL_Baidu_308.png,augment_full,high,True,152.49485778808594,data/processed/fog_augmented/GSGL_Baidu_308_high.png
GSGL_Baidu_329.png,no_augment,,,,
GSGL_Baidu_330.png,augment_full,low,False,,
GSGL_Baidu_330.png,augment_full,medium,True,123.90392303466797,data/processed/fog_augmented/GSGL_Baidu_330_medium.png
GSGL_Baidu_330.png,augment_full,high,True,141.07720947265625,data/processed/fog_augmented/GSGL_Baidu_330_high.png
GSGL_Baidu_335.png,no_augment,,,,
GSGL_Baidu_35.png,augment_medium,medium,True,132.39039611816406,data/processed/fog_augmented/GSGL_Baidu_35_medium.png
GSGL_Baidu_360.png,no_augment,,,,
GSGL_Baidu_390.png,no_augment,,,,
GSGL_Baidu_394.png,no_augment,,,,
GSGL_Baidu_399.png,augment_medium,medium,True,152.10398864746094,data/processed/fog_augmented/GSGL_Baidu_399_medium.png
GSGL_Baidu_407.png,no_augment,,,,
GSGL_Baidu_412.png,augment_full,low,True,98.67237854003906,data/processed/fog_augmented/GSGL_Baidu_412_low.png
GSGL_Baidu_412.png,augment_full,medium,True,125.3954849243164,data/processed/fog_augmented/GSGL_Baidu_412_medium.png
GSGL_Baidu_412.png,augment_full,high,True,153.0452880859375,data/processed/fog_augmented/GSGL_Baidu_412_high.png
GSGL_Baidu_418.png,no_augment,,,,
GSGL_Baidu_424.png,no_augment,,,,
GSGL_Baidu_427.png,augment_medium,medium,True,154.9332733154297,data/processed/fog_augmented/GSGL_Baidu_427_medium.png
GSGL_Baidu_448.png,no_augment,,,,
GSGL_Baidu_456.png,augment_medium,medium,True,149.42083740234375,data/processed/fog_augmented/GSGL_Baidu_456_medium.png
GSGL_Baidu_458.png,no_augment,,,,
GSGL_Baidu_464.png,no_augment,,,,
GSGL_Baidu_465.png,augment_medium,medium,True,146.12132263183594,data/processed/fog_augmented/GSGL_Baidu_465_medium.png
GSGL_Baidu_474.png,no_augment,,,,
GSGL_Baidu_476.png,augment_full,low,True,99.57282257080078,data/processed/fog_augmented/GSGL_Baidu_476_low.png
GSGL_Baidu_476.png,augment_full,medium,True,126.0097885131836,data/processed/fog_augmented/GSGL_Baidu_476_medium.png
GSGL_Baidu_476.png,augment_full,high,True,140.66586303710938,data/processed/fog_augmented/GSGL_Baidu_476_high.png
GSGL_Baidu_478.png,augment_full,low,True,98.88884735107422,data/processed/fog_augmented/GSGL_Baidu_478_low.png
GSGL_Baidu_478.png,augment_full,medium,False,,
GSGL_Baidu_478.png,augment_full,high,False,,
GSGL_Baidu_479.png,no_augment,,,,
GSGL_Baidu_484.png,augment_full,low,False,,
GSGL_Baidu_484.png,augment_full,medium,True,127.34921264648438,data/processed/fog_augmented/GSGL_Baidu_484_medium.png
GSGL_Baidu_484.png,augment_full,high,True,149.2661590576172,data/processed/fog_augmented/GSGL_Baidu_484_high.png
GSGL_Baidu_489.png,augment_full,low,True,99.4531021118164,data/processed/fog_augmented/GSGL_Baidu_489_low.png
GSGL_Baidu_489.png,augment_full,medium,True,122.79619598388672,data/processed/fog_augmented/GSGL_Baidu_489_medium.png
GSGL_Baidu_489.png,augment_full,high,True,132.33432006835938,data/processed/fog_augmented/GSGL_Baidu_489_high.png
GSGL_Baidu_490.png,augment_medium,medium,True,141.5365753173828,data/processed/fog_augmented/GSGL_Baidu_490_medium.png
GSGL_Baidu_495.png,no_augment,,,,
GSGL_Baidu_501.png,no_augment,,,,
GSGL_Baidu_529.png,augment_medium,medium,True,137.11705017089844,data/processed/fog_augmented/GSGL_Baidu_529_medium.png
GSGL_Baidu_537.png,augment_medium,medium,True,140.87747192382812,data/processed/fog_augmented/GSGL_Baidu_537_medium.png
GSGL_Baidu_559.png,augment_full,low,True,100.7119140625,data/processed/fog_augmented/GSGL_Baidu_559_low.png
GSGL_Baidu_559.png,augment_full,medium,True,126.44891357421875,data/processed/fog_augmented/GSGL_Baidu_559_medium.png
GSGL_Baidu_559.png,augment_full,high,False,,
GSGL_Baidu_567.png,no_augment,,,,
GSGL_Baidu_570.png,no_augment,,,,
GSGL_Baidu_587.png,augment_medium,medium,True,152.77220153808594,data/processed/fog_augmented/GSGL_Baidu_587_medium.png
GSGL_Baidu_596.png,no_augment,,,,
GSGL_Baidu_602.png,no_augment,,,,
GSGL_Baidu_604.png,no_augment,,,,
GSGL_Baidu_607.png,augment_medium,medium,True,150.71421813964844,data/processed/fog_augmented/GSGL_Baidu_607_medium.png
GSGL_Baidu_610.png,augment_full,low,True,102.01519775390625,data/processed/fog_augmented/GSGL_Baidu_610_low.png
GSGL_Baidu_610.png,augment_full,medium,True,127.34059143066406,data/processed/fog_augmented/GSGL_Baidu_610_medium.png
GSGL_Baidu_610.png,augment_full,high,True,133.11817932128906,data/processed/fog_augmented/GSGL_Baidu_610_high.png
GSGL_Baidu_616.png,augment_medium,medium,True,155.41661071777344,data/processed/fog_augmented/GSGL_Baidu_616_medium.png
GSGL_Baidu_619.png,augment_full,low,True,96.49374389648438,data/processed/fog_augmented/GSGL_Baidu_619_low.png
GSGL_Baidu_619.png,augment_full,medium,True,124.92131805419922,data/processed/fog_augmented/GSGL_Baidu_619_medium.png
GSGL_Baidu_619.png,augment_full,high,True,148.6551971435547,data/processed/fog_augmented/GSGL_Baidu_619_high.png
GSGL_Baidu_622.png,augment_medium,medium,True,149.58509826660156,data/processed/fog_augmented/GSGL_Baidu_622_medium.png
GSGL_Baidu_623.png,augment_full,low,False,,
GSGL_Baidu_623.png,augment_full,medium,True,127.88862609863281,data/processed/fog_augmented/GSGL_Baidu_623_medium.png
GSGL_Baidu_623.png,augment_full,high,True,151.44256591796875,data/processed/fog_augmented/GSGL_Baidu_623_high.png
GSGL_Baidu_625.png,augment_full,low,True,98.47905731201172,data/processed/fog_augmented/GSGL_Baidu_625_low.png
GSGL_Baidu_625.png,augment_full,medium,True,123.19017028808594,data/processed/fog_augmented/GSGL_Baidu_625_medium.png
GSGL_Baidu_625.png,augment_full,high,True,145.9120330810547,data/processed/fog_augmented/GSGL_Baidu_625_high.png
GSGL_Baidu_627.png,no_augment,,,,
GSGL_Baidu_636.png,augment_medium,medium,True,132.67874145507812,data/processed/fog_augmented/GSGL_Baidu_636_medium.png
GSGL_Baidu_644.png,augment_full,low,False,,
GSGL_Baidu_644.png,augment_full,medium,True,127.6960678100586,data/processed/fog_augmented/GSGL_Baidu_644_medium.png
GSGL_Baidu_644.png,augment_full,high,True,140.95974731445312,data/processed/fog_augmented/GSGL_Baidu_644_high.png
GSGL_Baidu_653.png,augment_full,low,True,99.55999755859375,data/processed/fog_augmented/GSGL_Baidu_653_low.png
GSGL_Baidu_653.png,augment_full,medium,True,106.85031127929688,data/processed/fog_augmented/GSGL_Baidu_653_medium.png
GSGL_Baidu_653.png,augment_full,high,False,,
GSGL_Baidu_654.png,augment_full,low,False,,
GSGL_Baidu_654.png,augment_full,medium,True,127.93706512451172,data/processed/fog_augmented/GSGL_Baidu_654_medium.png
GSGL_Baidu_654.png,augment_full,high,True,152.31883239746094,data/processed/fog_augmented/GSGL_Baidu_654_high.png
GSGL_Baidu_656.png,augment_medium,medium,True,142.22589111328125,data/processed/fog_augmented/GSGL_Baidu_656_medium.png
GSGL_Baidu_662.png,augment_full,low,False,,
GSGL_Baidu_662.png,augment_full,medium,True,127.548828125,data/processed/fog_augmented/GSGL_Baidu_662_medium.png
GSGL_Baidu_662.png,augment_full,high,True,129.6211395263672,data/processed/fog_augmented/GSGL_Baidu_662_high.png
GSGL_Baidu_663.png,augment_full,low,True,101.12216186523438,data/processed/fog_augmented/GSGL_Baidu_663_low.png
GSGL_Baidu_663.png,augment_full,medium,True,110.62249755859375,data/processed/fog_augmented/GSGL_Baidu_663_medium.png
GSGL_Baidu_663.png,augment_full,high,False,,
GSGL_Baidu_665.png,augment_full,low,False,,
GSGL_Baidu_665.png,augment_full,medium,True,127.62205505371094,data/processed/fog_augmented/GSGL_Baidu_665_medium.png
GSGL_Baidu_665.png,augment_full,high,True,154.48626708984375,data/processed/fog_augmented/GSGL_Baidu_665_high.png
GSGL_Baidu_669.png,augment_medium,medium,True,152.08639526367188,data/processed/fog_augmented/GSGL_Baidu_669_medium.png
GSGL_Baidu_677.png,augment_full,low,False,,
GSGL_Baidu_677.png,augment_full,medium,True,126.57105255126953,data/processed/fog_augmented/GSGL_Baidu_677_medium.png
GSGL_Baidu_677.png,augment_full,high,True,132.96253967285156,data/processed/fog_augmented/GSGL_Baidu_677_high.png
GSGL_Baidu_683.png,augment_medium,medium,True,152.8671417236328,data/processed/fog_augmented/GSGL_Baidu_683_medium.png
GSGL_Baidu_684.png,augment_full,low,True,102.34601593017578,data/processed/fog_augmented/GSGL_Baidu_684_low.png
GSGL_Baidu_684.png,augment_full,medium,True,126.49253845214844,data/processed/fog_augmented/GSGL_Baidu_684_medium.png
GSGL_Baidu_684.png,augment_full,high,True,134.76528930664062,data/processed/fog_augmented/GSGL_Baidu_684_high.png
GSGL_Baidu_687.png,no_augment,,,,
GSGL_Baidu_688.png,no_augment,,,,
GSGL_Baidu_713.png,augment_full,low,False,,
GSGL_Baidu_713.png,augment_full,medium,True,119.78254699707031,data/processed/fog_augmented/GSGL_Baidu_713_medium.png
GSGL_Baidu_713.png,augment_full,high,True,149.77305603027344,data/processed/fog_augmented/GSGL_Baidu_713_high.png
GSGL_Baidu_715.png,augment_full,low,False,,
GSGL_Baidu_715.png,augment_full,medium,True,124.84710693359375,data/processed/fog_augmented/GSGL_Baidu_715_medium.png
GSGL_Baidu_715.png,augment_full,high,True,154.7886505126953,data/processed/fog_augmented/GSGL_Baidu_715_high.png
GSGL_Baidu_719.png,augment_medium,medium,True,122.57990264892578,data/processed/fog_augmented/GSGL_Baidu_719_medium.png
GSGL_Baidu_723.png,augment_medium,medium,True,154.3711395263672,data/processed/fog_augmented/GSGL_Baidu_723_medium.png
GSGL_Baidu_726.png,no_augment,,,,
GSGL_Baidu_734.png,augment_full,low,False,,
GSGL_Baidu_734.png,augment_full,medium,True,124.73516082763672,data/processed/fog_augmented/GSGL_Baidu_734_medium.png
GSGL_Baidu_734.png,augment_full,high,True,140.08128356933594,data/processed/fog_augmented/GSGL_Baidu_734_high.png
GSGL_Baidu_743.png,augment_medium,medium,True,132.92572021484375,data/processed/fog_augmented/GSGL_Baidu_743_medium.png
GSGL_Baidu_751.png,no_augment,,,,
GSGL_Baidu_768.png,no_augment,,,,
GSGL_Baidu_769.png,augment_medium,medium,True,150.9176025390625,data/processed/fog_augmented/GSGL_Baidu_769_medium.png
GSGL_Baidu_780.png,no_augment,,,,
GSGL_Baidu_781.png,augment_medium,medium,True,146.95225524902344,data/processed/fog_augmented/GSGL_Baidu_781_medium.png
GSGL_Baidu_788.png,augment_full,low,True,102.31605529785156,data/processed/fog_augmented/GSGL_Baidu_788_low.png
GSGL_Baidu_788.png,augment_full,medium,True,126.93128967285156,data/processed/fog_augmented/GSGL_Baidu_788_medium.png
GSGL_Baidu_788.png,augment_full,high,True,136.1594696044922,data/processed/fog_augmented/GSGL_Baidu_788_high.png
GSGL_Baidu_789.png,augment_medium,medium,True,153.93325805664062,data/processed/fog_augmented/GSGL_Baidu_789_medium.png
GSGL_Baidu_799.png,no_augment,,,,
GSGL_Baidu_808.png,no_augment,,,,
GSGL_Baidu_816.png,no_augment,,,,
GSGL_Baidu_817.png,augment_full,low,False,,
GSGL_Baidu_817.png,augment_full,medium,True,124.90309143066406,data/processed/fog_augmented/GSGL_Baidu_817_medium.png
GSGL_Baidu_817.png,augment_full,high,True,140.8317108154297,data/processed/fog_augmented/GSGL_Baidu_817_high.png
GSGL_Baidu_825.png,augment_medium,medium,True,126.32857513427734,data/processed/fog_augmented/GSGL_Baidu_825_medium.png
GSGL_Baidu_829.png,no_augment,,,,
GSGL_Baidu_830.png,no_augment,,,,
GSGL_Baidu_845.png,augment_full,low,True,95.2817611694336,data/processed/fog_augmented/GSGL_Baidu_845_low.png
GSGL_Baidu_845.png,augment_full,medium,True,117.95377349853516,data/processed/fog_augmented/GSGL_Baidu_845_medium.png
GSGL_Baidu_845.png,augment_full,high,False,,
GSGL_Baidu_848.png,augment_full,low,True,99.60833740234375,data/processed/fog_augmented/GSGL_Baidu_848_low.png
GSGL_Baidu_848.png,augment_full,medium,True,121.46487426757812,data/processed/fog_augmented/GSGL_Baidu_848_medium.png
GSGL_Baidu_848.png,augment_full,high,True,144.72251892089844,data/processed/fog_augmented/GSGL_Baidu_848_high.png
GSGL_Baidu_850.png,augment_medium,medium,True,151.57814025878906,data/processed/fog_augmented/GSGL_Baidu_850_medium.png
GSGL_Baidu_852.png,no_augment,,,,
GSGL_Baidu_866.png,no_augment,,,,
GSGL_Baidu_870.png,augment_full,low,False,,
GSGL_Baidu_870.png,augment_full,medium,True,122.47512817382812,data/processed/fog_augmented/GSGL_Baidu_870_medium.png
GSGL_Baidu_870.png,augment_full,high,True,146.95220947265625,data/processed/fog_augmented/GSGL_Baidu_870_high.png
GSGL_Baidu_873.png,augment_full,low,False,,
GSGL_Baidu_873.png,augment_full,medium,True,127.318115234375,data/processed/fog_augmented/GSGL_Baidu_873_medium.png
GSGL_Baidu_873.png,augment_full,high,True,129.22634887695312,data/processed/fog_augmented/GSGL_Baidu_873_high.png
GSGL_Baidu_879.png,augment_medium,medium,True,153.96189880371094,data/processed/fog_augmented/GSGL_Baidu_879_medium.png
GSGL_Baidu_882.png,augment_medium,medium,True,153.84796142578125,data/processed/fog_augmented/GSGL_Baidu_882_medium.png
GSGL_Baidu_886.png,no_augment,,,,
GSGL_Baidu_894.png,augment_medium,medium,True,151.1047821044922,data/processed/fog_augmented/GSGL_Baidu_894_medium.png
GSGL_Baidu_896.png,augment_full,low,False,,
GSGL_Baidu_896.png,augment_full,medium,True,124.48200225830078,data/processed/fog_augmented/GSGL_Baidu_896_medium.png
GSGL_Baidu_896.png,augment_full,high,True,140.18118286132812,data/processed/fog_augmented/GSGL_Baidu_896_high.png
GSGL_Baidu_900.png,no_augment,,,,
GSGL_Baidu_905.png,no_augment,,,,
GSGL_Baidu_906.png,no_augment,,,,
GSGL_Baidu_955.png,no_augment,,,,
GSGL_Baidu_957.png,augment_full,low,True,102.41600799560547,data/processed/fog_augmented/GSGL_Baidu_957_low.png
GSGL_Baidu_957.png,augment_full,medium,True,120.7603530883789,data/processed/fog_augmented/GSGL_Baidu_957_medium.png
GSGL_Baidu_957.png,augment_full,high,False,,
GSGL_Baidu_976.png,no_augment,,,,
GSGL_Baidu_981.png,augment_full,low,False,,
GSGL_Baidu_981.png,augment_full,medium,True,126.60179901123047,data/processed/fog_augmented/GSGL_Baidu_981_medium.png
GSGL_Baidu_981.png,augment_full,high,True,140.04190063476562,data/processed/fog_augmented/GSGL_Baidu_981_high.png
GSGL_Bing_015.png,augment_medium,medium,True,153.6625518798828,data/processed/fog_augmented/GSGL_Bing_015_medium.png
GSGL_Bing_018.png,no_augment,,,,
GSGL_Bing_025.png,augment_full,low,True,102.11100769042969,data/processed/fog_augmented/GSGL_Bing_025_low.png
GSGL_Bing_025.png,augment_full,medium,True,122.66447448730469,data/processed/fog_augmented/GSGL_Bing_025_medium.png
GSGL_Bing_025.png,augment_full,high,True,138.0417022705078,data/processed/fog_augmented/GSGL_Bing_025_high.png
GSGL_Bing_027.png,no_augment,,,,
GSGL_Bing_034.png,no_augment,,,,
GSGL_Bing_040.png,augment_medium,medium,True,148.279541015625,data/processed/fog_augmented/GSGL_Bing_040_medium.png
GSGL_Bing_046.png,no_augment,,,,
GSGL_Bing_049.png,no_augment,,,,
GSGL_Bing_059.png,augment_medium,medium,True,137.37460327148438,data/processed/fog_augmented/GSGL_Bing_059_medium.png
GSGL_Bing_083.png,augment_full,low,True,96.35987854003906,data/processed/fog_augmented/GSGL_Bing_083_low.png
GSGL_Bing_083.png,augment_full,medium,False,,
GSGL_Bing_083.png,augment_full,high,False,,
GSGL_Bing_092.png,no_augment,,,,
GSGL_Bing_095.png,no_augment,,,,
GSGL_Bing_113.png,no_augment,,,,
GSGL_Bing_115.png,augment_full,low,False,,
GSGL_Bing_115.png,augment_full,medium,True,124.8726806640625,data/processed/fog_augmented/GSGL_Bing_115_medium.png
GSGL_Bing_115.png,augment_full,high,True,141.8272705078125,data/processed/fog_augmented/GSGL_Bing_115_high.png
GSGL_Bing_122.png,no_augment,,,,
GSGL_Bing_136.png,augment_medium,medium,True,153.12745666503906,data/processed/fog_augmented/GSGL_Bing_136_medium.png
GSGL_Bing_149.png,no_augment,,,,
GSGL_Bing_161.png,augment_medium,medium,True,135.63943481445312,data/processed/fog_augmented/GSGL_Bing_161_medium.png
GSGL_Bing_167.png,augment_medium,medium,True,135.82843017578125,data/processed/fog_augmented/GSGL_Bing_167_medium.png
GSGL_Bing_171.png,no_augment,,,,
GSGL_Bing_181.png,no_augment,,,,
GSGL_Bing_184.png,augment_medium,medium,True,148.04270935058594,data/processed/fog_augmented/GSGL_Bing_184_medium.png
GSGL_Bing_193.png,no_augment,,,,
GSGL_Bing_198.png,no_augment,,,,
GSGL_Bing_210.png,augment_full,low,True,97.3065414428711,data/processed/fog_augmented/GSGL_Bing_210_low.png
GSGL_Bing_210.png,augment_full,medium,True,114.0495376586914,data/processed/fog_augmented/GSGL_Bing_210_medium.png
GSGL_Bing_210.png,augment_full,high,False,,
GSGL_Bing_217.png,augment_full,low,True,100.21223449707031,data/processed/fog_augmented/GSGL_Bing_217_low.png
GSGL_Bing_217.png,augment_full,medium,False,,
GSGL_Bing_217.png,augment_full,high,False,,
GSGL_Bing_231.png,augment_medium,medium,True,142.8445281982422,data/processed/fog_augmented/GSGL_Bing_231_medium.png
GSGL_Bing_261.png,augment_medium,medium,True,150.90054321289062,data/processed/fog_augmented/GSGL_Bing_261_medium.png
GSGL_Bing_264.png,augment_medium,medium,True,132.01382446289062,data/processed/fog_augmented/GSGL_Bing_264_medium.png
GSGL_Bing_267.png,augment_full,low,True,99.64688110351562,data/processed/fog_augmented/GSGL_Bing_267_low.png
GSGL_Bing_267.png,augment_full,medium,True,115.96583557128906,data/processed/fog_augmented/GSGL_Bing_267_medium.png
GSGL_Bing_267.png,augment_full,high,True,146.5025634765625,data/processed/fog_augmented/GSGL_Bing_267_high.png
GSGL_Bing_272.png,augment_medium,medium,True,152.8704833984375,data/processed/fog_augmented/GSGL_Bing_272_medium.png
GSGL_Bing_274.png,augment_full,low,True,99.91626739501953,data/processed/fog_augmented/GSGL_Bing_274_low.png
GSGL_Bing_274.png,augment_full,medium,True,118.69763946533203,data/processed/fog_augmented/GSGL_Bing_274_medium.png
GSGL_Bing_274.png,augment_full,high,True,153.23641967773438,data/processed/fog_augmented/GSGL_Bing_274_high.png
GSGL_Bing_327.png,augment_medium,medium,True,154.27011108398438,data/processed/fog_augmented/GSGL_Bing_327_medium.png
GSGL_Bing_333.png,no_augment,,,,
GSGL_Bing_337.png,no_augment,,,,
GSGL_Bing_341.png,no_augment,,,,
GSGL_Bing_349.png,augment_medium,medium,True,154.5301971435547,data/processed/fog_augmented/GSGL_Bing_349_medium.png
GSGL_Bing_354.png,augment_medium,medium,True,151.7036590576172,data/processed/fog_augmented/GSGL_Bing_354_medium.png
GSGL_Bing_355.png,augment_medium,medium,True,150.8201904296875,data/processed/fog_augmented/GSGL_Bing_355_medium.png
GSGL_Bing_372.png,augment_medium,medium,True,139.88412475585938,data/processed/fog_augmented/GSGL_Bing_372_medium.png
GSGL_Bing_378.png,no_augment,,,,
GSGL_Bing_408.png,augment_medium,medium,True,155.32627868652344,data/processed/fog_augmented/GSGL_Bing_408_medium.png
GSGL_Bing_413.png,augment_medium,medium,True,137.99020385742188,data/processed/fog_augmented/GSGL_Bing_413_medium.png
GSGL_Bing_417.png,no_augment,,,,
GSGL_Bing_434.png,no_augment,,,,
GSGL_Bing_439.png,augment_full,low,True,100.69979858398438,data/processed/fog_augmented/GSGL_Bing_439_low.png
GSGL_Bing_439.png,augment_full,medium,True,119.69172668457031,data/processed/fog_augmented/GSGL_Bing_439_medium.png
GSGL_Bing_439.png,augment_full,high,False,,
GSGL_Bing_44.png,augment_medium,medium,True,114.48268127441406,data/processed/fog_augmented/GSGL_Bing_44_medium.png
GSGL_Bing_446.png,no_augment,,,,
GSGL_Bing_447.png,augment_full,low,True,101.61182403564453,data/processed/fog_augmented/GSGL_Bing_447_low.png
GSGL_Bing_447.png,augment_full,medium,True,116.34053039550781,data/processed/fog_augmented/GSGL_Bing_447_medium.png
GSGL_Bing_447.png,augment_full,high,False,,
GSGL_Bing_448.png,augment_medium,medium,True,146.8321075439453,data/processed/fog_augmented/GSGL_Bing_448_medium.png
GSGL_Bing_521.png,no_augment,,,,
GSGL_Bing_528.png,no_augment,,,,
GSGL_Bing_535.png,augment_full,low,True,101.0997085571289,data/processed/fog_augmented/GSGL_Bing_535_low.png
GSGL_Bing_535.png,augment_full,medium,True,120.955078125,data/processed/fog_augmented/GSGL_Bing_535_medium.png
GSGL_Bing_535.png,augment_full,high,False,,
GSGL_Bing_538.png,no_augment,,,,
GSGL_Bing_543.png,augment_medium,medium,True,146.56134033203125,data/processed/fog_augmented/GSGL_Bing_543_medium.png
GSGL_Bing_567.png,augment_full,low,False,,
GSGL_Bing_567.png,augment_full,medium,True,125.86349487304688,data/processed/fog_augmented/GSGL_Bing_567_medium.png
GSGL_Bing_567.png,augment_full,high,True,151.12652587890625,data/processed/fog_augmented/GSGL_Bing_567_high.png
GSGL_Bing_573.png,no_augment,,,,
GSGL_Bing_597.png,no_augment,,,,
GSGL_Bing_651.png,no_augment,,,,
GSGL_Bing_665.png,augment_medium,medium,True,154.29782104492188,data/processed/fog_augmented/GSGL_Bing_665_medium.png
GSGL_Bing_668.png,no_augment,,,,
GSGL_Bing_678.png,no_augment,,,,
GSGL_Bing_681.png,augment_full,low,True,95.35566711425781,data/processed/fog_augmented/GSGL_Bing_681_low.png
GSGL_Bing_681.png,augment_full,medium,True,126.02369689941406,data/processed/fog_augmented/GSGL_Bing_681_medium.png
GSGL_Bing_681.png,augment_full,high,True,153.99581909179688,data/processed/fog_augmented/GSGL_Bing_681_high.png
GSGL_Bing_686.png,no_augment,,,,
GSGL_Bing_688.png,augment_full,low,True,102.55220794677734,data/processed/fog_augmented/GSGL_Bing_688_low.png
GSGL_Bing_688.png,augment_full,medium,True,125.6118392944336,data/processed/fog_augmented/GSGL_Bing_688_medium.png
GSGL_Bing_688.png,augment_full,high,True,130.86402893066406,data/processed/fog_augmented/GSGL_Bing_688_high.png
GSGL_Bing_71.png,no_augment,,,,
GSGL_Bing_754.png,augment_medium,medium,True,150.63388061523438,data/processed/fog_augmented/GSGL_Bing_754_medium.png
GSGL_Bing_756.png,no_augment,,,,
GSGL_Bing_787.png,augment_medium,medium,True,149.98020935058594,data/processed/fog_augmented/GSGL_Bing_787_medium.png
GSGL_Bing_820.png,augment_medium,medium,True,151.20724487304688,data/processed/fog_augmented/GSGL_Bing_820_medium.png
GSGL_Google_004.png,augment_medium,medium,True,132.0658721923828,data/processed/fog_augmented/GSGL_Google_004_medium.png
GSGL_Google_007.png,no_augment,,,,
GSGL_Google_009.png,no_augment,,,,
GSGL_Google_013.png,augment_medium,medium,True,148.3510284423828,data/processed/fog_augmented/GSGL_Google_013_medium.png
GSGL_Google_05.png,no_augment,,,,
GSGL_Google_073.png,no_augment,,,,
GSGL_Google_095.png,no_augment,,,,
GSGL_Google_120.png,augment_full,low,True,73.30461120605469,data/processed/fog_augmented/GSGL_Google_120_low.png
GSGL_Google_120.png,augment_full,medium,False,,
GSGL_Google_120.png,augment_full,high,False,,
GSGL_Google_121.png,augment_full,low,True,101.69810485839844,data/processed/fog_augmented/GSGL_Google_121_low.png
GSGL_Google_121.png,augment_full,medium,True,118.66803741455078,data/processed/fog_augmented/GSGL_Google_121_medium.png
GSGL_Google_121.png,augment_full,high,True,141.09750366210938,data/processed/fog_augmented/GSGL_Google_121_high.png
GSGL_Google_14.png,no_augment,,,,
GSGL_Google_149.png,no_augment,,,,
GSGL_Google_15.png,no_augment,,,,
GSGL_Google_152.png,augment_medium,medium,True,152.78909301757812,data/processed/fog_augmented/GSGL_Google_152_medium.png
GSGL_Google_20.png,no_augment,,,,
GSGL_Google_218.png,augment_medium,medium,True,155.24249267578125,data/processed/fog_augmented/GSGL_Google_218_medium.png
GSGL_Google_227.png,no_augment,,,,
GSGL_Google_263.png,augment_medium,medium,True,124.21511840820312,data/processed/fog_augmented/GSGL_Google_263_medium.png
GSGL_Google_269.png,no_augment,,,,
GSGL_Google_328.png,no_augment,,,,
GSGL_Google_335.png,augment_medium,medium,True,146.9525604248047,data/processed/fog_augmented/GSGL_Google_335_medium.png
GSGL_Google_347.png,no_augment,,,,
GSGL_Google_365.png,no_augment,,,,
GSGL_Google_366.png,augment_medium,medium,True,152.2730255126953,data/processed/fog_augmented/GSGL_Google_366_medium.png
GSGL_Google_371.png,no_augment,,,,
GSGL_Google_382.png,no_augment,,,,
GSGL_Google_396.png,augment_medium,medium,True,148.21949768066406,data/processed/fog_augmented/GSGL_Google_396_medium.png
GSGL_Google_402.png,no_augment,,,,
GSGL_Google_418.png,augment_medium,medium,True,154.84152221679688,data/processed/fog_augmented/GSGL_Google_418_medium.png
GSGL_Google_427.png,augment_medium,medium,True,141.11553955078125,data/processed/fog_augmented/GSGL_Google_427_medium.png
GSGL_Google_442.png,no_augment,,,,
GSGL_Google_461.png,no_augment,,,,
GSGL_Google_47.png,augment_full,low,False,,
GSGL_Google_47.png,augment_full,medium,True,125.86663055419922,data/processed/fog_augmented/GSGL_Google_47_medium.png
GSGL_Google_47.png,augment_full,high,True,133.8939208984375,data/processed/fog_augmented/GSGL_Google_47_high.png
GSGL_Google_474.png,augment_medium,medium,True,153.35084533691406,data/processed/fog_augmented/GSGL_Google_474_medium.png
GSGL_Google_485.png,no_augment,,,,
GSGL_Google_49.png,no_augment,,,,
GSGL_Google_515.png,no_augment,,,,
GSGL_Google_587.png,augment_full,low,True,100.65975189208984,data/processed/fog_augmented/GSGL_Google_587_low.png
GSGL_Google_587.png,augment_full,medium,True,127.26850128173828,data/processed/fog_augmented/GSGL_Google_587_medium.png
GSGL_Google_587.png,augment_full,high,False,,
GSGL_Google_600.png,no_augment,,,,
GSGL_Google_605.png,augment_medium,medium,True,155.07107543945312,data/processed/fog_augmented/GSGL_Google_605_medium.png
GSGL_Google_655.png,no_augment,,,,
GSGL_Google_663.png,augment_medium,medium,True,150.5774688720703,data/processed/fog_augmented/GSGL_Google_663_medium.png
GSGL_Google_700.png,no_augment,,,,
GSGL_Google_708.png,augment_medium,medium,True,147.80169677734375,data/processed/fog_augmented/GSGL_Google_708_medium.png
GSGL_Google_723.png,no_augment,,,,
HC_Bing_355.png,augment_full,low,False,,
HC_Bing_355.png,augment_full,medium,True,121.54326629638672,data/processed/fog_augmented/HC_Bing_355_medium.png
HC_Bing_355.png,augment_full,high,True,147.27352905273438,data/processed/fog_augmented/HC_Bing_355_high.png
HC_Bing_368.png,no_augment,,,,
HC_Bing_388.png,no_augment,,,,
HC_Bing_660.png,augment_full,low,True,98.8053207397461,data/processed/fog_augmented/HC_Bing_660_low.png
HC_Bing_660.png,augment_full,medium,True,118.95948028564453,data/processed/fog_augmented/HC_Bing_660_medium.png
HC_Bing_660.png,augment_full,high,False,,
HC_Google_339.png,no_augment,,,,
HC_Google_345.png,no_augment,,,,
HC_Google_361.png,augment_medium,medium,True,149.38442993164062,data/processed/fog_augmented/HC_Google_361_medium.png
HC_Google_364.png,augment_full,low,True,101.2269058227539,data/processed/fog_augmented/HC_Google_364_low.png
HC_Google_364.png,augment_full,medium,True,114.6746826171875,data/processed/fog_augmented/HC_Google_364_medium.png
HC_Google_364.png,augment_full,high,False,,
HC_Google_432.png,no_augment,,,,
HC_Google_450.png,augment_medium,medium,True,139.37794494628906,data/processed/fog_augmented/HC_Google_450_medium.png
HC_Google_465.png,no_augment,,,,
HC_Google_471.png,augment_medium,medium,True,149.04588317871094,data/processed/fog_augmented/HC_Google_471_medium.png
HC_Google_524.png,augment_full,low,False,,
HC_Google_524.png,augment_full,medium,True,124.22337341308594,data/processed/fog_augmented/HC_Google_524_medium.png
HC_Google_524.png,augment_full,high,True,136.26271057128906,data/processed/fog_augmented/HC_Google_524_high.png
HC_Google_543.png,augment_medium,medium,True,155.30776977539062,data/processed/fog_augmented/HC_Google_543_medium.png
HC_Google_613.png,augment_full,low,True,99.89453887939453,data/processed/fog_augmented/HC_Google_613_low.png
HC_Google_613.png,augment_full,medium,True,126.09325408935547,data/processed/fog_augmented/HC_Google_613_medium.png
HC_Google_613.png,augment_full,high,False,,
HC_Google_696.png,no_augment,,,,
HEB_Baidu_003.png,no_augment,,,,
HEB_Baidu_008.png,augment_medium,medium,True,151.4088592529297,data/processed/fog_augmented/HEB_Baidu_008_medium.png
HEB_Baidu_012.png,augment_medium,medium,True,151.995849609375,data/processed/fog_augmented/HEB_Baidu_012_medium.png
HEB_Baidu_024.png,augment_medium,medium,True,152.817138671875,data/processed/fog_augmented/HEB_Baidu_024_medium.png
HEB_Baidu_036.png,no_augment,,,,
HEB_Baidu_038.png,augment_full,low,True,100.1373291015625,data/processed/fog_augmented/HEB_Baidu_038_low.png
HEB_Baidu_038.png,augment_full,medium,True,124.79803466796875,data/processed/fog_augmented/HEB_Baidu_038_medium.png
HEB_Baidu_038.png,augment_full,high,True,144.54005432128906,data/processed/fog_augmented/HEB_Baidu_038_high.png
HEB_Baidu_042.png,augment_medium,medium,True,146.44854736328125,data/processed/fog_augmented/HEB_Baidu_042_medium.png
HEB_Baidu_043.png,augment_full,low,False,,
HEB_Baidu_043.png,augment_full,medium,True,127.38394165039062,data/processed/fog_augmented/HEB_Baidu_043_medium.png
HEB_Baidu_043.png,augment_full,high,True,134.6731414794922,data/processed/fog_augmented/HEB_Baidu_043_high.png
HEB_Baidu_05.png,augment_full,low,True,99.13189697265625,data/processed/fog_augmented/HEB_Baidu_05_low.png
HEB_Baidu_05.png,augment_full,medium,True,117.88235473632812,data/processed/fog_augmented/HEB_Baidu_05_medium.png
HEB_Baidu_05.png,augment_full,high,False,,
HEB_Baidu_054.png,augment_medium,medium,True,134.201416015625,data/processed/fog_augmented/HEB_Baidu_054_medium.png
HEB_Baidu_056.png,augment_medium,medium,True,153.0988006591797,data/processed/fog_augmented/HEB_Baidu_056_medium.png
HEB_Baidu_058.png,augment_medium,medium,True,145.4186248779297,data/processed/fog_augmented/HEB_Baidu_058_medium.png
HEB_Baidu_062.png,augment_full,low,True,101.14324188232422,data/processed/fog_augmented/HEB_Baidu_062_low.png
HEB_Baidu_062.png,augment_full,medium,True,117.76790618896484,data/processed/fog_augmented/HEB_Baidu_062_medium.png
HEB_Baidu_062.png,augment_full,high,True,145.62542724609375,data/processed/fog_augmented/HEB_Baidu_062_high.png
HEB_Baidu_068.png,augment_medium,medium,True,133.9745330810547,data/processed/fog_augmented/HEB_Baidu_068_medium.png
HEB_Baidu_070.png,no_augment,,,,
HEB_Baidu_075.png,no_augment,,,,
HEB_Baidu_089.png,augment_medium,medium,True,144.1699981689453,data/processed/fog_augmented/HEB_Baidu_089_medium.png
HEB_Baidu_09.png,augment_medium,medium,True,154.78524780273438,data/processed/fog_augmented/HEB_Baidu_09_medium.png
HEB_Baidu_103.png,augment_medium,medium,True,155.5950469970703,data/processed/fog_augmented/HEB_Baidu_103_medium.png
HEB_Baidu_107.png,augment_medium,medium,True,123.10089874267578,data/processed/fog_augmented/HEB_Baidu_107_medium.png
HEB_Baidu_109.png,no_augment,,,,
HEB_Baidu_144.png,no_augment,,,,
HEB_Baidu_148.png,augment_full,low,True,100.61573791503906,data/processed/fog_augmented/HEB_Baidu_148_low.png
HEB_Baidu_148.png,augment_full,medium,True,125.94378662109375,data/processed/fog_augmented/HEB_Baidu_148_medium.png
HEB_Baidu_148.png,augment_full,high,True,153.3535614013672,data/processed/fog_augmented/HEB_Baidu_148_high.png
HEB_Baidu_15.png,augment_medium,medium,True,147.18307495117188,data/processed/fog_augmented/HEB_Baidu_15_medium.png
HEB_Baidu_156.png,augment_medium,medium,True,126.04772186279297,data/processed/fog_augmented/HEB_Baidu_156_medium.png
HEB_Baidu_165.png,augment_full,low,False,,
HEB_Baidu_165.png,augment_full,medium,True,127.6139144897461,data/processed/fog_augmented/HEB_Baidu_165_medium.png
HEB_Baidu_165.png,augment_full,high,True,133.8210906982422,data/processed/fog_augmented/HEB_Baidu_165_high.png
HEB_Baidu_169.png,no_augment,,,,
HEB_Baidu_171.png,no_augment,,,,
HEB_Baidu_199.png,no_augment,,,,
HEB_Baidu_203.png,no_augment,,,,
HEB_Baidu_216.png,augment_medium,medium,True,150.93997192382812,data/processed/fog_augmented/HEB_Baidu_216_medium.png
HEB_Baidu_218.png,augment_full,low,True,95.33148956298828,data/processed/fog_augmented/HEB_Baidu_218_low.png
HEB_Baidu_218.png,augment_full,medium,True,116.58980560302734,data/processed/fog_augmented/HEB_Baidu_218_medium.png
HEB_Baidu_218.png,augment_full,high,True,140.07748413085938,data/processed/fog_augmented/HEB_Baidu_218_high.png
HEB_Baidu_228.png,augment_medium,medium,True,147.4193572998047,data/processed/fog_augmented/HEB_Baidu_228_medium.png
HEB_Baidu_235.png,augment_full,low,True,99.23423767089844,data/processed/fog_augmented/HEB_Baidu_235_low.png
HEB_Baidu_235.png,augment_full,medium,True,118.0665054321289,data/processed/fog_augmented/HEB_Baidu_235_medium.png
HEB_Baidu_235.png,augment_full,high,True,152.09390258789062,data/processed/fog_augmented/HEB_Baidu_235_high.png
HEB_Baidu_238.png,augment_medium,medium,True,133.7414093017578,data/processed/fog_augmented/HEB_Baidu_238_medium.png
HEB_Baidu_250.png,augment_full,low,True,102.74085998535156,data/processed/fog_augmented/HEB_Baidu_250_low.png
HEB_Baidu_250.png,augment_full,medium,True,115.9646987915039,data/processed/fog_augmented/HEB_Baidu_250_medium.png
HEB_Baidu_250.png,augment_full,high,False,,
HEB_Baidu_265.png,no_augment,,,,
HEB_Baidu_273.png,augment_medium,medium,True,153.6851806640625,data/processed/fog_augmented/HEB_Baidu_273_medium.png
HEB_Baidu_279.png,augment_medium,medium,True,155.6786651611328,data/processed/fog_augmented/HEB_Baidu_279_medium.png
HEB_Baidu_28.png,no_augment,,,,
HEB_Baidu_301.png,augment_medium,medium,True,153.73741149902344,data/processed/fog_augmented/HEB_Baidu_301_medium.png
HEB_Baidu_309.png,augment_medium,medium,True,152.27328491210938,data/processed/fog_augmented/HEB_Baidu_309_medium.png
HEB_Baidu_328.png,no_augment,,,,
HEB_Baidu_335.png,no_augment,,,,
HEB_Baidu_342.png,no_augment,,,,
HEB_Baidu_369.png,no_augment,,,,
HEB_Baidu_372.png,no_augment,,,,
HEB_Baidu_381.png,augment_full,low,True,100.4010009765625,data/processed/fog_augmented/HEB_Baidu_381_low.png
HEB_Baidu_381.png,augment_full,medium,True,121.93956756591797,data/processed/fog_augmented/HEB_Baidu_381_medium.png
HEB_Baidu_381.png,augment_full,high,False,,
HEB_Baidu_385.png,augment_medium,medium,True,148.7783660888672,data/processed/fog_augmented/HEB_Baidu_385_medium.png
HEB_Baidu_416.png,no_augment,,,,
HEB_Baidu_432.png,no_augment,,,,
HEB_Baidu_438.png,augment_medium,medium,True,143.79957580566406,data/processed/fog_augmented/HEB_Baidu_438_medium.png
HEB_Baidu_441.png,augment_full,low,True,102.06169891357422,data/processed/fog_augmented/HEB_Baidu_441_low.png
HEB_Baidu_441.png,augment_full,medium,True,125.01988220214844,data/processed/fog_augmented/HEB_Baidu_441_medium.png
HEB_Baidu_441.png,augment_full,high,False,,
HEB_Baidu_453.png,augment_full,low,False,,
HEB_Baidu_453.png,augment_full,medium,True,125.04680633544922,data/processed/fog_augmented/HEB_Baidu_453_medium.png
HEB_Baidu_453.png,augment_full,high,False,,
HEB_Baidu_455.png,no_augment,,,,
HEB_Baidu_458.png,no_augment,,,,
HEB_Baidu_462.png,no_augment,,,,
HEB_Baidu_464.png,no_augment,,,,
HEB_Baidu_468.png,no_augment,,,,
HEB_Baidu_472.png,augment_full,low,False,,
HEB_Baidu_472.png,augment_full,medium,True,123.48153686523438,data/processed/fog_augmented/HEB_Baidu_472_medium.png
HEB_Baidu_472.png,augment_full,high,True,152.1560516357422,data/processed/fog_augmented/HEB_Baidu_472_high.png
HEB_Baidu_496.png,no_augment,,,,
HEB_Baidu_497.png,augment_full,low,True,101.93206024169922,data/processed/fog_augmented/HEB_Baidu_497_low.png
HEB_Baidu_497.png,augment_full,medium,True,120.67257690429688,data/processed/fog_augmented/HEB_Baidu_497_medium.png
HEB_Baidu_497.png,augment_full,high,True,142.98876953125,data/processed/fog_augmented/HEB_Baidu_497_high.png
HEB_Baidu_500.png,augment_medium,medium,True,151.06201171875,data/processed/fog_augmented/HEB_Baidu_500_medium.png
HEB_Baidu_501.png,augment_medium,medium,True,144.63702392578125,data/processed/fog_augmented/HEB_Baidu_501_medium.png
HEB_Baidu_506.png,augment_medium,medium,True,155.58148193359375,data/processed/fog_augmented/HEB_Baidu_506_medium.png
HEB_Baidu_508.png,no_augment,,,,
HEB_Baidu_513.png,augment_full,low,True,102.72718048095703,data/processed/fog_augmented/HEB_Baidu_513_low.png
HEB_Baidu_513.png,augment_full,medium,True,104.93265533447266,data/processed/fog_augmented/HEB_Baidu_513_medium.png
HEB_Baidu_513.png,augment_full,high,False,,
HEB_Baidu_515.png,augment_medium,medium,True,147.89540100097656,data/processed/fog_augmented/HEB_Baidu_515_medium.png
HEB_Baidu_521.png,no_augment,,,,
HEB_Baidu_530.png,no_augment,,,,
HEB_Baidu_534.png,augment_full,low,True,101.75141906738281,data/processed/fog_augmented/HEB_Baidu_534_low.png
HEB_Baidu_534.png,augment_full,medium,True,127.8101577758789,data/processed/fog_augmented/HEB_Baidu_534_medium.png
HEB_Baidu_534.png,augment_full,high,True,130.6779022216797,data/processed/fog_augmented/HEB_Baidu_534_high.png
HEB_Baidu_554.png,augment_medium,medium,True,152.9076385498047,data/processed/fog_augmented/HEB_Baidu_554_medium.png
HEB_Baidu_560.png,augment_full,low,True,99.66156005859375,data/processed/fog_augmented/HEB_Baidu_560_low.png
HEB_Baidu_560.png,augment_full,medium,True,115.68690490722656,data/processed/fog_augmented/HEB_Baidu_560_medium.png
HEB_Baidu_560.png,augment_full,high,True,151.76165771484375,data/processed/fog_augmented/HEB_Baidu_560_high.png
HEB_Baidu_569.png,no_augment,,,,
HEB_Baidu_588.png,augment_medium,medium,True,138.3157958984375,data/processed/fog_augmented/HEB_Baidu_588_medium.png
HEB_Baidu_589.png,augment_medium,medium,True,149.63670349121094,data/processed/fog_augmented/HEB_Baidu_589_medium.png
HEB_Baidu_594.png,augment_medium,medium,True,152.81658935546875,data/processed/fog_augmented/HEB_Baidu_594_medium.png
HEB_Baidu_610.png,augment_medium,medium,True,150.0297393798828,data/processed/fog_augmented/HEB_Baidu_610_medium.png
HEB_Baidu_636.png,no_augment,,,,
HEB_Baidu_669.png,augment_medium,medium,True,144.3954620361328,data/processed/fog_augmented/HEB_Baidu_669_medium.png
HEB_Baidu_678.png,augment_full,low,False,,
HEB_Baidu_678.png,augment_full,medium,True,126.38204193115234,data/processed/fog_augmented/HEB_Baidu_678_medium.png
HEB_Baidu_678.png,augment_full,high,True,138.58741760253906,data/processed/fog_augmented/HEB_Baidu_678_high.png
HEB_Baidu_680.png,no_augment,,,,
HEB_Baidu_683.png,augment_medium,medium,True,150.30616760253906,data/processed/fog_augmented/HEB_Baidu_683_medium.png
HEB_Baidu_685.png,augment_medium,medium,True,145.37074279785156,data/processed/fog_augmented/HEB_Baidu_685_medium.png
HEB_Baidu_693.png,augment_medium,medium,True,153.04330444335938,data/processed/fog_augmented/HEB_Baidu_693_medium.png
HEB_Baidu_698.png,augment_full,low,False,,
HEB_Baidu_698.png,augment_full,medium,True,127.63573455810547,data/processed/fog_augmented/HEB_Baidu_698_medium.png
HEB_Baidu_698.png,augment_full,high,True,141.4830780029297,data/processed/fog_augmented/HEB_Baidu_698_high.png
HEB_Baidu_706.png,no_augment,,,,
HEB_Baidu_711.png,augment_medium,medium,True,151.22232055664062,data/processed/fog_augmented/HEB_Baidu_711_medium.png
HEB_Baidu_723.png,augment_medium,medium,True,149.1962127685547,data/processed/fog_augmented/HEB_Baidu_723_medium.png
HEB_Baidu_729.png,no_augment,,,,
HEB_Baidu_753.png,no_augment,,,,
HEB_Baidu_772.png,augment_full,low,True,101.7043685913086,data/processed/fog_augmented/HEB_Baidu_772_low.png
HEB_Baidu_772.png,augment_full,medium,True,116.25003051757812,data/processed/fog_augmented/HEB_Baidu_772_medium.png
HEB_Baidu_772.png,augment_full,high,False,,
HEB_Baidu_782.png,augment_full,low,False,,
HEB_Baidu_782.png,augment_full,medium,True,125.80987548828125,data/processed/fog_augmented/HEB_Baidu_782_medium.png
HEB_Baidu_782.png,augment_full,high,False,,
HEB_Baidu_786.png,no_augment,,,,
HEB_Baidu_802.png,augment_full,low,True,102.60794067382812,data/processed/fog_augmented/HEB_Baidu_802_low.png
HEB_Baidu_802.png,augment_full,medium,True,125.62979125976562,data/processed/fog_augmented/HEB_Baidu_802_medium.png
HEB_Baidu_802.png,augment_full,high,False,,
HEB_Baidu_804.png,augment_medium,medium,True,146.23687744140625,data/processed/fog_augmented/HEB_Baidu_804_medium.png
HEB_Baidu_806.png,augment_full,low,False,,
HEB_Baidu_806.png,augment_full,medium,True,126.85697937011719,data/processed/fog_augmented/HEB_Baidu_806_medium.png
HEB_Baidu_806.png,augment_full,high,True,128.73696899414062,data/processed/fog_augmented/HEB_Baidu_806_high.png
HEB_Baidu_810.png,no_augment,,,,
HEB_Baidu_815.png,augment_medium,medium,True,153.1191864013672,data/processed/fog_augmented/HEB_Baidu_815_medium.png
HEB_Baidu_831.png,no_augment,,,,
HEB_Baidu_848.png,augment_medium,medium,True,148.45230102539062,data/processed/fog_augmented/HEB_Baidu_848_medium.png
HEB_Baidu_866.png,augment_full,low,False,,
HEB_Baidu_866.png,augment_full,medium,True,125.58169555664062,data/processed/fog_augmented/HEB_Baidu_866_medium.png
HEB_Baidu_866.png,augment_full,high,True,134.4508056640625,data/processed/fog_augmented/HEB_Baidu_866_high.png
HEB_Baidu_873.png,augment_full,low,True,100.78141784667969,data/processed/fog_augmented/HEB_Baidu_873_low.png
HEB_Baidu_873.png,augment_full,medium,True,115.80079650878906,data/processed/fog_augmented/HEB_Baidu_873_medium.png
HEB_Baidu_873.png,augment_full,high,True,146.90451049804688,data/processed/fog_augmented/HEB_Baidu_873_high.png
HEB_Baidu_878.png,no_augment,,,,
HEB_Baidu_885.png,no_augment,,,,
HEB_Baidu_887.png,augment_full,low,False,,
HEB_Baidu_887.png,augment_full,medium,True,126.7317123413086,data/processed/fog_augmented/HEB_Baidu_887_medium.png
HEB_Baidu_887.png,augment_full,high,True,152.43399047851562,data/processed/fog_augmented/HEB_Baidu_887_high.png
HEB_Bing_005.png,no_augment,,,,
HEB_Bing_013.png,no_augment,,,,
HEB_Bing_027.png,augment_medium,medium,True,155.41091918945312,data/processed/fog_augmented/HEB_Bing_027_medium.png
HEB_Bing_029.png,augment_medium,medium,True,144.56753540039062,data/processed/fog_augmented/HEB_Bing_029_medium.png
HEB_Bing_034.png,no_augment,,,,
HEB_Bing_066.png,no_augment,,,,
HEB_Bing_094.png,augment_full,low,False,,
HEB_Bing_094.png,augment_full,medium,True,125.51136779785156,data/processed/fog_augmented/HEB_Bing_094_medium.png
HEB_Bing_094.png,augment_full,high,True,152.06256103515625,data/processed/fog_augmented/HEB_Bing_094_high.png
HEB_Bing_108.png,augment_full,low,True,100.00178527832031,data/processed/fog_augmented/HEB_Bing_108_low.png
HEB_Bing_108.png,augment_full,medium,True,111.21281433105469,data/processed/fog_augmented/HEB_Bing_108_medium.png
HEB_Bing_108.png,augment_full,high,False,,
HEB_Bing_110.png,no_augment,,,,
HEB_Bing_112.png,augment_medium,medium,True,151.642822265625,data/processed/fog_augmented/HEB_Bing_112_medium.png
HEB_Bing_120.png,no_augment,,,,
HEB_Bing_122.png,augment_full,low,True,94.82678985595703,data/processed/fog_augmented/HEB_Bing_122_low.png
HEB_Bing_122.png,augment_full,medium,True,120.75928497314453,data/processed/fog_augmented/HEB_Bing_122_medium.png
HEB_Bing_122.png,augment_full,high,True,140.4659423828125,data/processed/fog_augmented/HEB_Bing_122_high.png
HEB_Bing_129.png,no_augment,,,,
HEB_Bing_131.png,augment_full,low,True,102.43645477294922,data/processed/fog_augmented/HEB_Bing_131_low.png
HEB_Bing_131.png,augment_full,medium,True,126.77157592773438,data/processed/fog_augmented/HEB_Bing_131_medium.png
HEB_Bing_131.png,augment_full,high,False,,
HEB_Bing_135.png,augment_medium,medium,True,146.5690460205078,data/processed/fog_augmented/HEB_Bing_135_medium.png
HEB_Bing_136.png,no_augment,,,,
HEB_Bing_137.png,no_augment,,,,
HEB_Bing_170.png,augment_full,low,False,,
HEB_Bing_170.png,augment_full,medium,True,125.8410873413086,data/processed/fog_augmented/HEB_Bing_170_medium.png
HEB_Bing_170.png,augment_full,high,True,153.0628204345703,data/processed/fog_augmented/HEB_Bing_170_high.png
HEB_Bing_181.png,augment_medium,medium,True,147.6847686767578,data/processed/fog_augmented/HEB_Bing_181_medium.png
HEB_Bing_194.png,augment_medium,medium,True,146.64349365234375,data/processed/fog_augmented/HEB_Bing_194_medium.png
HEB_Bing_205.png,no_augment,,,,
HEB_Bing_207.png,no_augment,,,,
HEB_Bing_217.png,augment_medium,medium,True,146.41561889648438,data/processed/fog_augmented/HEB_Bing_217_medium.png
HEB_Bing_221.png,no_augment,,,,
HEB_Bing_232.png,augment_medium,medium,True,154.5380401611328,data/processed/fog_augmented/HEB_Bing_232_medium.png
HEB_Bing_233.png,no_augment,,,,
HEB_Bing_237.png,no_augment,,,,
HEB_Bing_254.png,augment_medium,medium,True,131.135009765625,data/processed/fog_augmented/HEB_Bing_254_medium.png
HEB_Bing_269.png,no_augment,,,,
HEB_Bing_274.png,augment_medium,medium,True,149.3808135986328,data/processed/fog_augmented/HEB_Bing_274_medium.png
HEB_Bing_303.png,augment_medium,medium,True,152.1609649658203,data/processed/fog_augmented/HEB_Bing_303_medium.png
HEB_Bing_308.png,augment_medium,medium,True,148.6417694091797,data/processed/fog_augmented/HEB_Bing_308_medium.png
HEB_Bing_320.png,augment_medium,medium,True,155.4581756591797,data/processed/fog_augmented/HEB_Bing_320_medium.png
HEB_Bing_331.png,no_augment,,,,
HEB_Bing_340.png,augment_full,low,True,101.33919525146484,data/processed/fog_augmented/HEB_Bing_340_low.png
HEB_Bing_340.png,augment_full,medium,True,126.0945816040039,data/processed/fog_augmented/HEB_Bing_340_medium.png
HEB_Bing_340.png,augment_full,high,False,,
HEB_Bing_35.png,augment_full,low,True,97.11988067626953,data/processed/fog_augmented/HEB_Bing_35_low.png
HEB_Bing_35.png,augment_full,medium,True,127.38104248046875,data/processed/fog_augmented/HEB_Bing_35_medium.png
HEB_Bing_35.png,augment_full,high,True,150.04759216308594,data/processed/fog_augmented/HEB_Bing_35_high.png
HEB_Bing_365.png,augment_full,low,True,102.31952667236328,data/processed/fog_augmented/HEB_Bing_365_low.png
HEB_Bing_365.png,augment_full,medium,True,121.83606719970703,data/processed/fog_augmented/HEB_Bing_365_medium.png
HEB_Bing_365.png,augment_full,high,True,144.00473022460938,data/processed/fog_augmented/HEB_Bing_365_high.png
HEB_Bing_39.png,no_augment,,,,
HEB_Bing_396.png,augment_medium,medium,True,149.03077697753906,data/processed/fog_augmented/HEB_Bing_396_medium.png
HEB_Bing_398.png,augment_full,low,True,82.2957992553711,data/processed/fog_augmented/HEB_Bing_398_low.png
HEB_Bing_398.png,augment_full,medium,False,,
HEB_Bing_398.png,augment_full,high,False,,
HEB_Bing_403.png,augment_full,low,True,91.44322204589844,data/processed/fog_augmented/HEB_Bing_403_low.png
HEB_Bing_403.png,augment_full,medium,False,,
HEB_Bing_403.png,augment_full,high,False,,
HEB_Bing_405.png,no_augment,,,,
HEB_Bing_414.png,augment_full,low,True,101.92766571044922,data/processed/fog_augmented/HEB_Bing_414_low.png
HEB_Bing_414.png,augment_full,medium,True,120.19254302978516,data/processed/fog_augmented/HEB_Bing_414_medium.png
HEB_Bing_414.png,augment_full,high,False,,
HEB_Bing_421.png,augment_medium,medium,True,155.45632934570312,data/processed/fog_augmented/HEB_Bing_421_medium.png
HEB_Bing_437.png,no_augment,,,,
HEB_Bing_444.png,no_augment,,,,
HEB_Bing_452.png,augment_medium,medium,True,152.79307556152344,data/processed/fog_augmented/HEB_Bing_452_medium.png
HEB_Bing_463.png,augment_full,low,True,102.42432403564453,data/processed/fog_augmented/HEB_Bing_463_low.png
HEB_Bing_463.png,augment_full,medium,True,124.18380737304688,data/processed/fog_augmented/HEB_Bing_463_medium.png
HEB_Bing_463.png,augment_full,high,True,132.61228942871094,data/processed/fog_augmented/HEB_Bing_463_high.png
HEB_Bing_465.png,augment_full,low,False,,
HEB_Bing_465.png,augment_full,medium,True,125.05470275878906,data/processed/fog_augmented/HEB_Bing_465_medium.png
HEB_Bing_465.png,augment_full,high,True,142.1124267578125,data/processed/fog_augmented/HEB_Bing_465_high.png
HEB_Bing_481.png,augment_medium,medium,True,141.6941375732422,data/processed/fog_augmented/HEB_Bing_481_medium.png
HEB_Bing_490.png,augment_medium,medium,True,145.2580108642578,data/processed/fog_augmented/HEB_Bing_490_medium.png
HEB_Bing_510.png,augment_full,low,False,,
HEB_Bing_510.png,augment_full,medium,True,126.77957916259766,data/processed/fog_augmented/HEB_Bing_510_medium.png
HEB_Bing_510.png,augment_full,high,True,136.71058654785156,data/processed/fog_augmented/HEB_Bing_510_high.png
HEB_Bing_511.png,augment_full,low,False,,
HEB_Bing_511.png,augment_full,medium,True,125.84578704833984,data/processed/fog_augmented/HEB_Bing_511_medium.png
HEB_Bing_511.png,augment_full,high,True,138.4581756591797,data/processed/fog_augmented/HEB_Bing_511_high.png
HEB_Bing_527.png,no_augment,,,,
HEB_Bing_532.png,augment_medium,medium,True,140.9247283935547,data/processed/fog_augmented/HEB_Bing_532_medium.png
HEB_Bing_546.png,augment_full,low,True,101.95108032226562,data/processed/fog_augmented/HEB_Bing_546_low.png
HEB_Bing_546.png,augment_full,medium,True,121.146484375,data/processed/fog_augmented/HEB_Bing_546_medium.png
HEB_Bing_546.png,augment_full,high,False,,
HEB_Bing_548.png,no_augment,,,,
HEB_Bing_549.png,no_augment,,,,
HEB_Bing_550.png,augment_full,low,True,95.76164245605469,data/processed/fog_augmented/HEB_Bing_550_low.png
HEB_Bing_550.png,augment_full,medium,True,123.50650024414062,data/processed/fog_augmented/HEB_Bing_550_medium.png
HEB_Bing_550.png,augment_full,high,True,150.97222900390625,data/processed/fog_augmented/HEB_Bing_550_high.png
HEB_Bing_560.png,augment_full,low,True,95.21952056884766,data/processed/fog_augmented/HEB_Bing_560_low.png
HEB_Bing_560.png,augment_full,medium,False,,
HEB_Bing_560.png,augment_full,high,False,,
HEB_Bing_587.png,augment_medium,medium,True,133.29205322265625,data/processed/fog_augmented/HEB_Bing_587_medium.png
HEB_Bing_590.png,no_augment,,,,
HEB_Bing_599.png,augment_full,low,True,102.73019409179688,data/processed/fog_augmented/HEB_Bing_599_low.png
HEB_Bing_599.png,augment_full,medium,True,125.66139221191406,data/processed/fog_augmented/HEB_Bing_599_medium.png
HEB_Bing_599.png,augment_full,high,False,,
HEB_Bing_613.png,no_augment,,,,
HEB_Bing_653.png,augment_full,low,True,98.39850616455078,data/processed/fog_augmented/HEB_Bing_653_low.png
HEB_Bing_653.png,augment_full,medium,True,120.36033630371094,data/processed/fog_augmented/HEB_Bing_653_medium.png
HEB_Bing_653.png,augment_full,high,True,141.08282470703125,data/processed/fog_augmented/HEB_Bing_653_high.png
HEB_Bing_671.png,no_augment,,,,
HEB_Bing_688.png,no_augment,,,,
HEB_Google_014.png,augment_full,low,True,102.12667846679688,data/processed/fog_augmented/HEB_Google_014_low.png
HEB_Google_014.png,augment_full,medium,True,117.70431518554688,data/processed/fog_augmented/HEB_Google_014_medium.png
HEB_Google_014.png,augment_full,high,True,146.59205627441406,data/processed/fog_augmented/HEB_Google_014_high.png
HEB_Google_030.png,no_augment,,,,
HEB_Google_043.png,no_augment,,,,
HEB_Google_056.png,no_augment,,,,
HEB_Google_057.png,augment_full,low,True,98.3811264038086,data/processed/fog_augmented/HEB_Google_057_low.png
HEB_Google_057.png,augment_full,medium,True,122.81625366210938,data/processed/fog_augmented/HEB_Google_057_medium.png
HEB_Google_057.png,augment_full,high,False,,
HEB_Google_102.png,augment_full,low,True,96.30135345458984,data/processed/fog_augmented/HEB_Google_102_low.png
HEB_Google_102.png,augment_full,medium,True,116.23348236083984,data/processed/fog_augmented/HEB_Google_102_medium.png
HEB_Google_102.png,augment_full,high,False,,
HEB_Google_125.png,augment_medium,medium,True,155.2835693359375,data/processed/fog_augmented/HEB_Google_125_medium.png
HEB_Google_128.png,no_augment,,,,
HEB_Google_137.png,augment_medium,medium,True,131.14710998535156,data/processed/fog_augmented/HEB_Google_137_medium.png
HEB_Google_139.png,augment_medium,medium,True,153.9040985107422,data/processed/fog_augmented/HEB_Google_139_medium.png
HEB_Google_154.png,no_augment,,,,
HEB_Google_16.png,augment_medium,medium,True,151.77810668945312,data/processed/fog_augmented/HEB_Google_16_medium.png
HEB_Google_171.png,augment_full,low,True,101.09026336669922,data/processed/fog_augmented/HEB_Google_171_low.png
HEB_Google_171.png,augment_full,medium,True,122.17276000976562,data/processed/fog_augmented/HEB_Google_171_medium.png
HEB_Google_171.png,augment_full,high,False,,
HEB_Google_189.png,augment_medium,medium,True,150.56210327148438,data/processed/fog_augmented/HEB_Google_189_medium.png
HEB_Google_193.png,augment_full,low,True,99.87328338623047,data/processed/fog_augmented/HEB_Google_193_low.png
HEB_Google_193.png,augment_full,medium,True,127.14434051513672,data/processed/fog_augmented/HEB_Google_193_medium.png
HEB_Google_193.png,augment_full,high,True,132.7135009765625,data/processed/fog_augmented/HEB_Google_193_high.png
HEB_Google_197.png,no_augment,,,,
HEB_Google_200.png,augment_medium,medium,True,152.42579650878906,data/processed/fog_augmented/HEB_Google_200_medium.png
HEB_Google_202.png,no_augment,,,,
HEB_Google_22.png,augment_medium,medium,True,153.37936401367188,data/processed/fog_augmented/HEB_Google_22_medium.png
HEB_Google_257.png,no_augment,,,,
HEB_Google_258.png,augment_medium,medium,True,152.1688690185547,data/processed/fog_augmented/HEB_Google_258_medium.png
HEB_Google_262.png,augment_medium,medium,True,154.80679321289062,data/processed/fog_augmented/HEB_Google_262_medium.png
HEB_Google_272.png,augment_full,low,True,102.21461486816406,data/processed/fog_augmented/HEB_Google_272_low.png
HEB_Google_272.png,augment_full,medium,True,123.77539825439453,data/processed/fog_augmented/HEB_Google_272_medium.png
HEB_Google_272.png,augment_full,high,False,,
HEB_Google_282.png,augment_medium,medium,True,154.79196166992188,data/processed/fog_augmented/HEB_Google_282_medium.png
HEB_Google_305.png,augment_full,low,False,,
HEB_Google_305.png,augment_full,medium,True,121.02669525146484,data/processed/fog_augmented/HEB_Google_305_medium.png
HEB_Google_305.png,augment_full,high,True,145.52175903320312,data/processed/fog_augmented/HEB_Google_305_high.png
HEB_Google_315.png,augment_medium,medium,True,152.53265380859375,data/processed/fog_augmented/HEB_Google_315_medium.png
HEB_Google_334.png,augment_medium,medium,True,154.327880859375,data/processed/fog_augmented/HEB_Google_334_medium.png
HEB_Google_351.png,no_augment,,,,
HEB_Google_376.png,no_augment,,,,
HEB_Google_378.png,no_augment,,,,
HEB_Google_391.png,no_augment,,,,
HEB_Google_398.png,augment_full,low,True,101.92228698730469,data/processed/fog_augmented/HEB_Google_398_low.png
HEB_Google_398.png,augment_full,medium,True,127.93982696533203,data/processed/fog_augmented/HEB_Google_398_medium.png
HEB_Google_398.png,augment_full,high,True,131.77716064453125,data/processed/fog_augmented/HEB_Google_398_high.png
HEB_Google_399.png,augment_full,low,True,100.09562683105469,data/processed/fog_augmented/HEB_Google_399_low.png
HEB_Google_399.png,augment_full,medium,True,125.97212219238281,data/processed/fog_augmented/HEB_Google_399_medium.png
HEB_Google_399.png,augment_full,high,True,129.99563598632812,data/processed/fog_augmented/HEB_Google_399_high.png
HEB_Google_425.png,augment_medium,medium,True,127.03626251220703,data/processed/fog_augmented/HEB_Google_425_medium.png
HEB_Google_442.png,augment_medium,medium,True,147.15609741210938,data/processed/fog_augmented/HEB_Google_442_medium.png
HEB_Google_471.png,no_augment,,,,
HEB_Google_477.png,no_augment,,,,
HEB_Google_483.png,no_augment,,,,
HEB_Google_518.png,augment_medium,medium,True,153.77073669433594,data/processed/fog_augmented/HEB_Google_518_medium.png
HEB_Google_547.png,augment_medium,medium,True,153.81307983398438,data/processed/fog_augmented/HEB_Google_547_medium.png
HEB_Google_550.png,no_augment,,,,
HEB_Google_556.png,augment_full,low,True,95.34406280517578,data/processed/fog_augmented/HEB_Google_556_low.png
HEB_Google_556.png,augment_full,medium,False,,
HEB_Google_556.png,augment_full,high,False,,
HEB_Google_558.png,augment_full,low,True,102.34190368652344,data/processed/fog_augmented/HEB_Google_558_low.png
HEB_Google_558.png,augment_full,medium,True,120.76556396484375,data/processed/fog_augmented/HEB_Google_558_medium.png
HEB_Google_558.png,augment_full,high,False,,
HEB_Google_563.png,augment_full,low,True,101.13863372802734,data/processed/fog_augmented/HEB_Google_563_low.png
HEB_Google_563.png,augment_full,medium,True,113.30537414550781,data/processed/fog_augmented/HEB_Google_563_medium.png
HEB_Google_563.png,augment_full,high,False,,
HEB_Google_564.png,augment_full,low,True,102.49188232421875,data/processed/fog_augmented/HEB_Google_564_low.png
HEB_Google_564.png,augment_full,medium,True,114.8155746459961,data/processed/fog_augmented/HEB_Google_564_medium.png
HEB_Google_564.png,augment_full,high,False,,
HEB_Google_573.png,augment_full,low,False,,
HEB_Google_573.png,augment_full,medium,True,122.1620864868164,data/processed/fog_augmented/HEB_Google_573_medium.png
HEB_Google_573.png,augment_full,high,True,154.9825439453125,data/processed/fog_augmented/HEB_Google_573_high.png
HEB_Google_582.png,augment_medium,medium,True,147.24615478515625,data/processed/fog_augmented/HEB_Google_582_medium.png
HEB_Google_591.png,augment_full,low,False,,
HEB_Google_591.png,augment_full,medium,True,123.61699676513672,data/processed/fog_augmented/HEB_Google_591_medium.png
HEB_Google_591.png,augment_full,high,True,148.15060424804688,data/processed/fog_augmented/HEB_Google_591_high.png
HEB_Google_593.png,augment_full,low,True,96.34790802001953,data/processed/fog_augmented/HEB_Google_593_low.png
HEB_Google_593.png,augment_full,medium,True,125.90862274169922,data/processed/fog_augmented/HEB_Google_593_medium.png
HEB_Google_593.png,augment_full,high,True,136.82760620117188,data/processed/fog_augmented/HEB_Google_593_high.png
HEB_Google_599.png,augment_full,low,False,,
HEB_Google_599.png,augment_full,medium,True,122.41190338134766,data/processed/fog_augmented/HEB_Google_599_medium.png
HEB_Google_599.png,augment_full,high,True,155.4842987060547,data/processed/fog_augmented/HEB_Google_599_high.png
HEB_Google_609.png,augment_medium,medium,True,143.16580200195312,data/processed/fog_augmented/HEB_Google_609_medium.png
HEB_Google_615.png,no_augment,,,,
HEB_Google_618.png,augment_full,low,False,,
HEB_Google_618.png,augment_full,medium,True,126.74166870117188,data/processed/fog_augmented/HEB_Google_618_medium.png
HEB_Google_618.png,augment_full,high,True,153.7060089111328,data/processed/fog_augmented/HEB_Google_618_high.png
HEB_Google_640.png,augment_full,low,True,102.51170349121094,data/processed/fog_augmented/HEB_Google_640_low.png
HEB_Google_640.png,augment_full,medium,True,113.86546325683594,data/processed/fog_augmented/HEB_Google_640_medium.png
HEB_Google_640.png,augment_full,high,False,,
HEB_Google_644.png,augment_medium,medium,True,154.5389404296875,data/processed/fog_augmented/HEB_Google_644_medium.png
HEB_Google_651.png,augment_full,low,False,,
HEB_Google_651.png,augment_full,medium,True,126.16936492919922,data/processed/fog_augmented/HEB_Google_651_medium.png
HEB_Google_651.png,augment_full,high,True,132.0203857421875,data/processed/fog_augmented/HEB_Google_651_high.png
HEB_Google_657.png,augment_medium,medium,True,134.50770568847656,data/processed/fog_augmented/HEB_Google_657_medium.png
HEB_Google_664.png,augment_full,low,True,97.69200134277344,data/processed/fog_augmented/HEB_Google_664_low.png
HEB_Google_664.png,augment_full,medium,True,125.77996063232422,data/processed/fog_augmented/HEB_Google_664_medium.png
HEB_Google_664.png,augment_full,high,True,133.4505157470703,data/processed/fog_augmented/HEB_Google_664_high.png
HF_Baidu_013.png,no_augment,,,,
HF_Baidu_017.png,no_augment,,,,
HF_Baidu_021.png,no_augment,,,,
HF_Baidu_043.png,augment_medium,medium,True,151.6249542236328,data/processed/fog_augmented/HF_Baidu_043_medium.png
HF_Baidu_045.png,augment_medium,medium,True,153.01278686523438,data/processed/fog_augmented/HF_Baidu_045_medium.png
HF_Baidu_053.png,augment_full,low,True,99.19830322265625,data/processed/fog_augmented/HF_Baidu_053_low.png
HF_Baidu_053.png,augment_full,medium,True,107.62969970703125,data/processed/fog_augmented/HF_Baidu_053_medium.png
HF_Baidu_053.png,augment_full,high,False,,
HF_Baidu_060.png,no_augment,,,,
HF_Baidu_081.png,augment_medium,medium,True,133.47767639160156,data/processed/fog_augmented/HF_Baidu_081_medium.png
HF_Baidu_086.png,no_augment,,,,
HF_Baidu_102.png,no_augment,,,,
HF_Baidu_116.png,augment_medium,medium,True,152.62229919433594,data/processed/fog_augmented/HF_Baidu_116_medium.png
HF_Baidu_121.png,augment_medium,medium,True,136.01023864746094,data/processed/fog_augmented/HF_Baidu_121_medium.png
HF_Baidu_122.png,no_augment,,,,
HF_Baidu_124.png,augment_full,low,True,101.17761993408203,data/processed/fog_augmented/HF_Baidu_124_low.png
HF_Baidu_124.png,augment_full,medium,True,126.47760772705078,data/processed/fog_augmented/HF_Baidu_124_medium.png
HF_Baidu_124.png,augment_full,high,False,,
HF_Baidu_128.png,augment_medium,medium,True,151.1112060546875,data/processed/fog_augmented/HF_Baidu_128_medium.png
HF_Baidu_130.png,no_augment,,,,
HF_Baidu_133.png,augment_medium,medium,True,120.9320297241211,data/processed/fog_augmented/HF_Baidu_133_medium.png
HF_Baidu_136.png,augment_full,low,True,101.70059204101562,data/processed/fog_augmented/HF_Baidu_136_low.png
HF_Baidu_136.png,augment_full,medium,True,113.98158264160156,data/processed/fog_augmented/HF_Baidu_136_medium.png
HF_Baidu_136.png,augment_full,high,False,,
HF_Baidu_146.png,no_augment,,,,
HF_Baidu_147.png,augment_medium,medium,True,151.84799194335938,data/processed/fog_augmented/HF_Baidu_147_medium.png
HF_Baidu_148.png,no_augment,,,,
HF_Baidu_15.png,augment_medium,medium,True,150.5041961669922,data/processed/fog_augmented/HF_Baidu_15_medium.png
HF_Baidu_154.png,augment_full,low,False,,
HF_Baidu_154.png,augment_full,medium,True,126.61427307128906,data/processed/fog_augmented/HF_Baidu_154_medium.png
HF_Baidu_154.png,augment_full,high,True,128.04327392578125,data/processed/fog_augmented/HF_Baidu_154_high.png
HF_Baidu_155.png,no_augment,,,,
HF_Baidu_156.png,augment_medium,medium,True,124.40525817871094,data/processed/fog_augmented/HF_Baidu_156_medium.png
HF_Baidu_158.png,no_augment,,,,
HF_Baidu_170.png,augment_medium,medium,True,145.3976593017578,data/processed/fog_augmented/HF_Baidu_170_medium.png
HF_Baidu_18.png,no_augment,,,,
HF_Baidu_202.png,augment_full,low,True,97.72212219238281,data/processed/fog_augmented/HF_Baidu_202_low.png
HF_Baidu_202.png,augment_full,medium,True,127.74083709716797,data/processed/fog_augmented/HF_Baidu_202_medium.png
HF_Baidu_202.png,augment_full,high,True,132.19216918945312,data/processed/fog_augmented/HF_Baidu_202_high.png
HF_Baidu_208.png,augment_medium,medium,True,154.32815551757812,data/processed/fog_augmented/HF_Baidu_208_medium.png
HF_Baidu_209.png,no_augment,,,,
HF_Baidu_214.png,no_augment,,,,
HF_Baidu_219.png,augment_medium,medium,True,152.21707153320312,data/processed/fog_augmented/HF_Baidu_219_medium.png
HF_Baidu_220.png,augment_medium,medium,True,146.9014129638672,data/processed/fog_augmented/HF_Baidu_220_medium.png
HF_Baidu_228.png,augment_full,low,True,99.20307159423828,data/processed/fog_augmented/HF_Baidu_228_low.png
HF_Baidu_228.png,augment_full,medium,True,115.94961547851562,data/processed/fog_augmented/HF_Baidu_228_medium.png
HF_Baidu_228.png,augment_full,high,False,,
HF_Baidu_229.png,augment_full,low,True,86.05717468261719,data/processed/fog_augmented/HF_Baidu_229_low.png
HF_Baidu_229.png,augment_full,medium,False,,
HF_Baidu_229.png,augment_full,high,False,,
HF_Baidu_243.png,augment_medium,medium,True,151.02133178710938,data/processed/fog_augmented/HF_Baidu_243_medium.png
HF_Baidu_247.png,augment_full,low,False,,
HF_Baidu_247.png,augment_full,medium,True,125.04510498046875,data/processed/fog_augmented/HF_Baidu_247_medium.png
HF_Baidu_247.png,augment_full,high,True,143.26625061035156,data/processed/fog_augmented/HF_Baidu_247_high.png
HF_Baidu_253.png,augment_medium,medium,True,145.1107940673828,data/processed/fog_augmented/HF_Baidu_253_medium.png
HF_Baidu_266.png,augment_medium,medium,True,141.77073669433594,data/processed/fog_augmented/HF_Baidu_266_medium.png
HF_Baidu_290.png,no_augment,,,,
HF_Baidu_291.png,no_augment,,,,
HF_Baidu_296.png,augment_full,low,True,99.78904724121094,data/processed/fog_augmented/HF_Baidu_296_low.png
HF_Baidu_296.png,augment_full,medium,True,123.79041290283203,data/processed/fog_augmented/HF_Baidu_296_medium.png
HF_Baidu_296.png,augment_full,high,True,139.85218811035156,data/processed/fog_augmented/HF_Baidu_296_high.png
HF_Baidu_30.png,no_augment,,,,
HF_Baidu_305.png,no_augment,,,,
HF_Baidu_321.png,no_augment,,,,
HF_Baidu_341.png,augment_medium,medium,True,155.3766326904297,data/processed/fog_augmented/HF_Baidu_341_medium.png
HF_Baidu_358.png,augment_medium,medium,True,153.28501892089844,data/processed/fog_augmented/HF_Baidu_358_medium.png
HF_Baidu_368.png,no_augment,,,,
HF_Baidu_386.png,augment_medium,medium,True,144.8641815185547,data/processed/fog_augmented/HF_Baidu_386_medium.png
HF_Baidu_420.png,no_augment,,,,
HF_Baidu_421.png,augment_full,low,True,100.1956558227539,data/processed/fog_augmented/HF_Baidu_421_low.png
HF_Baidu_421.png,augment_full,medium,True,123.5301513671875,data/processed/fog_augmented/HF_Baidu_421_medium.png
HF_Baidu_421.png,augment_full,high,True,152.45492553710938,data/processed/fog_augmented/HF_Baidu_421_high.png
HF_Baidu_441.png,augment_medium,medium,True,149.75555419921875,data/processed/fog_augmented/HF_Baidu_441_medium.png
HF_Baidu_446.png,no_augment,,,,
HF_Baidu_454.png,augment_medium,medium,True,151.41249084472656,data/processed/fog_augmented/HF_Baidu_454_medium.png
HF_Baidu_461.png,augment_medium,medium,True,152.19781494140625,data/processed/fog_augmented/HF_Baidu_461_medium.png
HF_Baidu_499.png,augment_full,low,False,,
HF_Baidu_499.png,augment_full,medium,True,126.81295013427734,data/processed/fog_augmented/HF_Baidu_499_medium.png
HF_Baidu_499.png,augment_full,high,True,136.9543914794922,data/processed/fog_augmented/HF_Baidu_499_high.png
HF_Baidu_510.png,no_augment,,,,
HF_Bing_028.png,augment_medium,medium,True,142.2884521484375,data/processed/fog_augmented/HF_Bing_028_medium.png
HF_Bing_033.png,no_augment,,,,
HF_Bing_037.png,augment_full,low,True,95.67632293701172,data/processed/fog_augmented/HF_Bing_037_low.png
HF_Bing_037.png,augment_full,medium,True,125.78644561767578,data/processed/fog_augmented/HF_Bing_037_medium.png
HF_Bing_037.png,augment_full,high,True,136.79066467285156,data/processed/fog_augmented/HF_Bing_037_high.png
HF_Bing_038.png,augment_full,low,True,92.3956069946289,data/processed/fog_augmented/HF_Bing_038_low.png
HF_Bing_038.png,augment_full,medium,False,,
HF_Bing_038.png,augment_full,high,False,,
HF_Bing_055.png,augment_medium,medium,True,149.57122802734375,data/processed/fog_augmented/HF_Bing_055_medium.png
HF_Bing_100.png,augment_full,low,False,,
HF_Bing_100.png,augment_full,medium,True,122.59257507324219,data/processed/fog_augmented/HF_Bing_100_medium.png
HF_Bing_100.png,augment_full,high,True,146.49310302734375,data/processed/fog_augmented/HF_Bing_100_high.png
HF_Bing_11.png,no_augment,,,,
HF_Bing_114.png,no_augment,,,,
HF_Bing_137.png,no_augment,,,,
HF_Bing_14.png,no_augment,,,,
HF_Bing_141.png,augment_full,low,True,77.0772705078125,data/processed/fog_augmented/HF_Bing_141_low.png
HF_Bing_141.png,augment_full,medium,False,,
HF_Bing_141.png,augment_full,high,False,,
HF_Bing_172.png,no_augment,,,,
HF_Bing_214.png,augment_medium,medium,True,144.66421508789062,data/processed/fog_augmented/HF_Bing_214_medium.png
HF_Bing_227.png,augment_full,low,True,101.27534484863281,data/processed/fog_augmented/HF_Bing_227_low.png
HF_Bing_227.png,augment_full,medium,True,117.18431854248047,data/processed/fog_augmented/HF_Bing_227_medium.png
HF_Bing_227.png,augment_full,high,False,,
HF_Bing_250.png,augment_full,low,True,94.54711151123047,data/processed/fog_augmented/HF_Bing_250_low.png
HF_Bing_250.png,augment_full,medium,True,119.1589584350586,data/processed/fog_augmented/HF_Bing_250_medium.png
HF_Bing_250.png,augment_full,high,False,,
HF_Bing_256.png,no_augment,,,,
HF_Bing_269.png,augment_medium,medium,True,148.7384033203125,data/processed/fog_augmented/HF_Bing_269_medium.png
HF_Bing_283.png,no_augment,,,,
HF_Bing_311.png,augment_full,low,False,,
HF_Bing_311.png,augment_full,medium,True,119.4793472290039,data/processed/fog_augmented/HF_Bing_311_medium.png
HF_Bing_311.png,augment_full,high,True,149.1322479248047,data/processed/fog_augmented/HF_Bing_311_high.png
HF_Bing_365.png,no_augment,,,,
HF_Bing_366.png,no_augment,,,,
HF_Bing_367.png,augment_medium,medium,True,141.8795166015625,data/processed/fog_augmented/HF_Bing_367_medium.png
HF_Bing_401.png,augment_medium,medium,True,154.5808868408203,data/processed/fog_augmented/HF_Bing_401_medium.png
HF_Bing_420.png,augment_full,low,False,,
HF_Bing_420.png,augment_full,medium,True,119.59992218017578,data/processed/fog_augmented/HF_Bing_420_medium.png
HF_Bing_420.png,augment_full,high,True,141.4307403564453,data/processed/fog_augmented/HF_Bing_420_high.png
HF_Bing_451.png,augment_full,low,True,101.41277313232422,data/processed/fog_augmented/HF_Bing_451_low.png
HF_Bing_451.png,augment_full,medium,True,127.7420654296875,data/processed/fog_augmented/HF_Bing_451_medium.png
HF_Bing_451.png,augment_full,high,True,128.76243591308594,data/processed/fog_augmented/HF_Bing_451_high.png
HF_Bing_585.png,augment_full,low,True,101.53595733642578,data/processed/fog_augmented/HF_Bing_585_low.png
HF_Bing_585.png,augment_full,medium,True,121.3924331665039,data/processed/fog_augmented/HF_Bing_585_medium.png
HF_Bing_585.png,augment_full,high,True,134.6510772705078,data/processed/fog_augmented/HF_Bing_585_high.png
HF_Bing_589.png,augment_full,low,True,102.73992156982422,data/processed/fog_augmented/HF_Bing_589_low.png
HF_Bing_589.png,augment_full,medium,True,118.22307586669922,data/processed/fog_augmented/HF_Bing_589_medium.png
HF_Bing_589.png,augment_full,high,False,,
HF_Bing_591.png,augment_medium,medium,True,141.1446990966797,data/processed/fog_augmented/HF_Bing_591_medium.png
HF_Bing_599.png,augment_full,low,True,102.4380874633789,data/processed/fog_augmented/HF_Bing_599_low.png
HF_Bing_599.png,augment_full,medium,True,117.7369613647461,data/processed/fog_augmented/HF_Bing_599_medium.png
HF_Bing_599.png,augment_full,high,True,147.9178924560547,data/processed/fog_augmented/HF_Bing_599_high.png
HF_Bing_60.png,augment_full,low,True,99.6671142578125,data/processed/fog_augmented/HF_Bing_60_low.png
HF_Bing_60.png,augment_full,medium,True,125.6495361328125,data/processed/fog_augmented/HF_Bing_60_medium.png
HF_Bing_60.png,augment_full,high,True,154.8942108154297,data/processed/fog_augmented/HF_Bing_60_high.png
HF_Bing_601.png,augment_medium,medium,True,132.32339477539062,data/processed/fog_augmented/HF_Bing_601_medium.png
HF_Bing_610.png,augment_full,low,True,101.42890167236328,data/processed/fog_augmented/HF_Bing_610_low.png
HF_Bing_610.png,augment_full,medium,True,122.49689483642578,data/processed/fog_augmented/HF_Bing_610_medium.png
HF_Bing_610.png,augment_full,high,False,,
HF_Bing_627.png,augment_medium,medium,True,151.4647674560547,data/processed/fog_augmented/HF_Bing_627_medium.png
HF_Bing_656.png,augment_medium,medium,True,150.29957580566406,data/processed/fog_augmented/HF_Bing_656_medium.png
HF_Bing_669.png,augment_medium,medium,True,151.03533935546875,data/processed/fog_augmented/HF_Bing_669_medium.png
HF_Bing_674.png,augment_medium,medium,True,140.56175231933594,data/processed/fog_augmented/HF_Bing_674_medium.png
HF_Bing_679.png,augment_medium,medium,True,153.29405212402344,data/processed/fog_augmented/HF_Bing_679_medium.png
HF_Bing_685.png,no_augment,,,,
HF_Bing_709.png,no_augment,,,,
HF_Bing_718.png,augment_full,low,True,94.58357238769531,data/processed/fog_augmented/HF_Bing_718_low.png
HF_Bing_718.png,augment_full,medium,True,121.80165100097656,data/processed/fog_augmented/HF_Bing_718_medium.png
HF_Bing_718.png,augment_full,high,True,143.25196838378906,data/processed/fog_augmented/HF_Bing_718_high.png
HF_Bing_732.png,augment_full,low,False,,
HF_Bing_732.png,augment_full,medium,True,120.29788208007812,data/processed/fog_augmented/HF_Bing_732_medium.png
HF_Bing_732.png,augment_full,high,False,,
HF_Bing_733.png,augment_full,low,False,,
HF_Bing_733.png,augment_full,medium,True,125.41201782226562,data/processed/fog_augmented/HF_Bing_733_medium.png
HF_Bing_733.png,augment_full,high,True,141.8159637451172,data/processed/fog_augmented/HF_Bing_733_high.png
HF_Bing_735.png,augment_medium,medium,True,135.2815704345703,data/processed/fog_augmented/HF_Bing_735_medium.png
HF_Bing_737.png,augment_medium,medium,True,133.65318298339844,data/processed/fog_augmented/HF_Bing_737_medium.png
HF_Bing_777.png,augment_medium,medium,True,151.99916076660156,data/processed/fog_augmented/HF_Bing_777_medium.png
HF_Bing_826.png,no_augment,,,,
HF_Bing_836.png,no_augment,,,,
HF_Bing_890.png,no_augment,,,,
HF_Google_016.png,no_augment,,,,
HF_Google_025.png,augment_medium,medium,True,153.52340698242188,data/processed/fog_augmented/HF_Google_025_medium.png
HF_Google_027.png,no_augment,,,,
HF_Google_045.png,augment_medium,medium,True,144.4293975830078,data/processed/fog_augmented/HF_Google_045_medium.png
HF_Google_047.png,no_augment,,,,
HF_Google_057.png,no_augment,,,,
HF_Google_085.png,augment_medium,medium,True,155.4828338623047,data/processed/fog_augmented/HF_Google_085_medium.png
HF_Google_091.png,no_augment,,,,
HF_Google_094.png,no_augment,,,,
HF_Google_102.png,augment_medium,medium,True,154.6072235107422,data/processed/fog_augmented/HF_Google_102_medium.png
HF_Google_103.png,augment_full,low,True,99.8384780883789,data/processed/fog_augmented/HF_Google_103_low.png
HF_Google_103.png,augment_full,medium,True,118.3227310180664,data/processed/fog_augmented/HF_Google_103_medium.png
HF_Google_103.png,augment_full,high,False,,
HF_Google_116.png,no_augment,,,,
HF_Google_121.png,augment_medium,medium,True,151.4251708984375,data/processed/fog_augmented/HF_Google_121_medium.png
HF_Google_122.png,no_augment,,,,
HF_Google_133.png,no_augment,,,,
HF_Google_136.png,augment_full,low,False,,
HF_Google_136.png,augment_full,medium,True,124.59956359863281,data/processed/fog_augmented/HF_Google_136_medium.png
HF_Google_136.png,augment_full,high,True,143.9043731689453,data/processed/fog_augmented/HF_Google_136_high.png
HF_Google_142.png,augment_full,low,True,100.68335723876953,data/processed/fog_augmented/HF_Google_142_low.png
HF_Google_142.png,augment_full,medium,True,122.99834442138672,data/processed/fog_augmented/HF_Google_142_medium.png
HF_Google_142.png,augment_full,high,False,,
HF_Google_153.png,augment_full,low,False,,
HF_Google_153.png,augment_full,medium,True,127.13739776611328,data/processed/fog_augmented/HF_Google_153_medium.png
HF_Google_153.png,augment_full,high,True,130.0217742919922,data/processed/fog_augmented/HF_Google_153_high.png
HF_Google_160.png,no_augment,,,,
HF_Google_161.png,augment_full,low,True,101.90958404541016,data/processed/fog_augmented/HF_Google_161_low.png
HF_Google_161.png,augment_full,medium,True,126.91165161132812,data/processed/fog_augmented/HF_Google_161_medium.png
HF_Google_161.png,augment_full,high,True,146.06784057617188,data/processed/fog_augmented/HF_Google_161_high.png
HF_Google_177.png,augment_medium,medium,True,146.38307189941406,data/processed/fog_augmented/HF_Google_177_medium.png
HF_Google_179.png,augment_full,low,True,101.08738708496094,data/processed/fog_augmented/HF_Google_179_low.png
HF_Google_179.png,augment_full,medium,False,,
HF_Google_179.png,augment_full,high,False,,
HF_Google_193.png,augment_medium,medium,True,154.77940368652344,data/processed/fog_augmented/HF_Google_193_medium.png
HF_Google_194.png,augment_full,low,True,100.27914428710938,data/processed/fog_augmented/HF_Google_194_low.png
HF_Google_194.png,augment_full,medium,True,121.01376342773438,data/processed/fog_augmented/HF_Google_194_medium.png
HF_Google_194.png,augment_full,high,False,,
HF_Google_231.png,augment_full,low,True,96.31791687011719,data/processed/fog_augmented/HF_Google_231_low.png
HF_Google_231.png,augment_full,medium,True,105.9068832397461,data/processed/fog_augmented/HF_Google_231_medium.png
HF_Google_231.png,augment_full,high,False,,
HF_Google_246.png,augment_full,low,True,93.20189666748047,data/processed/fog_augmented/HF_Google_246_low.png
HF_Google_246.png,augment_full,medium,False,,
HF_Google_246.png,augment_full,high,False,,
HF_Google_272.png,no_augment,,,,
HF_Google_283.png,no_augment,,,,
HF_Google_312.png,augment_full,low,False,,
HF_Google_312.png,augment_full,medium,True,124.72913360595703,data/processed/fog_augmented/HF_Google_312_medium.png
HF_Google_312.png,augment_full,high,True,138.074951171875,data/processed/fog_augmented/HF_Google_312_high.png
HF_Google_313.png,no_augment,,,,
HF_Google_328.png,augment_medium,medium,True,155.5845184326172,data/processed/fog_augmented/HF_Google_328_medium.png
HF_Google_331.png,augment_full,low,True,98.46163940429688,data/processed/fog_augmented/HF_Google_331_low.png
HF_Google_331.png,augment_full,medium,True,124.86432647705078,data/processed/fog_augmented/HF_Google_331_medium.png
HF_Google_331.png,augment_full,high,True,139.3107147216797,data/processed/fog_augmented/HF_Google_331_high.png
HF_Google_337.png,augment_full,low,True,102.57898712158203,data/processed/fog_augmented/HF_Google_337_low.png
HF_Google_337.png,augment_full,medium,True,122.33460235595703,data/processed/fog_augmented/HF_Google_337_medium.png
HF_Google_337.png,augment_full,high,False,,
HF_Google_339.png,no_augment,,,,
HF_Google_340.png,augment_full,low,False,,
HF_Google_340.png,augment_full,medium,True,124.90074920654297,data/processed/fog_augmented/HF_Google_340_medium.png
HF_Google_340.png,augment_full,high,True,128.11050415039062,data/processed/fog_augmented/HF_Google_340_high.png
HF_Google_381.png,augment_medium,medium,True,150.7119140625,data/processed/fog_augmented/HF_Google_381_medium.png
HF_Google_396.png,augment_full,low,True,100.49481201171875,data/processed/fog_augmented/HF_Google_396_low.png
HF_Google_396.png,augment_full,medium,True,121.14557647705078,data/processed/fog_augmented/HF_Google_396_medium.png
HF_Google_396.png,augment_full,high,False,,
HF_Google_406.png,augment_full,low,False,,
HF_Google_406.png,augment_full,medium,False,,
HF_Google_406.png,augment_full,high,True,154.07275390625,data/processed/fog_augmented/HF_Google_406_high.png
HF_Google_427.png,augment_full,low,True,102.0577392578125,data/processed/fog_augmented/HF_Google_427_low.png
HF_Google_427.png,augment_full,medium,True,120.3544921875,data/processed/fog_augmented/HF_Google_427_medium.png
HF_Google_427.png,augment_full,high,True,145.0658721923828,data/processed/fog_augmented/HF_Google_427_high.png
HF_Google_443.png,no_augment,,,,
HF_Google_447.png,no_augment,,,,
HF_Google_472.png,no_augment,,,,
HF_Google_501.png,augment_medium,medium,True,135.39739990234375,data/processed/fog_augmented/HF_Google_501_medium.png
HF_Google_504.png,augment_full,low,False,,
HF_Google_504.png,augment_full,medium,True,123.99370574951172,data/processed/fog_augmented/HF_Google_504_medium.png
HF_Google_504.png,augment_full,high,True,142.4859161376953,data/processed/fog_augmented/HF_Google_504_high.png
HF_Google_511.png,augment_medium,medium,True,149.6859893798828,data/processed/fog_augmented/HF_Google_511_medium.png
HF_Google_527.png,augment_medium,medium,True,152.93162536621094,data/processed/fog_augmented/HF_Google_527_medium.png
HF_Google_531.png,augment_full,low,True,100.33454132080078,data/processed/fog_augmented/HF_Google_531_low.png
HF_Google_531.png,augment_full,medium,True,124.39593505859375,data/processed/fog_augmented/HF_Google_531_medium.png
HF_Google_531.png,augment_full,high,True,129.57818603515625,data/processed/fog_augmented/HF_Google_531_high.png
HF_Google_533.png,no_augment,,,,
HF_Google_556.png,augment_full,low,True,101.09695434570312,data/processed/fog_augmented/HF_Google_556_low.png
HF_Google_556.png,augment_full,medium,True,125.97862243652344,data/processed/fog_augmented/HF_Google_556_medium.png
HF_Google_556.png,augment_full,high,False,,
HF_Google_559.png,augment_full,low,False,,
HF_Google_559.png,augment_full,medium,True,124.29483032226562,data/processed/fog_augmented/HF_Google_559_medium.png
HF_Google_559.png,augment_full,high,True,152.86563110351562,data/processed/fog_augmented/HF_Google_559_high.png
HF_Google_570.png,augment_medium,medium,True,152.07012939453125,data/processed/fog_augmented/HF_Google_570_medium.png
HF_Google_571.png,augment_full,low,True,100.49992370605469,data/processed/fog_augmented/HF_Google_571_low.png
HF_Google_571.png,augment_full,medium,True,117.22135925292969,data/processed/fog_augmented/HF_Google_571_medium.png
HF_Google_571.png,augment_full,high,False,,
HF_Google_576.png,augment_full,low,True,101.65148162841797,data/processed/fog_augmented/HF_Google_576_low.png
HF_Google_576.png,augment_full,medium,True,126.86668395996094,data/processed/fog_augmented/HF_Google_576_medium.png
HF_Google_576.png,augment_full,high,True,148.4903106689453,data/processed/fog_augmented/HF_Google_576_high.png
HF_Google_610.png,augment_medium,medium,True,148.439208984375,data/processed/fog_augmented/HF_Google_610_medium.png
HF_Google_623.png,no_augment,,,,
HF_Google_649.png,augment_full,low,False,,
HF_Google_649.png,augment_full,medium,True,127.15419006347656,data/processed/fog_augmented/HF_Google_649_medium.png
HF_Google_649.png,augment_full,high,True,155.3343048095703,data/processed/fog_augmented/HF_Google_649_high.png
HF_Google_665.png,augment_medium,medium,True,154.0257110595703,data/processed/fog_augmented/HF_Google_665_medium.png
HF_Google_668.png,no_augment,,,,
HF_Google_677.png,augment_full,low,True,96.44611358642578,data/processed/fog_augmented/HF_Google_677_low.png
HF_Google_677.png,augment_full,medium,True,127.62840270996094,data/processed/fog_augmented/HF_Google_677_medium.png
HF_Google_677.png,augment_full,high,True,151.1127471923828,data/processed/fog_augmented/HF_Google_677_high.png
HF_Google_702.png,augment_full,low,True,99.96633911132812,data/processed/fog_augmented/HF_Google_702_low.png
HF_Google_702.png,augment_full,medium,True,113.58497619628906,data/processed/fog_augmented/HF_Google_702_medium.png
HF_Google_702.png,augment_full,high,False,,
HF_Google_725.png,augment_medium,medium,True,154.4884033203125,data/processed/fog_augmented/HF_Google_725_medium.png
HF_Google_747.png,augment_full,low,True,101.12491607666016,data/processed/fog_augmented/HF_Google_747_low.png
HF_Google_747.png,augment_full,medium,True,121.51142120361328,data/processed/fog_augmented/HF_Google_747_medium.png
HF_Google_747.png,augment_full,high,False,,
HF_Google_759.png,augment_full,low,True,102.59503936767578,data/processed/fog_augmented/HF_Google_759_low.png
HF_Google_759.png,augment_full,medium,True,127.22418212890625,data/processed/fog_augmented/HF_Google_759_medium.png
HF_Google_759.png,augment_full,high,True,149.70370483398438,data/processed/fog_augmented/HF_Google_759_high.png
HF_Google_807.png,augment_medium,medium,True,142.48410034179688,data/processed/fog_augmented/HF_Google_807_medium.png
HF_Google_860.png,augment_full,low,False,,
HF_Google_860.png,augment_full,medium,True,107.92561340332031,data/processed/fog_augmented/HF_Google_860_medium.png
HF_Google_860.png,augment_full,high,False,,
HF_Google_861.png,augment_medium,medium,True,149.3390655517578,data/processed/fog_augmented/HF_Google_861_medium.png
HazeDr_Bing_178.png,no_augment,,,,
HazeDr_Bing_233.png,no_augment,,,,
HazeDr_Bing_252.png,augment_medium,medium,True,137.79173278808594,data/processed/fog_augmented/HazeDr_Bing_252_medium.png
HazeDr_Bing_330.png,augment_medium,medium,True,153.1813201904297,data/processed/fog_augmented/HazeDr_Bing_330_medium.png
HazeDr_Bing_337.png,augment_full,low,True,96.56665802001953,data/processed/fog_augmented/HazeDr_Bing_337_low.png
HazeDr_Bing_337.png,augment_full,medium,False,,
HazeDr_Bing_337.png,augment_full,high,False,,
HazeDr_Bing_418.png,augment_full,low,True,88.07623291015625,data/processed/fog_augmented/HazeDr_Bing_418_low.png
HazeDr_Bing_418.png,augment_full,medium,False,,
HazeDr_Bing_418.png,augment_full,high,False,,
HazeDr_Bing_453.png,no_augment,,,,
HazeDr_Bing_460.png,no_augment,,,,
HazeDr_Bing_549.png,augment_medium,medium,True,148.54736328125,data/processed/fog_augmented/HazeDr_Bing_549_medium.png
HazeDr_Bing_647.png,augment_medium,medium,True,150.48748779296875,data/processed/fog_augmented/HazeDr_Bing_647_medium.png
HazeDr_Bing_655.png,no_augment,,,,
HazeDr_Bing_763.png,augment_medium,medium,True,153.52066040039062,data/processed/fog_augmented/HazeDr_Bing_763_medium.png
HazeDr_Google_123.png,augment_full,low,True,101.1811752319336,data/processed/fog_augmented/HazeDr_Google_123_low.png
HazeDr_Google_123.png,augment_full,medium,True,105.25355529785156,data/processed/fog_augmented/HazeDr_Google_123_medium.png
HazeDr_Google_123.png,augment_full,high,False,,
HazeDr_Google_125.png,augment_full,low,True,102.75972747802734,data/processed/fog_augmented/HazeDr_Google_125_low.png
HazeDr_Google_125.png,augment_full,medium,True,126.98980712890625,data/processed/fog_augmented/HazeDr_Google_125_medium.png
HazeDr_Google_125.png,augment_full,high,True,138.4903106689453,data/processed/fog_augmented/HazeDr_Google_125_high.png
HazeDr_Google_130.png,augment_medium,medium,True,153.84230041503906,data/processed/fog_augmented/HazeDr_Google_130_medium.png
HazeDr_Google_146.png,augment_medium,medium,True,146.9567413330078,data/processed/fog_augmented/HazeDr_Google_146_medium.png
HazeDr_Google_183.png,augment_medium,medium,True,152.23828125,data/processed/fog_augmented/HazeDr_Google_183_medium.png
HazeDr_Google_192.png,no_augment,,,,
HazeDr_Google_212.png,augment_full,low,True,102.39453887939453,data/processed/fog_augmented/HazeDr_Google_212_low.png
HazeDr_Google_212.png,augment_full,medium,False,,
HazeDr_Google_212.png,augment_full,high,False,,
HazeDr_Google_213.png,augment_full,low,True,101.07452392578125,data/processed/fog_augmented/HazeDr_Google_213_low.png
HazeDr_Google_213.png,augment_full,medium,False,,
HazeDr_Google_213.png,augment_full,high,False,,
HazeDr_Google_241.png,augment_medium,medium,True,146.75244140625,data/processed/fog_augmented/HazeDr_Google_241_medium.png
HazeDr_Google_273.png,augment_full,low,True,101.96649932861328,data/processed/fog_augmented/HazeDr_Google_273_low.png
HazeDr_Google_273.png,augment_full,medium,True,124.49884796142578,data/processed/fog_augmented/HazeDr_Google_273_medium.png
HazeDr_Google_273.png,augment_full,high,False,,
HazeDr_Google_293.png,augment_full,low,True,101.8230209350586,data/processed/fog_augmented/HazeDr_Google_293_low.png
HazeDr_Google_293.png,augment_full,medium,True,121.9302978515625,data/processed/fog_augmented/HazeDr_Google_293_medium.png
HazeDr_Google_293.png,augment_full,high,False,,
HazeDr_Google_328.png,no_augment,,,,
HazeDr_Google_355.png,no_augment,,,,
HazeDr_Google_365.png,no_augment,,,,
HazeDr_Google_375.png,augment_medium,medium,True,128.52975463867188,data/processed/fog_augmented/HazeDr_Google_375_medium.png
HazeDr_Google_381.png,augment_medium,medium,True,136.07559204101562,data/processed/fog_augmented/HazeDr_Google_381_medium.png
HazeDr_Google_402.png,no_augment,,,,
HazeDr_Google_404.png,augment_full,low,False,,
HazeDr_Google_404.png,augment_full,medium,True,117.3063735961914,data/processed/fog_augmented/HazeDr_Google_404_medium.png
HazeDr_Google_404.png,augment_full,high,True,146.19558715820312,data/processed/fog_augmented/HazeDr_Google_404_high.png
HazeDr_Google_415.png,no_augment,,,,
HazeDr_Google_421.png,no_augment,,,,
HazeDr_Google_432.png,augment_full,low,False,,
HazeDr_Google_432.png,augment_full,medium,True,125.93980407714844,data/processed/fog_augmented/HazeDr_Google_432_medium.png
HazeDr_Google_432.png,augment_full,high,True,136.66693115234375,data/processed/fog_augmented/HazeDr_Google_432_high.png
HazeDr_Google_433.png,augment_medium,medium,True,143.49099731445312,data/processed/fog_augmented/HazeDr_Google_433_medium.png
HazeDr_Google_434.png,augment_medium,medium,True,152.3408660888672,data/processed/fog_augmented/HazeDr_Google_434_medium.png
HazeDr_Google_450.png,no_augment,,,,
HazeDr_Google_510.png,no_augment,,,,
HazeDr_Google_512.png,augment_full,low,False,,
HazeDr_Google_512.png,augment_full,medium,True,124.42353820800781,data/processed/fog_augmented/HazeDr_Google_512_medium.png
HazeDr_Google_512.png,augment_full,high,True,141.11221313476562,data/processed/fog_augmented/HazeDr_Google_512_high.png
HazeDr_Google_551.png,augment_medium,medium,True,150.4681854248047,data/processed/fog_augmented/HazeDr_Google_551_medium.png
HazeDr_Google_554.png,no_augment,,,,
HazeDr_Google_560.png,no_augment,,,,
HazeDr_Google_568.png,augment_medium,medium,True,151.21807861328125,data/processed/fog_augmented/HazeDr_Google_568_medium.png
HazeDr_Google_569.png,augment_medium,medium,True,143.47059631347656,data/processed/fog_augmented/HazeDr_Google_569_medium.png
HazeDr_Google_582.png,augment_full,low,True,101.34095764160156,data/processed/fog_augmented/HazeDr_Google_582_low.png
HazeDr_Google_582.png,augment_full,medium,False,,
HazeDr_Google_582.png,augment_full,high,False,,
HazeDr_Google_584.png,augment_medium,medium,True,152.5105438232422,data/processed/fog_augmented/HazeDr_Google_584_medium.png
HazeDr_Google_590.png,augment_full,low,True,98.48291778564453,data/processed/fog_augmented/HazeDr_Google_590_low.png
HazeDr_Google_590.png,augment_full,medium,True,124.04889678955078,data/processed/fog_augmented/HazeDr_Google_590_medium.png
HazeDr_Google_590.png,augment_full,high,True,133.6514434814453,data/processed/fog_augmented/HazeDr_Google_590_high.png
HazeDr_Google_593.png,augment_medium,medium,True,153.4015350341797,data/processed/fog_augmented/HazeDr_Google_593_medium.png
HazeDr_Google_594.png,augment_medium,medium,True,127.0752944946289,data/processed/fog_augmented/HazeDr_Google_594_medium.png
HazeDr_Google_597.png,augment_full,low,False,,
HazeDr_Google_597.png,augment_full,medium,True,115.12931060791016,data/processed/fog_augmented/HazeDr_Google_597_medium.png
HazeDr_Google_597.png,augment_full,high,False,,
HazeDr_Google_603.png,augment_medium,medium,True,146.5541229248047,data/processed/fog_augmented/HazeDr_Google_603_medium.png
HazeDr_Google_614.png,no_augment,,,,
HazeDr_Google_625.png,augment_full,low,True,101.95295715332031,data/processed/fog_augmented/HazeDr_Google_625_low.png
HazeDr_Google_625.png,augment_full,medium,True,125.0879135131836,data/processed/fog_augmented/HazeDr_Google_625_medium.png
HazeDr_Google_625.png,augment_full,high,False,,
HazeDr_Google_63.png,no_augment,,,,
HazeDr_Google_630.png,augment_full,low,True,66.08729553222656,data/processed/fog_augmented/HazeDr_Google_630_low.png
HazeDr_Google_630.png,augment_full,medium,False,,
HazeDr_Google_630.png,augment_full,high,False,,
HazeDr_Google_633.png,augment_medium,medium,True,132.22256469726562,data/processed/fog_augmented/HazeDr_Google_633_medium.png
HazeDr_Google_636.png,augment_medium,medium,True,143.92098999023438,data/processed/fog_augmented/HazeDr_Google_636_medium.png
HazeDr_Google_637.png,augment_medium,medium,True,151.8094024658203,data/processed/fog_augmented/HazeDr_Google_637_medium.png
HazeDr_Google_640.png,augment_full,low,True,86.53582763671875,data/processed/fog_augmented/HazeDr_Google_640_low.png
HazeDr_Google_640.png,augment_full,medium,True,127.07301330566406,data/processed/fog_augmented/HazeDr_Google_640_medium.png
HazeDr_Google_640.png,augment_full,high,True,141.53575134277344,data/processed/fog_augmented/HazeDr_Google_640_high.png
HazeDr_Google_646.png,augment_medium,medium,True,151.11805725097656,data/processed/fog_augmented/HazeDr_Google_646_medium.png
HazeDr_Google_648.png,no_augment,,,,
HazeDr_Google_649.png,augment_medium,medium,True,154.49952697753906,data/processed/fog_augmented/HazeDr_Google_649_medium.png
HazeDr_Google_651.png,augment_medium,medium,True,149.4644317626953,data/processed/fog_augmented/HazeDr_Google_651_medium.png
HazeDr_Google_657.png,no_augment,,,,
HazeDr_Google_667.png,augment_full,low,True,101.26477813720703,data/processed/fog_augmented/HazeDr_Google_667_low.png
HazeDr_Google_667.png,augment_full,medium,True,126.99258422851562,data/processed/fog_augmented/HazeDr_Google_667_medium.png
HazeDr_Google_667.png,augment_full,high,False,,
HazeDr_Google_673.png,augment_full,low,True,99.97698211669922,data/processed/fog_augmented/HazeDr_Google_673_low.png
HazeDr_Google_673.png,augment_full,medium,True,112.63939666748047,data/processed/fog_augmented/HazeDr_Google_673_medium.png
HazeDr_Google_673.png,augment_full,high,False,,
HazeDr_Google_692.png,no_augment,,,,
HazeDr_Google_693.png,no_augment,,,,
HazeDr_Google_703.png,augment_medium,medium,True,146.3678436279297,data/processed/fog_augmented/HazeDr_Google_703_medium.png
HazeDr_Google_704.png,no_augment,,,,
HazeDr_Google_709.png,augment_full,low,True,101.78421020507812,data/processed/fog_augmented/HazeDr_Google_709_low.png
HazeDr_Google_709.png,augment_full,medium,True,111.6725845336914,data/processed/fog_augmented/HazeDr_Google_709_medium.png
HazeDr_Google_709.png,augment_full,high,False,,
HazeDr_Google_719.png,no_augment,,,,
HazeDr_Google_724.png,no_augment,,,,
HazeDr_Google_726.png,no_augment,,,,
HazeDr_Google_740.png,no_augment,,,,
HazeDr_Google_75.png,no_augment,,,,
HazeDr_Google_760.png,no_augment,,,,
HazeDr_Google_766.png,no_augment,,,,
HazeDr_Google_767.png,augment_medium,medium,True,155.3909912109375,data/processed/fog_augmented/HazeDr_Google_767_medium.png
HazeDr_Google_772.png,no_augment,,,,
HazeDr_Google_787.png,no_augment,,,,
HazeDr_Google_802.png,augment_medium,medium,True,138.68658447265625,data/processed/fog_augmented/HazeDr_Google_802_medium.png
HazeDr_Google_809.png,augment_full,low,True,100.81107330322266,data/processed/fog_augmented/HazeDr_Google_809_low.png
HazeDr_Google_809.png,augment_full,medium,True,118.89356231689453,data/processed/fog_augmented/HazeDr_Google_809_medium.png
HazeDr_Google_809.png,augment_full,high,False,,
HazeDr_Google_813.png,augment_medium,medium,True,148.49081420898438,data/processed/fog_augmented/HazeDr_Google_813_medium.png
HazeDr_Google_838.png,augment_medium,medium,True,142.57562255859375,data/processed/fog_augmented/HazeDr_Google_838_medium.png
HazeDr_Google_845.png,augment_full,low,True,88.71741485595703,data/processed/fog_augmented/HazeDr_Google_845_low.png
HazeDr_Google_845.png,augment_full,medium,False,,
HazeDr_Google_845.png,augment_full,high,False,,
HazyDr_Bing_089.png,augment_full,low,True,80.844482421875,data/processed/fog_augmented/HazyDr_Bing_089_low.png
HazyDr_Bing_089.png,augment_full,medium,False,,
HazyDr_Bing_089.png,augment_full,high,False,,
HazyDr_Bing_126.png,augment_medium,medium,True,152.82579040527344,data/processed/fog_augmented/HazyDr_Bing_126_medium.png
HazyDr_Bing_132.png,augment_full,low,False,,
HazyDr_Bing_132.png,augment_full,medium,True,122.9411849975586,data/processed/fog_augmented/HazyDr_Bing_132_medium.png
HazyDr_Bing_132.png,augment_full,high,False,,
HazyDr_Bing_158.png,no_augment,,,,
HazyDr_Bing_194.png,augment_full,low,True,100.73260498046875,data/processed/fog_augmented/HazyDr_Bing_194_low.png
HazyDr_Bing_194.png,augment_full,medium,True,117.22618865966797,data/processed/fog_augmented/HazyDr_Bing_194_medium.png
HazyDr_Bing_194.png,augment_full,high,False,,
HazyDr_Bing_228.png,augment_full,low,True,101.47549438476562,data/processed/fog_augmented/HazyDr_Bing_228_low.png
HazyDr_Bing_228.png,augment_full,medium,True,104.21228790283203,data/processed/fog_augmented/HazyDr_Bing_228_medium.png
HazyDr_Bing_228.png,augment_full,high,False,,
HazyDr_Bing_296.png,augment_full,low,True,100.2822265625,data/processed/fog_augmented/HazyDr_Bing_296_low.png
HazyDr_Bing_296.png,augment_full,medium,True,103.6207046508789,data/processed/fog_augmented/HazyDr_Bing_296_medium.png
HazyDr_Bing_296.png,augment_full,high,False,,
HazyDr_Bing_300.png,augment_medium,medium,True,138.07891845703125,data/processed/fog_augmented/HazyDr_Bing_300_medium.png
HazyDr_Bing_320.png,augment_medium,medium,True,147.3622283935547,data/processed/fog_augmented/HazyDr_Bing_320_medium.png
HazyDr_Bing_376.png,augment_medium,medium,True,151.17098999023438,data/processed/fog_augmented/HazyDr_Bing_376_medium.png
HazyDr_Bing_420.png,no_augment,,,,
HazyDr_Bing_543.png,augment_medium,medium,True,147.4125213623047,data/processed/fog_augmented/HazyDr_Bing_543_medium.png
HazyDr_Bing_557.png,augment_medium,medium,True,150.27291870117188,data/processed/fog_augmented/HazyDr_Bing_557_medium.png
HazyDr_Bing_569.png,no_augment,,,,
HazyDr_Bing_780.png,augment_full,low,False,,
HazyDr_Bing_780.png,augment_full,medium,True,123.44577026367188,data/processed/fog_augmented/HazyDr_Bing_780_medium.png
HazyDr_Bing_780.png,augment_full,high,True,143.5463104248047,data/processed/fog_augmented/HazyDr_Bing_780_high.png
HazyDr_Bing_800.png,augment_full,low,True,98.77729034423828,data/processed/fog_augmented/HazyDr_Bing_800_low.png
HazyDr_Bing_800.png,augment_full,medium,True,127.88163757324219,data/processed/fog_augmented/HazyDr_Bing_800_medium.png
HazyDr_Bing_800.png,augment_full,high,False,,
HazyDr_Bing_820.png,augment_full,low,False,,
HazyDr_Bing_820.png,augment_full,medium,True,122.75532531738281,data/processed/fog_augmented/HazyDr_Bing_820_medium.png
HazyDr_Bing_820.png,augment_full,high,True,154.91720581054688,data/processed/fog_augmented/HazyDr_Bing_820_high.png
HazyDr_Google_054.png,no_augment,,,,
HazyDr_Google_057.png,no_augment,,,,
HazyDr_Google_059.png,augment_medium,medium,True,146.36045837402344,data/processed/fog_augmented/HazyDr_Google_059_medium.png
HazyDr_Google_060.png,no_augment,,,,
HazyDr_Google_118.png,augment_medium,medium,True,129.36093139648438,data/processed/fog_augmented/HazyDr_Google_118_medium.png
HazyDr_Google_138.png,augment_full,low,False,,
HazyDr_Google_138.png,augment_full,medium,True,125.56737518310547,data/processed/fog_augmented/HazyDr_Google_138_medium.png
HazyDr_Google_138.png,augment_full,high,True,137.43014526367188,data/processed/fog_augmented/HazyDr_Google_138_high.png
HazyDr_Google_140.png,augment_medium,medium,True,133.43804931640625,data/processed/fog_augmented/HazyDr_Google_140_medium.png
HazyDr_Google_153.png,augment_full,low,True,95.3509521484375,data/processed/fog_augmented/HazyDr_Google_153_low.png
HazyDr_Google_153.png,augment_full,medium,True,125.42701721191406,data/processed/fog_augmented/HazyDr_Google_153_medium.png
HazyDr_Google_153.png,augment_full,high,False,,
HazyDr_Google_165.png,augment_full,low,True,98.29487609863281,data/processed/fog_augmented/HazyDr_Google_165_low.png
HazyDr_Google_165.png,augment_full,medium,True,117.438720703125,data/processed/fog_augmented/HazyDr_Google_165_medium.png
HazyDr_Google_165.png,augment_full,high,True,131.664306640625,data/processed/fog_augmented/HazyDr_Google_165_high.png
HazyDr_Google_185.png,augment_full,low,True,98.26396942138672,data/processed/fog_augmented/HazyDr_Google_185_low.png
HazyDr_Google_185.png,augment_full,medium,True,125.5760726928711,data/processed/fog_augmented/HazyDr_Google_185_medium.png
HazyDr_Google_185.png,augment_full,high,True,138.19189453125,data/processed/fog_augmented/HazyDr_Google_185_high.png
HazyDr_Google_188.png,augment_medium,medium,True,143.23239135742188,data/processed/fog_augmented/HazyDr_Google_188_medium.png
HazyDr_Google_240.png,augment_full,low,True,102.30760192871094,data/processed/fog_augmented/HazyDr_Google_240_low.png
HazyDr_Google_240.png,augment_full,medium,True,117.3038558959961,data/processed/fog_augmented/HazyDr_Google_240_medium.png
HazyDr_Google_240.png,augment_full,high,False,,
HazyDr_Google_277.png,no_augment,,,,
HazyDr_Google_289.png,augment_full,low,True,98.42359161376953,data/processed/fog_augmented/HazyDr_Google_289_low.png
HazyDr_Google_289.png,augment_full,medium,True,103.68087768554688,data/processed/fog_augmented/HazyDr_Google_289_medium.png
HazyDr_Google_289.png,augment_full,high,False,,
HazyDr_Google_298.png,no_augment,,,,
HazyDr_Google_324.png,augment_medium,medium,True,142.21368408203125,data/processed/fog_augmented/HazyDr_Google_324_medium.png
HazyDr_Google_359.png,augment_medium,medium,True,133.0555877685547,data/processed/fog_augmented/HazyDr_Google_359_medium.png
HazyDr_Google_384.png,augment_full,low,False,,
HazyDr_Google_384.png,augment_full,medium,True,127.3183364868164,data/processed/fog_augmented/HazyDr_Google_384_medium.png
HazyDr_Google_384.png,augment_full,high,True,136.04893493652344,data/processed/fog_augmented/HazyDr_Google_384_high.png
HazyDr_Google_475.png,augment_full,low,True,99.0867691040039,data/processed/fog_augmented/HazyDr_Google_475_low.png
HazyDr_Google_475.png,augment_full,medium,True,121.16239929199219,data/processed/fog_augmented/HazyDr_Google_475_medium.png
HazyDr_Google_475.png,augment_full,high,True,128.88771057128906,data/processed/fog_augmented/HazyDr_Google_475_high.png
HazyDr_Google_476.png,no_augment,,,,
HazyDr_Google_602.png,augment_full,low,True,100.3326416015625,data/processed/fog_augmented/HazyDr_Google_602_low.png
HazyDr_Google_602.png,augment_full,medium,True,105.42076110839844,data/processed/fog_augmented/HazyDr_Google_602_medium.png
HazyDr_Google_602.png,augment_full,high,False,,
HazyDr_Google_622.png,augment_full,low,True,101.66749572753906,data/processed/fog_augmented/HazyDr_Google_622_low.png
HazyDr_Google_622.png,augment_full,medium,True,117.66326141357422,data/processed/fog_augmented/HazyDr_Google_622_medium.png
HazyDr_Google_622.png,augment_full,high,False,,
HazyDr_Google_647.png,no_augment,,,,
HazyDr_Google_678.png,augment_full,low,True,98.07633972167969,data/processed/fog_augmented/HazyDr_Google_678_low.png
HazyDr_Google_678.png,augment_full,medium,True,123.9816665649414,data/processed/fog_augmented/HazyDr_Google_678_medium.png
HazyDr_Google_678.png,augment_full,high,True,142.5363006591797,data/processed/fog_augmented/HazyDr_Google_678_high.png
HazyDr_Google_753.png,no_augment,,,,
HazyDr_Google_798.png,augment_full,low,True,101.15059661865234,data/processed/fog_augmented/HazyDr_Google_798_low.png
HazyDr_Google_798.png,augment_full,medium,True,117.35346221923828,data/processed/fog_augmented/HazyDr_Google_798_medium.png
HazyDr_Google_798.png,augment_full,high,True,149.0093536376953,data/processed/fog_augmented/HazyDr_Google_798_high.png
IRQ_Bing_005.png,augment_full,low,True,100.37714385986328,data/processed/fog_augmented/IRQ_Bing_005_low.png
IRQ_Bing_005.png,augment_full,medium,True,126.5291748046875,data/processed/fog_augmented/IRQ_Bing_005_medium.png
IRQ_Bing_005.png,augment_full,high,False,,
IRQ_Bing_007.png,augment_full,low,False,,
IRQ_Bing_007.png,augment_full,medium,True,125.98995208740234,data/processed/fog_augmented/IRQ_Bing_007_medium.png
IRQ_Bing_007.png,augment_full,high,True,143.35549926757812,data/processed/fog_augmented/IRQ_Bing_007_high.png
IRQ_Bing_017.png,augment_full,low,True,99.19686126708984,data/processed/fog_augmented/IRQ_Bing_017_low.png
IRQ_Bing_017.png,augment_full,medium,True,104.59626770019531,data/processed/fog_augmented/IRQ_Bing_017_medium.png
IRQ_Bing_017.png,augment_full,high,False,,
IRQ_Bing_018.png,augment_full,low,True,99.32817077636719,data/processed/fog_augmented/IRQ_Bing_018_low.png
IRQ_Bing_018.png,augment_full,medium,True,112.0435562133789,data/processed/fog_augmented/IRQ_Bing_018_medium.png
IRQ_Bing_018.png,augment_full,high,False,,
IRQ_Bing_078.png,no_augment,,,,
IRQ_Bing_101.png,augment_medium,medium,True,149.94329833984375,data/processed/fog_augmented/IRQ_Bing_101_medium.png
IRQ_Bing_113.png,augment_full,low,True,66.12277221679688,data/processed/fog_augmented/IRQ_Bing_113_low.png
IRQ_Bing_113.png,augment_full,medium,False,,
IRQ_Bing_113.png,augment_full,high,False,,
IRQ_Bing_146.png,augment_medium,medium,True,153.1641845703125,data/processed/fog_augmented/IRQ_Bing_146_medium.png
IRQ_Bing_228.png,augment_medium,medium,True,153.05711364746094,data/processed/fog_augmented/IRQ_Bing_228_medium.png
IRQ_Bing_250.png,augment_full,low,True,100.40728759765625,data/processed/fog_augmented/IRQ_Bing_250_low.png
IRQ_Bing_250.png,augment_full,medium,True,122.48644256591797,data/processed/fog_augmented/IRQ_Bing_250_medium.png
IRQ_Bing_250.png,augment_full,high,False,,
IRQ_Bing_257.png,augment_full,low,True,101.78311920166016,data/processed/fog_augmented/IRQ_Bing_257_low.png
IRQ_Bing_257.png,augment_full,medium,True,125.82320404052734,data/processed/fog_augmented/IRQ_Bing_257_medium.png
IRQ_Bing_257.png,augment_full,high,False,,
IRQ_Bing_263.png,no_augment,,,,
IRQ_Bing_29.png,augment_full,low,True,100.03691864013672,data/processed/fog_augmented/IRQ_Bing_29_low.png
IRQ_Bing_29.png,augment_full,medium,True,124.21978759765625,data/processed/fog_augmented/IRQ_Bing_29_medium.png
IRQ_Bing_29.png,augment_full,high,True,146.7548828125,data/processed/fog_augmented/IRQ_Bing_29_high.png
IRQ_Bing_399.png,augment_full,low,True,102.72232055664062,data/processed/fog_augmented/IRQ_Bing_399_low.png
IRQ_Bing_399.png,augment_full,medium,True,124.24345397949219,data/processed/fog_augmented/IRQ_Bing_399_medium.png
IRQ_Bing_399.png,augment_full,high,True,155.56346130371094,data/processed/fog_augmented/IRQ_Bing_399_high.png
IRQ_Bing_460.png,augment_full,low,True,100.81884765625,data/processed/fog_augmented/IRQ_Bing_460_low.png
IRQ_Bing_460.png,augment_full,medium,True,108.40001678466797,data/processed/fog_augmented/IRQ_Bing_460_medium.png
IRQ_Bing_460.png,augment_full,high,False,,
IRQ_Bing_516.png,augment_medium,medium,True,154.95411682128906,data/processed/fog_augmented/IRQ_Bing_516_medium.png
IRQ_Bing_674.png,augment_full,low,True,100.61737823486328,data/processed/fog_augmented/IRQ_Bing_674_low.png
IRQ_Bing_674.png,augment_full,medium,True,123.8338623046875,data/processed/fog_augmented/IRQ_Bing_674_medium.png
IRQ_Bing_674.png,augment_full,high,False,,
IRQ_Bing_775.png,augment_full,low,True,95.99263000488281,data/processed/fog_augmented/IRQ_Bing_775_low.png
IRQ_Bing_775.png,augment_full,medium,True,121.48673248291016,data/processed/fog_augmented/IRQ_Bing_775_medium.png
IRQ_Bing_775.png,augment_full,high,False,,
IRQ_Google_010.png,augment_full,low,True,79.28059387207031,data/processed/fog_augmented/IRQ_Google_010_low.png
IRQ_Google_010.png,augment_full,medium,False,,
IRQ_Google_010.png,augment_full,high,False,,
IRQ_Google_027.png,no_augment,,,,
IRQ_Google_030.png,augment_full,low,True,100.92720794677734,data/processed/fog_augmented/IRQ_Google_030_low.png
IRQ_Google_030.png,augment_full,medium,True,109.30970764160156,data/processed/fog_augmented/IRQ_Google_030_medium.png
IRQ_Google_030.png,augment_full,high,False,,
IRQ_Google_077.png,augment_medium,medium,True,128.6533203125,data/processed/fog_augmented/IRQ_Google_077_medium.png
IRQ_Google_084.png,no_augment,,,,
IRQ_Google_109.png,no_augment,,,,
IRQ_Google_115.png,augment_full,low,True,99.70513153076172,data/processed/fog_augmented/IRQ_Google_115_low.png
IRQ_Google_115.png,augment_full,medium,False,,
IRQ_Google_115.png,augment_full,high,False,,
IRQ_Google_121.png,augment_medium,medium,True,149.60792541503906,data/processed/fog_augmented/IRQ_Google_121_medium.png
IRQ_Google_136.png,augment_medium,medium,True,139.41831970214844,data/processed/fog_augmented/IRQ_Google_136_medium.png
IRQ_Google_147.png,augment_full,low,True,100.76454162597656,data/processed/fog_augmented/IRQ_Google_147_low.png
IRQ_Google_147.png,augment_full,medium,False,,
IRQ_Google_147.png,augment_full,high,False,,
IRQ_Google_148.png,augment_full,low,True,76.26165771484375,data/processed/fog_augmented/IRQ_Google_148_low.png
IRQ_Google_148.png,augment_full,medium,False,,
IRQ_Google_148.png,augment_full,high,False,,
IRQ_Google_161.png,no_augment,,,,
IRQ_Google_210.png,augment_medium,medium,True,128.10382080078125,data/processed/fog_augmented/IRQ_Google_210_medium.png
IRQ_Google_211.png,augment_full,low,True,90.3844985961914,data/processed/fog_augmented/IRQ_Google_211_low.png
IRQ_Google_211.png,augment_full,medium,False,,
IRQ_Google_211.png,augment_full,high,False,,
IRQ_Google_243.png,no_augment,,,,
IRQ_Google_250.png,augment_full,low,True,93.49693298339844,data/processed/fog_augmented/IRQ_Google_250_low.png
IRQ_Google_250.png,augment_full,medium,False,,
IRQ_Google_250.png,augment_full,high,False,,
IRQ_Google_260.png,augment_full,low,True,92.81900787353516,data/processed/fog_augmented/IRQ_Google_260_low.png
IRQ_Google_260.png,augment_full,medium,False,,
IRQ_Google_260.png,augment_full,high,False,,
IRQ_Google_314.png,no_augment,,,,
IRQ_Google_323.png,augment_medium,medium,True,138.87991333007812,data/processed/fog_augmented/IRQ_Google_323_medium.png
IRQ_Google_327.png,augment_full,low,True,77.45867156982422,data/processed/fog_augmented/IRQ_Google_327_low.png
IRQ_Google_327.png,augment_full,medium,False,,
IRQ_Google_327.png,augment_full,high,False,,
IRQ_Google_422.png,augment_medium,medium,True,155.56497192382812,data/processed/fog_augmented/IRQ_Google_422_medium.png
IRQ_Google_46.png,augment_full,low,True,77.9399185180664,data/processed/fog_augmented/IRQ_Google_46_low.png
IRQ_Google_46.png,augment_full,medium,False,,
IRQ_Google_46.png,augment_full,high,False,,
IRQ_Google_464.png,augment_full,low,True,102.45706939697266,data/processed/fog_augmented/IRQ_Google_464_low.png
IRQ_Google_464.png,augment_full,medium,False,,
IRQ_Google_464.png,augment_full,high,False,,
IRQ_Google_468.png,augment_medium,medium,True,129.0944366455078,data/processed/fog_augmented/IRQ_Google_468_medium.png
IRQ_Google_470.png,augment_medium,medium,True,152.5904083251953,data/processed/fog_augmented/IRQ_Google_470_medium.png
IRQ_Google_476.png,augment_full,low,True,100.00493621826172,data/processed/fog_augmented/IRQ_Google_476_low.png
IRQ_Google_476.png,augment_full,medium,True,121.98778533935547,data/processed/fog_augmented/IRQ_Google_476_medium.png
IRQ_Google_476.png,augment_full,high,False,,
IRQ_Google_484.png,augment_full,low,False,,
IRQ_Google_484.png,augment_full,medium,True,123.96852111816406,data/processed/fog_augmented/IRQ_Google_484_medium.png
IRQ_Google_484.png,augment_full,high,True,149.01255798339844,data/processed/fog_augmented/IRQ_Google_484_high.png
IRQ_Google_490.png,augment_medium,medium,True,153.67361450195312,data/processed/fog_augmented/IRQ_Google_490_medium.png
IRQ_Google_494.png,augment_full,low,True,100.99236297607422,data/processed/fog_augmented/IRQ_Google_494_low.png
IRQ_Google_494.png,augment_full,medium,True,124.02137756347656,data/processed/fog_augmented/IRQ_Google_494_medium.png
IRQ_Google_494.png,augment_full,high,True,136.4197540283203,data/processed/fog_augmented/IRQ_Google_494_high.png
IRQ_Google_495.png,augment_medium,medium,True,150.3782196044922,data/processed/fog_augmented/IRQ_Google_495_medium.png
IRQ_Google_508.png,augment_full,low,False,,
IRQ_Google_508.png,augment_full,medium,True,124.5784683227539,data/processed/fog_augmented/IRQ_Google_508_medium.png
IRQ_Google_508.png,augment_full,high,True,147.945556640625,data/processed/fog_augmented/IRQ_Google_508_high.png
IRQ_Google_510.png,augment_medium,medium,True,155.019775390625,data/processed/fog_augmented/IRQ_Google_510_medium.png
IRQ_Google_523.png,augment_medium,medium,True,139.2627716064453,data/processed/fog_augmented/IRQ_Google_523_medium.png
IRQ_Google_525.png,augment_full,low,False,,
IRQ_Google_525.png,augment_full,medium,True,125.20263671875,data/processed/fog_augmented/IRQ_Google_525_medium.png
IRQ_Google_525.png,augment_full,high,True,147.74691772460938,data/processed/fog_augmented/IRQ_Google_525_high.png
IRQ_Google_533.png,augment_medium,medium,True,143.23973083496094,data/processed/fog_augmented/IRQ_Google_533_medium.png
IRQ_Google_540.png,augment_full,low,False,,
IRQ_Google_540.png,augment_full,medium,True,126.59981536865234,data/processed/fog_augmented/IRQ_Google_540_medium.png
IRQ_Google_540.png,augment_full,high,True,153.91639709472656,data/processed/fog_augmented/IRQ_Google_540_high.png
IRQ_Google_658.png,augment_medium,medium,True,149.705810546875,data/processed/fog_augmented/IRQ_Google_658_medium.png
JL_Baidu_000.png,augment_medium,medium,True,137.90016174316406,data/processed/fog_augmented/JL_Baidu_000_medium.png
JL_Baidu_014.png,no_augment,,,,
JL_Baidu_016.png,no_augment,,,,
JL_Baidu_057.png,augment_full,low,True,97.94947814941406,data/processed/fog_augmented/JL_Baidu_057_low.png
JL_Baidu_057.png,augment_full,medium,True,127.44365692138672,data/processed/fog_augmented/JL_Baidu_057_medium.png
JL_Baidu_057.png,augment_full,high,True,140.6104278564453,data/processed/fog_augmented/JL_Baidu_057_high.png
JL_Baidu_089.png,no_augment,,,,
JL_Baidu_093.png,augment_full,low,True,99.83120727539062,data/processed/fog_augmented/JL_Baidu_093_low.png
JL_Baidu_093.png,augment_full,medium,True,124.43101501464844,data/processed/fog_augmented/JL_Baidu_093_medium.png
JL_Baidu_093.png,augment_full,high,True,134.86392211914062,data/processed/fog_augmented/JL_Baidu_093_high.png
JL_Baidu_110.png,augment_medium,medium,True,154.59896850585938,data/processed/fog_augmented/JL_Baidu_110_medium.png
JL_Baidu_138.png,no_augment,,,,
JL_Baidu_145.png,augment_full,low,True,101.74226379394531,data/processed/fog_augmented/JL_Baidu_145_low.png
JL_Baidu_145.png,augment_full,medium,True,118.63154602050781,data/processed/fog_augmented/JL_Baidu_145_medium.png
JL_Baidu_145.png,augment_full,high,True,136.8776397705078,data/processed/fog_augmented/JL_Baidu_145_high.png
JL_Baidu_146.png,no_augment,,,,
JL_Baidu_150.png,augment_medium,medium,True,134.85789489746094,data/processed/fog_augmented/JL_Baidu_150_medium.png
JL_Baidu_153.png,augment_medium,medium,True,150.60934448242188,data/processed/fog_augmented/JL_Baidu_153_medium.png
JL_Baidu_198.png,augment_medium,medium,True,152.8684844970703,data/processed/fog_augmented/JL_Baidu_198_medium.png
JL_Baidu_230.png,no_augment,,,,
JL_Baidu_231.png,augment_medium,medium,True,148.07528686523438,data/processed/fog_augmented/JL_Baidu_231_medium.png
JL_Baidu_232.png,no_augment,,,,
JL_Bing_002.png,augment_medium,medium,True,148.77227783203125,data/processed/fog_augmented/JL_Bing_002_medium.png
JL_Bing_014.png,augment_medium,medium,True,148.47752380371094,data/processed/fog_augmented/JL_Bing_014_medium.png
JL_Bing_05.png,augment_full,low,True,100.09286499023438,data/processed/fog_augmented/JL_Bing_05_low.png
JL_Bing_05.png,augment_full,medium,True,122.5552749633789,data/processed/fog_augmented/JL_Bing_05_medium.png
JL_Bing_05.png,augment_full,high,True,134.33485412597656,data/processed/fog_augmented/JL_Bing_05_high.png
JL_Bing_055.png,augment_full,low,True,99.10945892333984,data/processed/fog_augmented/JL_Bing_055_low.png
JL_Bing_055.png,augment_full,medium,True,126.95661163330078,data/processed/fog_augmented/JL_Bing_055_medium.png
JL_Bing_055.png,augment_full,high,True,152.64158630371094,data/processed/fog_augmented/JL_Bing_055_high.png
JL_Bing_064.png,no_augment,,,,
JL_Bing_081.png,no_augment,,,,
JL_Bing_169.png,no_augment,,,,
JL_Bing_196.png,augment_full,low,True,102.16807556152344,data/processed/fog_augmented/JL_Bing_196_low.png
JL_Bing_196.png,augment_full,medium,True,124.1072998046875,data/processed/fog_augmented/JL_Bing_196_medium.png
JL_Bing_196.png,augment_full,high,True,133.63796997070312,data/processed/fog_augmented/JL_Bing_196_high.png
JL_Bing_224.png,augment_full,low,True,101.69190979003906,data/processed/fog_augmented/JL_Bing_224_low.png
JL_Bing_224.png,augment_full,medium,True,127.00907897949219,data/processed/fog_augmented/JL_Bing_224_medium.png
JL_Bing_224.png,augment_full,high,True,130.55996704101562,data/processed/fog_augmented/JL_Bing_224_high.png
JL_Bing_225.png,augment_full,low,True,102.13847351074219,data/processed/fog_augmented/JL_Bing_225_low.png
JL_Bing_225.png,augment_full,medium,True,103.95447540283203,data/processed/fog_augmented/JL_Bing_225_medium.png
JL_Bing_225.png,augment_full,high,False,,
JL_Bing_238.png,augment_medium,medium,True,154.24456787109375,data/processed/fog_augmented/JL_Bing_238_medium.png
JL_Bing_257.png,no_augment,,,,
JL_Bing_282.png,augment_full,low,False,,
JL_Bing_282.png,augment_full,medium,True,127.21955108642578,data/processed/fog_augmented/JL_Bing_282_medium.png
JL_Bing_282.png,augment_full,high,True,151.8806915283203,data/processed/fog_augmented/JL_Bing_282_high.png
JL_Bing_429.png,no_augment,,,,
JL_Bing_431.png,augment_medium,medium,True,148.36752319335938,data/processed/fog_augmented/JL_Bing_431_medium.png
JL_Bing_568.png,augment_medium,medium,True,128.98098754882812,data/processed/fog_augmented/JL_Bing_568_medium.png
JL_Bing_61.png,augment_medium,medium,True,148.27783203125,data/processed/fog_augmented/JL_Bing_61_medium.png
JL_Bing_627.png,augment_full,low,True,98.13785552978516,data/processed/fog_augmented/JL_Bing_627_low.png
JL_Bing_627.png,augment_full,medium,True,127.68303680419922,data/processed/fog_augmented/JL_Bing_627_medium.png
JL_Bing_627.png,augment_full,high,False,,
JL_Bing_674.png,augment_full,low,True,99.47160339355469,data/processed/fog_augmented/JL_Bing_674_low.png
JL_Bing_674.png,augment_full,medium,True,126.75838470458984,data/processed/fog_augmented/JL_Bing_674_medium.png
JL_Bing_674.png,augment_full,high,True,128.67251586914062,data/processed/fog_augmented/JL_Bing_674_high.png
JL_Bing_683.png,augment_full,low,False,,
JL_Bing_683.png,augment_full,medium,True,126.08312225341797,data/processed/fog_augmented/JL_Bing_683_medium.png
JL_Bing_683.png,augment_full,high,True,152.93798828125,data/processed/fog_augmented/JL_Bing_683_high.png
JL_Bing_684.png,no_augment,,,,
JL_Bing_708.png,augment_medium,medium,True,153.27430725097656,data/processed/fog_augmented/JL_Bing_708_medium.png
JL_Bing_730.png,augment_full,low,False,,
JL_Bing_730.png,augment_full,medium,True,127.01431274414062,data/processed/fog_augmented/JL_Bing_730_medium.png
JL_Bing_730.png,augment_full,high,True,144.91970825195312,data/processed/fog_augmented/JL_Bing_730_high.png
JL_Bing_751.png,augment_medium,medium,True,151.5964813232422,data/processed/fog_augmented/JL_Bing_751_medium.png
JL_Bing_767.png,augment_full,low,True,97.09390258789062,data/processed/fog_augmented/JL_Bing_767_low.png
JL_Bing_767.png,augment_full,medium,True,120.16036987304688,data/processed/fog_augmented/JL_Bing_767_medium.png
JL_Bing_767.png,augment_full,high,True,147.6028594970703,data/processed/fog_augmented/JL_Bing_767_high.png
JL_Bing_786.png,no_augment,,,,
JL_Bing_804.png,augment_full,low,True,97.81774139404297,data/processed/fog_augmented/JL_Bing_804_low.png
JL_Bing_804.png,augment_full,medium,False,,
JL_Bing_804.png,augment_full,high,False,,
JL_Google_011.png,no_augment,,,,
JL_Google_038.png,augment_full,low,True,102.58695983886719,data/processed/fog_augmented/JL_Google_038_low.png
JL_Google_038.png,augment_full,medium,True,126.62845611572266,data/processed/fog_augmented/JL_Google_038_medium.png
JL_Google_038.png,augment_full,high,True,142.65870666503906,data/processed/fog_augmented/JL_Google_038_high.png
JL_Google_095.png,no_augment,,,,
JL_Google_104.png,augment_medium,medium,True,148.89266967773438,data/processed/fog_augmented/JL_Google_104_medium.png
JL_Google_115.png,no_augment,,,,
JL_Google_116.png,no_augment,,,,
JL_Google_137.png,augment_full,low,True,90.96612548828125,data/processed/fog_augmented/JL_Google_137_low.png
JL_Google_137.png,augment_full,medium,False,,
JL_Google_137.png,augment_full,high,False,,
JL_Google_143.png,augment_medium,medium,True,153.51040649414062,data/processed/fog_augmented/JL_Google_143_medium.png
JL_Google_145.png,no_augment,,,,
JL_Google_152.png,augment_full,low,True,95.3805923461914,data/processed/fog_augmented/JL_Google_152_low.png
JL_Google_152.png,augment_full,medium,True,126.97684478759766,data/processed/fog_augmented/JL_Google_152_medium.png
JL_Google_152.png,augment_full,high,True,147.9184112548828,data/processed/fog_augmented/JL_Google_152_high.png
JL_Google_177.png,augment_medium,medium,True,153.04495239257812,data/processed/fog_augmented/JL_Google_177_medium.png
JL_Google_179.png,no_augment,,,,
JL_Google_227.png,augment_full,low,True,99.3549575805664,data/processed/fog_augmented/JL_Google_227_low.png
JL_Google_227.png,augment_full,medium,True,124.17543029785156,data/processed/fog_augmented/JL_Google_227_medium.png
JL_Google_227.png,augment_full,high,True,151.6334686279297,data/processed/fog_augmented/JL_Google_227_high.png
JL_Google_237.png,no_augment,,,,
JL_Google_24.png,augment_full,low,True,91.86592864990234,data/processed/fog_augmented/JL_Google_24_low.png
JL_Google_24.png,augment_full,medium,True,127.90678405761719,data/processed/fog_augmented/JL_Google_24_medium.png
JL_Google_24.png,augment_full,high,True,137.95909118652344,data/processed/fog_augmented/JL_Google_24_high.png
JL_Google_254.png,augment_medium,medium,True,138.14356994628906,data/processed/fog_augmented/JL_Google_254_medium.png
JL_Google_255.png,no_augment,,,,
JL_Google_263.png,augment_full,low,False,,
JL_Google_263.png,augment_full,medium,True,125.89911651611328,data/processed/fog_augmented/JL_Google_263_medium.png
JL_Google_263.png,augment_full,high,False,,
JL_Google_288.png,augment_medium,medium,True,132.5983428955078,data/processed/fog_augmented/JL_Google_288_medium.png
JL_Google_289.png,augment_medium,medium,True,151.21994018554688,data/processed/fog_augmented/JL_Google_289_medium.png
JL_Google_290.png,no_augment,,,,
JL_Google_299.png,no_augment,,,,
JL_Google_327.png,no_augment,,,,
JL_Google_354.png,augment_full,low,True,66.49446868896484,data/processed/fog_augmented/JL_Google_354_low.png
JL_Google_354.png,augment_full,medium,False,,
JL_Google_354.png,augment_full,high,False,,
JL_Google_397.png,no_augment,,,,
JL_Google_407.png,augment_full,low,False,,
JL_Google_407.png,augment_full,medium,True,127.26948547363281,data/processed/fog_augmented/JL_Google_407_medium.png
JL_Google_407.png,augment_full,high,True,140.7489776611328,data/processed/fog_augmented/JL_Google_407_high.png
JL_Google_412.png,no_augment,,,,
JL_Google_413.png,no_augment,,,,
JL_Google_421.png,augment_full,low,False,,
JL_Google_421.png,augment_full,medium,True,124.43343353271484,data/processed/fog_augmented/JL_Google_421_medium.png
JL_Google_421.png,augment_full,high,True,151.0494384765625,data/processed/fog_augmented/JL_Google_421_high.png
JL_Google_423.png,augment_full,low,True,101.1432113647461,data/processed/fog_augmented/JL_Google_423_low.png
JL_Google_423.png,augment_full,medium,True,104.73641204833984,data/processed/fog_augmented/JL_Google_423_medium.png
JL_Google_423.png,augment_full,high,False,,
JL_Google_463.png,augment_medium,medium,True,155.29153442382812,data/processed/fog_augmented/JL_Google_463_medium.png
JL_Google_464.png,augment_full,low,False,,
JL_Google_464.png,augment_full,medium,True,123.17842864990234,data/processed/fog_augmented/JL_Google_464_medium.png
JL_Google_464.png,augment_full,high,True,154.7946014404297,data/processed/fog_augmented/JL_Google_464_high.png
JL_Google_497.png,no_augment,,,,
JL_Google_498.png,augment_medium,medium,True,147.164306640625,data/processed/fog_augmented/JL_Google_498_medium.png
JL_Google_502.png,no_augment,,,,
JL_Google_505.png,no_augment,,,,
JL_Google_538.png,no_augment,,,,
JL_Google_588.png,augment_medium,medium,True,155.29273986816406,data/processed/fog_augmented/JL_Google_588_medium.png
JL_Google_589.png,no_augment,,,,
JL_Google_592.png,augment_medium,medium,True,153.59811401367188,data/processed/fog_augmented/JL_Google_592_medium.png
JL_Google_595.png,augment_medium,medium,True,154.35470581054688,data/processed/fog_augmented/JL_Google_595_medium.png
JL_Google_614.png,augment_medium,medium,True,152.40823364257812,data/processed/fog_augmented/JL_Google_614_medium.png
JL_Google_620.png,augment_full,low,True,101.0969009399414,data/processed/fog_augmented/JL_Google_620_low.png
JL_Google_620.png,augment_full,medium,True,103.91886901855469,data/processed/fog_augmented/JL_Google_620_medium.png
JL_Google_620.png,augment_full,high,False,,
JL_Google_621.png,augment_medium,medium,True,148.9863739013672,data/processed/fog_augmented/JL_Google_621_medium.png
JL_Google_627.png,no_augment,,,,
JL_Google_641.png,augment_full,low,True,101.9216537475586,data/processed/fog_augmented/JL_Google_641_low.png
JL_Google_641.png,augment_full,medium,True,122.80580139160156,data/processed/fog_augmented/JL_Google_641_medium.png
JL_Google_641.png,augment_full,high,False,,
JL_Google_66.png,no_augment,,,,
JL_Google_674.png,augment_medium,medium,True,149.71463012695312,data/processed/fog_augmented/JL_Google_674_medium.png
JL_Google_713.png,augment_full,low,True,99.89442443847656,data/processed/fog_augmented/JL_Google_713_low.png
JL_Google_713.png,augment_full,medium,True,109.30022430419922,data/processed/fog_augmented/JL_Google_713_medium.png
JL_Google_713.png,augment_full,high,False,,
JL_Google_752.png,augment_full,low,True,96.82234191894531,data/processed/fog_augmented/JL_Google_752_low.png
JL_Google_752.png,augment_full,medium,False,,
JL_Google_752.png,augment_full,high,False,,
JL_Google_753.png,augment_full,low,True,62.943424224853516,data/processed/fog_augmented/JL_Google_753_low.png
JL_Google_753.png,augment_full,medium,False,,
JL_Google_753.png,augment_full,high,False,,
JL_Google_781.png,augment_full,low,False,,
JL_Google_781.png,augment_full,medium,True,127.9036865234375,data/processed/fog_augmented/JL_Google_781_medium.png
JL_Google_781.png,augment_full,high,True,152.5313720703125,data/processed/fog_augmented/JL_Google_781_high.png
KRO_Google_003.png,augment_full,low,False,,
KRO_Google_003.png,augment_full,medium,True,124.30260467529297,data/processed/fog_augmented/KRO_Google_003_medium.png
KRO_Google_003.png,augment_full,high,True,141.13705444335938,data/processed/fog_augmented/KRO_Google_003_high.png
KRO_Google_014.png,no_augment,,,,
KRO_Google_015.png,no_augment,,,,
KRO_Google_017.png,augment_medium,medium,True,131.77732849121094,data/processed/fog_augmented/KRO_Google_017_medium.png
KRO_Google_034.png,augment_medium,medium,True,146.32241821289062,data/processed/fog_augmented/KRO_Google_034_medium.png
KRO_Google_036.png,no_augment,,,,
KRO_Google_060.png,augment_medium,medium,True,144.2540283203125,data/processed/fog_augmented/KRO_Google_060_medium.png
KRO_Google_079.png,augment_full,low,True,97.63672637939453,data/processed/fog_augmented/KRO_Google_079_low.png
KRO_Google_079.png,augment_full,medium,True,126.15618133544922,data/processed/fog_augmented/KRO_Google_079_medium.png
KRO_Google_079.png,augment_full,high,True,132.7803497314453,data/processed/fog_augmented/KRO_Google_079_high.png
KRO_Google_113.png,augment_medium,medium,True,153.6518096923828,data/processed/fog_augmented/KRO_Google_113_medium.png
KRO_Google_142.png,augment_full,low,True,95.90034484863281,data/processed/fog_augmented/KRO_Google_142_low.png
KRO_Google_142.png,augment_full,medium,False,,
KRO_Google_142.png,augment_full,high,False,,
KRO_Google_162.png,augment_full,low,True,99.63294219970703,data/processed/fog_augmented/KRO_Google_162_low.png
KRO_Google_162.png,augment_full,medium,True,126.17434692382812,data/processed/fog_augmented/KRO_Google_162_medium.png
KRO_Google_162.png,augment_full,high,True,132.65887451171875,data/processed/fog_augmented/KRO_Google_162_high.png
KRO_Google_20.png,augment_full,low,False,,
KRO_Google_20.png,augment_full,medium,True,127.73414611816406,data/processed/fog_augmented/KRO_Google_20_medium.png
KRO_Google_20.png,augment_full,high,True,144.53836059570312,data/processed/fog_augmented/KRO_Google_20_high.png
KRO_Google_293.png,augment_full,low,False,,
KRO_Google_293.png,augment_full,medium,True,127.57378387451172,data/processed/fog_augmented/KRO_Google_293_medium.png
KRO_Google_293.png,augment_full,high,True,130.55274963378906,data/processed/fog_augmented/KRO_Google_293_high.png
KRO_Google_307.png,augment_full,low,False,,
KRO_Google_307.png,augment_full,medium,True,126.85041046142578,data/processed/fog_augmented/KRO_Google_307_medium.png
KRO_Google_307.png,augment_full,high,True,150.52859497070312,data/processed/fog_augmented/KRO_Google_307_high.png
KRO_Google_311.png,augment_full,low,False,,
KRO_Google_311.png,augment_full,medium,True,120.9021987915039,data/processed/fog_augmented/KRO_Google_311_medium.png
KRO_Google_311.png,augment_full,high,True,149.44618225097656,data/processed/fog_augmented/KRO_Google_311_high.png
KRO_Google_317.png,augment_medium,medium,True,155.04905700683594,data/processed/fog_augmented/KRO_Google_317_medium.png
KRO_Google_344.png,augment_full,low,True,102.41741943359375,data/processed/fog_augmented/KRO_Google_344_low.png
KRO_Google_344.png,augment_full,medium,True,104.51084899902344,data/processed/fog_augmented/KRO_Google_344_medium.png
KRO_Google_344.png,augment_full,high,False,,
KRO_Google_348.png,augment_medium,medium,True,139.9820556640625,data/processed/fog_augmented/KRO_Google_348_medium.png
KRO_Google_371.png,augment_medium,medium,True,150.72972106933594,data/processed/fog_augmented/KRO_Google_371_medium.png
KRO_Google_375.png,no_augment,,,,
KRO_Google_380.png,augment_medium,medium,True,144.94154357910156,data/processed/fog_augmented/KRO_Google_380_medium.png
KRO_Google_419.png,no_augment,,,,
KRO_Google_452.png,augment_full,low,True,101.9601821899414,data/processed/fog_augmented/KRO_Google_452_low.png
KRO_Google_452.png,augment_full,medium,True,116.34270477294922,data/processed/fog_augmented/KRO_Google_452_medium.png
KRO_Google_452.png,augment_full,high,False,,
KRO_Google_461.png,no_augment,,,,
KRO_Google_465.png,augment_medium,medium,True,145.8984832763672,data/processed/fog_augmented/KRO_Google_465_medium.png
KRO_Google_480.png,augment_medium,medium,True,154.60653686523438,data/processed/fog_augmented/KRO_Google_480_medium.png
KRO_Google_490.png,no_augment,,,,
KRO_Google_495.png,no_augment,,,,
KRO_Google_499.png,augment_medium,medium,True,154.01535034179688,data/processed/fog_augmented/KRO_Google_499_medium.png
KRO_Google_523.png,augment_full,low,True,101.86328887939453,data/processed/fog_augmented/KRO_Google_523_low.png
KRO_Google_523.png,augment_full,medium,True,124.73868560791016,data/processed/fog_augmented/KRO_Google_523_medium.png
KRO_Google_523.png,augment_full,high,True,136.0767059326172,data/processed/fog_augmented/KRO_Google_523_high.png
KRO_Google_539.png,no_augment,,,,
KRO_Google_546.png,augment_full,low,False,,
KRO_Google_546.png,augment_full,medium,True,125.94100189208984,data/processed/fog_augmented/KRO_Google_546_medium.png
KRO_Google_546.png,augment_full,high,True,130.16017150878906,data/processed/fog_augmented/KRO_Google_546_high.png
KRO_Google_554.png,augment_full,low,True,102.69881439208984,data/processed/fog_augmented/KRO_Google_554_low.png
KRO_Google_554.png,augment_full,medium,True,125.64959716796875,data/processed/fog_augmented/KRO_Google_554_medium.png
KRO_Google_554.png,augment_full,high,True,140.10952758789062,data/processed/fog_augmented/KRO_Google_554_high.png
KRO_Google_571.png,no_augment,,,,
KRO_Google_576.png,no_augment,,,,
KRO_Google_58.png,augment_full,low,True,101.95494842529297,data/processed/fog_augmented/KRO_Google_58_low.png
KRO_Google_58.png,augment_full,medium,False,,
KRO_Google_58.png,augment_full,high,False,,
KRO_Google_616.png,augment_medium,medium,True,152.55352783203125,data/processed/fog_augmented/KRO_Google_616_medium.png
LSJ_Baidu_065.png,no_augment,,,,
LSJ_Baidu_1078.png,no_augment,,,,
LSJ_Baidu_110.png,augment_medium,medium,True,145.76431274414062,data/processed/fog_augmented/LSJ_Baidu_110_medium.png
LSJ_Baidu_1140.png,no_augment,,,,
LSJ_Baidu_1141.png,no_augment,,,,
LSJ_Baidu_1193.png,augment_full,low,True,102.5589599609375,data/processed/fog_augmented/LSJ_Baidu_1193_low.png
LSJ_Baidu_1193.png,augment_full,medium,True,124.63195037841797,data/processed/fog_augmented/LSJ_Baidu_1193_medium.png
LSJ_Baidu_1193.png,augment_full,high,True,137.8398895263672,data/processed/fog_augmented/LSJ_Baidu_1193_high.png
LSJ_Baidu_1218.png,augment_medium,medium,True,155.3062744140625,data/processed/fog_augmented/LSJ_Baidu_1218_medium.png
LSJ_Baidu_1263.png,augment_full,low,False,,
LSJ_Baidu_1263.png,augment_full,medium,True,126.4152603149414,data/processed/fog_augmented/LSJ_Baidu_1263_medium.png
LSJ_Baidu_1263.png,augment_full,high,True,141.42918395996094,data/processed/fog_augmented/LSJ_Baidu_1263_high.png
LSJ_Baidu_165.png,no_augment,,,,
LSJ_Baidu_206.png,no_augment,,,,
LSJ_Baidu_240.png,augment_medium,medium,True,154.3644561767578,data/processed/fog_augmented/LSJ_Baidu_240_medium.png
LSJ_Baidu_351.png,augment_full,low,True,101.19298553466797,data/processed/fog_augmented/LSJ_Baidu_351_low.png
LSJ_Baidu_351.png,augment_full,medium,True,116.3592529296875,data/processed/fog_augmented/LSJ_Baidu_351_medium.png
LSJ_Baidu_351.png,augment_full,high,False,,
LSJ_Baidu_518.png,no_augment,,,,
LSJ_Baidu_596.png,augment_medium,medium,True,154.75967407226562,data/processed/fog_augmented/LSJ_Baidu_596_medium.png
LSJ_Baidu_670.png,augment_full,low,True,101.41466522216797,data/processed/fog_augmented/LSJ_Baidu_670_low.png
LSJ_Baidu_670.png,augment_full,medium,True,120.21722412109375,data/processed/fog_augmented/LSJ_Baidu_670_medium.png
LSJ_Baidu_670.png,augment_full,high,False,,
LSJ_Baidu_736.png,no_augment,,,,
LSJ_Baidu_810.png,augment_full,low,True,99.80349731445312,data/processed/fog_augmented/LSJ_Baidu_810_low.png
LSJ_Baidu_810.png,augment_full,medium,False,,
LSJ_Baidu_810.png,augment_full,high,False,,
LSJ_Baidu_830.png,no_augment,,,,
LSJ_Baidu_869.png,no_augment,,,,
LSJ_Baidu_879.png,augment_medium,medium,True,149.57766723632812,data/processed/fog_augmented/LSJ_Baidu_879_medium.png
LSJ_Baidu_882.png,no_augment,,,,
LSJ_Baidu_890.png,no_augment,,,,
LSJ_Baidu_900.png,no_augment,,,,
LSJ_Baidu_905.png,augment_full,low,True,99.81806945800781,data/processed/fog_augmented/LSJ_Baidu_905_low.png
LSJ_Baidu_905.png,augment_full,medium,True,107.75005340576172,data/processed/fog_augmented/LSJ_Baidu_905_medium.png
LSJ_Baidu_905.png,augment_full,high,False,,
LSJ_Baidu_946.png,augment_full,low,True,101.71283721923828,data/processed/fog_augmented/LSJ_Baidu_946_low.png
LSJ_Baidu_946.png,augment_full,medium,True,123.32884979248047,data/processed/fog_augmented/LSJ_Baidu_946_medium.png
LSJ_Baidu_946.png,augment_full,high,False,,
LSJ_Baidu_954.png,augment_full,low,True,96.83921813964844,data/processed/fog_augmented/LSJ_Baidu_954_low.png
LSJ_Baidu_954.png,augment_full,medium,False,,
LSJ_Baidu_954.png,augment_full,high,False,,
LSJ_Baidu_975.png,augment_medium,medium,True,153.17654418945312,data/processed/fog_augmented/LSJ_Baidu_975_medium.png
LSJ_Baidu_990.png,no_augment,,,,
LSJ_Baidu_999.png,augment_full,low,True,102.71786499023438,data/processed/fog_augmented/LSJ_Baidu_999_low.png
LSJ_Baidu_999.png,augment_full,medium,True,115.47370147705078,data/processed/fog_augmented/LSJ_Baidu_999_medium.png
LSJ_Baidu_999.png,augment_full,high,True,136.6094970703125,data/processed/fog_augmented/LSJ_Baidu_999_high.png
LSJ_Bing_095.png,no_augment,,,,
LSJ_Bing_130.png,no_augment,,,,
LSJ_Bing_150.png,augment_medium,medium,True,152.60594177246094,data/processed/fog_augmented/LSJ_Bing_150_medium.png
LSJ_Bing_197.png,augment_medium,medium,True,149.39744567871094,data/processed/fog_augmented/LSJ_Bing_197_medium.png
LSJ_Bing_226.png,augment_full,low,True,100.94606018066406,data/processed/fog_augmented/LSJ_Bing_226_low.png
LSJ_Bing_226.png,augment_full,medium,True,115.213623046875,data/processed/fog_augmented/LSJ_Bing_226_medium.png
LSJ_Bing_226.png,augment_full,high,False,,
LSJ_Bing_234.png,no_augment,,,,
LSJ_Bing_267.png,no_augment,,,,
LSJ_Bing_313.png,no_augment,,,,
LSJ_Bing_381.png,augment_medium,medium,True,140.83590698242188,data/processed/fog_augmented/LSJ_Bing_381_medium.png
LSJ_Bing_453.png,augment_full,low,True,102.27239227294922,data/processed/fog_augmented/LSJ_Bing_453_low.png
LSJ_Bing_453.png,augment_full,medium,True,121.71928405761719,data/processed/fog_augmented/LSJ_Bing_453_medium.png
LSJ_Bing_453.png,augment_full,high,True,153.84112548828125,data/processed/fog_augmented/LSJ_Bing_453_high.png
LSJ_Bing_523.png,augment_full,low,True,101.78173828125,data/processed/fog_augmented/LSJ_Bing_523_low.png
LSJ_Bing_523.png,augment_full,medium,True,119.61632537841797,data/processed/fog_augmented/LSJ_Bing_523_medium.png
LSJ_Bing_523.png,augment_full,high,True,150.55267333984375,data/processed/fog_augmented/LSJ_Bing_523_high.png
LSJ_Bing_552.png,no_augment,,,,
LSJ_Google_03.png,no_augment,,,,
LSJ_Google_232.png,augment_medium,medium,True,147.57791137695312,data/processed/fog_augmented/LSJ_Google_232_medium.png
LSJ_Google_233.png,augment_full,low,True,95.78800201416016,data/processed/fog_augmented/LSJ_Google_233_low.png
LSJ_Google_233.png,augment_full,medium,True,127.24156188964844,data/processed/fog_augmented/LSJ_Google_233_medium.png
LSJ_Google_233.png,augment_full,high,False,,
LSJ_Google_260.png,augment_full,low,False,,
LSJ_Google_260.png,augment_full,medium,True,127.38717651367188,data/processed/fog_augmented/LSJ_Google_260_medium.png
LSJ_Google_260.png,augment_full,high,True,154.6305694580078,data/processed/fog_augmented/LSJ_Google_260_high.png
LZ_Baidu_059.png,augment_full,low,True,101.86652374267578,data/processed/fog_augmented/LZ_Baidu_059_low.png
LZ_Baidu_059.png,augment_full,medium,True,120.4193344116211,data/processed/fog_augmented/LZ_Baidu_059_medium.png
LZ_Baidu_059.png,augment_full,high,True,133.45152282714844,data/processed/fog_augmented/LZ_Baidu_059_high.png
LZ_Baidu_094.png,augment_full,low,False,,
LZ_Baidu_094.png,augment_full,medium,True,124.56185150146484,data/processed/fog_augmented/LZ_Baidu_094_medium.png
LZ_Baidu_094.png,augment_full,high,True,131.4141845703125,data/processed/fog_augmented/LZ_Baidu_094_high.png
LZ_Baidu_121.png,augment_full,low,True,102.25875854492188,data/processed/fog_augmented/LZ_Baidu_121_low.png
LZ_Baidu_121.png,augment_full,medium,True,123.27523040771484,data/processed/fog_augmented/LZ_Baidu_121_medium.png
LZ_Baidu_121.png,augment_full,high,True,149.54440307617188,data/processed/fog_augmented/LZ_Baidu_121_high.png
LZ_Baidu_130.png,augment_full,low,True,100.82465362548828,data/processed/fog_augmented/LZ_Baidu_130_low.png
LZ_Baidu_130.png,augment_full,medium,True,115.23099517822266,data/processed/fog_augmented/LZ_Baidu_130_medium.png
LZ_Baidu_130.png,augment_full,high,False,,
LZ_Baidu_159.png,augment_medium,medium,True,147.31224060058594,data/processed/fog_augmented/LZ_Baidu_159_medium.png
LZ_Baidu_173.png,no_augment,,,,
LZ_Baidu_175.png,no_augment,,,,
LZ_Baidu_182.png,augment_medium,medium,True,127.34215545654297,data/processed/fog_augmented/LZ_Baidu_182_medium.png
LZ_Baidu_194.png,augment_medium,medium,True,134.21273803710938,data/processed/fog_augmented/LZ_Baidu_194_medium.png
LZ_Baidu_204.png,no_augment,,,,
LZ_Baidu_221.png,augment_full,low,False,,
LZ_Baidu_221.png,augment_full,medium,True,126.91073608398438,data/processed/fog_augmented/LZ_Baidu_221_medium.png
LZ_Baidu_221.png,augment_full,high,True,139.24774169921875,data/processed/fog_augmented/LZ_Baidu_221_high.png
LZ_Baidu_230.png,augment_medium,medium,True,136.72491455078125,data/processed/fog_augmented/LZ_Baidu_230_medium.png
LZ_Bing_019.png,augment_full,low,True,58.34782791137695,data/processed/fog_augmented/LZ_Bing_019_low.png
LZ_Bing_019.png,augment_full,medium,False,,
LZ_Bing_019.png,augment_full,high,False,,
LZ_Bing_030.png,augment_medium,medium,True,151.37155151367188,data/processed/fog_augmented/LZ_Bing_030_medium.png
LZ_Bing_044.png,augment_full,low,True,101.94562530517578,data/processed/fog_augmented/LZ_Bing_044_low.png
LZ_Bing_044.png,augment_full,medium,True,105.47797393798828,data/processed/fog_augmented/LZ_Bing_044_medium.png
LZ_Bing_044.png,augment_full,high,False,,
LZ_Bing_060.png,augment_full,low,False,,
LZ_Bing_060.png,augment_full,medium,True,121.33090209960938,data/processed/fog_augmented/LZ_Bing_060_medium.png
LZ_Bing_060.png,augment_full,high,True,144.69847106933594,data/processed/fog_augmented/LZ_Bing_060_high.png
LZ_Bing_070.png,augment_medium,medium,True,143.35171508789062,data/processed/fog_augmented/LZ_Bing_070_medium.png
LZ_Bing_081.png,augment_medium,medium,True,147.818603515625,data/processed/fog_augmented/LZ_Bing_081_medium.png
LZ_Bing_085.png,no_augment,,,,
LZ_Bing_088.png,augment_full,low,False,,
LZ_Bing_088.png,augment_full,medium,True,123.43119812011719,data/processed/fog_augmented/LZ_Bing_088_medium.png
LZ_Bing_088.png,augment_full,high,True,152.140625,data/processed/fog_augmented/LZ_Bing_088_high.png
LZ_Bing_111.png,augment_medium,medium,True,138.14649963378906,data/processed/fog_augmented/LZ_Bing_111_medium.png
LZ_Bing_15.png,no_augment,,,,
LZ_Bing_279.png,no_augment,,,,
LZ_Bing_287.png,no_augment,,,,
LZ_Bing_291.png,augment_medium,medium,True,150.7115936279297,data/processed/fog_augmented/LZ_Bing_291_medium.png
LZ_Bing_313.png,no_augment,,,,
LZ_Bing_323.png,augment_medium,medium,True,150.9532928466797,data/processed/fog_augmented/LZ_Bing_323_medium.png
LZ_Bing_332.png,augment_medium,medium,True,153.68673706054688,data/processed/fog_augmented/LZ_Bing_332_medium.png
LZ_Bing_34.png,no_augment,,,,
LZ_Bing_349.png,augment_full,low,False,,
LZ_Bing_349.png,augment_full,medium,True,124.41212463378906,data/processed/fog_augmented/LZ_Bing_349_medium.png
LZ_Bing_349.png,augment_full,high,True,146.687744140625,data/processed/fog_augmented/LZ_Bing_349_high.png
LZ_Bing_454.png,augment_full,low,False,,
LZ_Bing_454.png,augment_full,medium,True,119.27311706542969,data/processed/fog_augmented/LZ_Bing_454_medium.png
LZ_Bing_454.png,augment_full,high,True,147.0752716064453,data/processed/fog_augmented/LZ_Bing_454_high.png
LZ_Bing_573.png,no_augment,,,,
LZ_Bing_658.png,augment_full,low,False,,
LZ_Bing_658.png,augment_full,medium,True,127.31423950195312,data/processed/fog_augmented/LZ_Bing_658_medium.png
LZ_Bing_658.png,augment_full,high,True,130.37039184570312,data/processed/fog_augmented/LZ_Bing_658_high.png
LZ_Bing_813.png,no_augment,,,,
LZ_Bing_871.png,augment_full,low,True,102.68562316894531,data/processed/fog_augmented/LZ_Bing_871_low.png
LZ_Bing_871.png,augment_full,medium,True,125.0096664428711,data/processed/fog_augmented/LZ_Bing_871_medium.png
LZ_Bing_871.png,augment_full,high,True,129.50650024414062,data/processed/fog_augmented/LZ_Bing_871_high.png
LZ_Google_014.png,augment_medium,medium,True,153.11239624023438,data/processed/fog_augmented/LZ_Google_014_medium.png
LZ_Google_352.png,augment_medium,medium,True,153.35498046875,data/processed/fog_augmented/LZ_Google_352_medium.png
LZ_Google_355.png,no_augment,,,,
LZ_Google_411.png,augment_full,low,True,100.9449691772461,data/processed/fog_augmented/LZ_Google_411_low.png
LZ_Google_411.png,augment_full,medium,True,122.26110076904297,data/processed/fog_augmented/LZ_Google_411_medium.png
LZ_Google_411.png,augment_full,high,True,131.9314422607422,data/processed/fog_augmented/LZ_Google_411_high.png
LZ_Google_416.png,augment_full,low,True,101.75636291503906,data/processed/fog_augmented/LZ_Google_416_low.png
LZ_Google_416.png,augment_full,medium,True,121.09703826904297,data/processed/fog_augmented/LZ_Google_416_medium.png
LZ_Google_416.png,augment_full,high,False,,
LZ_Google_438.png,no_augment,,,,
MLS_Bing_019.png,augment_full,low,False,,
MLS_Bing_019.png,augment_full,medium,True,127.18708801269531,data/processed/fog_augmented/MLS_Bing_019_medium.png
MLS_Bing_019.png,augment_full,high,True,137.21853637695312,data/processed/fog_augmented/MLS_Bing_019_high.png
MLS_Bing_034.png,augment_medium,medium,True,140.5361785888672,data/processed/fog_augmented/MLS_Bing_034_medium.png
MLS_Bing_036.png,no_augment,,,,
MLS_Bing_046.png,augment_full,low,True,78.63650512695312,data/processed/fog_augmented/MLS_Bing_046_low.png
MLS_Bing_046.png,augment_full,medium,False,,
MLS_Bing_046.png,augment_full,high,False,,
MLS_Bing_068.png,no_augment,,,,
MLS_Bing_085.png,augment_medium,medium,True,145.96800231933594,data/processed/fog_augmented/MLS_Bing_085_medium.png
MLS_Bing_095.png,no_augment,,,,
MLS_Bing_108.png,augment_full,low,True,96.88552856445312,data/processed/fog_augmented/MLS_Bing_108_low.png
MLS_Bing_108.png,augment_full,medium,True,116.0125961303711,data/processed/fog_augmented/MLS_Bing_108_medium.png
MLS_Bing_108.png,augment_full,high,False,,
MLS_Bing_115.png,no_augment,,,,
MLS_Bing_118.png,no_augment,,,,
MLS_Bing_123.png,augment_full,low,False,,
MLS_Bing_123.png,augment_full,medium,True,126.16764068603516,data/processed/fog_augmented/MLS_Bing_123_medium.png
MLS_Bing_123.png,augment_full,high,True,131.93167114257812,data/processed/fog_augmented/MLS_Bing_123_high.png
MLS_Bing_130.png,no_augment,,,,
MLS_Bing_132.png,augment_medium,medium,True,143.34634399414062,data/processed/fog_augmented/MLS_Bing_132_medium.png
MLS_Bing_141.png,no_augment,,,,
MLS_Bing_168.png,augment_medium,medium,True,147.92710876464844,data/processed/fog_augmented/MLS_Bing_168_medium.png
MLS_Bing_174.png,augment_medium,medium,True,147.71627807617188,data/processed/fog_augmented/MLS_Bing_174_medium.png
MLS_Bing_176.png,augment_full,low,True,102.00098419189453,data/processed/fog_augmented/MLS_Bing_176_low.png
MLS_Bing_176.png,augment_full,medium,True,116.81198120117188,data/processed/fog_augmented/MLS_Bing_176_medium.png
MLS_Bing_176.png,augment_full,high,False,,
MLS_Bing_194.png,augment_full,low,True,100.75213623046875,data/processed/fog_augmented/MLS_Bing_194_low.png
MLS_Bing_194.png,augment_full,medium,True,118.59932708740234,data/processed/fog_augmented/MLS_Bing_194_medium.png
MLS_Bing_194.png,augment_full,high,False,,
MLS_Bing_200.png,augment_medium,medium,True,153.80776977539062,data/processed/fog_augmented/MLS_Bing_200_medium.png
MLS_Bing_215.png,no_augment,,,,
MLS_Bing_242.png,augment_medium,medium,True,147.94534301757812,data/processed/fog_augmented/MLS_Bing_242_medium.png
MLS_Bing_265.png,augment_medium,medium,True,154.3577423095703,data/processed/fog_augmented/MLS_Bing_265_medium.png
MLS_Bing_326.png,no_augment,,,,
MLS_Bing_335.png,no_augment,,,,
MLS_Bing_343.png,augment_full,low,True,100.18505096435547,data/processed/fog_augmented/MLS_Bing_343_low.png
MLS_Bing_343.png,augment_full,medium,True,121.12274169921875,data/processed/fog_augmented/MLS_Bing_343_medium.png
MLS_Bing_343.png,augment_full,high,True,153.03970336914062,data/processed/fog_augmented/MLS_Bing_343_high.png
MLS_Bing_386.png,no_augment,,,,
MLS_Bing_388.png,augment_full,low,True,99.82012176513672,data/processed/fog_augmented/MLS_Bing_388_low.png
MLS_Bing_388.png,augment_full,medium,True,107.60380554199219,data/processed/fog_augmented/MLS_Bing_388_medium.png
MLS_Bing_388.png,augment_full,high,False,,
MLS_Bing_395.png,no_augment,,,,
MLS_Bing_432.png,no_augment,,,,
MLS_Bing_435.png,augment_full,low,False,,
MLS_Bing_435.png,augment_full,medium,True,123.58033752441406,data/processed/fog_augmented/MLS_Bing_435_medium.png
MLS_Bing_435.png,augment_full,high,True,144.07174682617188,data/processed/fog_augmented/MLS_Bing_435_high.png
MLS_Bing_456.png,augment_full,low,True,102.42924499511719,data/processed/fog_augmented/MLS_Bing_456_low.png
MLS_Bing_456.png,augment_full,medium,True,114.33415985107422,data/processed/fog_augmented/MLS_Bing_456_medium.png
MLS_Bing_456.png,augment_full,high,False,,
MLS_Bing_507.png,augment_medium,medium,True,143.0057830810547,data/processed/fog_augmented/MLS_Bing_507_medium.png
MLS_Bing_517.png,augment_full,low,False,,
MLS_Bing_517.png,augment_full,medium,True,125.31707000732422,data/processed/fog_augmented/MLS_Bing_517_medium.png
MLS_Bing_517.png,augment_full,high,True,137.79493713378906,data/processed/fog_augmented/MLS_Bing_517_high.png
MLS_Bing_518.png,augment_full,low,True,102.0932846069336,data/processed/fog_augmented/MLS_Bing_518_low.png
MLS_Bing_518.png,augment_full,medium,True,120.10414123535156,data/processed/fog_augmented/MLS_Bing_518_medium.png
MLS_Bing_518.png,augment_full,high,False,,
MLS_Bing_550.png,augment_medium,medium,True,153.2783660888672,data/processed/fog_augmented/MLS_Bing_550_medium.png
MLS_Bing_552.png,augment_full,low,True,99.62228393554688,data/processed/fog_augmented/MLS_Bing_552_low.png
MLS_Bing_552.png,augment_full,medium,True,117.70890808105469,data/processed/fog_augmented/MLS_Bing_552_medium.png
MLS_Bing_552.png,augment_full,high,False,,
MLS_Bing_594.png,augment_medium,medium,True,153.8668670654297,data/processed/fog_augmented/MLS_Bing_594_medium.png
MLS_Bing_600.png,augment_full,low,False,,
MLS_Bing_600.png,augment_full,medium,True,125.50325775146484,data/processed/fog_augmented/MLS_Bing_600_medium.png
MLS_Bing_600.png,augment_full,high,True,154.4689483642578,data/processed/fog_augmented/MLS_Bing_600_high.png
MLS_Bing_637.png,augment_full,low,True,101.58734893798828,data/processed/fog_augmented/MLS_Bing_637_low.png
MLS_Bing_637.png,augment_full,medium,True,126.64765930175781,data/processed/fog_augmented/MLS_Bing_637_medium.png
MLS_Bing_637.png,augment_full,high,True,138.09213256835938,data/processed/fog_augmented/MLS_Bing_637_high.png
MLS_Bing_667.png,augment_full,low,True,97.32561492919922,data/processed/fog_augmented/MLS_Bing_667_low.png
MLS_Bing_667.png,augment_full,medium,True,107.84003448486328,data/processed/fog_augmented/MLS_Bing_667_medium.png
MLS_Bing_667.png,augment_full,high,False,,
MLS_Bing_686.png,augment_medium,medium,True,153.72361755371094,data/processed/fog_augmented/MLS_Bing_686_medium.png
MLS_Bing_688.png,augment_full,low,True,101.80252838134766,data/processed/fog_augmented/MLS_Bing_688_low.png
MLS_Bing_688.png,augment_full,medium,True,126.2160415649414,data/processed/fog_augmented/MLS_Bing_688_medium.png
MLS_Bing_688.png,augment_full,high,True,130.34066772460938,data/processed/fog_augmented/MLS_Bing_688_high.png
MLS_Bing_711.png,no_augment,,,,
MLS_Bing_737.png,augment_full,low,True,101.70655059814453,data/processed/fog_augmented/MLS_Bing_737_low.png
MLS_Bing_737.png,augment_full,medium,False,,
MLS_Bing_737.png,augment_full,high,False,,
MLS_Bing_747.png,augment_full,low,True,100.65650939941406,data/processed/fog_augmented/MLS_Bing_747_low.png
MLS_Bing_747.png,augment_full,medium,True,122.04063415527344,data/processed/fog_augmented/MLS_Bing_747_medium.png
MLS_Bing_747.png,augment_full,high,True,134.2484893798828,data/processed/fog_augmented/MLS_Bing_747_high.png
MLS_Bing_770.png,augment_medium,medium,True,146.22756958007812,data/processed/fog_augmented/MLS_Bing_770_medium.png
MLS_Google_001.png,augment_full,low,True,101.6672592163086,data/processed/fog_augmented/MLS_Google_001_low.png
MLS_Google_001.png,augment_full,medium,True,127.44254302978516,data/processed/fog_augmented/MLS_Google_001_medium.png
MLS_Google_001.png,augment_full,high,True,135.5948944091797,data/processed/fog_augmented/MLS_Google_001_high.png
MLS_Google_010.png,no_augment,,,,
MLS_Google_022.png,no_augment,,,,
MLS_Google_033.png,augment_medium,medium,True,150.22772216796875,data/processed/fog_augmented/MLS_Google_033_medium.png
MLS_Google_036.png,no_augment,,,,
MLS_Google_037.png,no_augment,,,,
MLS_Google_042.png,augment_medium,medium,True,147.98329162597656,data/processed/fog_augmented/MLS_Google_042_medium.png
MLS_Google_059.png,no_augment,,,,
MLS_Google_06.png,augment_medium,medium,True,152.43772888183594,data/processed/fog_augmented/MLS_Google_06_medium.png
MLS_Google_060.png,augment_full,low,True,100.216796875,data/processed/fog_augmented/MLS_Google_060_low.png
MLS_Google_060.png,augment_full,medium,True,114.27898406982422,data/processed/fog_augmented/MLS_Google_060_medium.png
MLS_Google_060.png,augment_full,high,False,,
MLS_Google_068.png,augment_full,low,False,,
MLS_Google_068.png,augment_full,medium,True,125.74053192138672,data/processed/fog_augmented/MLS_Google_068_medium.png
MLS_Google_068.png,augment_full,high,True,148.58358764648438,data/processed/fog_augmented/MLS_Google_068_high.png
MLS_Google_069.png,augment_medium,medium,True,144.7550811767578,data/processed/fog_augmented/MLS_Google_069_medium.png
MLS_Google_076.png,no_augment,,,,
MLS_Google_078.png,augment_full,low,False,,
MLS_Google_078.png,augment_full,medium,True,121.21867370605469,data/processed/fog_augmented/MLS_Google_078_medium.png
MLS_Google_078.png,augment_full,high,True,144.5748748779297,data/processed/fog_augmented/MLS_Google_078_high.png
MLS_Google_081.png,augment_full,low,False,,
MLS_Google_081.png,augment_full,medium,True,127.12137603759766,data/processed/fog_augmented/MLS_Google_081_medium.png
MLS_Google_081.png,augment_full,high,True,138.94009399414062,data/processed/fog_augmented/MLS_Google_081_high.png
MLS_Google_091.png,augment_medium,medium,True,145.23025512695312,data/processed/fog_augmented/MLS_Google_091_medium.png
MLS_Google_105.png,augment_full,low,False,,
MLS_Google_105.png,augment_full,medium,True,122.11676025390625,data/processed/fog_augmented/MLS_Google_105_medium.png
MLS_Google_105.png,augment_full,high,True,141.9862823486328,data/processed/fog_augmented/MLS_Google_105_high.png
MLS_Google_124.png,augment_medium,medium,True,149.49258422851562,data/processed/fog_augmented/MLS_Google_124_medium.png
MLS_Google_139.png,augment_full,low,False,,
MLS_Google_139.png,augment_full,medium,True,127.6341781616211,data/processed/fog_augmented/MLS_Google_139_medium.png
MLS_Google_139.png,augment_full,high,True,149.57464599609375,data/processed/fog_augmented/MLS_Google_139_high.png
MLS_Google_142.png,no_augment,,,,
MLS_Google_143.png,no_augment,,,,
MLS_Google_162.png,augment_medium,medium,True,154.22084045410156,data/processed/fog_augmented/MLS_Google_162_medium.png
MLS_Google_163.png,no_augment,,,,
MLS_Google_171.png,no_augment,,,,
MLS_Google_200.png,augment_medium,medium,True,138.302001953125,data/processed/fog_augmented/MLS_Google_200_medium.png
MLS_Google_201.png,no_augment,,,,
MLS_Google_203.png,no_augment,,,,
MLS_Google_24.png,augment_medium,medium,True,149.71690368652344,data/processed/fog_augmented/MLS_Google_24_medium.png
MLS_Google_253.png,no_augment,,,,
MLS_Google_254.png,augment_full,low,False,,
MLS_Google_254.png,augment_full,medium,True,126.23989868164062,data/processed/fog_augmented/MLS_Google_254_medium.png
MLS_Google_254.png,augment_full,high,True,143.65286254882812,data/processed/fog_augmented/MLS_Google_254_high.png
MLS_Google_267.png,no_augment,,,,
MLS_Google_271.png,augment_full,low,False,,
MLS_Google_271.png,augment_full,medium,True,120.64230346679688,data/processed/fog_augmented/MLS_Google_271_medium.png
MLS_Google_271.png,augment_full,high,True,144.81173706054688,data/processed/fog_augmented/MLS_Google_271_high.png
MLS_Google_303.png,augment_medium,medium,True,148.44082641601562,data/processed/fog_augmented/MLS_Google_303_medium.png
MLS_Google_308.png,augment_full,low,True,97.25902557373047,data/processed/fog_augmented/MLS_Google_308_low.png
MLS_Google_308.png,augment_full,medium,True,103.22356414794922,data/processed/fog_augmented/MLS_Google_308_medium.png
MLS_Google_308.png,augment_full,high,False,,
MLS_Google_314.png,augment_full,low,True,100.41268920898438,data/processed/fog_augmented/MLS_Google_314_low.png
MLS_Google_314.png,augment_full,medium,True,126.47191619873047,data/processed/fog_augmented/MLS_Google_314_medium.png
MLS_Google_314.png,augment_full,high,True,129.62509155273438,data/processed/fog_augmented/MLS_Google_314_high.png
MLS_Google_322.png,no_augment,,,,
MLS_Google_356.png,no_augment,,,,
MLS_Google_387.png,augment_medium,medium,True,144.0983428955078,data/processed/fog_augmented/MLS_Google_387_medium.png
MLS_Google_392.png,augment_medium,medium,True,146.59800720214844,data/processed/fog_augmented/MLS_Google_392_medium.png
MLS_Google_401.png,no_augment,,,,
MLS_Google_406.png,no_augment,,,,
MLS_Google_419.png,augment_full,low,False,,
MLS_Google_419.png,augment_full,medium,True,126.91089630126953,data/processed/fog_augmented/MLS_Google_419_medium.png
MLS_Google_419.png,augment_full,high,True,136.8390655517578,data/processed/fog_augmented/MLS_Google_419_high.png
MLS_Google_443.png,augment_medium,medium,True,155.4782257080078,data/processed/fog_augmented/MLS_Google_443_medium.png
MLS_Google_468.png,augment_medium,medium,True,149.26699829101562,data/processed/fog_augmented/MLS_Google_468_medium.png
MLS_Google_489.png,augment_full,low,True,102.64341735839844,data/processed/fog_augmented/MLS_Google_489_low.png
MLS_Google_489.png,augment_full,medium,True,127.91192626953125,data/processed/fog_augmented/MLS_Google_489_medium.png
MLS_Google_489.png,augment_full,high,False,,
MLS_Google_499.png,augment_medium,medium,True,154.2101287841797,data/processed/fog_augmented/MLS_Google_499_medium.png
MLS_Google_516.png,augment_full,low,True,99.22265625,data/processed/fog_augmented/MLS_Google_516_low.png
MLS_Google_516.png,augment_full,medium,True,103.93875122070312,data/processed/fog_augmented/MLS_Google_516_medium.png
MLS_Google_516.png,augment_full,high,False,,
MLS_Google_573.png,no_augment,,,,
MLS_Google_595.png,augment_full,low,False,,
MLS_Google_595.png,augment_full,medium,True,127.28180694580078,data/processed/fog_augmented/MLS_Google_595_medium.png
MLS_Google_595.png,augment_full,high,True,153.91712951660156,data/processed/fog_augmented/MLS_Google_595_high.png
MLS_Google_596.png,no_augment,,,,
MLS_Google_633.png,augment_full,low,True,102.58124542236328,data/processed/fog_augmented/MLS_Google_633_low.png
MLS_Google_633.png,augment_full,medium,True,124.42935180664062,data/processed/fog_augmented/MLS_Google_633_medium.png
MLS_Google_633.png,augment_full,high,False,,
MLS_Google_634.png,augment_medium,medium,True,152.96551513671875,data/processed/fog_augmented/MLS_Google_634_medium.png
MLS_Google_637.png,augment_full,low,False,,
MLS_Google_637.png,augment_full,medium,True,124.35015869140625,data/processed/fog_augmented/MLS_Google_637_medium.png
MLS_Google_637.png,augment_full,high,True,129.95407104492188,data/processed/fog_augmented/MLS_Google_637_high.png
MLS_Google_653.png,no_augment,,,,
MLS_Google_706.png,augment_full,low,True,101.15137481689453,data/processed/fog_augmented/MLS_Google_706_low.png
MLS_Google_706.png,augment_full,medium,True,113.8025131225586,data/processed/fog_augmented/MLS_Google_706_medium.png
MLS_Google_706.png,augment_full,high,False,,
MSK_Baidu_036.png,augment_medium,medium,True,133.7734832763672,data/processed/fog_augmented/MSK_Baidu_036_medium.png
MSK_Baidu_196.png,augment_full,low,False,,
MSK_Baidu_196.png,augment_full,medium,True,127.05741119384766,data/processed/fog_augmented/MSK_Baidu_196_medium.png
MSK_Baidu_196.png,augment_full,high,False,,
MSK_Bing_035.png,augment_full,low,True,100.61040496826172,data/processed/fog_augmented/MSK_Bing_035_low.png
MSK_Bing_035.png,augment_full,medium,True,123.36446380615234,data/processed/fog_augmented/MSK_Bing_035_medium.png
MSK_Bing_035.png,augment_full,high,True,129.0284423828125,data/processed/fog_augmented/MSK_Bing_035_high.png
MSK_Bing_04.png,no_augment,,,,
MSK_Bing_044.png,no_augment,,,,
MSK_Bing_045.png,augment_full,low,True,102.55348205566406,data/processed/fog_augmented/MSK_Bing_045_low.png
MSK_Bing_045.png,augment_full,medium,True,121.45050811767578,data/processed/fog_augmented/MSK_Bing_045_medium.png
MSK_Bing_045.png,augment_full,high,True,154.54055786132812,data/processed/fog_augmented/MSK_Bing_045_high.png
MSK_Bing_047.png,no_augment,,,,
MSK_Bing_098.png,no_augment,,,,
MSK_Bing_100.png,augment_full,low,True,99.04434967041016,data/processed/fog_augmented/MSK_Bing_100_low.png
MSK_Bing_100.png,augment_full,medium,True,107.134765625,data/processed/fog_augmented/MSK_Bing_100_medium.png
MSK_Bing_100.png,augment_full,high,False,,
MSK_Bing_104.png,augment_full,low,True,99.88370513916016,data/processed/fog_augmented/MSK_Bing_104_low.png
MSK_Bing_104.png,augment_full,medium,True,119.12771606445312,data/processed/fog_augmented/MSK_Bing_104_medium.png
MSK_Bing_104.png,augment_full,high,False,,
MSK_Bing_119.png,no_augment,,,,
MSK_Bing_120.png,augment_full,low,True,100.2188720703125,data/processed/fog_augmented/MSK_Bing_120_low.png
MSK_Bing_120.png,augment_full,medium,True,113.18431091308594,data/processed/fog_augmented/MSK_Bing_120_medium.png
MSK_Bing_120.png,augment_full,high,False,,
MSK_Bing_128.png,no_augment,,,,
MSK_Bing_136.png,augment_full,low,True,102.3831558227539,data/processed/fog_augmented/MSK_Bing_136_low.png
MSK_Bing_136.png,augment_full,medium,True,123.92927551269531,data/processed/fog_augmented/MSK_Bing_136_medium.png
MSK_Bing_136.png,augment_full,high,False,,
MSK_Bing_160.png,augment_full,low,True,93.24993133544922,data/processed/fog_augmented/MSK_Bing_160_low.png
MSK_Bing_160.png,augment_full,medium,True,113.92691802978516,data/processed/fog_augmented/MSK_Bing_160_medium.png
MSK_Bing_160.png,augment_full,high,False,,
MSK_Bing_168.png,augment_full,low,True,99.95354461669922,data/processed/fog_augmented/MSK_Bing_168_low.png
MSK_Bing_168.png,augment_full,medium,True,120.6347427368164,data/processed/fog_augmented/MSK_Bing_168_medium.png
MSK_Bing_168.png,augment_full,high,False,,
MSK_Bing_191.png,augment_full,low,True,102.47769927978516,data/processed/fog_augmented/MSK_Bing_191_low.png
MSK_Bing_191.png,augment_full,medium,True,103.20417022705078,data/processed/fog_augmented/MSK_Bing_191_medium.png
MSK_Bing_191.png,augment_full,high,False,,
MSK_Bing_212.png,augment_medium,medium,True,134.6516876220703,data/processed/fog_augmented/MSK_Bing_212_medium.png
MSK_Bing_227.png,augment_full,low,True,102.56861114501953,data/processed/fog_augmented/MSK_Bing_227_low.png
MSK_Bing_227.png,augment_full,medium,True,107.81123352050781,data/processed/fog_augmented/MSK_Bing_227_medium.png
MSK_Bing_227.png,augment_full,high,False,,
MSK_Bing_231.png,augment_full,low,True,99.80915832519531,data/processed/fog_augmented/MSK_Bing_231_low.png
MSK_Bing_231.png,augment_full,medium,True,122.23084259033203,data/processed/fog_augmented/MSK_Bing_231_medium.png
MSK_Bing_231.png,augment_full,high,True,141.78762817382812,data/processed/fog_augmented/MSK_Bing_231_high.png
MSK_Bing_255.png,augment_full,low,True,94.55017852783203,data/processed/fog_augmented/MSK_Bing_255_low.png
MSK_Bing_255.png,augment_full,medium,True,124.31970977783203,data/processed/fog_augmented/MSK_Bing_255_medium.png
MSK_Bing_255.png,augment_full,high,True,136.54872131347656,data/processed/fog_augmented/MSK_Bing_255_high.png
MSK_Bing_267.png,no_augment,,,,
MSK_Bing_293.png,augment_medium,medium,True,154.05589294433594,data/processed/fog_augmented/MSK_Bing_293_medium.png
MSK_Bing_305.png,augment_full,low,False,,
MSK_Bing_305.png,augment_full,medium,True,127.50897216796875,data/processed/fog_augmented/MSK_Bing_305_medium.png
MSK_Bing_305.png,augment_full,high,True,154.23622131347656,data/processed/fog_augmented/MSK_Bing_305_high.png
MSK_Bing_314.png,augment_full,low,True,98.96511840820312,data/processed/fog_augmented/MSK_Bing_314_low.png
MSK_Bing_314.png,augment_full,medium,True,115.70966339111328,data/processed/fog_augmented/MSK_Bing_314_medium.png
MSK_Bing_314.png,augment_full,high,True,130.18484497070312,data/processed/fog_augmented/MSK_Bing_314_high.png
MSK_Bing_321.png,augment_full,low,True,97.29082489013672,data/processed/fog_augmented/MSK_Bing_321_low.png
MSK_Bing_321.png,augment_full,medium,True,116.62330627441406,data/processed/fog_augmented/MSK_Bing_321_medium.png
MSK_Bing_321.png,augment_full,high,True,135.71351623535156,data/processed/fog_augmented/MSK_Bing_321_high.png
MSK_Bing_327.png,augment_medium,medium,True,149.6956024169922,data/processed/fog_augmented/MSK_Bing_327_medium.png
MSK_Bing_338.png,no_augment,,,,
MSK_Bing_352.png,augment_full,low,True,91.06315612792969,data/processed/fog_augmented/MSK_Bing_352_low.png
MSK_Bing_352.png,augment_full,medium,False,,
MSK_Bing_352.png,augment_full,high,False,,
MSK_Bing_384.png,augment_medium,medium,True,147.52151489257812,data/processed/fog_augmented/MSK_Bing_384_medium.png
MSK_Bing_422.png,no_augment,,,,
MSK_Bing_423.png,no_augment,,,,
MSK_Bing_442.png,no_augment,,,,
MSK_Bing_445.png,no_augment,,,,
MSK_Bing_556.png,augment_full,low,True,99.36087036132812,data/processed/fog_augmented/MSK_Bing_556_low.png
MSK_Bing_556.png,augment_full,medium,True,116.74748229980469,data/processed/fog_augmented/MSK_Bing_556_medium.png
MSK_Bing_556.png,augment_full,high,False,,
MSK_Bing_610.png,augment_full,low,False,,
MSK_Bing_610.png,augment_full,medium,True,122.23909759521484,data/processed/fog_augmented/MSK_Bing_610_medium.png
MSK_Bing_610.png,augment_full,high,True,144.8327178955078,data/processed/fog_augmented/MSK_Bing_610_high.png
MSK_Bing_612.png,augment_full,low,False,,
MSK_Bing_612.png,augment_full,medium,True,124.55365753173828,data/processed/fog_augmented/MSK_Bing_612_medium.png
MSK_Bing_612.png,augment_full,high,True,149.28048706054688,data/processed/fog_augmented/MSK_Bing_612_high.png
MSK_Bing_616.png,augment_medium,medium,True,151.77191162109375,data/processed/fog_augmented/MSK_Bing_616_medium.png
NW_Bing_142.png,augment_full,low,True,102.73432922363281,data/processed/fog_augmented/NW_Bing_142_low.png
NW_Bing_142.png,augment_full,medium,True,127.15428924560547,data/processed/fog_augmented/NW_Bing_142_medium.png
NW_Bing_142.png,augment_full,high,True,137.3529815673828,data/processed/fog_augmented/NW_Bing_142_high.png
NW_Bing_407.png,augment_full,low,False,,
NW_Bing_407.png,augment_full,medium,True,122.89771270751953,data/processed/fog_augmented/NW_Bing_407_medium.png
NW_Bing_407.png,augment_full,high,True,150.36529541015625,data/processed/fog_augmented/NW_Bing_407_high.png
NW_Google_035.png,no_augment,,,,
NW_Google_046.png,no_augment,,,,
NW_Google_055.png,no_augment,,,,
NW_Google_061.png,no_augment,,,,
NW_Google_110.png,augment_full,low,True,100.82369995117188,data/processed/fog_augmented/NW_Google_110_low.png
NW_Google_110.png,augment_full,medium,True,115.70701599121094,data/processed/fog_augmented/NW_Google_110_medium.png
NW_Google_110.png,augment_full,high,False,,
NW_Google_117.png,no_augment,,,,
NW_Google_125.png,augment_medium,medium,True,154.05909729003906,data/processed/fog_augmented/NW_Google_125_medium.png
NW_Google_136.png,augment_full,low,False,,
NW_Google_136.png,augment_full,medium,True,125.89080810546875,data/processed/fog_augmented/NW_Google_136_medium.png
NW_Google_136.png,augment_full,high,False,,
NW_Google_142.png,augment_medium,medium,True,155.26197814941406,data/processed/fog_augmented/NW_Google_142_medium.png
NW_Google_198.png,augment_full,low,True,100.10151672363281,data/processed/fog_augmented/NW_Google_198_low.png
NW_Google_198.png,augment_full,medium,True,118.6157455444336,data/processed/fog_augmented/NW_Google_198_medium.png
NW_Google_198.png,augment_full,high,True,143.64559936523438,data/processed/fog_augmented/NW_Google_198_high.png
NW_Google_204.png,augment_medium,medium,True,148.79095458984375,data/processed/fog_augmented/NW_Google_204_medium.png
NW_Google_219.png,augment_medium,medium,True,149.49925231933594,data/processed/fog_augmented/NW_Google_219_medium.png
NW_Google_221.png,no_augment,,,,
NW_Google_224.png,no_augment,,,,
NW_Google_242.png,no_augment,,,,
NW_Google_247.png,no_augment,,,,
NW_Google_397.png,no_augment,,,,
NW_Google_405.png,augment_medium,medium,True,151.5858917236328,data/processed/fog_augmented/NW_Google_405_medium.png
NW_Google_603.png,augment_medium,medium,True,153.744384765625,data/processed/fog_augmented/NW_Google_603_medium.png
NW_Google_708.png,augment_full,low,False,,
NW_Google_708.png,augment_full,medium,True,123.60873413085938,data/processed/fog_augmented/NW_Google_708_medium.png
NW_Google_708.png,augment_full,high,True,153.9295654296875,data/processed/fog_augmented/NW_Google_708_high.png
NW_Google_722.png,no_augment,,,,
NW_Google_734.png,no_augment,,,,
NY_Baidu_073.png,augment_full,low,True,99.47245025634766,data/processed/fog_augmented/NY_Baidu_073_low.png
NY_Baidu_073.png,augment_full,medium,True,119.75591278076172,data/processed/fog_augmented/NY_Baidu_073_medium.png
NY_Baidu_073.png,augment_full,high,False,,
NY_Baidu_1036.png,augment_full,low,True,100.60165405273438,data/processed/fog_augmented/NY_Baidu_1036_low.png
NY_Baidu_1036.png,augment_full,medium,True,104.64480590820312,data/processed/fog_augmented/NY_Baidu_1036_medium.png
NY_Baidu_1036.png,augment_full,high,False,,
NY_Baidu_1051.png,augment_full,low,True,101.8453140258789,data/processed/fog_augmented/NY_Baidu_1051_low.png
NY_Baidu_1051.png,augment_full,medium,True,123.6460189819336,data/processed/fog_augmented/NY_Baidu_1051_medium.png
NY_Baidu_1051.png,augment_full,high,False,,
NY_Baidu_112.png,augment_full,low,True,100.13804626464844,data/processed/fog_augmented/NY_Baidu_112_low.png
NY_Baidu_112.png,augment_full,medium,True,110.26529693603516,data/processed/fog_augmented/NY_Baidu_112_medium.png
NY_Baidu_112.png,augment_full,high,False,,
NY_Baidu_138.png,augment_full,low,True,101.4465103149414,data/processed/fog_augmented/NY_Baidu_138_low.png
NY_Baidu_138.png,augment_full,medium,True,108.77302551269531,data/processed/fog_augmented/NY_Baidu_138_medium.png
NY_Baidu_138.png,augment_full,high,False,,
NY_Baidu_253.png,augment_medium,medium,True,148.45155334472656,data/processed/fog_augmented/NY_Baidu_253_medium.png
NY_Baidu_316.png,augment_medium,medium,True,153.27545166015625,data/processed/fog_augmented/NY_Baidu_316_medium.png
NY_Baidu_383.png,augment_medium,medium,True,140.04603576660156,data/processed/fog_augmented/NY_Baidu_383_medium.png
NY_Baidu_486.png,no_augment,,,,
NY_Baidu_505.png,no_augment,,,,
NY_Baidu_538.png,no_augment,,,,
NY_Baidu_558.png,augment_medium,medium,True,152.8303985595703,data/processed/fog_augmented/NY_Baidu_558_medium.png
NY_Baidu_562.png,no_augment,,,,
NY_Baidu_594.png,no_augment,,,,
NY_Baidu_649.png,augment_medium,medium,True,145.37982177734375,data/processed/fog_augmented/NY_Baidu_649_medium.png
NY_Baidu_653.png,augment_medium,medium,True,141.32545471191406,data/processed/fog_augmented/NY_Baidu_653_medium.png
NY_Baidu_657.png,augment_medium,medium,True,153.01771545410156,data/processed/fog_augmented/NY_Baidu_657_medium.png
NY_Baidu_700.png,no_augment,,,,
NY_Baidu_726.png,augment_full,low,True,100.5342025756836,data/processed/fog_augmented/NY_Baidu_726_low.png
NY_Baidu_726.png,augment_full,medium,True,126.32328796386719,data/processed/fog_augmented/NY_Baidu_726_medium.png
NY_Baidu_726.png,augment_full,high,True,128.44740295410156,data/processed/fog_augmented/NY_Baidu_726_high.png
NY_Baidu_828.png,no_augment,,,,
NY_Bing_048.png,no_augment,,,,
NY_Bing_077.png,no_augment,,,,
NY_Bing_110.png,augment_medium,medium,True,152.4117889404297,data/processed/fog_augmented/NY_Bing_110_medium.png
NY_Bing_129.png,augment_full,low,True,100.0282974243164,data/processed/fog_augmented/NY_Bing_129_low.png
NY_Bing_129.png,augment_full,medium,True,120.10784912109375,data/processed/fog_augmented/NY_Bing_129_medium.png
NY_Bing_129.png,augment_full,high,True,138.3793182373047,data/processed/fog_augmented/NY_Bing_129_high.png
NY_Bing_192.png,augment_medium,medium,True,134.88796997070312,data/processed/fog_augmented/NY_Bing_192_medium.png
NY_Bing_29.png,augment_full,low,True,95.67476654052734,data/processed/fog_augmented/NY_Bing_29_low.png
NY_Bing_29.png,augment_full,medium,True,121.81338500976562,data/processed/fog_augmented/NY_Bing_29_medium.png
NY_Bing_29.png,augment_full,high,False,,
NY_Bing_311.png,augment_medium,medium,True,155.67430114746094,data/processed/fog_augmented/NY_Bing_311_medium.png
NY_Bing_339.png,augment_medium,medium,True,149.57400512695312,data/processed/fog_augmented/NY_Bing_339_medium.png
NY_Bing_407.png,augment_full,low,True,97.3677978515625,data/processed/fog_augmented/NY_Bing_407_low.png
NY_Bing_407.png,augment_full,medium,True,121.0324935913086,data/processed/fog_augmented/NY_Bing_407_medium.png
NY_Bing_407.png,augment_full,high,True,128.1684112548828,data/processed/fog_augmented/NY_Bing_407_high.png
NY_Bing_444.png,no_augment,,,,
NY_Google_023.png,augment_medium,medium,True,152.18405151367188,data/processed/fog_augmented/NY_Google_023_medium.png
NY_Google_027.png,augment_medium,medium,True,151.6782989501953,data/processed/fog_augmented/NY_Google_027_medium.png
NY_Google_111.png,augment_full,low,False,,
NY_Google_111.png,augment_full,medium,True,126.4366455078125,data/processed/fog_augmented/NY_Google_111_medium.png
NY_Google_111.png,augment_full,high,True,136.76231384277344,data/processed/fog_augmented/NY_Google_111_high.png
NY_Google_283.png,augment_full,low,True,101.32369232177734,data/processed/fog_augmented/NY_Google_283_low.png
NY_Google_283.png,augment_full,medium,True,118.30022430419922,data/processed/fog_augmented/NY_Google_283_medium.png
NY_Google_283.png,augment_full,high,False,,
NY_Google_450.png,augment_medium,medium,True,155.07455444335938,data/processed/fog_augmented/NY_Google_450_medium.png
NZL_Bing_017.png,augment_medium,medium,True,151.04246520996094,data/processed/fog_augmented/NZL_Bing_017_medium.png
NZL_Bing_053.png,augment_full,low,True,98.05496978759766,data/processed/fog_augmented/NZL_Bing_053_low.png
NZL_Bing_053.png,augment_full,medium,True,122.19795989990234,data/processed/fog_augmented/NZL_Bing_053_medium.png
NZL_Bing_053.png,augment_full,high,False,,
NZL_Bing_054.png,no_augment,,,,
NZL_Bing_157.png,augment_full,low,True,101.84221649169922,data/processed/fog_augmented/NZL_Bing_157_low.png
NZL_Bing_157.png,augment_full,medium,True,121.57232666015625,data/processed/fog_augmented/NZL_Bing_157_medium.png
NZL_Bing_157.png,augment_full,high,True,141.26388549804688,data/processed/fog_augmented/NZL_Bing_157_high.png
NZL_Bing_230.png,augment_full,low,True,101.63321685791016,data/processed/fog_augmented/NZL_Bing_230_low.png
NZL_Bing_230.png,augment_full,medium,True,124.66893005371094,data/processed/fog_augmented/NZL_Bing_230_medium.png
NZL_Bing_230.png,augment_full,high,False,,
NZL_Bing_359.png,augment_full,low,True,102.53132629394531,data/processed/fog_augmented/NZL_Bing_359_low.png
NZL_Bing_359.png,augment_full,medium,True,106.6622314453125,data/processed/fog_augmented/NZL_Bing_359_medium.png
NZL_Bing_359.png,augment_full,high,False,,
NZL_Bing_617.png,no_augment,,,,
NZL_Bing_707.png,augment_medium,medium,True,137.7118682861328,data/processed/fog_augmented/NZL_Bing_707_medium.png
NZL_Google_003.png,augment_full,low,True,100.8312759399414,data/processed/fog_augmented/NZL_Google_003_low.png
NZL_Google_003.png,augment_full,medium,True,125.2217788696289,data/processed/fog_augmented/NZL_Google_003_medium.png
NZL_Google_003.png,augment_full,high,False,,
NZL_Google_012.png,augment_medium,medium,True,142.17596435546875,data/processed/fog_augmented/NZL_Google_012_medium.png
NZL_Google_032.png,augment_medium,medium,True,154.66064453125,data/processed/fog_augmented/NZL_Google_032_medium.png
NZL_Google_064.png,augment_medium,medium,True,154.14544677734375,data/processed/fog_augmented/NZL_Google_064_medium.png
NZL_Google_121.png,augment_medium,medium,True,147.6292266845703,data/processed/fog_augmented/NZL_Google_121_medium.png
NZL_Google_164.png,no_augment,,,,
NZL_Google_179.png,augment_full,low,True,96.34793853759766,data/processed/fog_augmented/NZL_Google_179_low.png
NZL_Google_179.png,augment_full,medium,False,,
NZL_Google_179.png,augment_full,high,False,,
NZL_Google_196.png,augment_medium,medium,True,147.66664123535156,data/processed/fog_augmented/NZL_Google_196_medium.png
NZL_Google_209.png,augment_full,low,True,100.79108428955078,data/processed/fog_augmented/NZL_Google_209_low.png
NZL_Google_209.png,augment_full,medium,True,122.93779754638672,data/processed/fog_augmented/NZL_Google_209_medium.png
NZL_Google_209.png,augment_full,high,True,134.71047973632812,data/processed/fog_augmented/NZL_Google_209_high.png
NZL_Google_240.png,no_augment,,,,
NZL_Google_247.png,augment_medium,medium,True,143.5073699951172,data/processed/fog_augmented/NZL_Google_247_medium.png
NZL_Google_275.png,augment_medium,medium,True,146.76145935058594,data/processed/fog_augmented/NZL_Google_275_medium.png
NZL_Google_277.png,no_augment,,,,
NZL_Google_280.png,augment_medium,medium,True,154.11463928222656,data/processed/fog_augmented/NZL_Google_280_medium.png
NZL_Google_294.png,augment_medium,medium,True,136.97906494140625,data/processed/fog_augmented/NZL_Google_294_medium.png
NZL_Google_327.png,no_augment,,,,
NZL_Google_357.png,augment_full,low,True,99.98603057861328,data/processed/fog_augmented/NZL_Google_357_low.png
NZL_Google_357.png,augment_full,medium,True,126.96275329589844,data/processed/fog_augmented/NZL_Google_357_medium.png
NZL_Google_357.png,augment_full,high,True,128.0494384765625,data/processed/fog_augmented/NZL_Google_357_high.png
NZL_Google_371.png,no_augment,,,,
NZL_Google_394.png,augment_medium,medium,True,146.45994567871094,data/processed/fog_augmented/NZL_Google_394_medium.png
NZL_Google_416.png,augment_full,low,True,101.03810119628906,data/processed/fog_augmented/NZL_Google_416_low.png
NZL_Google_416.png,augment_full,medium,True,123.97715759277344,data/processed/fog_augmented/NZL_Google_416_medium.png
NZL_Google_416.png,augment_full,high,True,130.96054077148438,data/processed/fog_augmented/NZL_Google_416_high.png
NZL_Google_425.png,augment_medium,medium,True,131.434326171875,data/processed/fog_augmented/NZL_Google_425_medium.png
NZL_Google_446.png,no_augment,,,,
NZL_Google_447.png,no_augment,,,,
NZL_Google_458.png,augment_full,low,True,95.41073608398438,data/processed/fog_augmented/NZL_Google_458_low.png
NZL_Google_458.png,augment_full,medium,False,,
NZL_Google_458.png,augment_full,high,False,,
NZL_Google_459.png,augment_full,low,True,98.70116424560547,data/processed/fog_augmented/NZL_Google_459_low.png
NZL_Google_459.png,augment_full,medium,True,124.6595458984375,data/processed/fog_augmented/NZL_Google_459_medium.png
NZL_Google_459.png,augment_full,high,True,134.59854125976562,data/processed/fog_augmented/NZL_Google_459_high.png
NZL_Google_463.png,no_augment,,,,
NZL_Google_464.png,augment_medium,medium,True,147.10653686523438,data/processed/fog_augmented/NZL_Google_464_medium.png
NZL_Google_473.png,augment_medium,medium,True,138.92225646972656,data/processed/fog_augmented/NZL_Google_473_medium.png
NZL_Google_474.png,augment_full,low,True,100.46135711669922,data/processed/fog_augmented/NZL_Google_474_low.png
NZL_Google_474.png,augment_full,medium,True,108.15390014648438,data/processed/fog_augmented/NZL_Google_474_medium.png
NZL_Google_474.png,augment_full,high,False,,
NZL_Google_512.png,augment_full,low,False,,
NZL_Google_512.png,augment_full,medium,True,126.35674285888672,data/processed/fog_augmented/NZL_Google_512_medium.png
NZL_Google_512.png,augment_full,high,True,137.0588836669922,data/processed/fog_augmented/NZL_Google_512_high.png
NZL_Google_565.png,augment_full,low,False,,
NZL_Google_565.png,augment_full,medium,True,123.29296112060547,data/processed/fog_augmented/NZL_Google_565_medium.png
NZL_Google_565.png,augment_full,high,True,144.56295776367188,data/processed/fog_augmented/NZL_Google_565_high.png
NZL_Google_576.png,no_augment,,,,
NZL_Google_609.png,augment_full,low,True,101.95848846435547,data/processed/fog_augmented/NZL_Google_609_low.png
NZL_Google_609.png,augment_full,medium,True,127.32820129394531,data/processed/fog_augmented/NZL_Google_609_medium.png
NZL_Google_609.png,augment_full,high,True,135.05801391601562,data/processed/fog_augmented/NZL_Google_609_high.png
NZL_Google_635.png,no_augment,,,,
NZL_Google_676.png,augment_full,low,False,,
NZL_Google_676.png,augment_full,medium,True,126.30884552001953,data/processed/fog_augmented/NZL_Google_676_medium.png
NZL_Google_676.png,augment_full,high,True,140.17364501953125,data/processed/fog_augmented/NZL_Google_676_high.png
NZL_Google_711.png,augment_medium,medium,True,151.54669189453125,data/processed/fog_augmented/NZL_Google_711_medium.png
NZL_Google_735.png,no_augment,,,,
NZL_Google_768.png,augment_medium,medium,True,150.98129272460938,data/processed/fog_augmented/NZL_Google_768_medium.png
NZL_Google_791.png,augment_medium,medium,True,152.77523803710938,data/processed/fog_augmented/NZL_Google_791_medium.png
NZL_Google_831.png,augment_full,low,True,82.07072448730469,data/processed/fog_augmented/NZL_Google_831_low.png
NZL_Google_831.png,augment_full,medium,False,,
NZL_Google_831.png,augment_full,high,False,,
OLD_Google_021.png,augment_medium,medium,True,153.52589416503906,data/processed/fog_augmented/OLD_Google_021_medium.png
OLD_Google_038.png,augment_medium,medium,True,150.14956665039062,data/processed/fog_augmented/OLD_Google_038_medium.png
OLD_Google_049.png,augment_medium,medium,True,117.08422088623047,data/processed/fog_augmented/OLD_Google_049_medium.png
OLD_Google_071.png,no_augment,,,,
OLD_Google_157.png,augment_medium,medium,True,136.42425537109375,data/processed/fog_augmented/OLD_Google_157_medium.png
OLD_Google_158.png,augment_medium,medium,True,154.7618865966797,data/processed/fog_augmented/OLD_Google_158_medium.png
OLD_Google_192.png,augment_full,low,True,99.49473571777344,data/processed/fog_augmented/OLD_Google_192_low.png
OLD_Google_192.png,augment_full,medium,True,127.7798080444336,data/processed/fog_augmented/OLD_Google_192_medium.png
OLD_Google_192.png,augment_full,high,False,,
OLD_Google_216.png,augment_medium,medium,True,151.30783081054688,data/processed/fog_augmented/OLD_Google_216_medium.png
OLD_Google_244.png,augment_medium,medium,True,137.8744354248047,data/processed/fog_augmented/OLD_Google_244_medium.png
OLD_Google_317.png,no_augment,,,,
OLD_Google_344.png,augment_full,low,True,96.73748016357422,data/processed/fog_augmented/OLD_Google_344_low.png
OLD_Google_344.png,augment_full,medium,True,126.36624908447266,data/processed/fog_augmented/OLD_Google_344_medium.png
OLD_Google_344.png,augment_full,high,False,,
OLD_Google_417.png,augment_medium,medium,True,153.6458282470703,data/processed/fog_augmented/OLD_Google_417_medium.png
OLD_Google_452.png,augment_medium,medium,True,152.22821044921875,data/processed/fog_augmented/OLD_Google_452_medium.png
OLD_Google_474.png,no_augment,,,,
OLD_Google_605.png,augment_full,low,True,97.79194641113281,data/processed/fog_augmented/OLD_Google_605_low.png
OLD_Google_605.png,augment_full,medium,True,116.33211517333984,data/processed/fog_augmented/OLD_Google_605_medium.png
OLD_Google_605.png,augment_full,high,False,,
PL_Bing_046.png,augment_full,low,True,99.43814849853516,data/processed/fog_augmented/PL_Bing_046_low.png
PL_Bing_046.png,augment_full,medium,True,118.70258331298828,data/processed/fog_augmented/PL_Bing_046_medium.png
PL_Bing_046.png,augment_full,high,False,,
PL_Bing_114.png,no_augment,,,,
PL_Bing_244.png,augment_medium,medium,True,155.2736053466797,data/processed/fog_augmented/PL_Bing_244_medium.png
PL_Google_124.png,augment_medium,medium,True,153.26515197753906,data/processed/fog_augmented/PL_Google_124_medium.png
PL_Google_148.png,augment_full,low,True,102.09752655029297,data/processed/fog_augmented/PL_Google_148_low.png
PL_Google_148.png,augment_full,medium,True,119.4161148071289,data/processed/fog_augmented/PL_Google_148_medium.png
PL_Google_148.png,augment_full,high,False,,
PL_Google_202.png,augment_full,low,False,,
PL_Google_202.png,augment_full,medium,True,127.829345703125,data/processed/fog_augmented/PL_Google_202_medium.png
PL_Google_202.png,augment_full,high,True,148.73138427734375,data/processed/fog_augmented/PL_Google_202_high.png
PL_Google_225.png,augment_full,low,False,,
PL_Google_225.png,augment_full,medium,True,127.8205337524414,data/processed/fog_augmented/PL_Google_225_medium.png
PL_Google_225.png,augment_full,high,False,,
PL_Google_227.png,augment_medium,medium,True,146.26768493652344,data/processed/fog_augmented/PL_Google_227_medium.png
PL_Google_313.png,no_augment,,,,
PL_Google_350.png,no_augment,,,,
PL_Google_368.png,no_augment,,,,
PL_Google_394.png,no_augment,,,,
PL_Google_467.png,no_augment,,,,
PL_Google_512.png,augment_full,low,False,,
PL_Google_512.png,augment_full,medium,True,124.54468536376953,data/processed/fog_augmented/PL_Google_512_medium.png
PL_Google_512.png,augment_full,high,True,151.58689880371094,data/processed/fog_augmented/PL_Google_512_high.png
PL_Google_527.png,augment_full,low,True,100.89005279541016,data/processed/fog_augmented/PL_Google_527_low.png
PL_Google_527.png,augment_full,medium,True,111.7129135131836,data/processed/fog_augmented/PL_Google_527_medium.png
PL_Google_527.png,augment_full,high,False,,
PL_Google_569.png,no_augment,,,,
PL_Google_635.png,augment_full,low,False,,
PL_Google_635.png,augment_full,medium,True,127.56204223632812,data/processed/fog_augmented/PL_Google_635_medium.png
PL_Google_635.png,augment_full,high,True,151.95382690429688,data/processed/fog_augmented/PL_Google_635_high.png
PL_Google_665.png,augment_medium,medium,True,143.75701904296875,data/processed/fog_augmented/PL_Google_665_medium.png
PL_Google_753.png,no_augment,,,,
PL_Google_756.png,augment_full,low,True,101.27113342285156,data/processed/fog_augmented/PL_Google_756_low.png
PL_Google_756.png,augment_full,medium,True,119.28107452392578,data/processed/fog_augmented/PL_Google_756_medium.png
PL_Google_756.png,augment_full,high,True,146.1356658935547,data/processed/fog_augmented/PL_Google_756_high.png
PL_Google_839.png,augment_medium,medium,True,150.12283325195312,data/processed/fog_augmented/PL_Google_839_medium.png
PL_Google_849.png,augment_full,low,True,97.90010070800781,data/processed/fog_augmented/PL_Google_849_low.png
PL_Google_849.png,augment_full,medium,True,122.32010650634766,data/processed/fog_augmented/PL_Google_849_medium.png
PL_Google_849.png,augment_full,high,True,155.4502410888672,data/processed/fog_augmented/PL_Google_849_high.png
PL_Google_913.png,augment_medium,medium,True,146.69996643066406,data/processed/fog_augmented/PL_Google_913_medium.png
QC_Baidu_00.png,augment_medium,medium,True,149.0115509033203,data/processed/fog_augmented/QC_Baidu_00_medium.png
QC_Baidu_002.png,no_augment,,,,
QC_Baidu_003.png,no_augment,,,,
QC_Baidu_004.png,augment_medium,medium,True,152.07635498046875,data/processed/fog_augmented/QC_Baidu_004_medium.png
QC_Baidu_01.png,no_augment,,,,
QC_Baidu_012.png,no_augment,,,,
QC_Baidu_014.png,augment_medium,medium,True,154.8084716796875,data/processed/fog_augmented/QC_Baidu_014_medium.png
QC_Baidu_017.png,augment_medium,medium,True,149.0786895751953,data/processed/fog_augmented/QC_Baidu_017_medium.png
QC_Baidu_024.png,augment_medium,medium,True,155.16685485839844,data/processed/fog_augmented/QC_Baidu_024_medium.png
QC_Baidu_028.png,no_augment,,,,
QC_Baidu_030.png,no_augment,,,,
QC_Baidu_031.png,no_augment,,,,
QC_Baidu_035.png,augment_medium,medium,True,129.00167846679688,data/processed/fog_augmented/QC_Baidu_035_medium.png
QC_Baidu_043.png,augment_medium,medium,True,152.46563720703125,data/processed/fog_augmented/QC_Baidu_043_medium.png
QC_Baidu_049.png,augment_medium,medium,True,144.74716186523438,data/processed/fog_augmented/QC_Baidu_049_medium.png
QC_Baidu_050.png,no_augment,,,,
QC_Baidu_080.png,augment_full,low,False,,
QC_Baidu_080.png,augment_full,medium,True,127.30039978027344,data/processed/fog_augmented/QC_Baidu_080_medium.png
QC_Baidu_080.png,augment_full,high,True,147.3506622314453,data/processed/fog_augmented/QC_Baidu_080_high.png
QC_Baidu_092.png,no_augment,,,,
QC_Baidu_233.png,augment_full,low,True,101.90723419189453,data/processed/fog_augmented/QC_Baidu_233_low.png
QC_Baidu_233.png,augment_full,medium,True,114.5809326171875,data/processed/fog_augmented/QC_Baidu_233_medium.png
QC_Baidu_233.png,augment_full,high,False,,
QC_Baidu_242.png,no_augment,,,,
QC_Baidu_289.png,no_augment,,,,
QC_Baidu_313.png,no_augment,,,,
QC_Baidu_33.png,augment_medium,medium,True,149.81622314453125,data/processed/fog_augmented/QC_Baidu_33_medium.png
QC_Baidu_334.png,no_augment,,,,
QC_Baidu_345.png,augment_full,low,True,101.9023208618164,data/processed/fog_augmented/QC_Baidu_345_low.png
QC_Baidu_345.png,augment_full,medium,True,121.16140747070312,data/processed/fog_augmented/QC_Baidu_345_medium.png
QC_Baidu_345.png,augment_full,high,False,,
QC_Baidu_348.png,no_augment,,,,
QC_Baidu_350.png,augment_full,low,True,82.72573852539062,data/processed/fog_augmented/QC_Baidu_350_low.png
QC_Baidu_350.png,augment_full,medium,False,,
QC_Baidu_350.png,augment_full,high,False,,
QC_Baidu_367.png,augment_full,low,False,,
QC_Baidu_367.png,augment_full,medium,True,125.59781646728516,data/processed/fog_augmented/QC_Baidu_367_medium.png
QC_Baidu_367.png,augment_full,high,True,152.25294494628906,data/processed/fog_augmented/QC_Baidu_367_high.png
QC_Baidu_368.png,augment_medium,medium,True,147.3334503173828,data/processed/fog_augmented/QC_Baidu_368_medium.png
QC_Baidu_375.png,augment_medium,medium,True,140.8365936279297,data/processed/fog_augmented/QC_Baidu_375_medium.png
QC_Baidu_421.png,augment_medium,medium,True,149.78517150878906,data/processed/fog_augmented/QC_Baidu_421_medium.png
QC_Baidu_525.png,augment_full,low,True,99.70333862304688,data/processed/fog_augmented/QC_Baidu_525_low.png
QC_Baidu_525.png,augment_full,medium,True,127.67475128173828,data/processed/fog_augmented/QC_Baidu_525_medium.png
QC_Baidu_525.png,augment_full,high,False,,
QC_Baidu_526.png,augment_full,low,True,102.43151092529297,data/processed/fog_augmented/QC_Baidu_526_low.png
QC_Baidu_526.png,augment_full,medium,True,119.6142807006836,data/processed/fog_augmented/QC_Baidu_526_medium.png
QC_Baidu_526.png,augment_full,high,False,,
QC_Baidu_536.png,augment_full,low,True,102.4817886352539,data/processed/fog_augmented/QC_Baidu_536_low.png
QC_Baidu_536.png,augment_full,medium,True,108.15122985839844,data/processed/fog_augmented/QC_Baidu_536_medium.png
QC_Baidu_536.png,augment_full,high,False,,
QC_Baidu_544.png,no_augment,,,,
QC_Baidu_565.png,no_augment,,,,
QC_Baidu_572.png,augment_full,low,True,99.59839630126953,data/processed/fog_augmented/QC_Baidu_572_low.png
QC_Baidu_572.png,augment_full,medium,True,114.81925964355469,data/processed/fog_augmented/QC_Baidu_572_medium.png
QC_Baidu_572.png,augment_full,high,False,,
QC_Bing_003.png,augment_full,low,False,,
QC_Bing_003.png,augment_full,medium,True,124.09175109863281,data/processed/fog_augmented/QC_Bing_003_medium.png
QC_Bing_003.png,augment_full,high,True,147.55650329589844,data/processed/fog_augmented/QC_Bing_003_high.png
QC_Bing_209.png,no_augment,,,,
QC_Bing_235.png,no_augment,,,,
QC_Bing_236.png,augment_full,low,True,100.47028350830078,data/processed/fog_augmented/QC_Bing_236_low.png
QC_Bing_236.png,augment_full,medium,True,123.35274505615234,data/processed/fog_augmented/QC_Bing_236_medium.png
QC_Bing_236.png,augment_full,high,False,,
QC_Bing_247.png,augment_medium,medium,True,153.02806091308594,data/processed/fog_augmented/QC_Bing_247_medium.png
QC_Bing_251.png,augment_medium,medium,True,149.0895233154297,data/processed/fog_augmented/QC_Bing_251_medium.png
QC_Bing_266.png,augment_full,low,True,85.1570053100586,data/processed/fog_augmented/QC_Bing_266_low.png
QC_Bing_266.png,augment_full,medium,False,,
QC_Bing_266.png,augment_full,high,False,,
QC_Bing_304.png,no_augment,,,,
QC_Bing_312.png,no_augment,,,,
QC_Bing_34.png,augment_medium,medium,True,154.0433349609375,data/processed/fog_augmented/QC_Bing_34_medium.png
QC_Bing_380.png,augment_medium,medium,True,153.96136474609375,data/processed/fog_augmented/QC_Bing_380_medium.png
QC_Bing_445.png,augment_full,low,True,101.33839416503906,data/processed/fog_augmented/QC_Bing_445_low.png
QC_Bing_445.png,augment_full,medium,True,119.54316711425781,data/processed/fog_augmented/QC_Bing_445_medium.png
QC_Bing_445.png,augment_full,high,False,,
QC_Bing_454.png,no_augment,,,,
QC_Bing_502.png,no_augment,,,,
QC_Bing_515.png,no_augment,,,,
QC_Bing_528.png,no_augment,,,,
QC_Bing_555.png,augment_full,low,True,102.59584045410156,data/processed/fog_augmented/QC_Bing_555_low.png
QC_Bing_555.png,augment_full,medium,True,125.25627899169922,data/processed/fog_augmented/QC_Bing_555_medium.png
QC_Bing_555.png,augment_full,high,True,138.31246948242188,data/processed/fog_augmented/QC_Bing_555_high.png
QC_Bing_564.png,augment_full,low,False,,
QC_Bing_564.png,augment_full,medium,True,126.03123474121094,data/processed/fog_augmented/QC_Bing_564_medium.png
QC_Bing_564.png,augment_full,high,True,139.74720764160156,data/processed/fog_augmented/QC_Bing_564_high.png
QC_Bing_589.png,no_augment,,,,
QC_Bing_602.png,no_augment,,,,
QC_Bing_618.png,augment_medium,medium,True,154.82440185546875,data/processed/fog_augmented/QC_Bing_618_medium.png
QC_Bing_794.png,no_augment,,,,
QC_Bing_812.png,augment_medium,medium,True,150.91603088378906,data/processed/fog_augmented/QC_Bing_812_medium.png
QC_Bing_857.png,augment_full,low,True,93.17068481445312,data/processed/fog_augmented/QC_Bing_857_low.png
QC_Bing_857.png,augment_full,medium,False,,
QC_Bing_857.png,augment_full,high,False,,
QC_Bing_867.png,augment_medium,medium,True,153.33432006835938,data/processed/fog_augmented/QC_Bing_867_medium.png
QC_Bing_938.png,augment_medium,medium,True,151.04530334472656,data/processed/fog_augmented/QC_Bing_938_medium.png
QC_Google_002.png,no_augment,,,,
QC_Google_004.png,augment_medium,medium,True,137.96681213378906,data/processed/fog_augmented/QC_Google_004_medium.png
QC_Google_168.png,augment_medium,medium,True,140.42979431152344,data/processed/fog_augmented/QC_Google_168_medium.png
QC_Google_223.png,no_augment,,,,
QC_Google_257.png,augment_full,low,True,100.42122650146484,data/processed/fog_augmented/QC_Google_257_low.png
QC_Google_257.png,augment_full,medium,True,121.92987060546875,data/processed/fog_augmented/QC_Google_257_medium.png
QC_Google_257.png,augment_full,high,False,,
QC_Google_314.png,no_augment,,,,
QC_Google_324.png,augment_full,low,True,99.88461303710938,data/processed/fog_augmented/QC_Google_324_low.png
QC_Google_324.png,augment_full,medium,False,,
QC_Google_324.png,augment_full,high,False,,
QC_Google_372.png,no_augment,,,,
QC_Google_432.png,no_augment,,,,
QC_Google_474.png,augment_medium,medium,True,140.68565368652344,data/processed/fog_augmented/QC_Google_474_medium.png
QC_Google_520.png,no_augment,,,,
QC_Google_541.png,augment_full,low,True,96.73460388183594,data/processed/fog_augmented/QC_Google_541_low.png
QC_Google_541.png,augment_full,medium,True,125.97850799560547,data/processed/fog_augmented/QC_Google_541_medium.png
QC_Google_541.png,augment_full,high,False,,
QC_Google_644.png,no_augment,,,,
QC_Google_650.png,augment_full,low,True,102.41036224365234,data/processed/fog_augmented/QC_Google_650_low.png
QC_Google_650.png,augment_full,medium,True,127.18074798583984,data/processed/fog_augmented/QC_Google_650_medium.png
QC_Google_650.png,augment_full,high,True,134.84536743164062,data/processed/fog_augmented/QC_Google_650_high.png
QC_Google_802.png,no_augment,,,,
QD_Baidu_017.png,augment_medium,medium,True,148.06729125976562,data/processed/fog_augmented/QD_Baidu_017_medium.png
QD_Baidu_021.png,no_augment,,,,
QD_Baidu_036.png,augment_full,low,True,65.05016326904297,data/processed/fog_augmented/QD_Baidu_036_low.png
QD_Baidu_036.png,augment_full,medium,False,,
QD_Baidu_036.png,augment_full,high,False,,
QD_Baidu_065.png,no_augment,,,,
QD_Baidu_071.png,augment_medium,medium,True,136.9584503173828,data/processed/fog_augmented/QD_Baidu_071_medium.png
QD_Baidu_087.png,no_augment,,,,
QD_Baidu_088.png,augment_medium,medium,True,146.79107666015625,data/processed/fog_augmented/QD_Baidu_088_medium.png
QD_Baidu_091.png,no_augment,,,,
QD_Baidu_098.png,augment_medium,medium,True,140.99961853027344,data/processed/fog_augmented/QD_Baidu_098_medium.png
QD_Baidu_111.png,augment_medium,medium,True,135.41860961914062,data/processed/fog_augmented/QD_Baidu_111_medium.png
QD_Baidu_118.png,augment_medium,medium,True,153.06532287597656,data/processed/fog_augmented/QD_Baidu_118_medium.png
QD_Baidu_13.png,no_augment,,,,
QD_Baidu_131.png,augment_full,low,True,101.5054702758789,data/processed/fog_augmented/QD_Baidu_131_low.png
QD_Baidu_131.png,augment_full,medium,True,126.95845794677734,data/processed/fog_augmented/QD_Baidu_131_medium.png
QD_Baidu_131.png,augment_full,high,True,130.12664794921875,data/processed/fog_augmented/QD_Baidu_131_high.png
QD_Baidu_133.png,no_augment,,,,
QD_Baidu_134.png,augment_medium,medium,True,140.62405395507812,data/processed/fog_augmented/QD_Baidu_134_medium.png
QD_Baidu_139.png,augment_full,low,True,101.4367446899414,data/processed/fog_augmented/QD_Baidu_139_low.png
QD_Baidu_139.png,augment_full,medium,True,116.23637390136719,data/processed/fog_augmented/QD_Baidu_139_medium.png
QD_Baidu_139.png,augment_full,high,False,,
QD_Baidu_146.png,augment_full,low,True,89.38230895996094,data/processed/fog_augmented/QD_Baidu_146_low.png
QD_Baidu_146.png,augment_full,medium,False,,
QD_Baidu_146.png,augment_full,high,False,,
QD_Baidu_149.png,no_augment,,,,
QD_Baidu_169.png,augment_medium,medium,True,154.725830078125,data/processed/fog_augmented/QD_Baidu_169_medium.png
QD_Baidu_181.png,augment_medium,medium,True,153.60699462890625,data/processed/fog_augmented/QD_Baidu_181_medium.png
QD_Baidu_182.png,no_augment,,,,
QD_Baidu_192.png,no_augment,,,,
QD_Baidu_245.png,no_augment,,,,
QD_Baidu_249.png,augment_medium,medium,True,147.02980041503906,data/processed/fog_augmented/QD_Baidu_249_medium.png
QD_Baidu_260.png,augment_medium,medium,True,143.3738250732422,data/processed/fog_augmented/QD_Baidu_260_medium.png
QD_Baidu_274.png,augment_full,low,True,101.13493347167969,data/processed/fog_augmented/QD_Baidu_274_low.png
QD_Baidu_274.png,augment_full,medium,True,126.99788665771484,data/processed/fog_augmented/QD_Baidu_274_medium.png
QD_Baidu_274.png,augment_full,high,True,131.5203094482422,data/processed/fog_augmented/QD_Baidu_274_high.png
QD_Baidu_280.png,augment_full,low,False,,
QD_Baidu_280.png,augment_full,medium,True,124.50096893310547,data/processed/fog_augmented/QD_Baidu_280_medium.png
QD_Baidu_280.png,augment_full,high,True,138.48788452148438,data/processed/fog_augmented/QD_Baidu_280_high.png
QD_Baidu_282.png,augment_medium,medium,True,150.45419311523438,data/processed/fog_augmented/QD_Baidu_282_medium.png
QD_Baidu_291.png,augment_medium,medium,True,145.7077178955078,data/processed/fog_augmented/QD_Baidu_291_medium.png
QD_Baidu_294.png,no_augment,,,,
QD_Baidu_302.png,augment_full,low,True,102.73594665527344,data/processed/fog_augmented/QD_Baidu_302_low.png
QD_Baidu_302.png,augment_full,medium,True,126.93499755859375,data/processed/fog_augmented/QD_Baidu_302_medium.png
QD_Baidu_302.png,augment_full,high,False,,
QD_Bing_051.png,no_augment,,,,
QD_Bing_075.png,augment_full,low,True,100.692138671875,data/processed/fog_augmented/QD_Bing_075_low.png
QD_Bing_075.png,augment_full,medium,True,114.37216186523438,data/processed/fog_augmented/QD_Bing_075_medium.png
QD_Bing_075.png,augment_full,high,False,,
QD_Bing_101.png,no_augment,,,,
QD_Bing_109.png,no_augment,,,,
QD_Bing_110.png,augment_medium,medium,True,155.35079956054688,data/processed/fog_augmented/QD_Bing_110_medium.png
QD_Bing_112.png,augment_medium,medium,True,149.82696533203125,data/processed/fog_augmented/QD_Bing_112_medium.png
QD_Bing_114.png,augment_full,low,False,,
QD_Bing_114.png,augment_full,medium,True,127.25814819335938,data/processed/fog_augmented/QD_Bing_114_medium.png
QD_Bing_114.png,augment_full,high,True,136.23289489746094,data/processed/fog_augmented/QD_Bing_114_high.png
QD_Bing_119.png,augment_full,low,False,,
QD_Bing_119.png,augment_full,medium,True,125.10591888427734,data/processed/fog_augmented/QD_Bing_119_medium.png
QD_Bing_119.png,augment_full,high,True,140.25152587890625,data/processed/fog_augmented/QD_Bing_119_high.png
QD_Bing_120.png,augment_medium,medium,True,151.76866149902344,data/processed/fog_augmented/QD_Bing_120_medium.png
QD_Bing_124.png,no_augment,,,,
QD_Bing_143.png,no_augment,,,,
QD_Bing_144.png,augment_medium,medium,True,153.36985778808594,data/processed/fog_augmented/QD_Bing_144_medium.png
QD_Bing_165.png,no_augment,,,,
QD_Bing_174.png,augment_medium,medium,True,147.30833435058594,data/processed/fog_augmented/QD_Bing_174_medium.png
QD_Bing_179.png,augment_full,low,True,102.10282897949219,data/processed/fog_augmented/QD_Bing_179_low.png
QD_Bing_179.png,augment_full,medium,True,121.67271423339844,data/processed/fog_augmented/QD_Bing_179_medium.png
QD_Bing_179.png,augment_full,high,True,131.9355926513672,data/processed/fog_augmented/QD_Bing_179_high.png
QD_Bing_192.png,no_augment,,,,
QD_Bing_200.png,augment_medium,medium,True,143.33660888671875,data/processed/fog_augmented/QD_Bing_200_medium.png
QD_Bing_271.png,augment_medium,medium,True,150.82228088378906,data/processed/fog_augmented/QD_Bing_271_medium.png
QD_Bing_313.png,augment_full,low,False,,
QD_Bing_313.png,augment_full,medium,True,126.67955780029297,data/processed/fog_augmented/QD_Bing_313_medium.png
QD_Bing_313.png,augment_full,high,True,135.37205505371094,data/processed/fog_augmented/QD_Bing_313_high.png
QD_Bing_351.png,augment_medium,medium,True,150.9449005126953,data/processed/fog_augmented/QD_Bing_351_medium.png
QD_Bing_416.png,augment_full,low,False,,
QD_Bing_416.png,augment_full,medium,True,124.82280731201172,data/processed/fog_augmented/QD_Bing_416_medium.png
QD_Bing_416.png,augment_full,high,True,152.0683135986328,data/processed/fog_augmented/QD_Bing_416_high.png
QD_Bing_439.png,augment_full,low,True,93.98246765136719,data/processed/fog_augmented/QD_Bing_439_low.png
QD_Bing_439.png,augment_full,medium,True,127.50714874267578,data/processed/fog_augmented/QD_Bing_439_medium.png
QD_Bing_439.png,augment_full,high,True,133.19261169433594,data/processed/fog_augmented/QD_Bing_439_high.png
QD_Bing_500.png,augment_full,low,False,,
QD_Bing_500.png,augment_full,medium,True,124.53486633300781,data/processed/fog_augmented/QD_Bing_500_medium.png
QD_Bing_500.png,augment_full,high,False,,
QD_Bing_516.png,augment_full,low,False,,
QD_Bing_516.png,augment_full,medium,True,126.12191009521484,data/processed/fog_augmented/QD_Bing_516_medium.png
QD_Bing_516.png,augment_full,high,True,154.43649291992188,data/processed/fog_augmented/QD_Bing_516_high.png
QD_Bing_525.png,augment_full,low,True,99.45671081542969,data/processed/fog_augmented/QD_Bing_525_low.png
QD_Bing_525.png,augment_full,medium,True,115.56758880615234,data/processed/fog_augmented/QD_Bing_525_medium.png
QD_Bing_525.png,augment_full,high,False,,
QD_Bing_533.png,augment_full,low,True,102.27257537841797,data/processed/fog_augmented/QD_Bing_533_low.png
QD_Bing_533.png,augment_full,medium,False,,
QD_Bing_533.png,augment_full,high,False,,
QD_Bing_635.png,augment_medium,medium,True,145.7286834716797,data/processed/fog_augmented/QD_Bing_635_medium.png
QD_Bing_742.png,augment_medium,medium,True,140.5205535888672,data/processed/fog_augmented/QD_Bing_742_medium.png
QD_Bing_824.png,no_augment,,,,
QD_Bing_849.png,augment_full,low,False,,
QD_Bing_849.png,augment_full,medium,True,120.28641510009766,data/processed/fog_augmented/QD_Bing_849_medium.png
QD_Bing_849.png,augment_full,high,True,144.16531372070312,data/processed/fog_augmented/QD_Bing_849_high.png
QD_Bing_850.png,augment_medium,medium,True,154.82305908203125,data/processed/fog_augmented/QD_Bing_850_medium.png
QD_Bing_851.png,augment_full,low,False,,
QD_Bing_851.png,augment_full,medium,True,125.14448547363281,data/processed/fog_augmented/QD_Bing_851_medium.png
QD_Bing_851.png,augment_full,high,True,143.67559814453125,data/processed/fog_augmented/QD_Bing_851_high.png
QD_Bing_857.png,augment_medium,medium,True,154.921630859375,data/processed/fog_augmented/QD_Bing_857_medium.png
QD_Bing_860.png,no_augment,,,,
QD_Bing_870.png,no_augment,,,,
QD_Bing_871.png,no_augment,,,,
QD_Bing_873.png,augment_full,low,True,102.45508575439453,data/processed/fog_augmented/QD_Bing_873_low.png
QD_Bing_873.png,augment_full,medium,True,119.78771209716797,data/processed/fog_augmented/QD_Bing_873_medium.png
QD_Bing_873.png,augment_full,high,False,,
QD_Bing_878.png,augment_full,low,False,,
QD_Bing_878.png,augment_full,medium,True,121.25968170166016,data/processed/fog_augmented/QD_Bing_878_medium.png
QD_Bing_878.png,augment_full,high,True,142.09291076660156,data/processed/fog_augmented/QD_Bing_878_high.png
QD_Google_019.png,no_augment,,,,
QD_Google_043.png,augment_full,low,True,101.0870132446289,data/processed/fog_augmented/QD_Google_043_low.png
QD_Google_043.png,augment_full,medium,True,106.12305450439453,data/processed/fog_augmented/QD_Google_043_medium.png
QD_Google_043.png,augment_full,high,False,,
QD_Google_045.png,no_augment,,,,
QD_Google_073.png,no_augment,,,,
QD_Google_080.png,augment_full,low,True,100.25318145751953,data/processed/fog_augmented/QD_Google_080_low.png
QD_Google_080.png,augment_full,medium,False,,
QD_Google_080.png,augment_full,high,False,,
QD_Google_095.png,augment_medium,medium,True,145.0060272216797,data/processed/fog_augmented/QD_Google_095_medium.png
SFC_Bing_300.png,no_augment,,,,
SFC_Bing_448.png,augment_full,low,True,100.39490509033203,data/processed/fog_augmented/SFC_Bing_448_low.png
SFC_Bing_448.png,augment_full,medium,True,122.92816925048828,data/processed/fog_augmented/SFC_Bing_448_medium.png
SFC_Bing_448.png,augment_full,high,False,,
SFC_Google_069.png,augment_full,low,True,101.16448974609375,data/processed/fog_augmented/SFC_Google_069_low.png
SFC_Google_069.png,augment_full,medium,True,121.32185363769531,data/processed/fog_augmented/SFC_Google_069_medium.png
SFC_Google_069.png,augment_full,high,True,138.07774353027344,data/processed/fog_augmented/SFC_Google_069_high.png
SFC_Google_165.png,no_augment,,,,
SFC_Google_178.png,augment_medium,medium,True,151.73394775390625,data/processed/fog_augmented/SFC_Google_178_medium.png
SFC_Google_182.png,augment_medium,medium,True,143.83103942871094,data/processed/fog_augmented/SFC_Google_182_medium.png
SFC_Google_197.png,augment_medium,medium,True,144.90020751953125,data/processed/fog_augmented/SFC_Google_197_medium.png
SFC_Google_20.png,augment_full,low,True,102.57937622070312,data/processed/fog_augmented/SFC_Google_20_low.png
SFC_Google_20.png,augment_full,medium,True,106.45001220703125,data/processed/fog_augmented/SFC_Google_20_medium.png
SFC_Google_20.png,augment_full,high,False,,
SFC_Google_206.png,no_augment,,,,
SFC_Google_209.png,augment_medium,medium,True,153.1798095703125,data/processed/fog_augmented/SFC_Google_209_medium.png
SFC_Google_225.png,no_augment,,,,
SFC_Google_285.png,augment_full,low,False,,
SFC_Google_285.png,augment_full,medium,True,127.80311584472656,data/processed/fog_augmented/SFC_Google_285_medium.png
SFC_Google_285.png,augment_full,high,True,137.96969604492188,data/processed/fog_augmented/SFC_Google_285_high.png
SFC_Google_305.png,augment_medium,medium,True,129.67735290527344,data/processed/fog_augmented/SFC_Google_305_medium.png
SFC_Google_332.png,no_augment,,,,
SFC_Google_409.png,augment_medium,medium,True,154.5626983642578,data/processed/fog_augmented/SFC_Google_409_medium.png
SFC_Google_426.png,augment_medium,medium,True,149.9971466064453,data/processed/fog_augmented/SFC_Google_426_medium.png
SFC_Google_462.png,augment_medium,medium,True,142.3394012451172,data/processed/fog_augmented/SFC_Google_462_medium.png
SFC_Google_473.png,augment_medium,medium,True,154.88311767578125,data/processed/fog_augmented/SFC_Google_473_medium.png
SFC_Google_474.png,augment_medium,medium,True,153.8393096923828,data/processed/fog_augmented/SFC_Google_474_medium.png
SFC_Google_481.png,no_augment,,,,
SFC_Google_486.png,no_augment,,,,
SFC_Google_531.png,augment_medium,medium,True,152.04136657714844,data/processed/fog_augmented/SFC_Google_531_medium.png
SFC_Google_668.png,no_augment,,,,
SFC_Google_672.png,no_augment,,,,
SFC_Google_679.png,augment_full,low,True,99.3449935913086,data/processed/fog_augmented/SFC_Google_679_low.png
SFC_Google_679.png,augment_full,medium,True,115.83482360839844,data/processed/fog_augmented/SFC_Google_679_medium.png
SFC_Google_679.png,augment_full,high,False,,
SFC_Google_703.png,no_augment,,,,
SGP_Bing_018.png,augment_full,low,True,94.32052612304688,data/processed/fog_augmented/SGP_Bing_018_low.png
SGP_Bing_018.png,augment_full,medium,True,112.4831314086914,data/processed/fog_augmented/SGP_Bing_018_medium.png
SGP_Bing_018.png,augment_full,high,False,,
SGP_Bing_019.png,augment_medium,medium,True,155.35472106933594,data/processed/fog_augmented/SGP_Bing_019_medium.png
SGP_Bing_027.png,augment_full,low,True,99.05390930175781,data/processed/fog_augmented/SGP_Bing_027_low.png
SGP_Bing_027.png,augment_full,medium,True,114.94552612304688,data/processed/fog_augmented/SGP_Bing_027_medium.png
SGP_Bing_027.png,augment_full,high,False,,
SGP_Bing_035.png,augment_medium,medium,True,148.9962921142578,data/processed/fog_augmented/SGP_Bing_035_medium.png
SGP_Bing_041.png,no_augment,,,,
SGP_Bing_052.png,augment_medium,medium,True,153.62257385253906,data/processed/fog_augmented/SGP_Bing_052_medium.png
SGP_Bing_072.png,no_augment,,,,
SGP_Bing_078.png,augment_full,low,True,101.09137725830078,data/processed/fog_augmented/SGP_Bing_078_low.png
SGP_Bing_078.png,augment_full,medium,True,113.73374938964844,data/processed/fog_augmented/SGP_Bing_078_medium.png
SGP_Bing_078.png,augment_full,high,False,,
SGP_Bing_080.png,augment_medium,medium,True,120.09735107421875,data/processed/fog_augmented/SGP_Bing_080_medium.png
SGP_Bing_082.png,augment_full,low,True,100.13919067382812,data/processed/fog_augmented/SGP_Bing_082_low.png
SGP_Bing_082.png,augment_full,medium,True,126.4990005493164,data/processed/fog_augmented/SGP_Bing_082_medium.png
SGP_Bing_082.png,augment_full,high,False,,
SGP_Bing_083.png,augment_full,low,True,99.996826171875,data/processed/fog_augmented/SGP_Bing_083_low.png
SGP_Bing_083.png,augment_full,medium,True,122.46395111083984,data/processed/fog_augmented/SGP_Bing_083_medium.png
SGP_Bing_083.png,augment_full,high,False,,
SGP_Bing_090.png,augment_medium,medium,True,150.32254028320312,data/processed/fog_augmented/SGP_Bing_090_medium.png
SGP_Bing_092.png,augment_full,low,True,98.32006072998047,data/processed/fog_augmented/SGP_Bing_092_low.png
SGP_Bing_092.png,augment_full,medium,True,127.20838165283203,data/processed/fog_augmented/SGP_Bing_092_medium.png
SGP_Bing_092.png,augment_full,high,True,131.7067108154297,data/processed/fog_augmented/SGP_Bing_092_high.png
SGP_Bing_097.png,no_augment,,,,
SGP_Bing_103.png,augment_full,low,True,64.2363052368164,data/processed/fog_augmented/SGP_Bing_103_low.png
SGP_Bing_103.png,augment_full,medium,False,,
SGP_Bing_103.png,augment_full,high,False,,
SGP_Bing_109.png,augment_full,low,True,92.4517822265625,data/processed/fog_augmented/SGP_Bing_109_low.png
SGP_Bing_109.png,augment_full,medium,False,,
SGP_Bing_109.png,augment_full,high,False,,
SGP_Bing_116.png,augment_medium,medium,True,142.64553833007812,data/processed/fog_augmented/SGP_Bing_116_medium.png
SGP_Bing_120.png,no_augment,,,,
SGP_Bing_125.png,augment_full,low,True,93.80010986328125,data/processed/fog_augmented/SGP_Bing_125_low.png
SGP_Bing_125.png,augment_full,medium,True,122.34263610839844,data/processed/fog_augmented/SGP_Bing_125_medium.png
SGP_Bing_125.png,augment_full,high,False,,
SGP_Bing_141.png,augment_medium,medium,True,155.2175750732422,data/processed/fog_augmented/SGP_Bing_141_medium.png
SGP_Bing_148.png,augment_full,low,True,98.01072692871094,data/processed/fog_augmented/SGP_Bing_148_low.png
SGP_Bing_148.png,augment_full,medium,True,113.06082916259766,data/processed/fog_augmented/SGP_Bing_148_medium.png
SGP_Bing_148.png,augment_full,high,False,,
SGP_Bing_167.png,augment_full,low,True,88.17940521240234,data/processed/fog_augmented/SGP_Bing_167_low.png
SGP_Bing_167.png,augment_full,medium,True,109.51583099365234,data/processed/fog_augmented/SGP_Bing_167_medium.png
SGP_Bing_167.png,augment_full,high,False,,
SGP_Bing_171.png,no_augment,,,,
SGP_Bing_179.png,augment_full,low,True,96.15666198730469,data/processed/fog_augmented/SGP_Bing_179_low.png
SGP_Bing_179.png,augment_full,medium,True,107.55518341064453,data/processed/fog_augmented/SGP_Bing_179_medium.png
SGP_Bing_179.png,augment_full,high,False,,
SGP_Bing_181.png,augment_medium,medium,True,149.4602813720703,data/processed/fog_augmented/SGP_Bing_181_medium.png
SGP_Bing_191.png,no_augment,,,,
SGP_Bing_192.png,augment_medium,medium,True,151.90472412109375,data/processed/fog_augmented/SGP_Bing_192_medium.png
SGP_Bing_196.png,no_augment,,,,
SGP_Bing_209.png,augment_full,low,True,42.24925231933594,data/processed/fog_augmented/SGP_Bing_209_low.png
SGP_Bing_209.png,augment_full,medium,False,,
SGP_Bing_209.png,augment_full,high,False,,
SGP_Bing_225.png,no_augment,,,,
SGP_Bing_231.png,augment_full,low,True,94.33660125732422,data/processed/fog_augmented/SGP_Bing_231_low.png
SGP_Bing_231.png,augment_full,medium,False,,
SGP_Bing_231.png,augment_full,high,False,,
SGP_Bing_264.png,no_augment,,,,
SGP_Bing_286.png,no_augment,,,,
SGP_Bing_295.png,no_augment,,,,
SGP_Bing_309.png,augment_full,low,True,95.95980834960938,data/processed/fog_augmented/SGP_Bing_309_low.png
SGP_Bing_309.png,augment_full,medium,True,109.3051986694336,data/processed/fog_augmented/SGP_Bing_309_medium.png
SGP_Bing_309.png,augment_full,high,False,,
SGP_Bing_414.png,augment_full,low,True,100.16614532470703,data/processed/fog_augmented/SGP_Bing_414_low.png
SGP_Bing_414.png,augment_full,medium,True,109.38656616210938,data/processed/fog_augmented/SGP_Bing_414_medium.png
SGP_Bing_414.png,augment_full,high,False,,
SGP_Bing_421.png,no_augment,,,,
SGP_Bing_445.png,augment_full,low,True,101.32618713378906,data/processed/fog_augmented/SGP_Bing_445_low.png
SGP_Bing_445.png,augment_full,medium,True,117.83465576171875,data/processed/fog_augmented/SGP_Bing_445_medium.png
SGP_Bing_445.png,augment_full,high,True,133.333984375,data/processed/fog_augmented/SGP_Bing_445_high.png
SGP_Bing_538.png,no_augment,,,,
SGP_Bing_551.png,augment_medium,medium,True,124.34667205810547,data/processed/fog_augmented/SGP_Bing_551_medium.png
SGP_Bing_557.png,no_augment,,,,
SGP_Bing_562.png,no_augment,,,,
SGP_Bing_566.png,no_augment,,,,
SGP_Bing_572.png,augment_full,low,False,,
SGP_Bing_572.png,augment_full,medium,True,122.03607940673828,data/processed/fog_augmented/SGP_Bing_572_medium.png
SGP_Bing_572.png,augment_full,high,True,136.29168701171875,data/processed/fog_augmented/SGP_Bing_572_high.png
SGP_Bing_58.png,no_augment,,,,
SGP_Bing_583.png,no_augment,,,,
SGP_Bing_623.png,augment_full,low,True,101.33318328857422,data/processed/fog_augmented/SGP_Bing_623_low.png
SGP_Bing_623.png,augment_full,medium,True,127.07240295410156,data/processed/fog_augmented/SGP_Bing_623_medium.png
SGP_Bing_623.png,augment_full,high,True,130.59237670898438,data/processed/fog_augmented/SGP_Bing_623_high.png
SGP_Bing_628.png,augment_full,low,True,98.1269760131836,data/processed/fog_augmented/SGP_Bing_628_low.png
SGP_Bing_628.png,augment_full,medium,True,120.67146301269531,data/processed/fog_augmented/SGP_Bing_628_medium.png
SGP_Bing_628.png,augment_full,high,True,136.8037872314453,data/processed/fog_augmented/SGP_Bing_628_high.png
SGP_Bing_684.png,no_augment,,,,
SGP_Bing_695.png,augment_full,low,False,,
SGP_Bing_695.png,augment_full,medium,True,119.93132019042969,data/processed/fog_augmented/SGP_Bing_695_medium.png
SGP_Bing_695.png,augment_full,high,False,,
SGP_Bing_723.png,augment_medium,medium,True,153.94805908203125,data/processed/fog_augmented/SGP_Bing_723_medium.png
SGP_Bing_727.png,augment_full,low,True,102.00189971923828,data/processed/fog_augmented/SGP_Bing_727_low.png
SGP_Bing_727.png,augment_full,medium,True,120.79241943359375,data/processed/fog_augmented/SGP_Bing_727_medium.png
SGP_Bing_727.png,augment_full,high,True,144.18585205078125,data/processed/fog_augmented/SGP_Bing_727_high.png
SGP_Google_002.png,no_augment,,,,
SGP_Google_015.png,augment_medium,medium,True,154.51882934570312,data/processed/fog_augmented/SGP_Google_015_medium.png
SGP_Google_024.png,no_augment,,,,
SGP_Google_067.png,augment_medium,medium,True,141.99099731445312,data/processed/fog_augmented/SGP_Google_067_medium.png
SGP_Google_073.png,no_augment,,,,
SGP_Google_075.png,no_augment,,,,
SGP_Google_080.png,augment_medium,medium,True,154.31199645996094,data/processed/fog_augmented/SGP_Google_080_medium.png
SGP_Google_092.png,augment_full,low,True,93.86347198486328,data/processed/fog_augmented/SGP_Google_092_low.png
SGP_Google_092.png,augment_full,medium,False,,
SGP_Google_092.png,augment_full,high,False,,
SGP_Google_109.png,no_augment,,,,
SGP_Google_117.png,no_augment,,,,
SGP_Google_119.png,no_augment,,,,
SGP_Google_127.png,no_augment,,,,
SGP_Google_161.png,augment_full,low,True,100.98853302001953,data/processed/fog_augmented/SGP_Google_161_low.png
SGP_Google_161.png,augment_full,medium,True,125.1871109008789,data/processed/fog_augmented/SGP_Google_161_medium.png
SGP_Google_161.png,augment_full,high,True,130.0594940185547,data/processed/fog_augmented/SGP_Google_161_high.png
SGP_Google_170.png,augment_medium,medium,True,154.6070556640625,data/processed/fog_augmented/SGP_Google_170_medium.png
SGP_Google_21.png,augment_medium,medium,True,155.10177612304688,data/processed/fog_augmented/SGP_Google_21_medium.png
SGP_Google_213.png,augment_medium,medium,True,143.53591918945312,data/processed/fog_augmented/SGP_Google_213_medium.png
SGP_Google_214.png,augment_full,low,False,,
SGP_Google_214.png,augment_full,medium,True,127.53377532958984,data/processed/fog_augmented/SGP_Google_214_medium.png
SGP_Google_214.png,augment_full,high,True,132.24093627929688,data/processed/fog_augmented/SGP_Google_214_high.png
SGP_Google_223.png,augment_medium,medium,True,155.50514221191406,data/processed/fog_augmented/SGP_Google_223_medium.png
SGP_Google_244.png,no_augment,,,,
SGP_Google_263.png,augment_medium,medium,True,152.07595825195312,data/processed/fog_augmented/SGP_Google_263_medium.png
SGP_Google_329.png,augment_medium,medium,True,139.1988983154297,data/processed/fog_augmented/SGP_Google_329_medium.png
SGP_Google_345.png,no_augment,,,,
SGP_Google_389.png,augment_full,low,True,101.85186767578125,data/processed/fog_augmented/SGP_Google_389_low.png
SGP_Google_389.png,augment_full,medium,True,119.4439697265625,data/processed/fog_augmented/SGP_Google_389_medium.png
SGP_Google_389.png,augment_full,high,False,,
SGP_Google_414.png,no_augment,,,,
SGP_Google_419.png,augment_full,low,True,100.3382339477539,data/processed/fog_augmented/SGP_Google_419_low.png
SGP_Google_419.png,augment_full,medium,True,114.17267608642578,data/processed/fog_augmented/SGP_Google_419_medium.png
SGP_Google_419.png,augment_full,high,False,,
SGP_Google_421.png,no_augment,,,,
SGP_Google_429.png,no_augment,,,,
SGP_Google_433.png,augment_medium,medium,True,155.6783905029297,data/processed/fog_augmented/SGP_Google_433_medium.png
SGP_Google_441.png,augment_full,low,False,,
SGP_Google_441.png,augment_full,medium,True,124.9580307006836,data/processed/fog_augmented/SGP_Google_441_medium.png
SGP_Google_441.png,augment_full,high,True,135.26637268066406,data/processed/fog_augmented/SGP_Google_441_high.png
SGP_Google_450.png,augment_medium,medium,True,153.22218322753906,data/processed/fog_augmented/SGP_Google_450_medium.png
SGP_Google_451.png,no_augment,,,,
SGP_Google_460.png,augment_medium,medium,True,147.9281768798828,data/processed/fog_augmented/SGP_Google_460_medium.png
SGP_Google_461.png,no_augment,,,,
SGP_Google_518.png,augment_medium,medium,True,155.6535186767578,data/processed/fog_augmented/SGP_Google_518_medium.png
SGP_Google_558.png,augment_medium,medium,True,155.4776153564453,data/processed/fog_augmented/SGP_Google_558_medium.png
SGP_Google_564.png,no_augment,,,,
SH_Baidu_01.png,no_augment,,,,
SH_Baidu_011.png,no_augment,,,,
SH_Baidu_032.png,no_augment,,,,
SH_Baidu_040.png,no_augment,,,,
SH_Baidu_059.png,augment_medium,medium,True,141.626708984375,data/processed/fog_augmented/SH_Baidu_059_medium.png
SH_Baidu_086.png,no_augment,,,,
SH_Baidu_088.png,augment_full,low,True,101.60919952392578,data/processed/fog_augmented/SH_Baidu_088_low.png
SH_Baidu_088.png,augment_full,medium,True,125.35689544677734,data/processed/fog_augmented/SH_Baidu_088_medium.png
SH_Baidu_088.png,augment_full,high,True,130.2509307861328,data/processed/fog_augmented/SH_Baidu_088_high.png
SH_Baidu_099.png,no_augment,,,,
SH_Baidu_112.png,no_augment,,,,
SH_Baidu_126.png,no_augment,,,,
SH_Baidu_146.png,augment_full,low,True,97.35115051269531,data/processed/fog_augmented/SH_Baidu_146_low.png
SH_Baidu_146.png,augment_full,medium,True,114.20793151855469,data/processed/fog_augmented/SH_Baidu_146_medium.png
SH_Baidu_146.png,augment_full,high,False,,
SH_Baidu_150.png,augment_medium,medium,True,153.47499084472656,data/processed/fog_augmented/SH_Baidu_150_medium.png
SH_Baidu_161.png,augment_medium,medium,True,152.63058471679688,data/processed/fog_augmented/SH_Baidu_161_medium.png
SH_Baidu_169.png,augment_medium,medium,True,153.83229064941406,data/processed/fog_augmented/SH_Baidu_169_medium.png
SH_Baidu_179.png,augment_medium,medium,True,153.2966766357422,data/processed/fog_augmented/SH_Baidu_179_medium.png
SH_Baidu_188.png,no_augment,,,,
SH_Baidu_226.png,no_augment,,,,
SH_Baidu_251.png,augment_medium,medium,True,139.02841186523438,data/processed/fog_augmented/SH_Baidu_251_medium.png
SH_Baidu_252.png,augment_medium,medium,True,154.2754669189453,data/processed/fog_augmented/SH_Baidu_252_medium.png
SH_Bing_121.png,augment_medium,medium,True,154.22193908691406,data/processed/fog_augmented/SH_Bing_121_medium.png
SH_Bing_123.png,augment_full,low,True,99.9172134399414,data/processed/fog_augmented/SH_Bing_123_low.png
SH_Bing_123.png,augment_full,medium,True,119.95323944091797,data/processed/fog_augmented/SH_Bing_123_medium.png
SH_Bing_123.png,augment_full,high,True,152.6547088623047,data/processed/fog_augmented/SH_Bing_123_high.png
SH_Bing_139.png,augment_full,low,True,101.41149139404297,data/processed/fog_augmented/SH_Bing_139_low.png
SH_Bing_139.png,augment_full,medium,True,112.9747543334961,data/processed/fog_augmented/SH_Bing_139_medium.png
SH_Bing_139.png,augment_full,high,False,,
SH_Bing_156.png,augment_medium,medium,True,140.40037536621094,data/processed/fog_augmented/SH_Bing_156_medium.png
SH_Bing_203.png,augment_full,low,False,,
SH_Bing_203.png,augment_full,medium,True,116.85137939453125,data/processed/fog_augmented/SH_Bing_203_medium.png
SH_Bing_203.png,augment_full,high,False,,
SH_Bing_228.png,no_augment,,,,
SH_Bing_252.png,no_augment,,,,
SH_Bing_274.png,no_augment,,,,
SH_Bing_279.png,augment_full,low,False,,
SH_Bing_279.png,augment_full,medium,True,126.70481872558594,data/processed/fog_augmented/SH_Bing_279_medium.png
SH_Bing_279.png,augment_full,high,True,128.71546936035156,data/processed/fog_augmented/SH_Bing_279_high.png
SH_Bing_297.png,augment_medium,medium,True,151.15170288085938,data/processed/fog_augmented/SH_Bing_297_medium.png
SH_Bing_352.png,augment_medium,medium,True,140.8376922607422,data/processed/fog_augmented/SH_Bing_352_medium.png
SH_Bing_353.png,augment_medium,medium,True,154.641845703125,data/processed/fog_augmented/SH_Bing_353_medium.png
SH_Bing_44.png,augment_full,low,False,,
SH_Bing_44.png,augment_full,medium,True,123.26239776611328,data/processed/fog_augmented/SH_Bing_44_medium.png
SH_Bing_44.png,augment_full,high,True,149.390869140625,data/processed/fog_augmented/SH_Bing_44_high.png
SH_Bing_453.png,no_augment,,,,
SH_Bing_455.png,augment_medium,medium,True,151.12307739257812,data/processed/fog_augmented/SH_Bing_455_medium.png
SH_Bing_465.png,no_augment,,,,
SH_Bing_503.png,augment_full,low,False,,
SH_Bing_503.png,augment_full,medium,True,127.4179458618164,data/processed/fog_augmented/SH_Bing_503_medium.png
SH_Bing_503.png,augment_full,high,True,141.195556640625,data/processed/fog_augmented/SH_Bing_503_high.png
SH_Bing_523.png,no_augment,,,,
SH_Bing_548.png,no_augment,,,,
SH_Bing_554.png,augment_medium,medium,True,151.68582153320312,data/processed/fog_augmented/SH_Bing_554_medium.png
SH_Bing_721.png,no_augment,,,,
SH_Bing_765.png,no_augment,,,,
SH_Google_075.png,no_augment,,,,
SH_Google_130.png,augment_medium,medium,True,154.52407836914062,data/processed/fog_augmented/SH_Google_130_medium.png
SH_Google_139.png,augment_medium,medium,True,149.61134338378906,data/processed/fog_augmented/SH_Google_139_medium.png
SH_Google_161.png,augment_medium,medium,True,152.9415283203125,data/processed/fog_augmented/SH_Google_161_medium.png
SH_Google_267.png,no_augment,,,,
SH_Google_298.png,no_augment,,,,
SH_Google_302.png,augment_medium,medium,True,142.11351013183594,data/processed/fog_augmented/SH_Google_302_medium.png
SH_Google_353.png,augment_full,low,True,96.28474426269531,data/processed/fog_augmented/SH_Google_353_low.png
SH_Google_353.png,augment_full,medium,True,124.32606506347656,data/processed/fog_augmented/SH_Google_353_medium.png
SH_Google_353.png,augment_full,high,False,,
SH_Google_383.png,augment_full,low,True,101.13954162597656,data/processed/fog_augmented/SH_Google_383_low.png
SH_Google_383.png,augment_full,medium,True,125.74712371826172,data/processed/fog_augmented/SH_Google_383_medium.png
SH_Google_383.png,augment_full,high,True,154.1126251220703,data/processed/fog_augmented/SH_Google_383_high.png
SH_Google_411.png,augment_full,low,True,99.22034454345703,data/processed/fog_augmented/SH_Google_411_low.png
SH_Google_411.png,augment_full,medium,True,125.80516815185547,data/processed/fog_augmented/SH_Google_411_medium.png
SH_Google_411.png,augment_full,high,True,137.6411590576172,data/processed/fog_augmented/SH_Google_411_high.png
SH_Google_413.png,augment_medium,medium,True,149.41348266601562,data/processed/fog_augmented/SH_Google_413_medium.png
SH_Google_418.png,no_augment,,,,
SH_Google_470.png,augment_full,low,True,85.33938598632812,data/processed/fog_augmented/SH_Google_470_low.png
SH_Google_470.png,augment_full,medium,False,,
SH_Google_470.png,augment_full,high,False,,
SH_Google_477.png,augment_full,low,True,100.31946563720703,data/processed/fog_augmented/SH_Google_477_low.png
SH_Google_477.png,augment_full,medium,True,125.34044647216797,data/processed/fog_augmented/SH_Google_477_medium.png
SH_Google_477.png,augment_full,high,True,146.84756469726562,data/processed/fog_augmented/SH_Google_477_high.png
SH_Google_516.png,no_augment,,,,
SH_Google_53.png,augment_full,low,True,99.7740707397461,data/processed/fog_augmented/SH_Google_53_low.png
SH_Google_53.png,augment_full,medium,True,115.80889892578125,data/processed/fog_augmented/SH_Google_53_medium.png
SH_Google_53.png,augment_full,high,False,,
SJZ_Baidu_003.png,no_augment,,,,
SJZ_Baidu_011.png,augment_medium,medium,True,146.23477172851562,data/processed/fog_augmented/SJZ_Baidu_011_medium.png
SJZ_Baidu_017.png,no_augment,,,,
SJZ_Baidu_023.png,augment_medium,medium,True,151.5724334716797,data/processed/fog_augmented/SJZ_Baidu_023_medium.png
SJZ_Baidu_024.png,augment_full,low,False,,
SJZ_Baidu_024.png,augment_full,medium,True,125.53376770019531,data/processed/fog_augmented/SJZ_Baidu_024_medium.png
SJZ_Baidu_024.png,augment_full,high,True,151.1734161376953,data/processed/fog_augmented/SJZ_Baidu_024_high.png
SJZ_Baidu_029.png,augment_medium,medium,True,139.54534912109375,data/processed/fog_augmented/SJZ_Baidu_029_medium.png
SJZ_Baidu_040.png,no_augment,,,,
SJZ_Baidu_042.png,augment_medium,medium,True,144.64028930664062,data/processed/fog_augmented/SJZ_Baidu_042_medium.png
SJZ_Baidu_068.png,no_augment,,,,
SJZ_Baidu_075.png,no_augment,,,,
SJZ_Baidu_088.png,no_augment,,,,
SJZ_Baidu_097.png,no_augment,,,,
SJZ_Baidu_099.png,no_augment,,,,
SJZ_Baidu_1074.png,augment_full,low,True,97.63094329833984,data/processed/fog_augmented/SJZ_Baidu_1074_low.png
SJZ_Baidu_1074.png,augment_full,medium,True,117.44965362548828,data/processed/fog_augmented/SJZ_Baidu_1074_medium.png
SJZ_Baidu_1074.png,augment_full,high,True,154.069580078125,data/processed/fog_augmented/SJZ_Baidu_1074_high.png
SJZ_Baidu_1110.png,augment_full,low,False,,
SJZ_Baidu_1110.png,augment_full,medium,True,127.4751968383789,data/processed/fog_augmented/SJZ_Baidu_1110_medium.png
SJZ_Baidu_1110.png,augment_full,high,True,136.2987518310547,data/processed/fog_augmented/SJZ_Baidu_1110_high.png
SJZ_Baidu_1114.png,augment_full,low,True,99.14286041259766,data/processed/fog_augmented/SJZ_Baidu_1114_low.png
SJZ_Baidu_1114.png,augment_full,medium,True,115.0371322631836,data/processed/fog_augmented/SJZ_Baidu_1114_medium.png
SJZ_Baidu_1114.png,augment_full,high,False,,
SJZ_Baidu_114.png,augment_medium,medium,True,147.1103515625,data/processed/fog_augmented/SJZ_Baidu_114_medium.png
SJZ_Baidu_116.png,augment_medium,medium,True,151.51162719726562,data/processed/fog_augmented/SJZ_Baidu_116_medium.png
SJZ_Baidu_118.png,no_augment,,,,
SJZ_Baidu_1195.png,augment_full,low,True,96.71102142333984,data/processed/fog_augmented/SJZ_Baidu_1195_low.png
SJZ_Baidu_1195.png,augment_full,medium,True,127.12711334228516,data/processed/fog_augmented/SJZ_Baidu_1195_medium.png
SJZ_Baidu_1195.png,augment_full,high,True,149.87904357910156,data/processed/fog_augmented/SJZ_Baidu_1195_high.png
SJZ_Baidu_120.png,augment_medium,medium,True,149.9982147216797,data/processed/fog_augmented/SJZ_Baidu_120_medium.png
SJZ_Baidu_1218.png,augment_medium,medium,True,124.37069702148438,data/processed/fog_augmented/SJZ_Baidu_1218_medium.png
SJZ_Baidu_1231.png,augment_full,low,False,,
SJZ_Baidu_1231.png,augment_full,medium,True,120.40105438232422,data/processed/fog_augmented/SJZ_Baidu_1231_medium.png
SJZ_Baidu_1231.png,augment_full,high,True,151.6586456298828,data/processed/fog_augmented/SJZ_Baidu_1231_high.png
SJZ_Baidu_125.png,augment_full,low,False,,
SJZ_Baidu_125.png,augment_full,medium,True,125.84431457519531,data/processed/fog_augmented/SJZ_Baidu_125_medium.png
SJZ_Baidu_125.png,augment_full,high,True,154.19578552246094,data/processed/fog_augmented/SJZ_Baidu_125_high.png
SJZ_Baidu_127.png,augment_medium,medium,True,136.56845092773438,data/processed/fog_augmented/SJZ_Baidu_127_medium.png
SJZ_Baidu_133.png,augment_full,low,False,,
SJZ_Baidu_133.png,augment_full,medium,True,117.38494110107422,data/processed/fog_augmented/SJZ_Baidu_133_medium.png
SJZ_Baidu_133.png,augment_full,high,True,148.09384155273438,data/processed/fog_augmented/SJZ_Baidu_133_high.png
SJZ_Baidu_134.png,augment_medium,medium,True,155.56814575195312,data/processed/fog_augmented/SJZ_Baidu_134_medium.png
SJZ_Baidu_137.png,no_augment,,,,
SJZ_Baidu_147.png,augment_medium,medium,True,148.7335205078125,data/processed/fog_augmented/SJZ_Baidu_147_medium.png
SJZ_Baidu_151.png,augment_medium,medium,True,152.1388397216797,data/processed/fog_augmented/SJZ_Baidu_151_medium.png
SJZ_Baidu_159.png,augment_full,low,False,,
SJZ_Baidu_159.png,augment_full,medium,True,126.66090393066406,data/processed/fog_augmented/SJZ_Baidu_159_medium.png
SJZ_Baidu_159.png,augment_full,high,True,129.6629638671875,data/processed/fog_augmented/SJZ_Baidu_159_high.png
SJZ_Baidu_164.png,no_augment,,,,
SJZ_Baidu_172.png,no_augment,,,,
SJZ_Baidu_177.png,augment_medium,medium,True,133.68768310546875,data/processed/fog_augmented/SJZ_Baidu_177_medium.png
SJZ_Baidu_184.png,no_augment,,,,
SJZ_Baidu_203.png,augment_medium,medium,True,152.97145080566406,data/processed/fog_augmented/SJZ_Baidu_203_medium.png
SJZ_Baidu_209.png,augment_full,low,True,101.76365661621094,data/processed/fog_augmented/SJZ_Baidu_209_low.png
SJZ_Baidu_209.png,augment_full,medium,True,127.55487060546875,data/processed/fog_augmented/SJZ_Baidu_209_medium.png
SJZ_Baidu_209.png,augment_full,high,False,,
SJZ_Baidu_223.png,no_augment,,,,
SJZ_Baidu_224.png,no_augment,,,,
SJZ_Baidu_225.png,no_augment,,,,
SJZ_Baidu_240.png,no_augment,,,,
SJZ_Baidu_243.png,no_augment,,,,
SJZ_Baidu_244.png,no_augment,,,,
SJZ_Baidu_249.png,no_augment,,,,
SJZ_Baidu_267.png,no_augment,,,,
SJZ_Baidu_286.png,no_augment,,,,
SJZ_Baidu_305.png,no_augment,,,,
SJZ_Baidu_332.png,augment_full,low,False,,
SJZ_Baidu_332.png,augment_full,medium,True,125.15455627441406,data/processed/fog_augmented/SJZ_Baidu_332_medium.png
SJZ_Baidu_332.png,augment_full,high,True,135.53282165527344,data/processed/fog_augmented/SJZ_Baidu_332_high.png
SJZ_Baidu_333.png,no_augment,,,,
SJZ_Baidu_381.png,no_augment,,,,
SJZ_Baidu_397.png,no_augment,,,,
SJZ_Baidu_406.png,augment_full,low,True,101.3455810546875,data/processed/fog_augmented/SJZ_Baidu_406_low.png
SJZ_Baidu_406.png,augment_full,medium,True,121.72357940673828,data/processed/fog_augmented/SJZ_Baidu_406_medium.png
SJZ_Baidu_406.png,augment_full,high,False,,
SJZ_Baidu_418.png,augment_medium,medium,True,144.80349731445312,data/processed/fog_augmented/SJZ_Baidu_418_medium.png
SJZ_Baidu_420.png,augment_full,low,False,,
SJZ_Baidu_420.png,augment_full,medium,True,123.73680114746094,data/processed/fog_augmented/SJZ_Baidu_420_medium.png
SJZ_Baidu_420.png,augment_full,high,True,141.6146697998047,data/processed/fog_augmented/SJZ_Baidu_420_high.png
SJZ_Baidu_421.png,augment_full,low,True,102.46934509277344,data/processed/fog_augmented/SJZ_Baidu_421_low.png
SJZ_Baidu_421.png,augment_full,medium,True,122.22301483154297,data/processed/fog_augmented/SJZ_Baidu_421_medium.png
SJZ_Baidu_421.png,augment_full,high,True,141.39480590820312,data/processed/fog_augmented/SJZ_Baidu_421_high.png
SJZ_Baidu_451.png,augment_full,low,False,,
SJZ_Baidu_451.png,augment_full,medium,True,125.41798400878906,data/processed/fog_augmented/SJZ_Baidu_451_medium.png
SJZ_Baidu_451.png,augment_full,high,True,130.03594970703125,data/processed/fog_augmented/SJZ_Baidu_451_high.png
SJZ_Baidu_475.png,augment_medium,medium,True,133.4622344970703,data/processed/fog_augmented/SJZ_Baidu_475_medium.png
SJZ_Baidu_491.png,augment_full,low,True,100.99950408935547,data/processed/fog_augmented/SJZ_Baidu_491_low.png
SJZ_Baidu_491.png,augment_full,medium,True,110.1330795288086,data/processed/fog_augmented/SJZ_Baidu_491_medium.png
SJZ_Baidu_491.png,augment_full,high,False,,
SJZ_Baidu_550.png,no_augment,,,,
SJZ_Baidu_570.png,augment_full,low,True,101.89352416992188,data/processed/fog_augmented/SJZ_Baidu_570_low.png
SJZ_Baidu_570.png,augment_full,medium,True,124.1620864868164,data/processed/fog_augmented/SJZ_Baidu_570_medium.png
SJZ_Baidu_570.png,augment_full,high,False,,
SJZ_Baidu_575.png,augment_medium,medium,True,142.82196044921875,data/processed/fog_augmented/SJZ_Baidu_575_medium.png
SJZ_Baidu_593.png,augment_medium,medium,True,128.80941772460938,data/processed/fog_augmented/SJZ_Baidu_593_medium.png
SJZ_Baidu_620.png,augment_medium,medium,True,150.21334838867188,data/processed/fog_augmented/SJZ_Baidu_620_medium.png
SJZ_Baidu_688.png,no_augment,,,,
SJZ_Baidu_716.png,augment_full,low,True,102.70577239990234,data/processed/fog_augmented/SJZ_Baidu_716_low.png
SJZ_Baidu_716.png,augment_full,medium,True,114.79773712158203,data/processed/fog_augmented/SJZ_Baidu_716_medium.png
SJZ_Baidu_716.png,augment_full,high,False,,
SJZ_Baidu_730.png,augment_medium,medium,True,151.22280883789062,data/processed/fog_augmented/SJZ_Baidu_730_medium.png
SJZ_Baidu_771.png,augment_medium,medium,True,144.51629638671875,data/processed/fog_augmented/SJZ_Baidu_771_medium.png
SJZ_Baidu_772.png,augment_full,low,False,,
SJZ_Baidu_772.png,augment_full,medium,True,123.61979675292969,data/processed/fog_augmented/SJZ_Baidu_772_medium.png
SJZ_Baidu_772.png,augment_full,high,True,145.68064880371094,data/processed/fog_augmented/SJZ_Baidu_772_high.png
SJZ_Baidu_774.png,augment_full,low,True,101.05327606201172,data/processed/fog_augmented/SJZ_Baidu_774_low.png
SJZ_Baidu_774.png,augment_full,medium,True,121.68009185791016,data/processed/fog_augmented/SJZ_Baidu_774_medium.png
SJZ_Baidu_774.png,augment_full,high,False,,
SJZ_Baidu_787.png,augment_full,low,True,98.12346649169922,data/processed/fog_augmented/SJZ_Baidu_787_low.png
SJZ_Baidu_787.png,augment_full,medium,True,126.6147689819336,data/processed/fog_augmented/SJZ_Baidu_787_medium.png
SJZ_Baidu_787.png,augment_full,high,True,133.6383514404297,data/processed/fog_augmented/SJZ_Baidu_787_high.png
SJZ_Baidu_790.png,augment_full,low,True,100.6100082397461,data/processed/fog_augmented/SJZ_Baidu_790_low.png
SJZ_Baidu_790.png,augment_full,medium,True,127.19203186035156,data/processed/fog_augmented/SJZ_Baidu_790_medium.png
SJZ_Baidu_790.png,augment_full,high,True,141.57742309570312,data/processed/fog_augmented/SJZ_Baidu_790_high.png
SJZ_Baidu_84.png,augment_full,low,False,,
SJZ_Baidu_84.png,augment_full,medium,True,119.09230041503906,data/processed/fog_augmented/SJZ_Baidu_84_medium.png
SJZ_Baidu_84.png,augment_full,high,False,,
SJZ_Baidu_870.png,augment_full,low,True,99.89563751220703,data/processed/fog_augmented/SJZ_Baidu_870_low.png
SJZ_Baidu_870.png,augment_full,medium,False,,
SJZ_Baidu_870.png,augment_full,high,False,,
SJZ_Baidu_891.png,augment_full,low,True,95.23860931396484,data/processed/fog_augmented/SJZ_Baidu_891_low.png
SJZ_Baidu_891.png,augment_full,medium,True,118.76451873779297,data/processed/fog_augmented/SJZ_Baidu_891_medium.png
SJZ_Baidu_891.png,augment_full,high,False,,
SJZ_Baidu_892.png,augment_medium,medium,True,153.66244506835938,data/processed/fog_augmented/SJZ_Baidu_892_medium.png
SJZ_Baidu_897.png,no_augment,,,,
SJZ_Baidu_910.png,augment_full,low,True,99.13409423828125,data/processed/fog_augmented/SJZ_Baidu_910_low.png
SJZ_Baidu_910.png,augment_full,medium,True,127.54936218261719,data/processed/fog_augmented/SJZ_Baidu_910_medium.png
SJZ_Baidu_910.png,augment_full,high,False,,
SJZ_Baidu_924.png,augment_full,low,True,93.56578063964844,data/processed/fog_augmented/SJZ_Baidu_924_low.png
SJZ_Baidu_924.png,augment_full,medium,False,,
SJZ_Baidu_924.png,augment_full,high,False,,
SJZ_Baidu_935.png,augment_full,low,False,,
SJZ_Baidu_935.png,augment_full,medium,True,126.55040740966797,data/processed/fog_augmented/SJZ_Baidu_935_medium.png
SJZ_Baidu_935.png,augment_full,high,True,149.42454528808594,data/processed/fog_augmented/SJZ_Baidu_935_high.png
SJZ_Baidu_956.png,augment_full,low,False,,
SJZ_Baidu_956.png,augment_full,medium,True,127.09367370605469,data/processed/fog_augmented/SJZ_Baidu_956_medium.png
SJZ_Baidu_956.png,augment_full,high,True,153.70851135253906,data/processed/fog_augmented/SJZ_Baidu_956_high.png
SJZ_Baidu_994.png,augment_full,low,True,102.486328125,data/processed/fog_augmented/SJZ_Baidu_994_low.png
SJZ_Baidu_994.png,augment_full,medium,True,124.93035125732422,data/processed/fog_augmented/SJZ_Baidu_994_medium.png
SJZ_Baidu_994.png,augment_full,high,True,148.10643005371094,data/processed/fog_augmented/SJZ_Baidu_994_high.png
SJZ_Bing_009.png,no_augment,,,,
SJZ_Bing_025.png,no_augment,,,,
SJZ_Bing_036.png,no_augment,,,,
SJZ_Bing_061.png,no_augment,,,,
SJZ_Bing_062.png,no_augment,,,,
SJZ_Bing_082.png,augment_full,low,True,102.50599670410156,data/processed/fog_augmented/SJZ_Bing_082_low.png
SJZ_Bing_082.png,augment_full,medium,True,125.9031982421875,data/processed/fog_augmented/SJZ_Bing_082_medium.png
SJZ_Bing_082.png,augment_full,high,False,,
SJZ_Bing_085.png,augment_medium,medium,True,154.4603271484375,data/processed/fog_augmented/SJZ_Bing_085_medium.png
SJZ_Bing_125.png,no_augment,,,,
SJZ_Bing_146.png,augment_medium,medium,True,152.62384033203125,data/processed/fog_augmented/SJZ_Bing_146_medium.png
SJZ_Bing_181.png,augment_full,low,True,102.45672607421875,data/processed/fog_augmented/SJZ_Bing_181_low.png
SJZ_Bing_181.png,augment_full,medium,True,123.66732788085938,data/processed/fog_augmented/SJZ_Bing_181_medium.png
SJZ_Bing_181.png,augment_full,high,True,137.16148376464844,data/processed/fog_augmented/SJZ_Bing_181_high.png
SJZ_Bing_189.png,augment_full,low,True,100.96331787109375,data/processed/fog_augmented/SJZ_Bing_189_low.png
SJZ_Bing_189.png,augment_full,medium,True,121.3163833618164,data/processed/fog_augmented/SJZ_Bing_189_medium.png
SJZ_Bing_189.png,augment_full,high,True,144.4302215576172,data/processed/fog_augmented/SJZ_Bing_189_high.png
SJZ_Bing_196.png,augment_full,low,True,98.61436462402344,data/processed/fog_augmented/SJZ_Bing_196_low.png
SJZ_Bing_196.png,augment_full,medium,True,123.54961395263672,data/processed/fog_augmented/SJZ_Bing_196_medium.png
SJZ_Bing_196.png,augment_full,high,False,,
SJZ_Bing_202.png,augment_full,low,False,,
SJZ_Bing_202.png,augment_full,medium,True,125.37014770507812,data/processed/fog_augmented/SJZ_Bing_202_medium.png
SJZ_Bing_202.png,augment_full,high,True,139.5083465576172,data/processed/fog_augmented/SJZ_Bing_202_high.png
SJZ_Bing_236.png,augment_medium,medium,True,151.4451446533203,data/processed/fog_augmented/SJZ_Bing_236_medium.png
SJZ_Bing_246.png,augment_medium,medium,True,152.66453552246094,data/processed/fog_augmented/SJZ_Bing_246_medium.png
SJZ_Bing_297.png,augment_medium,medium,True,143.90611267089844,data/processed/fog_augmented/SJZ_Bing_297_medium.png
SJZ_Bing_301.png,augment_full,low,False,,
SJZ_Bing_301.png,augment_full,medium,True,127.96820068359375,data/processed/fog_augmented/SJZ_Bing_301_medium.png
SJZ_Bing_301.png,augment_full,high,True,142.95367431640625,data/processed/fog_augmented/SJZ_Bing_301_high.png
SJZ_Bing_377.png,augment_full,low,True,98.72817993164062,data/processed/fog_augmented/SJZ_Bing_377_low.png
SJZ_Bing_377.png,augment_full,medium,True,126.52632904052734,data/processed/fog_augmented/SJZ_Bing_377_medium.png
SJZ_Bing_377.png,augment_full,high,True,136.45399475097656,data/processed/fog_augmented/SJZ_Bing_377_high.png
SJZ_Bing_387.png,no_augment,,,,
SJZ_Bing_397.png,no_augment,,,,
SJZ_Bing_410.png,augment_full,low,True,98.00565338134766,data/processed/fog_augmented/SJZ_Bing_410_low.png
SJZ_Bing_410.png,augment_full,medium,True,126.56124877929688,data/processed/fog_augmented/SJZ_Bing_410_medium.png
SJZ_Bing_410.png,augment_full,high,True,128.24917602539062,data/processed/fog_augmented/SJZ_Bing_410_high.png
SJZ_Bing_412.png,no_augment,,,,
SJZ_Bing_461.png,no_augment,,,,
SJZ_Bing_492.png,augment_full,low,True,97.73320770263672,data/processed/fog_augmented/SJZ_Bing_492_low.png
SJZ_Bing_492.png,augment_full,medium,True,122.47175598144531,data/processed/fog_augmented/SJZ_Bing_492_medium.png
SJZ_Bing_492.png,augment_full,high,True,132.37574768066406,data/processed/fog_augmented/SJZ_Bing_492_high.png
SJZ_Bing_499.png,augment_full,low,False,,
SJZ_Bing_499.png,augment_full,medium,True,123.80207824707031,data/processed/fog_augmented/SJZ_Bing_499_medium.png
SJZ_Bing_499.png,augment_full,high,True,136.2350311279297,data/processed/fog_augmented/SJZ_Bing_499_high.png
SJZ_Bing_556.png,augment_medium,medium,True,154.89535522460938,data/processed/fog_augmented/SJZ_Bing_556_medium.png
SJZ_Bing_570.png,augment_full,low,True,102.74150085449219,data/processed/fog_augmented/SJZ_Bing_570_low.png
SJZ_Bing_570.png,augment_full,medium,True,106.769287109375,data/processed/fog_augmented/SJZ_Bing_570_medium.png
SJZ_Bing_570.png,augment_full,high,False,,
SJZ_Bing_587.png,augment_full,low,False,,
SJZ_Bing_587.png,augment_full,medium,True,122.38420867919922,data/processed/fog_augmented/SJZ_Bing_587_medium.png
SJZ_Bing_587.png,augment_full,high,True,140.7526092529297,data/processed/fog_augmented/SJZ_Bing_587_high.png
SJZ_Bing_593.png,no_augment,,,,
SJZ_Bing_623.png,no_augment,,,,
SJZ_Bing_666.png,augment_full,low,False,,
SJZ_Bing_666.png,augment_full,medium,True,126.0599594116211,data/processed/fog_augmented/SJZ_Bing_666_medium.png
SJZ_Bing_666.png,augment_full,high,True,148.6832733154297,data/processed/fog_augmented/SJZ_Bing_666_high.png
SJZ_Bing_673.png,augment_full,low,True,95.49983215332031,data/processed/fog_augmented/SJZ_Bing_673_low.png
SJZ_Bing_673.png,augment_full,medium,True,118.26500701904297,data/processed/fog_augmented/SJZ_Bing_673_medium.png
SJZ_Bing_673.png,augment_full,high,False,,
SJZ_Bing_683.png,augment_medium,medium,True,152.19549560546875,data/processed/fog_augmented/SJZ_Bing_683_medium.png
SJZ_Bing_686.png,augment_medium,medium,True,150.8541717529297,data/processed/fog_augmented/SJZ_Bing_686_medium.png
SJZ_Bing_695.png,no_augment,,,,
SJZ_Bing_703.png,no_augment,,,,
SJZ_Bing_704.png,augment_medium,medium,True,143.13917541503906,data/processed/fog_augmented/SJZ_Bing_704_medium.png
SJZ_Bing_716.png,augment_medium,medium,True,149.2364044189453,data/processed/fog_augmented/SJZ_Bing_716_medium.png
SJZ_Bing_752.png,augment_full,low,True,101.90859985351562,data/processed/fog_augmented/SJZ_Bing_752_low.png
SJZ_Bing_752.png,augment_full,medium,True,125.79972839355469,data/processed/fog_augmented/SJZ_Bing_752_medium.png
SJZ_Bing_752.png,augment_full,high,True,132.89999389648438,data/processed/fog_augmented/SJZ_Bing_752_high.png
SJZ_Bing_764.png,no_augment,,,,
SJZ_Bing_794.png,augment_full,low,False,,
SJZ_Bing_794.png,augment_full,medium,True,126.32495880126953,data/processed/fog_augmented/SJZ_Bing_794_medium.png
SJZ_Bing_794.png,augment_full,high,True,134.7257537841797,data/processed/fog_augmented/SJZ_Bing_794_high.png
SJZ_Bing_812.png,augment_full,low,True,100.02653503417969,data/processed/fog_augmented/SJZ_Bing_812_low.png
SJZ_Bing_812.png,augment_full,medium,True,118.22835540771484,data/processed/fog_augmented/SJZ_Bing_812_medium.png
SJZ_Bing_812.png,augment_full,high,True,150.83253479003906,data/processed/fog_augmented/SJZ_Bing_812_high.png
SJZ_Bing_819.png,no_augment,,,,
SJZ_Bing_824.png,augment_full,low,True,96.98033142089844,data/processed/fog_augmented/SJZ_Bing_824_low.png
SJZ_Bing_824.png,augment_full,medium,False,,
SJZ_Bing_824.png,augment_full,high,False,,
SJZ_Google_069.png,no_augment,,,,
SJZ_Google_123.png,augment_full,low,True,101.43989562988281,data/processed/fog_augmented/SJZ_Google_123_low.png
SJZ_Google_123.png,augment_full,medium,True,127.5182876586914,data/processed/fog_augmented/SJZ_Google_123_medium.png
SJZ_Google_123.png,augment_full,high,True,128.13262939453125,data/processed/fog_augmented/SJZ_Google_123_high.png
SJZ_Google_247.png,augment_full,low,False,,
SJZ_Google_247.png,augment_full,medium,True,125.80150604248047,data/processed/fog_augmented/SJZ_Google_247_medium.png
SJZ_Google_247.png,augment_full,high,True,140.1134033203125,data/processed/fog_augmented/SJZ_Google_247_high.png
SJZ_Google_271.png,augment_full,low,True,100.92178344726562,data/processed/fog_augmented/SJZ_Google_271_low.png
SJZ_Google_271.png,augment_full,medium,True,119.31364440917969,data/processed/fog_augmented/SJZ_Google_271_medium.png
SJZ_Google_271.png,augment_full,high,False,,
SJZ_Google_282.png,no_augment,,,,
SJZ_Google_293.png,augment_medium,medium,True,153.63999938964844,data/processed/fog_augmented/SJZ_Google_293_medium.png
SJZ_Google_338.png,augment_full,low,True,100.84693145751953,data/processed/fog_augmented/SJZ_Google_338_low.png
SJZ_Google_338.png,augment_full,medium,True,127.20608520507812,data/processed/fog_augmented/SJZ_Google_338_medium.png
SJZ_Google_338.png,augment_full,high,True,141.16543579101562,data/processed/fog_augmented/SJZ_Google_338_high.png
SJZ_Google_339.png,no_augment,,,,
SJZ_Google_352.png,no_augment,,,,
SJZ_Google_361.png,no_augment,,,,
SJZ_Google_382.png,augment_medium,medium,True,146.1356964111328,data/processed/fog_augmented/SJZ_Google_382_medium.png
SJZ_Google_400.png,augment_medium,medium,True,151.718505859375,data/processed/fog_augmented/SJZ_Google_400_medium.png
SJZ_Google_404.png,augment_full,low,False,,
SJZ_Google_404.png,augment_full,medium,True,127.81088256835938,data/processed/fog_augmented/SJZ_Google_404_medium.png
SJZ_Google_404.png,augment_full,high,True,153.6903533935547,data/processed/fog_augmented/SJZ_Google_404_high.png
SJZ_Google_407.png,augment_medium,medium,True,151.90480041503906,data/processed/fog_augmented/SJZ_Google_407_medium.png
SJZ_Google_412.png,no_augment,,,,
SJZ_Google_435.png,no_augment,,,,
SJZ_Google_452.png,no_augment,,,,
SJZ_Google_455.png,augment_full,low,False,,
SJZ_Google_455.png,augment_full,medium,True,124.69038391113281,data/processed/fog_augmented/SJZ_Google_455_medium.png
SJZ_Google_455.png,augment_full,high,True,134.69461059570312,data/processed/fog_augmented/SJZ_Google_455_high.png
SJZ_Google_501.png,augment_medium,medium,True,152.80606079101562,data/processed/fog_augmented/SJZ_Google_501_medium.png
SJZ_Google_505.png,augment_medium,medium,True,149.75547790527344,data/processed/fog_augmented/SJZ_Google_505_medium.png
SJZ_Google_514.png,no_augment,,,,
SJZ_Google_525.png,no_augment,,,,
SJZ_Google_534.png,augment_medium,medium,True,154.38575744628906,data/processed/fog_augmented/SJZ_Google_534_medium.png
SJZ_Google_553.png,augment_medium,medium,True,153.79791259765625,data/processed/fog_augmented/SJZ_Google_553_medium.png
SJZ_Google_56.png,augment_full,low,True,99.6075210571289,data/processed/fog_augmented/SJZ_Google_56_low.png
SJZ_Google_56.png,augment_full,medium,True,124.71673583984375,data/processed/fog_augmented/SJZ_Google_56_medium.png
SJZ_Google_56.png,augment_full,high,True,136.5162353515625,data/processed/fog_augmented/SJZ_Google_56_high.png
SY_Baidu_035.png,augment_full,low,True,100.68201446533203,data/processed/fog_augmented/SY_Baidu_035_low.png
SY_Baidu_035.png,augment_full,medium,True,119.41429901123047,data/processed/fog_augmented/SY_Baidu_035_medium.png
SY_Baidu_035.png,augment_full,high,True,128.25173950195312,data/processed/fog_augmented/SY_Baidu_035_high.png
SY_Baidu_044.png,augment_medium,medium,True,148.92791748046875,data/processed/fog_augmented/SY_Baidu_044_medium.png
SY_Baidu_046.png,augment_medium,medium,True,152.2908935546875,data/processed/fog_augmented/SY_Baidu_046_medium.png
SY_Baidu_048.png,augment_medium,medium,True,151.46810913085938,data/processed/fog_augmented/SY_Baidu_048_medium.png
SY_Baidu_055.png,augment_medium,medium,True,145.3500213623047,data/processed/fog_augmented/SY_Baidu_055_medium.png
SY_Baidu_056.png,no_augment,,,,
SY_Baidu_069.png,augment_medium,medium,True,147.23280334472656,data/processed/fog_augmented/SY_Baidu_069_medium.png
SY_Baidu_073.png,no_augment,,,,
SY_Baidu_110.png,augment_medium,medium,True,155.5435791015625,data/processed/fog_augmented/SY_Baidu_110_medium.png
SY_Baidu_111.png,augment_full,low,False,,
SY_Baidu_111.png,augment_full,medium,True,124.97233581542969,data/processed/fog_augmented/SY_Baidu_111_medium.png
SY_Baidu_111.png,augment_full,high,True,136.4185028076172,data/processed/fog_augmented/SY_Baidu_111_high.png
SY_Baidu_118.png,augment_medium,medium,True,139.79635620117188,data/processed/fog_augmented/SY_Baidu_118_medium.png
SY_Baidu_12.png,no_augment,,,,
SY_Baidu_128.png,augment_full,low,False,,
SY_Baidu_128.png,augment_full,medium,True,127.13715362548828,data/processed/fog_augmented/SY_Baidu_128_medium.png
SY_Baidu_128.png,augment_full,high,True,136.11300659179688,data/processed/fog_augmented/SY_Baidu_128_high.png
SY_Baidu_132.png,no_augment,,,,
SY_Baidu_137.png,augment_medium,medium,True,146.45458984375,data/processed/fog_augmented/SY_Baidu_137_medium.png
SY_Baidu_140.png,no_augment,,,,
SY_Baidu_141.png,augment_medium,medium,True,150.8497314453125,data/processed/fog_augmented/SY_Baidu_141_medium.png
SY_Baidu_148.png,augment_medium,medium,True,142.9321746826172,data/processed/fog_augmented/SY_Baidu_148_medium.png
SY_Baidu_156.png,augment_medium,medium,True,146.0994110107422,data/processed/fog_augmented/SY_Baidu_156_medium.png
SY_Baidu_158.png,augment_medium,medium,True,140.38754272460938,data/processed/fog_augmented/SY_Baidu_158_medium.png
SY_Baidu_160.png,no_augment,,,,
SY_Baidu_184.png,no_augment,,,,
SY_Baidu_186.png,no_augment,,,,
SY_Baidu_190.png,augment_full,low,True,98.13645935058594,data/processed/fog_augmented/SY_Baidu_190_low.png
SY_Baidu_190.png,augment_full,medium,True,119.07754516601562,data/processed/fog_augmented/SY_Baidu_190_medium.png
SY_Baidu_190.png,augment_full,high,False,,
SY_Baidu_196.png,no_augment,,,,
SY_Baidu_208.png,no_augment,,,,
SY_Baidu_227.png,augment_medium,medium,True,143.01856994628906,data/processed/fog_augmented/SY_Baidu_227_medium.png
SY_Baidu_25.png,augment_medium,medium,True,153.35662841796875,data/processed/fog_augmented/SY_Baidu_25_medium.png
SY_Baidu_262.png,no_augment,,,,
SY_Baidu_292.png,augment_medium,medium,True,148.97222900390625,data/processed/fog_augmented/SY_Baidu_292_medium.png
SY_Baidu_295.png,augment_full,low,True,102.05055236816406,data/processed/fog_augmented/SY_Baidu_295_low.png
SY_Baidu_295.png,augment_full,medium,True,125.79833984375,data/processed/fog_augmented/SY_Baidu_295_medium.png
SY_Baidu_295.png,augment_full,high,True,131.21282958984375,data/processed/fog_augmented/SY_Baidu_295_high.png
SY_Baidu_337.png,augment_medium,medium,True,152.78756713867188,data/processed/fog_augmented/SY_Baidu_337_medium.png
SY_Baidu_346.png,augment_medium,medium,True,154.79319763183594,data/processed/fog_augmented/SY_Baidu_346_medium.png
SY_Baidu_367.png,no_augment,,,,
SY_Baidu_371.png,no_augment,,,,
SY_Baidu_374.png,no_augment,,,,
SY_Baidu_385.png,augment_medium,medium,True,152.72621154785156,data/processed/fog_augmented/SY_Baidu_385_medium.png
SY_Baidu_386.png,no_augment,,,,
SY_Baidu_398.png,augment_medium,medium,True,150.6124725341797,data/processed/fog_augmented/SY_Baidu_398_medium.png
SY_Baidu_405.png,no_augment,,,,
SY_Baidu_412.png,augment_medium,medium,True,132.1355743408203,data/processed/fog_augmented/SY_Baidu_412_medium.png
SY_Baidu_415.png,augment_full,low,True,101.61573791503906,data/processed/fog_augmented/SY_Baidu_415_low.png
SY_Baidu_415.png,augment_full,medium,True,105.4345703125,data/processed/fog_augmented/SY_Baidu_415_medium.png
SY_Baidu_415.png,augment_full,high,False,,
SY_Bing_026.png,no_augment,,,,
SY_Bing_049.png,no_augment,,,,
SY_Bing_062.png,no_augment,,,,
SY_Bing_105.png,augment_full,low,True,99.47148132324219,data/processed/fog_augmented/SY_Bing_105_low.png
SY_Bing_105.png,augment_full,medium,True,127.00099182128906,data/processed/fog_augmented/SY_Bing_105_medium.png
SY_Bing_105.png,augment_full,high,False,,
SY_Bing_122.png,augment_medium,medium,True,129.30764770507812,data/processed/fog_augmented/SY_Bing_122_medium.png
SY_Bing_123.png,augment_full,low,False,,
SY_Bing_123.png,augment_full,medium,True,122.9311294555664,data/processed/fog_augmented/SY_Bing_123_medium.png
SY_Bing_123.png,augment_full,high,True,140.72520446777344,data/processed/fog_augmented/SY_Bing_123_high.png
SY_Bing_135.png,augment_full,low,True,100.24398040771484,data/processed/fog_augmented/SY_Bing_135_low.png
SY_Bing_135.png,augment_full,medium,True,121.88357543945312,data/processed/fog_augmented/SY_Bing_135_medium.png
SY_Bing_135.png,augment_full,high,False,,
SY_Bing_154.png,no_augment,,,,
SY_Bing_181.png,augment_medium,medium,True,154.7013397216797,data/processed/fog_augmented/SY_Bing_181_medium.png
SY_Bing_221.png,augment_full,low,True,102.32013702392578,data/processed/fog_augmented/SY_Bing_221_low.png
SY_Bing_221.png,augment_full,medium,True,127.662109375,data/processed/fog_augmented/SY_Bing_221_medium.png
SY_Bing_221.png,augment_full,high,True,128.50657653808594,data/processed/fog_augmented/SY_Bing_221_high.png
SY_Bing_23.png,augment_medium,medium,True,147.07296752929688,data/processed/fog_augmented/SY_Bing_23_medium.png
SY_Bing_336.png,augment_medium,medium,True,150.95753479003906,data/processed/fog_augmented/SY_Bing_336_medium.png
SY_Bing_424.png,augment_full,low,True,97.37446594238281,data/processed/fog_augmented/SY_Bing_424_low.png
SY_Bing_424.png,augment_full,medium,True,121.62052154541016,data/processed/fog_augmented/SY_Bing_424_medium.png
SY_Bing_424.png,augment_full,high,True,140.06710815429688,data/processed/fog_augmented/SY_Bing_424_high.png
SY_Bing_477.png,augment_medium,medium,True,127.45707702636719,data/processed/fog_augmented/SY_Bing_477_medium.png
SY_Bing_501.png,augment_medium,medium,True,154.7866973876953,data/processed/fog_augmented/SY_Bing_501_medium.png
SY_Bing_536.png,augment_medium,medium,True,138.10581970214844,data/processed/fog_augmented/SY_Bing_536_medium.png
SY_Bing_541.png,augment_full,low,True,102.58198547363281,data/processed/fog_augmented/SY_Bing_541_low.png
SY_Bing_541.png,augment_full,medium,True,117.65058898925781,data/processed/fog_augmented/SY_Bing_541_medium.png
SY_Bing_541.png,augment_full,high,False,,
SY_Bing_582.png,augment_full,low,True,101.0395736694336,data/processed/fog_augmented/SY_Bing_582_low.png
SY_Bing_582.png,augment_full,medium,False,,
SY_Bing_582.png,augment_full,high,False,,
SY_Bing_648.png,augment_medium,medium,True,153.32769775390625,data/processed/fog_augmented/SY_Bing_648_medium.png
SY_Bing_688.png,augment_full,low,True,102.22860717773438,data/processed/fog_augmented/SY_Bing_688_low.png
SY_Bing_688.png,augment_full,medium,True,127.3776626586914,data/processed/fog_augmented/SY_Bing_688_medium.png
SY_Bing_688.png,augment_full,high,True,143.40179443359375,data/processed/fog_augmented/SY_Bing_688_high.png
SY_Bing_696.png,augment_full,low,False,,
SY_Bing_696.png,augment_full,medium,True,114.85285186767578,data/processed/fog_augmented/SY_Bing_696_medium.png
SY_Bing_696.png,augment_full,high,True,154.78578186035156,data/processed/fog_augmented/SY_Bing_696_high.png
SY_Google_120.png,augment_full,low,True,98.23725128173828,data/processed/fog_augmented/SY_Google_120_low.png
SY_Google_120.png,augment_full,medium,True,123.56548309326172,data/processed/fog_augmented/SY_Google_120_medium.png
SY_Google_120.png,augment_full,high,False,,
SY_Google_125.png,no_augment,,,,
SY_Google_151.png,augment_medium,medium,True,139.7669677734375,data/processed/fog_augmented/SY_Google_151_medium.png
SY_Google_177.png,augment_medium,medium,True,152.81512451171875,data/processed/fog_augmented/SY_Google_177_medium.png
SY_Google_189.png,augment_full,low,True,101.18109893798828,data/processed/fog_augmented/SY_Google_189_low.png
SY_Google_189.png,augment_full,medium,True,127.30592346191406,data/processed/fog_augmented/SY_Google_189_medium.png
SY_Google_189.png,augment_full,high,True,130.5540008544922,data/processed/fog_augmented/SY_Google_189_high.png
SY_Google_259.png,no_augment,,,,
SY_Google_260.png,augment_full,low,False,,
SY_Google_260.png,augment_full,medium,True,124.9310073852539,data/processed/fog_augmented/SY_Google_260_medium.png
SY_Google_260.png,augment_full,high,True,146.89944458007812,data/processed/fog_augmented/SY_Google_260_high.png
SY_Google_299.png,augment_full,low,True,99.24645233154297,data/processed/fog_augmented/SY_Google_299_low.png
SY_Google_299.png,augment_full,medium,False,,
SY_Google_299.png,augment_full,high,False,,
SY_Google_314.png,augment_medium,medium,True,152.12315368652344,data/processed/fog_augmented/SY_Google_314_medium.png
SY_Google_321.png,augment_medium,medium,True,149.46824645996094,data/processed/fog_augmented/SY_Google_321_medium.png
SY_Google_338.png,augment_medium,medium,True,150.2053985595703,data/processed/fog_augmented/SY_Google_338_medium.png
SY_Google_363.png,augment_full,low,True,91.49739074707031,data/processed/fog_augmented/SY_Google_363_low.png
SY_Google_363.png,augment_full,medium,False,,
SY_Google_363.png,augment_full,high,False,,
SY_Google_368.png,augment_medium,medium,True,154.30416870117188,data/processed/fog_augmented/SY_Google_368_medium.png
SY_Google_387.png,no_augment,,,,
SY_Google_391.png,no_augment,,,,
SY_Google_398.png,no_augment,,,,
SY_Google_428.png,augment_medium,medium,True,154.69790649414062,data/processed/fog_augmented/SY_Google_428_medium.png
SY_Google_44.png,no_augment,,,,
SY_Google_444.png,no_augment,,,,
SY_Google_475.png,augment_medium,medium,True,154.6523895263672,data/processed/fog_augmented/SY_Google_475_medium.png
SY_Google_51.png,augment_medium,medium,True,142.8632354736328,data/processed/fog_augmented/SY_Google_51_medium.png
SY_Google_514.png,augment_full,low,False,,
SY_Google_514.png,augment_full,medium,True,126.1721420288086,data/processed/fog_augmented/SY_Google_514_medium.png
SY_Google_514.png,augment_full,high,True,139.42288208007812,data/processed/fog_augmented/SY_Google_514_high.png
SY_Google_525.png,augment_medium,medium,True,135.64273071289062,data/processed/fog_augmented/SY_Google_525_medium.png
SY_Google_532.png,no_augment,,,,
TJ_Baidu_034.png,augment_medium,medium,True,155.5804443359375,data/processed/fog_augmented/TJ_Baidu_034_medium.png
TJ_Baidu_037.png,augment_medium,medium,True,143.77792358398438,data/processed/fog_augmented/TJ_Baidu_037_medium.png
TJ_Baidu_074.png,no_augment,,,,
TJ_Baidu_077.png,no_augment,,,,
TJ_Baidu_1012.png,augment_medium,medium,True,155.4613494873047,data/processed/fog_augmented/TJ_Baidu_1012_medium.png
TJ_Baidu_1032.png,augment_full,low,True,101.1368408203125,data/processed/fog_augmented/TJ_Baidu_1032_low.png
TJ_Baidu_1032.png,augment_full,medium,True,127.45222473144531,data/processed/fog_augmented/TJ_Baidu_1032_medium.png
TJ_Baidu_1032.png,augment_full,high,True,154.96011352539062,data/processed/fog_augmented/TJ_Baidu_1032_high.png
TJ_Baidu_108.png,no_augment,,,,
TJ_Baidu_1116.png,augment_full,low,False,,
TJ_Baidu_1116.png,augment_full,medium,True,123.822265625,data/processed/fog_augmented/TJ_Baidu_1116_medium.png
TJ_Baidu_1116.png,augment_full,high,True,147.87176513671875,data/processed/fog_augmented/TJ_Baidu_1116_high.png
TJ_Baidu_1152.png,augment_medium,medium,True,153.0552978515625,data/processed/fog_augmented/TJ_Baidu_1152_medium.png
TJ_Baidu_1200.png,augment_full,low,True,102.70155334472656,data/processed/fog_augmented/TJ_Baidu_1200_low.png
TJ_Baidu_1200.png,augment_full,medium,True,116.82904052734375,data/processed/fog_augmented/TJ_Baidu_1200_medium.png
TJ_Baidu_1200.png,augment_full,high,False,,
TJ_Baidu_128.png,augment_full,low,True,101.05082702636719,data/processed/fog_augmented/TJ_Baidu_128_low.png
TJ_Baidu_128.png,augment_full,medium,True,124.43560791015625,data/processed/fog_augmented/TJ_Baidu_128_medium.png
TJ_Baidu_128.png,augment_full,high,False,,
TJ_Baidu_13.png,no_augment,,,,
TJ_Baidu_132.png,augment_full,low,False,,
TJ_Baidu_132.png,augment_full,medium,True,125.65843963623047,data/processed/fog_augmented/TJ_Baidu_132_medium.png
TJ_Baidu_132.png,augment_full,high,True,143.11439514160156,data/processed/fog_augmented/TJ_Baidu_132_high.png
TJ_Baidu_150.png,no_augment,,,,
TJ_Baidu_175.png,augment_full,low,True,72.76602935791016,data/processed/fog_augmented/TJ_Baidu_175_low.png
TJ_Baidu_175.png,augment_full,medium,False,,
TJ_Baidu_175.png,augment_full,high,False,,
TJ_Baidu_19.png,augment_medium,medium,True,152.64703369140625,data/processed/fog_augmented/TJ_Baidu_19_medium.png
TJ_Baidu_202.png,augment_full,low,False,,
TJ_Baidu_202.png,augment_full,medium,True,126.30640411376953,data/processed/fog_augmented/TJ_Baidu_202_medium.png
TJ_Baidu_202.png,augment_full,high,True,146.6373748779297,data/processed/fog_augmented/TJ_Baidu_202_high.png
TJ_Baidu_225.png,augment_full,low,True,89.10213470458984,data/processed/fog_augmented/TJ_Baidu_225_low.png
TJ_Baidu_225.png,augment_full,medium,False,,
TJ_Baidu_225.png,augment_full,high,False,,
TJ_Baidu_227.png,no_augment,,,,
TJ_Baidu_232.png,no_augment,,,,
TJ_Baidu_254.png,augment_medium,medium,True,154.5690155029297,data/processed/fog_augmented/TJ_Baidu_254_medium.png
TJ_Baidu_297.png,augment_medium,medium,True,150.89173889160156,data/processed/fog_augmented/TJ_Baidu_297_medium.png
TJ_Baidu_302.png,no_augment,,,,
TJ_Baidu_315.png,augment_medium,medium,True,153.0383758544922,data/processed/fog_augmented/TJ_Baidu_315_medium.png
TJ_Baidu_320.png,augment_medium,medium,True,155.01898193359375,data/processed/fog_augmented/TJ_Baidu_320_medium.png
TJ_Baidu_362.png,augment_medium,medium,True,153.733642578125,data/processed/fog_augmented/TJ_Baidu_362_medium.png
TJ_Baidu_368.png,no_augment,,,,
TJ_Baidu_372.png,no_augment,,,,
TJ_Baidu_387.png,augment_medium,medium,True,137.52581787109375,data/processed/fog_augmented/TJ_Baidu_387_medium.png
TJ_Baidu_398.png,augment_medium,medium,True,123.22675323486328,data/processed/fog_augmented/TJ_Baidu_398_medium.png
TJ_Baidu_408.png,augment_full,low,False,,
TJ_Baidu_408.png,augment_full,medium,True,127.55784606933594,data/processed/fog_augmented/TJ_Baidu_408_medium.png
TJ_Baidu_408.png,augment_full,high,True,154.05902099609375,data/processed/fog_augmented/TJ_Baidu_408_high.png
TJ_Baidu_419.png,augment_medium,medium,True,150.0849151611328,data/processed/fog_augmented/TJ_Baidu_419_medium.png
TJ_Baidu_464.png,augment_medium,medium,True,153.34201049804688,data/processed/fog_augmented/TJ_Baidu_464_medium.png
TJ_Baidu_487.png,no_augment,,,,
TJ_Baidu_488.png,no_augment,,,,
TJ_Baidu_505.png,no_augment,,,,
TJ_Baidu_519.png,no_augment,,,,
TJ_Baidu_522.png,augment_medium,medium,True,154.59547424316406,data/processed/fog_augmented/TJ_Baidu_522_medium.png
TJ_Baidu_523.png,augment_medium,medium,True,136.18600463867188,data/processed/fog_augmented/TJ_Baidu_523_medium.png
TJ_Baidu_524.png,augment_full,low,False,,
TJ_Baidu_524.png,augment_full,medium,True,126.10128021240234,data/processed/fog_augmented/TJ_Baidu_524_medium.png
TJ_Baidu_524.png,augment_full,high,False,,
TJ_Baidu_525.png,augment_full,low,True,100.77679443359375,data/processed/fog_augmented/TJ_Baidu_525_low.png
TJ_Baidu_525.png,augment_full,medium,True,124.17981719970703,data/processed/fog_augmented/TJ_Baidu_525_medium.png
TJ_Baidu_525.png,augment_full,high,True,154.25108337402344,data/processed/fog_augmented/TJ_Baidu_525_high.png
TJ_Baidu_526.png,augment_full,low,True,100.85637664794922,data/processed/fog_augmented/TJ_Baidu_526_low.png
TJ_Baidu_526.png,augment_full,medium,True,126.2567138671875,data/processed/fog_augmented/TJ_Baidu_526_medium.png
TJ_Baidu_526.png,augment_full,high,True,155.05848693847656,data/processed/fog_augmented/TJ_Baidu_526_high.png
TJ_Baidu_534.png,no_augment,,,,
TJ_Baidu_547.png,augment_medium,medium,True,151.50376892089844,data/processed/fog_augmented/TJ_Baidu_547_medium.png
TJ_Baidu_559.png,augment_full,low,False,,
TJ_Baidu_559.png,augment_full,medium,True,125.2782211303711,data/processed/fog_augmented/TJ_Baidu_559_medium.png
TJ_Baidu_559.png,augment_full,high,True,131.42608642578125,data/processed/fog_augmented/TJ_Baidu_559_high.png
TJ_Baidu_567.png,augment_medium,medium,True,146.4029541015625,data/processed/fog_augmented/TJ_Baidu_567_medium.png
TJ_Baidu_583.png,no_augment,,,,
TJ_Baidu_711.png,no_augment,,,,
TJ_Baidu_811.png,augment_full,low,True,99.26146697998047,data/processed/fog_augmented/TJ_Baidu_811_low.png
TJ_Baidu_811.png,augment_full,medium,True,125.78336334228516,data/processed/fog_augmented/TJ_Baidu_811_medium.png
TJ_Baidu_811.png,augment_full,high,True,135.2574920654297,data/processed/fog_augmented/TJ_Baidu_811_high.png
TJ_Baidu_813.png,augment_full,low,True,97.8642349243164,data/processed/fog_augmented/TJ_Baidu_813_low.png
TJ_Baidu_813.png,augment_full,medium,True,120.30797576904297,data/processed/fog_augmented/TJ_Baidu_813_medium.png
TJ_Baidu_813.png,augment_full,high,True,147.35894775390625,data/processed/fog_augmented/TJ_Baidu_813_high.png
TJ_Baidu_843.png,augment_full,low,True,100.0948257446289,data/processed/fog_augmented/TJ_Baidu_843_low.png
TJ_Baidu_843.png,augment_full,medium,True,119.88101959228516,data/processed/fog_augmented/TJ_Baidu_843_medium.png
TJ_Baidu_843.png,augment_full,high,False,,
TJ_Baidu_900.png,augment_full,low,True,93.67803955078125,data/processed/fog_augmented/TJ_Baidu_900_low.png
TJ_Baidu_900.png,augment_full,medium,True,110.31816864013672,data/processed/fog_augmented/TJ_Baidu_900_medium.png
TJ_Baidu_900.png,augment_full,high,False,,
TJ_Baidu_944.png,augment_medium,medium,True,154.7655792236328,data/processed/fog_augmented/TJ_Baidu_944_medium.png
TJ_Bing_005.png,no_augment,,,,
TJ_Bing_066.png,no_augment,,,,
TJ_Bing_166.png,augment_full,low,True,100.18949127197266,data/processed/fog_augmented/TJ_Bing_166_low.png
TJ_Bing_166.png,augment_full,medium,True,110.50444793701172,data/processed/fog_augmented/TJ_Bing_166_medium.png
TJ_Bing_166.png,augment_full,high,False,,
TJ_Bing_326.png,augment_medium,medium,True,137.2730712890625,data/processed/fog_augmented/TJ_Bing_326_medium.png
TJ_Bing_338.png,augment_medium,medium,True,155.3684844970703,data/processed/fog_augmented/TJ_Bing_338_medium.png
TJ_Bing_339.png,no_augment,,,,
TJ_Bing_343.png,no_augment,,,,
TJ_Bing_349.png,augment_medium,medium,True,152.31158447265625,data/processed/fog_augmented/TJ_Bing_349_medium.png
TJ_Bing_495.png,no_augment,,,,
TJ_Bing_563.png,augment_full,low,True,97.18107604980469,data/processed/fog_augmented/TJ_Bing_563_low.png
TJ_Bing_563.png,augment_full,medium,False,,
TJ_Bing_563.png,augment_full,high,False,,
TJ_Bing_659.png,augment_medium,medium,True,150.4960479736328,data/processed/fog_augmented/TJ_Bing_659_medium.png
TJ_Bing_697.png,augment_medium,medium,True,151.7967987060547,data/processed/fog_augmented/TJ_Bing_697_medium.png
TJ_Google_034.png,no_augment,,,,
TJ_Google_272.png,augment_full,low,True,95.6624984741211,data/processed/fog_augmented/TJ_Google_272_low.png
TJ_Google_272.png,augment_full,medium,True,127.52447509765625,data/processed/fog_augmented/TJ_Google_272_medium.png
TJ_Google_272.png,augment_full,high,True,133.49671936035156,data/processed/fog_augmented/TJ_Google_272_high.png
TJ_Google_321.png,augment_medium,medium,True,151.26805114746094,data/processed/fog_augmented/TJ_Google_321_medium.png
TJ_Google_333.png,no_augment,,,,
TJ_Google_336.png,no_augment,,,,
TJ_Google_390.png,augment_full,low,True,96.85528564453125,data/processed/fog_augmented/TJ_Google_390_low.png
TJ_Google_390.png,augment_full,medium,False,,
TJ_Google_390.png,augment_full,high,False,,
TJ_Google_395.png,augment_medium,medium,True,149.24722290039062,data/processed/fog_augmented/TJ_Google_395_medium.png
TJ_Google_411.png,no_augment,,,,
TJ_Google_505.png,augment_full,low,True,98.2549819946289,data/processed/fog_augmented/TJ_Google_505_low.png
TJ_Google_505.png,augment_full,medium,True,113.53856658935547,data/processed/fog_augmented/TJ_Google_505_medium.png
TJ_Google_505.png,augment_full,high,False,,
TJ_Google_511.png,augment_medium,medium,True,151.6187286376953,data/processed/fog_augmented/TJ_Google_511_medium.png
TJ_Google_649.png,augment_medium,medium,True,155.0272674560547,data/processed/fog_augmented/TJ_Google_649_medium.png
TJ_Google_688.png,augment_medium,medium,True,139.65499877929688,data/processed/fog_augmented/TJ_Google_688_medium.png
TJ_Google_707.png,augment_full,low,True,100.23441314697266,data/processed/fog_augmented/TJ_Google_707_low.png
TJ_Google_707.png,augment_full,medium,True,126.6019058227539,data/processed/fog_augmented/TJ_Google_707_medium.png
TJ_Google_707.png,augment_full,high,False,,
TJ_Google_708.png,augment_medium,medium,True,152.60264587402344,data/processed/fog_augmented/TJ_Google_708_medium.png
TKO_Bing_479.png,no_augment,,,,
TKO_Bing_519.png,no_augment,,,,
TKO_Bing_657.png,augment_full,low,True,100.86605072021484,data/processed/fog_augmented/TKO_Bing_657_low.png
TKO_Bing_657.png,augment_full,medium,True,109.09111785888672,data/processed/fog_augmented/TKO_Bing_657_medium.png
TKO_Bing_657.png,augment_full,high,False,,
TKO_Google_183.png,augment_medium,medium,True,149.4394073486328,data/processed/fog_augmented/TKO_Google_183_medium.png
TKO_Google_474.png,no_augment,,,,
TKO_Google_600.png,no_augment,,,,
TKO_Google_628.png,no_augment,,,,
TKO_Google_693.png,no_augment,,,,
TKO_Google_734.png,no_augment,,,,
TKO_Google_805.png,no_augment,,,,
TKO_Google_824.png,augment_full,low,False,,
TKO_Google_824.png,augment_full,medium,True,124.2733154296875,data/processed/fog_augmented/TKO_Google_824_medium.png
TKO_Google_824.png,augment_full,high,True,153.55703735351562,data/processed/fog_augmented/TKO_Google_824_high.png
TS_Baidu_006.png,augment_full,low,False,,
TS_Baidu_006.png,augment_full,medium,True,124.99456787109375,data/processed/fog_augmented/TS_Baidu_006_medium.png
TS_Baidu_006.png,augment_full,high,True,130.83668518066406,data/processed/fog_augmented/TS_Baidu_006_high.png
TS_Baidu_025.png,augment_medium,medium,True,152.49929809570312,data/processed/fog_augmented/TS_Baidu_025_medium.png
TS_Baidu_026.png,no_augment,,,,
TS_Baidu_039.png,augment_medium,medium,True,145.20774841308594,data/processed/fog_augmented/TS_Baidu_039_medium.png
TS_Baidu_046.png,augment_medium,medium,True,139.0712432861328,data/processed/fog_augmented/TS_Baidu_046_medium.png
TS_Baidu_1111.png,no_augment,,,,
TS_Baidu_1134.png,augment_medium,medium,True,155.54275512695312,data/processed/fog_augmented/TS_Baidu_1134_medium.png
TS_Baidu_114.png,augment_medium,medium,True,150.56088256835938,data/processed/fog_augmented/TS_Baidu_114_medium.png
TS_Baidu_1258.png,augment_full,low,False,,
TS_Baidu_1258.png,augment_full,medium,True,125.91522979736328,data/processed/fog_augmented/TS_Baidu_1258_medium.png
TS_Baidu_1258.png,augment_full,high,True,147.88739013671875,data/processed/fog_augmented/TS_Baidu_1258_high.png
TS_Baidu_160.png,augment_medium,medium,True,131.219482421875,data/processed/fog_augmented/TS_Baidu_160_medium.png
TS_Baidu_188.png,augment_full,low,True,102.34138488769531,data/processed/fog_augmented/TS_Baidu_188_low.png
TS_Baidu_188.png,augment_full,medium,True,126.80435180664062,data/processed/fog_augmented/TS_Baidu_188_medium.png
TS_Baidu_188.png,augment_full,high,True,153.0472869873047,data/processed/fog_augmented/TS_Baidu_188_high.png
TS_Baidu_195.png,augment_full,low,True,99.76538848876953,data/processed/fog_augmented/TS_Baidu_195_low.png
TS_Baidu_195.png,augment_full,medium,True,127.9637680053711,data/processed/fog_augmented/TS_Baidu_195_medium.png
TS_Baidu_195.png,augment_full,high,True,136.54006958007812,data/processed/fog_augmented/TS_Baidu_195_high.png
TS_Baidu_226.png,augment_medium,medium,True,155.65309143066406,data/processed/fog_augmented/TS_Baidu_226_medium.png
TS_Baidu_351.png,no_augment,,,,
TS_Baidu_355.png,no_augment,,,,
TS_Baidu_374.png,augment_medium,medium,True,153.56602478027344,data/processed/fog_augmented/TS_Baidu_374_medium.png
TS_Baidu_422.png,augment_medium,medium,True,153.16424560546875,data/processed/fog_augmented/TS_Baidu_422_medium.png
TS_Baidu_440.png,no_augment,,,,
TS_Baidu_463.png,no_augment,,,,
TS_Baidu_480.png,augment_medium,medium,True,151.89089965820312,data/processed/fog_augmented/TS_Baidu_480_medium.png
TS_Baidu_486.png,no_augment,,,,
TS_Baidu_504.png,no_augment,,,,
TS_Baidu_506.png,no_augment,,,,
TS_Baidu_514.png,no_augment,,,,
TS_Baidu_550.png,no_augment,,,,
TS_Baidu_625.png,no_augment,,,,
TS_Baidu_669.png,no_augment,,,,
TS_Baidu_816.png,augment_full,low,True,97.65345764160156,data/processed/fog_augmented/TS_Baidu_816_low.png
TS_Baidu_816.png,augment_full,medium,True,111.43634033203125,data/processed/fog_augmented/TS_Baidu_816_medium.png
TS_Baidu_816.png,augment_full,high,False,,
TS_Baidu_848.png,augment_full,low,True,102.13396453857422,data/processed/fog_augmented/TS_Baidu_848_low.png
TS_Baidu_848.png,augment_full,medium,True,123.12254333496094,data/processed/fog_augmented/TS_Baidu_848_medium.png
TS_Baidu_848.png,augment_full,high,True,145.015869140625,data/processed/fog_augmented/TS_Baidu_848_high.png
TS_Baidu_906.png,augment_medium,medium,True,149.0320587158203,data/processed/fog_augmented/TS_Baidu_906_medium.png
TS_Bing_022.png,no_augment,,,,
TS_Bing_262.png,augment_full,low,True,95.95069122314453,data/processed/fog_augmented/TS_Bing_262_low.png
TS_Bing_262.png,augment_full,medium,True,122.17243194580078,data/processed/fog_augmented/TS_Bing_262_medium.png
TS_Bing_262.png,augment_full,high,True,151.6940460205078,data/processed/fog_augmented/TS_Bing_262_high.png
TS_Bing_300.png,augment_medium,medium,True,152.57418823242188,data/processed/fog_augmented/TS_Bing_300_medium.png
TS_Bing_304.png,augment_full,low,True,102.60903930664062,data/processed/fog_augmented/TS_Bing_304_low.png
TS_Bing_304.png,augment_full,medium,True,125.21407318115234,data/processed/fog_augmented/TS_Bing_304_medium.png
TS_Bing_304.png,augment_full,high,False,,
TS_Bing_318.png,augment_medium,medium,True,145.9351806640625,data/processed/fog_augmented/TS_Bing_318_medium.png
TS_Bing_355.png,augment_medium,medium,True,152.91844177246094,data/processed/fog_augmented/TS_Bing_355_medium.png
TS_Bing_541.png,augment_full,low,True,101.73345947265625,data/processed/fog_augmented/TS_Bing_541_low.png
TS_Bing_541.png,augment_full,medium,True,125.25894165039062,data/processed/fog_augmented/TS_Bing_541_medium.png
TS_Bing_541.png,augment_full,high,True,136.0711212158203,data/processed/fog_augmented/TS_Bing_541_high.png
TS_Bing_57.png,augment_full,low,True,102.56965637207031,data/processed/fog_augmented/TS_Bing_57_low.png
TS_Bing_57.png,augment_full,medium,True,124.68583679199219,data/processed/fog_augmented/TS_Bing_57_medium.png
TS_Bing_57.png,augment_full,high,False,,
TS_Bing_62.png,augment_medium,medium,True,153.8256072998047,data/processed/fog_augmented/TS_Bing_62_medium.png
TS_Bing_622.png,augment_medium,medium,True,146.82933044433594,data/processed/fog_augmented/TS_Bing_622_medium.png
TS_Bing_632.png,augment_full,low,False,,
TS_Bing_632.png,augment_full,medium,True,127.9985122680664,data/processed/fog_augmented/TS_Bing_632_medium.png
TS_Bing_632.png,augment_full,high,True,142.5234832763672,data/processed/fog_augmented/TS_Bing_632_high.png
TS_Bing_643.png,augment_full,low,True,100.72390747070312,data/processed/fog_augmented/TS_Bing_643_low.png
TS_Bing_643.png,augment_full,medium,True,119.72071075439453,data/processed/fog_augmented/TS_Bing_643_medium.png
TS_Bing_643.png,augment_full,high,True,141.3300323486328,data/processed/fog_augmented/TS_Bing_643_high.png
TS_Bing_686.png,augment_full,low,True,95.04288482666016,data/processed/fog_augmented/TS_Bing_686_low.png
TS_Bing_686.png,augment_full,medium,True,120.00279998779297,data/processed/fog_augmented/TS_Bing_686_medium.png
TS_Bing_686.png,augment_full,high,True,129.8379364013672,data/processed/fog_augmented/TS_Bing_686_high.png
TS_Bing_697.png,augment_medium,medium,True,153.7727508544922,data/processed/fog_augmented/TS_Bing_697_medium.png
TS_Bing_702.png,augment_medium,medium,True,132.43890380859375,data/processed/fog_augmented/TS_Bing_702_medium.png
TS_Google_013.png,no_augment,,,,
TS_Google_039.png,no_augment,,,,
TS_Google_153.png,no_augment,,,,
TS_Google_191.png,no_augment,,,,
TS_Google_198.png,augment_medium,medium,True,146.6221923828125,data/processed/fog_augmented/TS_Google_198_medium.png
TS_Google_400.png,no_augment,,,,
TS_Google_409.png,no_augment,,,,
TS_Google_429.png,augment_medium,medium,True,152.06375122070312,data/processed/fog_augmented/TS_Google_429_medium.png
TS_Google_463.png,no_augment,,,,
TS_Google_519.png,augment_medium,medium,True,153.17501831054688,data/processed/fog_augmented/TS_Google_519_medium.png
TS_Google_527.png,augment_medium,medium,True,152.8665008544922,data/processed/fog_augmented/TS_Google_527_medium.png
TS_Google_529.png,augment_full,low,True,94.76232147216797,data/processed/fog_augmented/TS_Google_529_low.png
TS_Google_529.png,augment_full,medium,True,111.29248046875,data/processed/fog_augmented/TS_Google_529_medium.png
TS_Google_529.png,augment_full,high,False,,
TS_Google_549.png,augment_full,low,True,92.36573791503906,data/processed/fog_augmented/TS_Google_549_low.png
TS_Google_549.png,augment_full,medium,False,,
TS_Google_549.png,augment_full,high,False,,
TS_Google_579.png,augment_full,low,True,99.86441802978516,data/processed/fog_augmented/TS_Google_579_low.png
TS_Google_579.png,augment_full,medium,True,126.7997055053711,data/processed/fog_augmented/TS_Google_579_medium.png
TS_Google_579.png,augment_full,high,True,129.6591339111328,data/processed/fog_augmented/TS_Google_579_high.png
TS_Google_623.png,augment_full,low,True,98.5987777709961,data/processed/fog_augmented/TS_Google_623_low.png
TS_Google_623.png,augment_full,medium,True,122.4162368774414,data/processed/fog_augmented/TS_Google_623_medium.png
TS_Google_623.png,augment_full,high,True,140.9817657470703,data/processed/fog_augmented/TS_Google_623_high.png
WST_Bing_521.png,augment_full,low,True,101.90849304199219,data/processed/fog_augmented/WST_Bing_521_low.png
WST_Bing_521.png,augment_full,medium,True,124.23558044433594,data/processed/fog_augmented/WST_Bing_521_medium.png
WST_Bing_521.png,augment_full,high,True,131.1643524169922,data/processed/fog_augmented/WST_Bing_521_high.png
WST_Google_074.png,augment_full,low,False,,
WST_Google_074.png,augment_full,medium,True,122.87701416015625,data/processed/fog_augmented/WST_Google_074_medium.png
WST_Google_074.png,augment_full,high,True,148.9905548095703,data/processed/fog_augmented/WST_Google_074_high.png
WST_Google_167.png,augment_full,low,True,102.44253540039062,data/processed/fog_augmented/WST_Google_167_low.png
WST_Google_167.png,augment_full,medium,True,121.3421630859375,data/processed/fog_augmented/WST_Google_167_medium.png
WST_Google_167.png,augment_full,high,True,154.00767517089844,data/processed/fog_augmented/WST_Google_167_high.png
WST_Google_197.png,augment_medium,medium,True,142.89559936523438,data/processed/fog_augmented/WST_Google_197_medium.png
WST_Google_203.png,augment_medium,medium,True,142.69029235839844,data/processed/fog_augmented/WST_Google_203_medium.png
WST_Google_276.png,augment_full,low,True,100.29840087890625,data/processed/fog_augmented/WST_Google_276_low.png
WST_Google_276.png,augment_full,medium,True,122.57478332519531,data/processed/fog_augmented/WST_Google_276_medium.png
WST_Google_276.png,augment_full,high,True,133.6661376953125,data/processed/fog_augmented/WST_Google_276_high.png
WST_Google_354.png,augment_medium,medium,True,138.0311737060547,data/processed/fog_augmented/WST_Google_354_medium.png
WST_Google_405.png,augment_full,low,True,101.14483642578125,data/processed/fog_augmented/WST_Google_405_low.png
WST_Google_405.png,augment_full,medium,True,125.74198913574219,data/processed/fog_augmented/WST_Google_405_medium.png
WST_Google_405.png,augment_full,high,True,140.4195098876953,data/processed/fog_augmented/WST_Google_405_high.png
WST_Google_452.png,no_augment,,,,
WST_Google_455.png,augment_medium,medium,True,152.86647033691406,data/processed/fog_augmented/WST_Google_455_medium.png
WST_Google_504.png,no_augment,,,,
WST_Google_54.png,augment_medium,medium,True,151.22291564941406,data/processed/fog_augmented/WST_Google_54_medium.png
WST_Google_547.png,no_augment,,,,
WST_Google_599.png,no_augment,,,,
WST_Google_710.png,augment_full,low,True,101.07787322998047,data/processed/fog_augmented/WST_Google_710_low.png
WST_Google_710.png,augment_full,medium,True,120.38322448730469,data/processed/fog_augmented/WST_Google_710_medium.png
WST_Google_710.png,augment_full,high,True,131.064208984375,data/processed/fog_augmented/WST_Google_710_high.png
WST_Google_741.png,no_augment,,,,
WST_Google_759.png,augment_full,low,True,102.36844635009766,data/processed/fog_augmented/WST_Google_759_low.png
WST_Google_759.png,augment_full,medium,True,119.19622802734375,data/processed/fog_augmented/WST_Google_759_medium.png
WST_Google_759.png,augment_full,high,False,,
WST_Google_836.png,no_augment,,,,
XA_Baidu_014.png,no_augment,,,,
XA_Baidu_021.png,augment_medium,medium,True,149.2274627685547,data/processed/fog_augmented/XA_Baidu_021_medium.png
XA_Baidu_034.png,augment_full,low,True,99.27478790283203,data/processed/fog_augmented/XA_Baidu_034_low.png
XA_Baidu_034.png,augment_full,medium,True,123.50390625,data/processed/fog_augmented/XA_Baidu_034_medium.png
XA_Baidu_034.png,augment_full,high,False,,
XA_Baidu_037.png,augment_medium,medium,True,150.78717041015625,data/processed/fog_augmented/XA_Baidu_037_medium.png
XA_Baidu_038.png,no_augment,,,,
XA_Baidu_043.png,no_augment,,,,
XA_Baidu_05.png,no_augment,,,,
XA_Baidu_069.png,no_augment,,,,
XA_Baidu_127.png,augment_medium,medium,True,153.85426330566406,data/processed/fog_augmented/XA_Baidu_127_medium.png
XA_Baidu_152.png,augment_full,low,True,100.58348083496094,data/processed/fog_augmented/XA_Baidu_152_low.png
XA_Baidu_152.png,augment_full,medium,True,126.32379913330078,data/processed/fog_augmented/XA_Baidu_152_medium.png
XA_Baidu_152.png,augment_full,high,True,150.9636688232422,data/processed/fog_augmented/XA_Baidu_152_high.png
XA_Baidu_180.png,augment_medium,medium,True,128.92832946777344,data/processed/fog_augmented/XA_Baidu_180_medium.png
XA_Baidu_208.png,augment_full,low,False,,
XA_Baidu_208.png,augment_full,medium,True,127.05094146728516,data/processed/fog_augmented/XA_Baidu_208_medium.png
XA_Baidu_208.png,augment_full,high,True,152.4103546142578,data/processed/fog_augmented/XA_Baidu_208_high.png
XA_Baidu_209.png,no_augment,,,,
XA_Baidu_251.png,no_augment,,,,
XA_Baidu_270.png,augment_medium,medium,True,144.02874755859375,data/processed/fog_augmented/XA_Baidu_270_medium.png
XA_Baidu_342.png,augment_medium,medium,True,147.35064697265625,data/processed/fog_augmented/XA_Baidu_342_medium.png
XA_Baidu_359.png,augment_full,low,False,,
XA_Baidu_359.png,augment_full,medium,True,125.90433502197266,data/processed/fog_augmented/XA_Baidu_359_medium.png
XA_Baidu_359.png,augment_full,high,False,,
XA_Bing_070.png,no_augment,,,,
XA_Bing_087.png,augment_full,low,True,96.21426391601562,data/processed/fog_augmented/XA_Bing_087_low.png
XA_Bing_087.png,augment_full,medium,True,122.63385772705078,data/processed/fog_augmented/XA_Bing_087_medium.png
XA_Bing_087.png,augment_full,high,True,133.66281127929688,data/processed/fog_augmented/XA_Bing_087_high.png
XA_Bing_090.png,augment_full,low,True,101.81961059570312,data/processed/fog_augmented/XA_Bing_090_low.png
XA_Bing_090.png,augment_full,medium,True,126.33364868164062,data/processed/fog_augmented/XA_Bing_090_medium.png
XA_Bing_090.png,augment_full,high,True,149.7521514892578,data/processed/fog_augmented/XA_Bing_090_high.png
XA_Bing_104.png,augment_full,low,True,95.6082763671875,data/processed/fog_augmented/XA_Bing_104_low.png
XA_Bing_104.png,augment_full,medium,True,123.94061279296875,data/processed/fog_augmented/XA_Bing_104_medium.png
XA_Bing_104.png,augment_full,high,False,,
XA_Bing_120.png,augment_full,low,False,,
XA_Bing_120.png,augment_full,medium,True,127.76168060302734,data/processed/fog_augmented/XA_Bing_120_medium.png
XA_Bing_120.png,augment_full,high,True,154.61703491210938,data/processed/fog_augmented/XA_Bing_120_high.png
XA_Bing_170.png,augment_full,low,False,,
XA_Bing_170.png,augment_full,medium,True,127.72533416748047,data/processed/fog_augmented/XA_Bing_170_medium.png
XA_Bing_170.png,augment_full,high,False,,
XA_Bing_178.png,augment_medium,medium,True,139.0314178466797,data/processed/fog_augmented/XA_Bing_178_medium.png
XA_Bing_194.png,augment_full,low,True,102.576416015625,data/processed/fog_augmented/XA_Bing_194_low.png
XA_Bing_194.png,augment_full,medium,True,115.53179931640625,data/processed/fog_augmented/XA_Bing_194_medium.png
XA_Bing_194.png,augment_full,high,False,,
XA_Bing_204.png,augment_medium,medium,True,155.3475799560547,data/processed/fog_augmented/XA_Bing_204_medium.png
XA_Bing_257.png,no_augment,,,,
XA_Bing_260.png,augment_medium,medium,True,140.0390625,data/processed/fog_augmented/XA_Bing_260_medium.png
XA_Bing_264.png,augment_medium,medium,True,144.8241424560547,data/processed/fog_augmented/XA_Bing_264_medium.png
XA_Bing_282.png,augment_full,low,False,,
XA_Bing_282.png,augment_full,medium,True,125.89324951171875,data/processed/fog_augmented/XA_Bing_282_medium.png
XA_Bing_282.png,augment_full,high,False,,
XA_Bing_288.png,no_augment,,,,
XA_Bing_298.png,augment_medium,medium,True,149.48220825195312,data/processed/fog_augmented/XA_Bing_298_medium.png
XA_Bing_304.png,augment_full,low,True,100.99124145507812,data/processed/fog_augmented/XA_Bing_304_low.png
XA_Bing_304.png,augment_full,medium,True,116.6226806640625,data/processed/fog_augmented/XA_Bing_304_medium.png
XA_Bing_304.png,augment_full,high,False,,
XA_Bing_321.png,augment_full,low,False,,
XA_Bing_321.png,augment_full,medium,True,123.34797668457031,data/processed/fog_augmented/XA_Bing_321_medium.png
XA_Bing_321.png,augment_full,high,True,154.2884979248047,data/processed/fog_augmented/XA_Bing_321_high.png
XA_Bing_387.png,augment_medium,medium,True,148.44754028320312,data/processed/fog_augmented/XA_Bing_387_medium.png
XA_Bing_394.png,augment_full,low,True,101.6786117553711,data/processed/fog_augmented/XA_Bing_394_low.png
XA_Bing_394.png,augment_full,medium,True,109.9205093383789,data/processed/fog_augmented/XA_Bing_394_medium.png
XA_Bing_394.png,augment_full,high,False,,
XA_Bing_471.png,augment_full,low,True,97.87982177734375,data/processed/fog_augmented/XA_Bing_471_low.png
XA_Bing_471.png,augment_full,medium,True,122.89004516601562,data/processed/fog_augmented/XA_Bing_471_medium.png
XA_Bing_471.png,augment_full,high,False,,
XA_Bing_733.png,augment_full,low,True,102.53494262695312,data/processed/fog_augmented/XA_Bing_733_low.png
XA_Bing_733.png,augment_full,medium,True,117.54125213623047,data/processed/fog_augmented/XA_Bing_733_medium.png
XA_Bing_733.png,augment_full,high,False,,
XA_Bing_734.png,augment_full,low,True,98.6310043334961,data/processed/fog_augmented/XA_Bing_734_low.png
XA_Bing_734.png,augment_full,medium,True,121.89714813232422,data/processed/fog_augmented/XA_Bing_734_medium.png
XA_Bing_734.png,augment_full,high,True,153.40440368652344,data/processed/fog_augmented/XA_Bing_734_high.png
XA_Bing_767.png,augment_full,low,False,,
XA_Bing_767.png,augment_full,medium,True,121.51409912109375,data/processed/fog_augmented/XA_Bing_767_medium.png
XA_Bing_767.png,augment_full,high,True,150.26478576660156,data/processed/fog_augmented/XA_Bing_767_high.png
XA_Bing_800.png,augment_full,low,False,,
XA_Bing_800.png,augment_full,medium,True,127.68421173095703,data/processed/fog_augmented/XA_Bing_800_medium.png
XA_Bing_800.png,augment_full,high,True,136.98818969726562,data/processed/fog_augmented/XA_Bing_800_high.png
XA_Google_033.png,no_augment,,,,
XA_Google_040.png,augment_medium,medium,True,150.97987365722656,data/processed/fog_augmented/XA_Google_040_medium.png
XA_Google_082.png,augment_medium,medium,True,129.07498168945312,data/processed/fog_augmented/XA_Google_082_medium.png
XA_Google_121.png,augment_medium,medium,True,153.08001708984375,data/processed/fog_augmented/XA_Google_121_medium.png
XA_Google_125.png,augment_medium,medium,True,145.764404296875,data/processed/fog_augmented/XA_Google_125_medium.png
XA_Google_147.png,no_augment,,,,
XA_Google_163.png,augment_full,low,True,101.87785339355469,data/processed/fog_augmented/XA_Google_163_low.png
XA_Google_163.png,augment_full,medium,True,121.96280670166016,data/processed/fog_augmented/XA_Google_163_medium.png
XA_Google_163.png,augment_full,high,False,,
XA_Google_173.png,augment_full,low,True,94.69607543945312,data/processed/fog_augmented/XA_Google_173_low.png
XA_Google_173.png,augment_full,medium,False,,
XA_Google_173.png,augment_full,high,False,,
XA_Google_378.png,augment_full,low,True,102.17315673828125,data/processed/fog_augmented/XA_Google_378_low.png
XA_Google_378.png,augment_full,medium,True,126.15048217773438,data/processed/fog_augmented/XA_Google_378_medium.png
XA_Google_378.png,augment_full,high,True,149.74526977539062,data/processed/fog_augmented/XA_Google_378_high.png
XA_Google_381.png,augment_full,low,True,85.85062408447266,data/processed/fog_augmented/XA_Google_381_low.png
XA_Google_381.png,augment_full,medium,False,,
XA_Google_381.png,augment_full,high,False,,
XA_Google_391.png,augment_medium,medium,True,153.06796264648438,data/processed/fog_augmented/XA_Google_391_medium.png
XA_Google_431.png,augment_full,low,True,101.38569641113281,data/processed/fog_augmented/XA_Google_431_low.png
XA_Google_431.png,augment_full,medium,True,118.93952941894531,data/processed/fog_augmented/XA_Google_431_medium.png
XA_Google_431.png,augment_full,high,True,150.59451293945312,data/processed/fog_augmented/XA_Google_431_high.png
XA_Google_475.png,no_augment,,,,
XA_Google_481.png,no_augment,,,,
XA_Google_586.png,augment_full,low,True,95.32707214355469,data/processed/fog_augmented/XA_Google_586_low.png
XA_Google_586.png,augment_full,medium,True,122.75328826904297,data/processed/fog_augmented/XA_Google_586_medium.png
XA_Google_586.png,augment_full,high,True,147.70790100097656,data/processed/fog_augmented/XA_Google_586_high.png
XA_Google_619.png,augment_full,low,True,101.00837707519531,data/processed/fog_augmented/XA_Google_619_low.png
XA_Google_619.png,augment_full,medium,True,106.5454330444336,data/processed/fog_augmented/XA_Google_619_medium.png
XA_Google_619.png,augment_full,high,False,,
XA_Google_625.png,augment_medium,medium,True,141.7592010498047,data/processed/fog_augmented/XA_Google_625_medium.png
XG_Baidu_017.png,augment_medium,medium,True,155.63702392578125,data/processed/fog_augmented/XG_Baidu_017_medium.png
XG_Baidu_018.png,augment_full,low,False,,
XG_Baidu_018.png,augment_full,medium,True,126.34199523925781,data/processed/fog_augmented/XG_Baidu_018_medium.png
XG_Baidu_018.png,augment_full,high,True,147.20013427734375,data/processed/fog_augmented/XG_Baidu_018_high.png
XG_Baidu_050.png,augment_medium,medium,True,154.78244018554688,data/processed/fog_augmented/XG_Baidu_050_medium.png
XG_Baidu_053.png,no_augment,,,,
XG_Baidu_1116.png,no_augment,,,,
XG_Baidu_1228.png,no_augment,,,,
XG_Baidu_175.png,augment_full,low,False,,
XG_Baidu_175.png,augment_full,medium,True,122.99112701416016,data/processed/fog_augmented/XG_Baidu_175_medium.png
XG_Baidu_175.png,augment_full,high,True,151.48780822753906,data/processed/fog_augmented/XG_Baidu_175_high.png
XG_Baidu_248.png,no_augment,,,,
XG_Baidu_328.png,augment_medium,medium,True,151.10533142089844,data/processed/fog_augmented/XG_Baidu_328_medium.png
XG_Baidu_409.png,no_augment,,,,
XG_Baidu_511.png,no_augment,,,,
XG_Baidu_548.png,augment_medium,medium,True,142.37646484375,data/processed/fog_augmented/XG_Baidu_548_medium.png
XG_Baidu_575.png,no_augment,,,,
XG_Baidu_627.png,augment_medium,medium,True,148.79090881347656,data/processed/fog_augmented/XG_Baidu_627_medium.png
XG_Baidu_634.png,no_augment,,,,
XG_Baidu_829.png,augment_medium,medium,True,154.2183074951172,data/processed/fog_augmented/XG_Baidu_829_medium.png
XG_Baidu_981.png,augment_medium,medium,True,147.17990112304688,data/processed/fog_augmented/XG_Baidu_981_medium.png
XG_Bing_106.png,augment_full,low,True,100.13603973388672,data/processed/fog_augmented/XG_Bing_106_low.png
XG_Bing_106.png,augment_full,medium,True,127.08694458007812,data/processed/fog_augmented/XG_Bing_106_medium.png
XG_Bing_106.png,augment_full,high,True,151.43341064453125,data/processed/fog_augmented/XG_Bing_106_high.png
XG_Bing_135.png,no_augment,,,,
XG_Bing_140.png,augment_medium,medium,True,153.12205505371094,data/processed/fog_augmented/XG_Bing_140_medium.png
XG_Bing_176.png,no_augment,,,,
XG_Bing_198.png,augment_medium,medium,True,135.35552978515625,data/processed/fog_augmented/XG_Bing_198_medium.png
XG_Bing_346.png,no_augment,,,,
XG_Bing_412.png,no_augment,,,,
XG_Bing_419.png,augment_medium,medium,True,149.77743530273438,data/processed/fog_augmented/XG_Bing_419_medium.png
XG_Bing_497.png,augment_full,low,True,102.6553726196289,data/processed/fog_augmented/XG_Bing_497_low.png
XG_Bing_497.png,augment_full,medium,True,127.63211822509766,data/processed/fog_augmented/XG_Bing_497_medium.png
XG_Bing_497.png,augment_full,high,True,129.9708709716797,data/processed/fog_augmented/XG_Bing_497_high.png
XG_Bing_529.png,augment_medium,medium,True,152.8348388671875,data/processed/fog_augmented/XG_Bing_529_medium.png
XG_Bing_582.png,no_augment,,,,
XG_Bing_679.png,no_augment,,,,
XG_Google_308.png,no_augment,,,,
XG_Google_528.png,augment_full,low,True,98.99884796142578,data/processed/fog_augmented/XG_Google_528_low.png
XG_Google_528.png,augment_full,medium,True,119.74456024169922,data/processed/fog_augmented/XG_Google_528_medium.png
XG_Google_528.png,augment_full,high,False,,
XG_Google_591.png,no_augment,,,,
XG_Google_633.png,augment_full,low,True,102.39496612548828,data/processed/fog_augmented/XG_Google_633_low.png
XG_Google_633.png,augment_full,medium,True,127.65762329101562,data/processed/fog_augmented/XG_Google_633_medium.png
XG_Google_633.png,augment_full,high,True,134.94845581054688,data/processed/fog_augmented/XG_Google_633_high.png
XG_Google_646.png,augment_medium,medium,True,147.4068145751953,data/processed/fog_augmented/XG_Google_646_medium.png
XG_Google_648.png,augment_medium,medium,True,154.0766143798828,data/processed/fog_augmented/XG_Google_648_medium.png
XG_Google_687.png,augment_medium,medium,True,154.631591796875,data/processed/fog_augmented/XG_Google_687_medium.png
XG_Google_688.png,augment_medium,medium,True,152.2706298828125,data/processed/fog_augmented/XG_Google_688_medium.png
XR_Baidu_001.png,augment_medium,medium,True,130.5000457763672,data/processed/fog_augmented/XR_Baidu_001_medium.png
XR_Baidu_002.png,no_augment,,,,
XR_Baidu_006.png,no_augment,,,,
XR_Baidu_007.png,augment_full,low,True,100.23651123046875,data/processed/fog_augmented/XR_Baidu_007_low.png
XR_Baidu_007.png,augment_full,medium,False,,
XR_Baidu_007.png,augment_full,high,False,,
XR_Baidu_012.png,augment_medium,medium,True,154.5108184814453,data/processed/fog_augmented/XR_Baidu_012_medium.png
XR_Baidu_014.png,augment_medium,medium,True,152.54969787597656,data/processed/fog_augmented/XR_Baidu_014_medium.png
XR_Baidu_015.png,augment_medium,medium,True,150.54856872558594,data/processed/fog_augmented/XR_Baidu_015_medium.png
XR_Baidu_016.png,augment_full,low,True,99.08667755126953,data/processed/fog_augmented/XR_Baidu_016_low.png
XR_Baidu_016.png,augment_full,medium,True,119.4466781616211,data/processed/fog_augmented/XR_Baidu_016_medium.png
XR_Baidu_016.png,augment_full,high,True,130.81092834472656,data/processed/fog_augmented/XR_Baidu_016_high.png
XR_Baidu_017.png,no_augment,,,,
XR_Baidu_019.png,augment_medium,medium,True,143.2801971435547,data/processed/fog_augmented/XR_Baidu_019_medium.png
XR_Baidu_020.png,no_augment,,,,
XR_Baidu_023.png,augment_medium,medium,True,153.7657470703125,data/processed/fog_augmented/XR_Baidu_023_medium.png
XR_Baidu_024.png,no_augment,,,,
XR_Baidu_027.png,augment_full,low,True,97.79077911376953,data/processed/fog_augmented/XR_Baidu_027_low.png
XR_Baidu_027.png,augment_full,medium,True,126.30532836914062,data/processed/fog_augmented/XR_Baidu_027_medium.png
XR_Baidu_027.png,augment_full,high,True,147.2772216796875,data/processed/fog_augmented/XR_Baidu_027_high.png
XR_Baidu_030.png,no_augment,,,,
XR_Baidu_037.png,augment_medium,medium,True,132.61984252929688,data/processed/fog_augmented/XR_Baidu_037_medium.png
XR_Baidu_040.png,no_augment,,,,
XR_Baidu_043.png,augment_full,low,True,95.31159210205078,data/processed/fog_augmented/XR_Baidu_043_low.png
XR_Baidu_043.png,augment_full,medium,True,124.25355529785156,data/processed/fog_augmented/XR_Baidu_043_medium.png
XR_Baidu_043.png,augment_full,high,False,,
XR_Baidu_047.png,augment_full,low,True,96.92298126220703,data/processed/fog_augmented/XR_Baidu_047_low.png
XR_Baidu_047.png,augment_full,medium,True,119.11576843261719,data/processed/fog_augmented/XR_Baidu_047_medium.png
XR_Baidu_047.png,augment_full,high,True,151.000244140625,data/processed/fog_augmented/XR_Baidu_047_high.png
XR_Baidu_057.png,no_augment,,,,
XR_Baidu_058.png,no_augment,,,,
XR_Baidu_061.png,no_augment,,,,
XR_Baidu_062.png,no_augment,,,,
XR_Baidu_067.png,no_augment,,,,
XR_Baidu_068.png,augment_full,low,True,96.50066375732422,data/processed/fog_augmented/XR_Baidu_068_low.png
XR_Baidu_068.png,augment_full,medium,False,,
XR_Baidu_068.png,augment_full,high,False,,
XR_Baidu_069.png,augment_medium,medium,True,148.8155975341797,data/processed/fog_augmented/XR_Baidu_069_medium.png
XR_Baidu_071.png,no_augment,,,,
XR_Baidu_073.png,no_augment,,,,
XR_Baidu_081.png,augment_medium,medium,True,147.72340393066406,data/processed/fog_augmented/XR_Baidu_081_medium.png
XR_Baidu_086.png,no_augment,,,,
XR_Baidu_096.png,augment_full,low,True,102.17594146728516,data/processed/fog_augmented/XR_Baidu_096_low.png
XR_Baidu_096.png,augment_full,medium,True,125.99456787109375,data/processed/fog_augmented/XR_Baidu_096_medium.png
XR_Baidu_096.png,augment_full,high,True,132.574462890625,data/processed/fog_augmented/XR_Baidu_096_high.png
XR_Baidu_103.png,augment_full,low,True,96.58212280273438,data/processed/fog_augmented/XR_Baidu_103_low.png
XR_Baidu_103.png,augment_full,medium,True,122.98296356201172,data/processed/fog_augmented/XR_Baidu_103_medium.png
XR_Baidu_103.png,augment_full,high,False,,
XR_Baidu_104.png,no_augment,,,,
XR_Baidu_109.png,augment_full,low,False,,
XR_Baidu_109.png,augment_full,medium,True,122.34941864013672,data/processed/fog_augmented/XR_Baidu_109_medium.png
XR_Baidu_109.png,augment_full,high,True,141.6772918701172,data/processed/fog_augmented/XR_Baidu_109_high.png
XR_Baidu_113.png,no_augment,,,,
XR_Baidu_120.png,augment_full,low,True,96.85753631591797,data/processed/fog_augmented/XR_Baidu_120_low.png
XR_Baidu_120.png,augment_full,medium,True,123.53730773925781,data/processed/fog_augmented/XR_Baidu_120_medium.png
XR_Baidu_120.png,augment_full,high,True,129.7293243408203,data/processed/fog_augmented/XR_Baidu_120_high.png
XR_Baidu_122.png,augment_full,low,True,98.90412139892578,data/processed/fog_augmented/XR_Baidu_122_low.png
XR_Baidu_122.png,augment_full,medium,True,126.47322082519531,data/processed/fog_augmented/XR_Baidu_122_medium.png
XR_Baidu_122.png,augment_full,high,True,138.78411865234375,data/processed/fog_augmented/XR_Baidu_122_high.png
XR_Baidu_127.png,augment_full,low,False,,
XR_Baidu_127.png,augment_full,medium,True,126.89073944091797,data/processed/fog_augmented/XR_Baidu_127_medium.png
XR_Baidu_127.png,augment_full,high,False,,
XR_Baidu_131.png,augment_full,low,True,98.37833404541016,data/processed/fog_augmented/XR_Baidu_131_low.png
XR_Baidu_131.png,augment_full,medium,True,109.53699493408203,data/processed/fog_augmented/XR_Baidu_131_medium.png
XR_Baidu_131.png,augment_full,high,False,,
XR_Baidu_132.png,augment_full,low,True,97.08189392089844,data/processed/fog_augmented/XR_Baidu_132_low.png
XR_Baidu_132.png,augment_full,medium,True,127.59326934814453,data/processed/fog_augmented/XR_Baidu_132_medium.png
XR_Baidu_132.png,augment_full,high,False,,
XR_Baidu_134.png,augment_full,low,False,,
XR_Baidu_134.png,augment_full,medium,True,127.29447937011719,data/processed/fog_augmented/XR_Baidu_134_medium.png
XR_Baidu_134.png,augment_full,high,True,150.46707153320312,data/processed/fog_augmented/XR_Baidu_134_high.png
XR_Baidu_157.png,augment_full,low,True,102.26290893554688,data/processed/fog_augmented/XR_Baidu_157_low.png
XR_Baidu_157.png,augment_full,medium,True,125.76129913330078,data/processed/fog_augmented/XR_Baidu_157_medium.png
XR_Baidu_157.png,augment_full,high,True,134.5815887451172,data/processed/fog_augmented/XR_Baidu_157_high.png
XR_Baidu_164.png,augment_medium,medium,True,132.68560791015625,data/processed/fog_augmented/XR_Baidu_164_medium.png
XR_Baidu_182.png,augment_full,low,True,96.68853759765625,data/processed/fog_augmented/XR_Baidu_182_low.png
XR_Baidu_182.png,augment_full,medium,True,119.92740631103516,data/processed/fog_augmented/XR_Baidu_182_medium.png
XR_Baidu_182.png,augment_full,high,True,154.2397918701172,data/processed/fog_augmented/XR_Baidu_182_high.png
XR_Baidu_189.png,no_augment,,,,
XR_Baidu_193.png,no_augment,,,,
XR_Baidu_219.png,no_augment,,,,
XR_Baidu_221.png,no_augment,,,,
XR_Baidu_229.png,augment_medium,medium,True,154.9102020263672,data/processed/fog_augmented/XR_Baidu_229_medium.png
XR_Baidu_236.png,no_augment,,,,
XR_Baidu_238.png,augment_full,low,True,101.2702407836914,data/processed/fog_augmented/XR_Baidu_238_low.png
XR_Baidu_238.png,augment_full,medium,True,114.86589813232422,data/processed/fog_augmented/XR_Baidu_238_medium.png
XR_Baidu_238.png,augment_full,high,False,,
XR_Baidu_245.png,no_augment,,,,
XR_Baidu_247.png,no_augment,,,,
XR_Baidu_255.png,augment_medium,medium,True,155.50192260742188,data/processed/fog_augmented/XR_Baidu_255_medium.png
XR_Baidu_262.png,augment_full,low,False,,
XR_Baidu_262.png,augment_full,medium,True,122.8783187866211,data/processed/fog_augmented/XR_Baidu_262_medium.png
XR_Baidu_262.png,augment_full,high,True,152.83224487304688,data/processed/fog_augmented/XR_Baidu_262_high.png
XR_Baidu_263.png,augment_full,low,False,,
XR_Baidu_263.png,augment_full,medium,True,127.60969543457031,data/processed/fog_augmented/XR_Baidu_263_medium.png
XR_Baidu_263.png,augment_full,high,True,149.7120819091797,data/processed/fog_augmented/XR_Baidu_263_high.png
XR_Baidu_264.png,augment_full,low,True,102.60157775878906,data/processed/fog_augmented/XR_Baidu_264_low.png
XR_Baidu_264.png,augment_full,medium,True,122.62569427490234,data/processed/fog_augmented/XR_Baidu_264_medium.png
XR_Baidu_264.png,augment_full,high,True,147.55381774902344,data/processed/fog_augmented/XR_Baidu_264_high.png
XR_Baidu_269.png,no_augment,,,,
XR_Baidu_270.png,no_augment,,,,
XR_Baidu_272.png,augment_full,low,True,101.46012115478516,data/processed/fog_augmented/XR_Baidu_272_low.png
XR_Baidu_272.png,augment_full,medium,True,123.66776275634766,data/processed/fog_augmented/XR_Baidu_272_medium.png
XR_Baidu_272.png,augment_full,high,True,135.8772735595703,data/processed/fog_augmented/XR_Baidu_272_high.png
XR_Baidu_276.png,no_augment,,,,
XR_Baidu_278.png,no_augment,,,,
XR_Baidu_279.png,augment_medium,medium,True,152.8459930419922,data/processed/fog_augmented/XR_Baidu_279_medium.png
XR_Baidu_294.png,augment_medium,medium,True,143.4891357421875,data/processed/fog_augmented/XR_Baidu_294_medium.png
XR_Baidu_295.png,augment_medium,medium,True,126.65367889404297,data/processed/fog_augmented/XR_Baidu_295_medium.png
XR_Baidu_299.png,no_augment,,,,
XR_Baidu_301.png,no_augment,,,,
XR_Baidu_315.png,no_augment,,,,
XR_Baidu_358.png,augment_medium,medium,True,154.52789306640625,data/processed/fog_augmented/XR_Baidu_358_medium.png
XR_Baidu_365.png,no_augment,,,,
XR_Baidu_375.png,no_augment,,,,
XR_Baidu_377.png,augment_full,low,True,97.84073638916016,data/processed/fog_augmented/XR_Baidu_377_low.png
XR_Baidu_377.png,augment_full,medium,True,127.22151184082031,data/processed/fog_augmented/XR_Baidu_377_medium.png
XR_Baidu_377.png,augment_full,high,False,,
XR_Baidu_378.png,no_augment,,,,
XR_Baidu_380.png,augment_full,low,False,,
XR_Baidu_380.png,augment_full,medium,True,125.09989166259766,data/processed/fog_augmented/XR_Baidu_380_medium.png
XR_Baidu_380.png,augment_full,high,True,128.67794799804688,data/processed/fog_augmented/XR_Baidu_380_high.png
XR_Baidu_395.png,no_augment,,,,
XR_Baidu_398.png,no_augment,,,,
XR_Baidu_402.png,no_augment,,,,
XR_Baidu_404.png,augment_medium,medium,True,143.72412109375,data/processed/fog_augmented/XR_Baidu_404_medium.png
XR_Baidu_406.png,augment_full,low,True,101.17989349365234,data/processed/fog_augmented/XR_Baidu_406_low.png
XR_Baidu_406.png,augment_full,medium,True,116.89151763916016,data/processed/fog_augmented/XR_Baidu_406_medium.png
XR_Baidu_406.png,augment_full,high,False,,
XR_Baidu_415.png,no_augment,,,,
XR_Baidu_431.png,augment_full,low,False,,
XR_Baidu_431.png,augment_full,medium,True,125.99059295654297,data/processed/fog_augmented/XR_Baidu_431_medium.png
XR_Baidu_431.png,augment_full,high,True,143.0873565673828,data/processed/fog_augmented/XR_Baidu_431_high.png
XR_Baidu_45.png,no_augment,,,,
XR_Baidu_460.png,no_augment,,,,
XR_Baidu_462.png,no_augment,,,,
XR_Baidu_466.png,augment_full,low,True,102.66407775878906,data/processed/fog_augmented/XR_Baidu_466_low.png
XR_Baidu_466.png,augment_full,medium,True,125.97642517089844,data/processed/fog_augmented/XR_Baidu_466_medium.png
XR_Baidu_466.png,augment_full,high,True,129.12197875976562,data/processed/fog_augmented/XR_Baidu_466_high.png
XR_Baidu_471.png,no_augment,,,,
XR_Baidu_479.png,no_augment,,,,
XR_Baidu_482.png,no_augment,,,,
XR_Baidu_499.png,augment_medium,medium,True,138.1742401123047,data/processed/fog_augmented/XR_Baidu_499_medium.png
XR_Bing_010.png,no_augment,,,,
XR_Bing_024.png,augment_full,low,True,99.26145935058594,data/processed/fog_augmented/XR_Bing_024_low.png
XR_Bing_024.png,augment_full,medium,True,115.68165588378906,data/processed/fog_augmented/XR_Bing_024_medium.png
XR_Bing_024.png,augment_full,high,True,146.7572784423828,data/processed/fog_augmented/XR_Bing_024_high.png
XR_Bing_025.png,augment_medium,medium,True,135.83763122558594,data/processed/fog_augmented/XR_Bing_025_medium.png
XR_Bing_033.png,no_augment,,,,
XR_Bing_058.png,no_augment,,,,
XR_Bing_126.png,augment_full,low,False,,
XR_Bing_126.png,augment_full,medium,True,121.9211196899414,data/processed/fog_augmented/XR_Bing_126_medium.png
XR_Bing_126.png,augment_full,high,True,154.17117309570312,data/processed/fog_augmented/XR_Bing_126_high.png
XR_Bing_138.png,no_augment,,,,
XR_Bing_146.png,augment_full,low,True,100.2644271850586,data/processed/fog_augmented/XR_Bing_146_low.png
XR_Bing_146.png,augment_full,medium,True,118.3904037475586,data/processed/fog_augmented/XR_Bing_146_medium.png
XR_Bing_146.png,augment_full,high,False,,
XR_Bing_164.png,augment_full,low,True,100.70075225830078,data/processed/fog_augmented/XR_Bing_164_low.png
XR_Bing_164.png,augment_full,medium,True,112.96782684326172,data/processed/fog_augmented/XR_Bing_164_medium.png
XR_Bing_164.png,augment_full,high,False,,
XR_Bing_174.png,augment_full,low,True,101.12913513183594,data/processed/fog_augmented/XR_Bing_174_low.png
XR_Bing_174.png,augment_full,medium,True,115.92440795898438,data/processed/fog_augmented/XR_Bing_174_medium.png
XR_Bing_174.png,augment_full,high,False,,
XR_Bing_182.png,augment_full,low,True,94.21729278564453,data/processed/fog_augmented/XR_Bing_182_low.png
XR_Bing_182.png,augment_full,medium,True,124.19274139404297,data/processed/fog_augmented/XR_Bing_182_medium.png
XR_Bing_182.png,augment_full,high,True,144.80116271972656,data/processed/fog_augmented/XR_Bing_182_high.png
XR_Bing_198.png,augment_medium,medium,True,138.5539093017578,data/processed/fog_augmented/XR_Bing_198_medium.png
XR_Bing_211.png,augment_full,low,False,,
XR_Bing_211.png,augment_full,medium,True,127.5857925415039,data/processed/fog_augmented/XR_Bing_211_medium.png
XR_Bing_211.png,augment_full,high,True,147.1514434814453,data/processed/fog_augmented/XR_Bing_211_high.png
XR_Bing_216.png,augment_full,low,True,99.70008087158203,data/processed/fog_augmented/XR_Bing_216_low.png
XR_Bing_216.png,augment_full,medium,True,119.3077392578125,data/processed/fog_augmented/XR_Bing_216_medium.png
XR_Bing_216.png,augment_full,high,True,143.04161071777344,data/processed/fog_augmented/XR_Bing_216_high.png
XR_Bing_221.png,augment_full,low,True,100.63195037841797,data/processed/fog_augmented/XR_Bing_221_low.png
XR_Bing_221.png,augment_full,medium,True,118.02239990234375,data/processed/fog_augmented/XR_Bing_221_medium.png
XR_Bing_221.png,augment_full,high,False,,
XR_Bing_228.png,augment_full,low,True,91.63956451416016,data/processed/fog_augmented/XR_Bing_228_low.png
XR_Bing_228.png,augment_full,medium,True,116.07101440429688,data/processed/fog_augmented/XR_Bing_228_medium.png
XR_Bing_228.png,augment_full,high,False,,
XR_Bing_240.png,augment_full,low,True,94.7313232421875,data/processed/fog_augmented/XR_Bing_240_low.png
XR_Bing_240.png,augment_full,medium,True,123.1646728515625,data/processed/fog_augmented/XR_Bing_240_medium.png
XR_Bing_240.png,augment_full,high,True,139.46234130859375,data/processed/fog_augmented/XR_Bing_240_high.png
XR_Bing_254.png,augment_full,low,True,68.93415069580078,data/processed/fog_augmented/XR_Bing_254_low.png
XR_Bing_254.png,augment_full,medium,False,,
XR_Bing_254.png,augment_full,high,False,,
XR_Bing_257.png,augment_medium,medium,True,155.60643005371094,data/processed/fog_augmented/XR_Bing_257_medium.png
XR_Bing_261.png,augment_full,low,False,,
XR_Bing_261.png,augment_full,medium,True,124.27908325195312,data/processed/fog_augmented/XR_Bing_261_medium.png
XR_Bing_261.png,augment_full,high,True,149.1848907470703,data/processed/fog_augmented/XR_Bing_261_high.png
XR_Bing_264.png,no_augment,,,,
XR_Bing_289.png,augment_full,low,True,102.34214782714844,data/processed/fog_augmented/XR_Bing_289_low.png
XR_Bing_289.png,augment_full,medium,True,122.69429779052734,data/processed/fog_augmented/XR_Bing_289_medium.png
XR_Bing_289.png,augment_full,high,True,134.64930725097656,data/processed/fog_augmented/XR_Bing_289_high.png
XR_Bing_346.png,no_augment,,,,
XR_Bing_347.png,no_augment,,,,
XR_Bing_348.png,augment_full,low,False,,
XR_Bing_348.png,augment_full,medium,True,123.56025695800781,data/processed/fog_augmented/XR_Bing_348_medium.png
XR_Bing_348.png,augment_full,high,True,147.25389099121094,data/processed/fog_augmented/XR_Bing_348_high.png
XR_Bing_362.png,augment_medium,medium,True,151.68626403808594,data/processed/fog_augmented/XR_Bing_362_medium.png
XR_Bing_381.png,no_augment,,,,
XR_Bing_385.png,augment_medium,medium,True,146.7372589111328,data/processed/fog_augmented/XR_Bing_385_medium.png
XR_Bing_40.png,augment_full,low,True,99.21089935302734,data/processed/fog_augmented/XR_Bing_40_low.png
XR_Bing_40.png,augment_full,medium,True,115.01071166992188,data/processed/fog_augmented/XR_Bing_40_medium.png
XR_Bing_40.png,augment_full,high,False,,
XR_Bing_444.png,augment_medium,medium,True,155.30926513671875,data/processed/fog_augmented/XR_Bing_444_medium.png
XR_Bing_45.png,augment_full,low,True,94.39373016357422,data/processed/fog_augmented/XR_Bing_45_low.png
XR_Bing_45.png,augment_full,medium,True,126.75912475585938,data/processed/fog_augmented/XR_Bing_45_medium.png
XR_Bing_45.png,augment_full,high,True,128.76553344726562,data/processed/fog_augmented/XR_Bing_45_high.png
XR_Bing_463.png,augment_full,low,True,70.94164276123047,data/processed/fog_augmented/XR_Bing_463_low.png
XR_Bing_463.png,augment_full,medium,False,,
XR_Bing_463.png,augment_full,high,False,,
XR_Bing_475.png,augment_full,low,True,98.63843536376953,data/processed/fog_augmented/XR_Bing_475_low.png
XR_Bing_475.png,augment_full,medium,False,,
XR_Bing_475.png,augment_full,high,False,,
XR_Bing_495.png,augment_full,low,True,94.75485229492188,data/processed/fog_augmented/XR_Bing_495_low.png
XR_Bing_495.png,augment_full,medium,True,116.18367767333984,data/processed/fog_augmented/XR_Bing_495_medium.png
XR_Bing_495.png,augment_full,high,False,,
XR_Bing_497.png,augment_full,low,True,100.7561264038086,data/processed/fog_augmented/XR_Bing_497_low.png
XR_Bing_497.png,augment_full,medium,True,125.64786529541016,data/processed/fog_augmented/XR_Bing_497_medium.png
XR_Bing_497.png,augment_full,high,False,,
XR_Bing_499.png,augment_medium,medium,True,138.10670471191406,data/processed/fog_augmented/XR_Bing_499_medium.png
XR_Bing_500.png,augment_medium,medium,True,153.22120666503906,data/processed/fog_augmented/XR_Bing_500_medium.png
XR_Bing_590.png,augment_full,low,True,101.69050598144531,data/processed/fog_augmented/XR_Bing_590_low.png
XR_Bing_590.png,augment_full,medium,True,119.1845474243164,data/processed/fog_augmented/XR_Bing_590_medium.png
XR_Bing_590.png,augment_full,high,False,,
XR_Bing_593.png,no_augment,,,,
XR_Bing_604.png,augment_full,low,True,101.95576477050781,data/processed/fog_augmented/XR_Bing_604_low.png
XR_Bing_604.png,augment_full,medium,True,125.55917358398438,data/processed/fog_augmented/XR_Bing_604_medium.png
XR_Bing_604.png,augment_full,high,True,138.52667236328125,data/processed/fog_augmented/XR_Bing_604_high.png
XR_Bing_632.png,augment_medium,medium,True,151.03160095214844,data/processed/fog_augmented/XR_Bing_632_medium.png
XR_Bing_637.png,augment_full,low,True,102.4600601196289,data/processed/fog_augmented/XR_Bing_637_low.png
XR_Bing_637.png,augment_full,medium,True,120.81627655029297,data/processed/fog_augmented/XR_Bing_637_medium.png
XR_Bing_637.png,augment_full,high,False,,
XR_Bing_638.png,augment_full,low,True,92.13986206054688,data/processed/fog_augmented/XR_Bing_638_low.png
XR_Bing_638.png,augment_full,medium,False,,
XR_Bing_638.png,augment_full,high,False,,
XR_Bing_640.png,no_augment,,,,
XR_Bing_682.png,augment_full,low,True,94.8970718383789,data/processed/fog_augmented/XR_Bing_682_low.png
XR_Bing_682.png,augment_full,medium,True,106.85641479492188,data/processed/fog_augmented/XR_Bing_682_medium.png
XR_Bing_682.png,augment_full,high,False,,
XR_Bing_698.png,no_augment,,,,
XR_Bing_731.png,augment_full,low,True,100.74659729003906,data/processed/fog_augmented/XR_Bing_731_low.png
XR_Bing_731.png,augment_full,medium,True,124.36367797851562,data/processed/fog_augmented/XR_Bing_731_medium.png
XR_Bing_731.png,augment_full,high,False,,
XR_Bing_740.png,no_augment,,,,
XR_Bing_756.png,augment_full,low,True,98.78173065185547,data/processed/fog_augmented/XR_Bing_756_low.png
XR_Bing_756.png,augment_full,medium,True,120.42399597167969,data/processed/fog_augmented/XR_Bing_756_medium.png
XR_Bing_756.png,augment_full,high,True,151.66961669921875,data/processed/fog_augmented/XR_Bing_756_high.png
XR_Bing_760.png,no_augment,,,,
XR_Bing_768.png,augment_full,low,True,101.67204284667969,data/processed/fog_augmented/XR_Bing_768_low.png
XR_Bing_768.png,augment_full,medium,True,122.15855407714844,data/processed/fog_augmented/XR_Bing_768_medium.png
XR_Bing_768.png,augment_full,high,False,,
XR_Bing_774.png,augment_full,low,True,100.9837646484375,data/processed/fog_augmented/XR_Bing_774_low.png
XR_Bing_774.png,augment_full,medium,True,127.19049072265625,data/processed/fog_augmented/XR_Bing_774_medium.png
XR_Bing_774.png,augment_full,high,False,,
XR_Bing_775.png,augment_full,low,True,94.88618469238281,data/processed/fog_augmented/XR_Bing_775_low.png
XR_Bing_775.png,augment_full,medium,True,120.78873443603516,data/processed/fog_augmented/XR_Bing_775_medium.png
XR_Bing_775.png,augment_full,high,False,,
XR_Bing_790.png,no_augment,,,,
XR_Bing_802.png,augment_full,low,True,102.57117462158203,data/processed/fog_augmented/XR_Bing_802_low.png
XR_Bing_802.png,augment_full,medium,True,125.23645782470703,data/processed/fog_augmented/XR_Bing_802_medium.png
XR_Bing_802.png,augment_full,high,False,,
XR_Bing_804.png,no_augment,,,,
XR_Bing_818.png,no_augment,,,,
XR_Bing_820.png,augment_full,low,True,88.63492584228516,data/processed/fog_augmented/XR_Bing_820_low.png
XR_Bing_820.png,augment_full,medium,False,,
XR_Bing_820.png,augment_full,high,False,,
XR_Google_000.png,augment_medium,medium,True,144.55911254882812,data/processed/fog_augmented/XR_Google_000_medium.png
XR_Google_022.png,augment_medium,medium,True,135.49020385742188,data/processed/fog_augmented/XR_Google_022_medium.png
XR_Google_064.png,augment_full,low,False,,
XR_Google_064.png,augment_full,medium,True,122.96546173095703,data/processed/fog_augmented/XR_Google_064_medium.png
XR_Google_064.png,augment_full,high,False,,
XR_Google_067.png,no_augment,,,,
XR_Google_088.png,augment_full,low,False,,
XR_Google_088.png,augment_full,medium,True,127.39807891845703,data/processed/fog_augmented/XR_Google_088_medium.png
XR_Google_088.png,augment_full,high,True,145.90396118164062,data/processed/fog_augmented/XR_Google_088_high.png
XR_Google_095.png,augment_medium,medium,True,147.88412475585938,data/processed/fog_augmented/XR_Google_095_medium.png
XR_Google_102.png,augment_full,low,True,102.58516693115234,data/processed/fog_augmented/XR_Google_102_low.png
XR_Google_102.png,augment_full,medium,True,116.14289855957031,data/processed/fog_augmented/XR_Google_102_medium.png
XR_Google_102.png,augment_full,high,False,,
XR_Google_105.png,augment_medium,medium,True,154.26617431640625,data/processed/fog_augmented/XR_Google_105_medium.png
XR_Google_110.png,augment_full,low,True,102.02655029296875,data/processed/fog_augmented/XR_Google_110_low.png
XR_Google_110.png,augment_full,medium,True,127.76920318603516,data/processed/fog_augmented/XR_Google_110_medium.png
XR_Google_110.png,augment_full,high,True,131.21478271484375,data/processed/fog_augmented/XR_Google_110_high.png
XR_Google_124.png,augment_full,low,True,102.18971252441406,data/processed/fog_augmented/XR_Google_124_low.png
XR_Google_124.png,augment_full,medium,True,120.53626251220703,data/processed/fog_augmented/XR_Google_124_medium.png
XR_Google_124.png,augment_full,high,True,154.23033142089844,data/processed/fog_augmented/XR_Google_124_high.png
XR_Google_127.png,augment_full,low,True,100.09024810791016,data/processed/fog_augmented/XR_Google_127_low.png
XR_Google_127.png,augment_full,medium,True,122.80323791503906,data/processed/fog_augmented/XR_Google_127_medium.png
XR_Google_127.png,augment_full,high,True,136.1382293701172,data/processed/fog_augmented/XR_Google_127_high.png
XR_Google_137.png,no_augment,,,,
XR_Google_142.png,augment_full,low,True,85.03705596923828,data/processed/fog_augmented/XR_Google_142_low.png
XR_Google_142.png,augment_full,medium,False,,
XR_Google_142.png,augment_full,high,False,,
XR_Google_143.png,augment_full,low,True,99.25664520263672,data/processed/fog_augmented/XR_Google_143_low.png
XR_Google_143.png,augment_full,medium,True,120.16334533691406,data/processed/fog_augmented/XR_Google_143_medium.png
XR_Google_143.png,augment_full,high,True,140.5858154296875,data/processed/fog_augmented/XR_Google_143_high.png
XR_Google_146.png,augment_full,low,True,101.06244659423828,data/processed/fog_augmented/XR_Google_146_low.png
XR_Google_146.png,augment_full,medium,True,119.4323501586914,data/processed/fog_augmented/XR_Google_146_medium.png
XR_Google_146.png,augment_full,high,False,,
XR_Google_180.png,augment_medium,medium,True,155.076904296875,data/processed/fog_augmented/XR_Google_180_medium.png
XR_Google_183.png,augment_medium,medium,True,133.48194885253906,data/processed/fog_augmented/XR_Google_183_medium.png
XR_Google_187.png,no_augment,,,,
XR_Google_228.png,augment_medium,medium,True,151.2991485595703,data/processed/fog_augmented/XR_Google_228_medium.png
XR_Google_243.png,no_augment,,,,
XR_Google_252.png,augment_full,low,False,,
XR_Google_252.png,augment_full,medium,True,121.87711334228516,data/processed/fog_augmented/XR_Google_252_medium.png
XR_Google_252.png,augment_full,high,False,,
XR_Google_263.png,no_augment,,,,
XR_Google_275.png,augment_full,low,True,98.65039825439453,data/processed/fog_augmented/XR_Google_275_low.png
XR_Google_275.png,augment_full,medium,True,121.06103515625,data/processed/fog_augmented/XR_Google_275_medium.png
XR_Google_275.png,augment_full,high,True,139.27809143066406,data/processed/fog_augmented/XR_Google_275_high.png
XR_Google_276.png,augment_full,low,True,102.19326782226562,data/processed/fog_augmented/XR_Google_276_low.png
XR_Google_276.png,augment_full,medium,True,111.6243667602539,data/processed/fog_augmented/XR_Google_276_medium.png
XR_Google_276.png,augment_full,high,False,,
XR_Google_284.png,augment_medium,medium,True,144.44766235351562,data/processed/fog_augmented/XR_Google_284_medium.png
XR_Google_293.png,augment_full,low,True,102.68446350097656,data/processed/fog_augmented/XR_Google_293_low.png
XR_Google_293.png,augment_full,medium,True,118.48269653320312,data/processed/fog_augmented/XR_Google_293_medium.png
XR_Google_293.png,augment_full,high,True,130.32752990722656,data/processed/fog_augmented/XR_Google_293_high.png
XR_Google_311.png,no_augment,,,,
XR_Google_313.png,augment_medium,medium,True,140.90301513671875,data/processed/fog_augmented/XR_Google_313_medium.png
XR_Google_331.png,augment_full,low,False,,
XR_Google_331.png,augment_full,medium,True,124.34761047363281,data/processed/fog_augmented/XR_Google_331_medium.png
XR_Google_331.png,augment_full,high,True,153.3585968017578,data/processed/fog_augmented/XR_Google_331_high.png
XR_Google_338.png,augment_full,low,True,97.78135681152344,data/processed/fog_augmented/XR_Google_338_low.png
XR_Google_338.png,augment_full,medium,True,118.82373046875,data/processed/fog_augmented/XR_Google_338_medium.png
XR_Google_338.png,augment_full,high,False,,
XR_Google_34.png,augment_full,low,False,,
XR_Google_34.png,augment_full,medium,True,127.52093505859375,data/processed/fog_augmented/XR_Google_34_medium.png
XR_Google_34.png,augment_full,high,True,149.56382751464844,data/processed/fog_augmented/XR_Google_34_high.png
XR_Google_341.png,augment_full,low,True,102.69974517822266,data/processed/fog_augmented/XR_Google_341_low.png
XR_Google_341.png,augment_full,medium,True,113.83856964111328,data/processed/fog_augmented/XR_Google_341_medium.png
XR_Google_341.png,augment_full,high,False,,
XR_Google_355.png,no_augment,,,,
XR_Google_371.png,augment_medium,medium,True,155.2506561279297,data/processed/fog_augmented/XR_Google_371_medium.png
XR_Google_377.png,augment_full,low,True,98.26297760009766,data/processed/fog_augmented/XR_Google_377_low.png
XR_Google_377.png,augment_full,medium,True,126.13397979736328,data/processed/fog_augmented/XR_Google_377_medium.png
XR_Google_377.png,augment_full,high,False,,
XR_Google_403.png,augment_full,low,True,99.2965087890625,data/processed/fog_augmented/XR_Google_403_low.png
XR_Google_403.png,augment_full,medium,True,109.19127655029297,data/processed/fog_augmented/XR_Google_403_medium.png
XR_Google_403.png,augment_full,high,False,,
XR_Google_404.png,augment_medium,medium,True,146.9879150390625,data/processed/fog_augmented/XR_Google_404_medium.png
XR_Google_411.png,augment_full,low,True,101.4715576171875,data/processed/fog_augmented/XR_Google_411_low.png
XR_Google_411.png,augment_full,medium,True,119.31430053710938,data/processed/fog_augmented/XR_Google_411_medium.png
XR_Google_411.png,augment_full,high,True,151.4984130859375,data/processed/fog_augmented/XR_Google_411_high.png
XR_Google_416.png,augment_medium,medium,True,138.37294006347656,data/processed/fog_augmented/XR_Google_416_medium.png
XR_Google_427.png,augment_full,low,True,95.82256317138672,data/processed/fog_augmented/XR_Google_427_low.png
XR_Google_427.png,augment_full,medium,True,123.80548858642578,data/processed/fog_augmented/XR_Google_427_medium.png
XR_Google_427.png,augment_full,high,True,130.46096801757812,data/processed/fog_augmented/XR_Google_427_high.png
XR_Google_436.png,augment_medium,medium,True,151.67225646972656,data/processed/fog_augmented/XR_Google_436_medium.png
XR_Google_494.png,no_augment,,,,
XR_Google_502.png,no_augment,,,,
XR_Google_504.png,no_augment,,,,
XR_Google_515.png,augment_full,low,True,97.4559555053711,data/processed/fog_augmented/XR_Google_515_low.png
XR_Google_515.png,augment_full,medium,False,,
XR_Google_515.png,augment_full,high,False,,
XR_Google_529.png,augment_full,low,False,,
XR_Google_529.png,augment_full,medium,True,128.0191650390625,data/processed/fog_augmented/XR_Google_529_medium.png
XR_Google_529.png,augment_full,high,True,151.3035888671875,data/processed/fog_augmented/XR_Google_529_high.png
XR_Google_537.png,augment_full,low,False,,
XR_Google_537.png,augment_full,medium,True,112.48979187011719,data/processed/fog_augmented/XR_Google_537_medium.png
XR_Google_537.png,augment_full,high,True,147.55943298339844,data/processed/fog_augmented/XR_Google_537_high.png
XR_Google_538.png,augment_full,low,False,,
XR_Google_538.png,augment_full,medium,True,127.93555450439453,data/processed/fog_augmented/XR_Google_538_medium.png
XR_Google_538.png,augment_full,high,True,130.64927673339844,data/processed/fog_augmented/XR_Google_538_high.png
XR_Google_573.png,augment_medium,medium,True,147.60415649414062,data/processed/fog_augmented/XR_Google_573_medium.png
XR_Google_581.png,augment_medium,medium,True,145.86634826660156,data/processed/fog_augmented/XR_Google_581_medium.png
XR_Google_583.png,augment_medium,medium,True,131.42201232910156,data/processed/fog_augmented/XR_Google_583_medium.png
XR_Google_626.png,no_augment,,,,
XR_Google_633.png,augment_full,low,False,,
XR_Google_633.png,augment_full,medium,True,127.41895294189453,data/processed/fog_augmented/XR_Google_633_medium.png
XR_Google_633.png,augment_full,high,True,137.8558349609375,data/processed/fog_augmented/XR_Google_633_high.png
XR_Google_638.png,augment_full,low,True,94.22383880615234,data/processed/fog_augmented/XR_Google_638_low.png
XR_Google_638.png,augment_full,medium,False,,
XR_Google_638.png,augment_full,high,False,,
XR_Google_659.png,augment_full,low,True,102.69590759277344,data/processed/fog_augmented/XR_Google_659_low.png
XR_Google_659.png,augment_full,medium,True,127.86914825439453,data/processed/fog_augmented/XR_Google_659_medium.png
XR_Google_659.png,augment_full,high,True,128.8029327392578,data/processed/fog_augmented/XR_Google_659_high.png
XR_Google_689.png,augment_medium,medium,True,150.42498779296875,data/processed/fog_augmented/XR_Google_689_medium.png
XR_Google_691.png,augment_medium,medium,True,148.75869750976562,data/processed/fog_augmented/XR_Google_691_medium.png
XR_Google_721.png,no_augment,,,,
XYT_Baidu_073.png,no_augment,,,,
XYT_Baidu_074.png,no_augment,,,,
XYT_Baidu_104.png,augment_medium,medium,True,154.99346923828125,data/processed/fog_augmented/XYT_Baidu_104_medium.png
XYT_Baidu_309.png,augment_full,low,True,100.30387878417969,data/processed/fog_augmented/XYT_Baidu_309_low.png
XYT_Baidu_309.png,augment_full,medium,False,,
XYT_Baidu_309.png,augment_full,high,False,,
XYT_Google_569.png,augment_full,low,True,101.06167602539062,data/processed/fog_augmented/XYT_Google_569_low.png
XYT_Google_569.png,augment_full,medium,True,108.32711029052734,data/processed/fog_augmented/XYT_Google_569_medium.png
XYT_Google_569.png,augment_full,high,False,,
XYT_Google_617.png,no_augment,,,,
YC_Baidu_027.png,augment_medium,medium,True,143.57749938964844,data/processed/fog_augmented/YC_Baidu_027_medium.png
YC_Baidu_042.png,augment_medium,medium,True,150.89230346679688,data/processed/fog_augmented/YC_Baidu_042_medium.png
YC_Baidu_052.png,no_augment,,,,
YC_Baidu_084.png,augment_full,low,False,,
YC_Baidu_084.png,augment_full,medium,True,124.59178161621094,data/processed/fog_augmented/YC_Baidu_084_medium.png
YC_Baidu_084.png,augment_full,high,True,152.75074768066406,data/processed/fog_augmented/YC_Baidu_084_high.png
YC_Baidu_108.png,no_augment,,,,
YC_Baidu_137.png,no_augment,,,,
YC_Baidu_140.png,augment_full,low,False,,
YC_Baidu_140.png,augment_full,medium,True,125.4696044921875,data/processed/fog_augmented/YC_Baidu_140_medium.png
YC_Baidu_140.png,augment_full,high,True,155.34994506835938,data/processed/fog_augmented/YC_Baidu_140_high.png
YC_Baidu_201.png,augment_full,low,True,97.78285217285156,data/processed/fog_augmented/YC_Baidu_201_low.png
YC_Baidu_201.png,augment_full,medium,True,104.67890930175781,data/processed/fog_augmented/YC_Baidu_201_medium.png
YC_Baidu_201.png,augment_full,high,False,,
YC_Bing_000.png,augment_full,low,True,68.82752990722656,data/processed/fog_augmented/YC_Bing_000_low.png
YC_Bing_000.png,augment_full,medium,False,,
YC_Bing_000.png,augment_full,high,False,,
YC_Bing_237.png,augment_full,low,True,102.44196319580078,data/processed/fog_augmented/YC_Bing_237_low.png
YC_Bing_237.png,augment_full,medium,True,126.51790618896484,data/processed/fog_augmented/YC_Bing_237_medium.png
YC_Bing_237.png,augment_full,high,True,152.05259704589844,data/processed/fog_augmented/YC_Bing_237_high.png
YC_Bing_246.png,augment_full,low,False,,
YC_Bing_246.png,augment_full,medium,True,125.75301361083984,data/processed/fog_augmented/YC_Bing_246_medium.png
YC_Bing_246.png,augment_full,high,True,150.11752319335938,data/processed/fog_augmented/YC_Bing_246_high.png
YC_Bing_311.png,augment_full,low,True,93.68772888183594,data/processed/fog_augmented/YC_Bing_311_low.png
YC_Bing_311.png,augment_full,medium,True,121.72738647460938,data/processed/fog_augmented/YC_Bing_311_medium.png
YC_Bing_311.png,augment_full,high,False,,
YC_Bing_317.png,no_augment,,,,
YC_Bing_721.png,augment_medium,medium,True,154.70436096191406,data/processed/fog_augmented/YC_Bing_721_medium.png
YC_Bing_731.png,augment_full,low,False,,
YC_Bing_731.png,augment_full,medium,True,122.18411254882812,data/processed/fog_augmented/YC_Bing_731_medium.png
YC_Bing_731.png,augment_full,high,True,146.63099670410156,data/processed/fog_augmented/YC_Bing_731_high.png
YC_Google_062.png,augment_medium,medium,True,152.76976013183594,data/processed/fog_augmented/YC_Google_062_medium.png
YC_Google_063.png,augment_medium,medium,True,154.4850616455078,data/processed/fog_augmented/YC_Google_063_medium.png
YC_Google_594.png,augment_medium,medium,True,153.1114501953125,data/processed/fog_augmented/YC_Google_594_medium.png
YC_Google_633.png,augment_full,low,True,102.4675521850586,data/processed/fog_augmented/YC_Google_633_low.png
YC_Google_633.png,augment_full,medium,True,121.88530731201172,data/processed/fog_augmented/YC_Google_633_medium.png
YC_Google_633.png,augment_full,high,False,,
YC_Google_758.png,augment_full,low,True,101.83187866210938,data/processed/fog_augmented/YC_Google_758_low.png
YC_Google_758.png,augment_full,medium,True,125.94419860839844,data/processed/fog_augmented/YC_Google_758_medium.png
YC_Google_758.png,augment_full,high,True,138.917724609375,data/processed/fog_augmented/YC_Google_758_high.png
YD_Baidu_00.png,no_augment,,,,
YD_Baidu_015.png,no_augment,,,,
YD_Baidu_026.png,augment_full,low,True,99.80646514892578,data/processed/fog_augmented/YD_Baidu_026_low.png
YD_Baidu_026.png,augment_full,medium,False,,
YD_Baidu_026.png,augment_full,high,False,,
YD_Baidu_029.png,augment_full,low,True,99.79638671875,data/processed/fog_augmented/YD_Baidu_029_low.png
YD_Baidu_029.png,augment_full,medium,True,115.5415267944336,data/processed/fog_augmented/YD_Baidu_029_medium.png
YD_Baidu_029.png,augment_full,high,False,,
YD_Baidu_030.png,augment_medium,medium,True,148.40158081054688,data/processed/fog_augmented/YD_Baidu_030_medium.png
YD_Baidu_037.png,augment_full,low,True,95.90438842773438,data/processed/fog_augmented/YD_Baidu_037_low.png
YD_Baidu_037.png,augment_full,medium,True,117.30482482910156,data/processed/fog_augmented/YD_Baidu_037_medium.png
YD_Baidu_037.png,augment_full,high,False,,
YD_Baidu_039.png,no_augment,,,,
YD_Baidu_040.png,augment_medium,medium,True,154.011962890625,data/processed/fog_augmented/YD_Baidu_040_medium.png
YD_Baidu_051.png,augment_full,low,False,,
YD_Baidu_051.png,augment_full,medium,True,123.23175811767578,data/processed/fog_augmented/YD_Baidu_051_medium.png
YD_Baidu_051.png,augment_full,high,True,138.63070678710938,data/processed/fog_augmented/YD_Baidu_051_high.png
YD_Baidu_053.png,no_augment,,,,
YD_Baidu_055.png,augment_full,low,False,,
YD_Baidu_055.png,augment_full,medium,True,126.75634002685547,data/processed/fog_augmented/YD_Baidu_055_medium.png
YD_Baidu_055.png,augment_full,high,True,154.7098846435547,data/processed/fog_augmented/YD_Baidu_055_high.png
YD_Baidu_058.png,no_augment,,,,
YD_Baidu_059.png,augment_full,low,False,,
YD_Baidu_059.png,augment_full,medium,True,127.02157592773438,data/processed/fog_augmented/YD_Baidu_059_medium.png
YD_Baidu_059.png,augment_full,high,True,146.29409790039062,data/processed/fog_augmented/YD_Baidu_059_high.png
YD_Baidu_068.png,augment_full,low,True,102.26937866210938,data/processed/fog_augmented/YD_Baidu_068_low.png
YD_Baidu_068.png,augment_full,medium,True,119.9496078491211,data/processed/fog_augmented/YD_Baidu_068_medium.png
YD_Baidu_068.png,augment_full,high,False,,
YD_Baidu_069.png,augment_full,low,True,102.31898498535156,data/processed/fog_augmented/YD_Baidu_069_low.png
YD_Baidu_069.png,augment_full,medium,True,127.78282928466797,data/processed/fog_augmented/YD_Baidu_069_medium.png
YD_Baidu_069.png,augment_full,high,False,,
YD_Baidu_070.png,augment_full,low,True,76.06195831298828,data/processed/fog_augmented/YD_Baidu_070_low.png
YD_Baidu_070.png,augment_full,medium,False,,
YD_Baidu_070.png,augment_full,high,False,,
YD_Baidu_073.png,augment_medium,medium,True,152.76919555664062,data/processed/fog_augmented/YD_Baidu_073_medium.png
YD_Baidu_074.png,augment_medium,medium,True,146.17955017089844,data/processed/fog_augmented/YD_Baidu_074_medium.png
YD_Baidu_082.png,no_augment,,,,
YD_Baidu_087.png,augment_medium,medium,True,154.77369689941406,data/processed/fog_augmented/YD_Baidu_087_medium.png
YD_Baidu_099.png,augment_full,low,False,,
YD_Baidu_099.png,augment_full,medium,True,123.9277572631836,data/processed/fog_augmented/YD_Baidu_099_medium.png
YD_Baidu_099.png,augment_full,high,True,143.41262817382812,data/processed/fog_augmented/YD_Baidu_099_high.png
YD_Baidu_171.png,augment_full,low,False,,
YD_Baidu_171.png,augment_full,medium,True,127.74504089355469,data/processed/fog_augmented/YD_Baidu_171_medium.png
YD_Baidu_171.png,augment_full,high,True,143.5858154296875,data/processed/fog_augmented/YD_Baidu_171_high.png
YD_Baidu_183.png,no_augment,,,,
YD_Baidu_201.png,augment_medium,medium,True,153.54754638671875,data/processed/fog_augmented/YD_Baidu_201_medium.png
YD_Baidu_214.png,augment_medium,medium,True,145.5495147705078,data/processed/fog_augmented/YD_Baidu_214_medium.png
YD_Baidu_300.png,no_augment,,,,
YD_Bing_022.png,augment_full,low,False,,
YD_Bing_022.png,augment_full,medium,True,127.29764556884766,data/processed/fog_augmented/YD_Bing_022_medium.png
YD_Bing_022.png,augment_full,high,True,138.71063232421875,data/processed/fog_augmented/YD_Bing_022_high.png
YD_Bing_038.png,augment_full,low,True,99.3436279296875,data/processed/fog_augmented/YD_Bing_038_low.png
YD_Bing_038.png,augment_full,medium,True,117.37503814697266,data/processed/fog_augmented/YD_Bing_038_medium.png
YD_Bing_038.png,augment_full,high,False,,
YD_Bing_086.png,augment_medium,medium,True,153.58651733398438,data/processed/fog_augmented/YD_Bing_086_medium.png
YD_Bing_11.png,no_augment,,,,
YD_Bing_212.png,no_augment,,,,
YD_Bing_213.png,augment_full,low,True,101.28395080566406,data/processed/fog_augmented/YD_Bing_213_low.png
YD_Bing_213.png,augment_full,medium,True,115.39942169189453,data/processed/fog_augmented/YD_Bing_213_medium.png
YD_Bing_213.png,augment_full,high,True,131.1883087158203,data/processed/fog_augmented/YD_Bing_213_high.png
YD_Bing_243.png,augment_full,low,True,101.99008178710938,data/processed/fog_augmented/YD_Bing_243_low.png
YD_Bing_243.png,augment_full,medium,True,126.49710845947266,data/processed/fog_augmented/YD_Bing_243_medium.png
YD_Bing_243.png,augment_full,high,True,131.7187957763672,data/processed/fog_augmented/YD_Bing_243_high.png
YD_Bing_258.png,augment_medium,medium,True,145.11375427246094,data/processed/fog_augmented/YD_Bing_258_medium.png
YD_Bing_290.png,augment_medium,medium,True,143.16571044921875,data/processed/fog_augmented/YD_Bing_290_medium.png
YD_Bing_351.png,augment_medium,medium,True,130.94029235839844,data/processed/fog_augmented/YD_Bing_351_medium.png
YD_Bing_428.png,augment_medium,medium,True,150.99769592285156,data/processed/fog_augmented/YD_Bing_428_medium.png
YD_Bing_429.png,augment_medium,medium,True,135.4026641845703,data/processed/fog_augmented/YD_Bing_429_medium.png
YD_Bing_547.png,no_augment,,,,
YD_Bing_568.png,augment_medium,medium,True,153.97312927246094,data/processed/fog_augmented/YD_Bing_568_medium.png
YD_Bing_580.png,no_augment,,,,
YD_Bing_688.png,augment_full,low,True,101.49282836914062,data/processed/fog_augmented/YD_Bing_688_low.png
YD_Bing_688.png,augment_full,medium,True,112.29313659667969,data/processed/fog_augmented/YD_Bing_688_medium.png
YD_Bing_688.png,augment_full,high,False,,
YD_Bing_694.png,augment_medium,medium,True,135.18589782714844,data/processed/fog_augmented/YD_Bing_694_medium.png
YD_Google_015.png,augment_full,low,False,,
YD_Google_015.png,augment_full,medium,True,127.43397521972656,data/processed/fog_augmented/YD_Google_015_medium.png
YD_Google_015.png,augment_full,high,True,135.344482421875,data/processed/fog_augmented/YD_Google_015_high.png
YD_Google_017.png,no_augment,,,,
YD_Google_020.png,no_augment,,,,
YD_Google_032.png,augment_medium,medium,True,153.95745849609375,data/processed/fog_augmented/YD_Google_032_medium.png
YD_Google_056.png,augment_full,low,True,100.19718170166016,data/processed/fog_augmented/YD_Google_056_low.png
YD_Google_056.png,augment_full,medium,True,112.85493469238281,data/processed/fog_augmented/YD_Google_056_medium.png
YD_Google_056.png,augment_full,high,False,,
YD_Google_09.png,augment_full,low,False,,
YD_Google_09.png,augment_full,medium,True,125.89716339111328,data/processed/fog_augmented/YD_Google_09_medium.png
YD_Google_09.png,augment_full,high,True,154.1244354248047,data/processed/fog_augmented/YD_Google_09_high.png
YD_Google_108.png,no_augment,,,,
YD_Google_133.png,no_augment,,,,
YD_Google_136.png,augment_medium,medium,True,151.91673278808594,data/processed/fog_augmented/YD_Google_136_medium.png
YD_Google_140.png,no_augment,,,,
YD_Google_255.png,augment_medium,medium,True,154.78688049316406,data/processed/fog_augmented/YD_Google_255_medium.png
YD_Google_281.png,augment_full,low,True,102.55333709716797,data/processed/fog_augmented/YD_Google_281_low.png
YD_Google_281.png,augment_full,medium,True,121.30339813232422,data/processed/fog_augmented/YD_Google_281_medium.png
YD_Google_281.png,augment_full,high,False,,
YD_Google_297.png,augment_medium,medium,True,136.7025146484375,data/processed/fog_augmented/YD_Google_297_medium.png
YD_Google_322.png,no_augment,,,,
YD_Google_376.png,augment_full,low,False,,
YD_Google_376.png,augment_full,medium,True,121.38636016845703,data/processed/fog_augmented/YD_Google_376_medium.png
YD_Google_376.png,augment_full,high,True,139.70298767089844,data/processed/fog_augmented/YD_Google_376_high.png
YD_Google_447.png,augment_medium,medium,True,143.1079559326172,data/processed/fog_augmented/YD_Google_447_medium.png
YSM_Bing_204.png,no_augment,,,,
YSM_Bing_239.png,augment_medium,medium,True,154.962890625,data/processed/fog_augmented/YSM_Bing_239_medium.png
YSM_Bing_478.png,augment_full,low,False,,
YSM_Bing_478.png,augment_full,medium,True,126.51859283447266,data/processed/fog_augmented/YSM_Bing_478_medium.png
YSM_Bing_478.png,augment_full,high,True,153.22511291503906,data/processed/fog_augmented/YSM_Bing_478_high.png
YSM_Google_146.png,no_augment,,,,
YSM_Google_149.png,no_augment,,,,
YSM_Google_405.png,augment_full,low,False,,
YSM_Google_405.png,augment_full,medium,True,126.46239471435547,data/processed/fog_augmented/YSM_Google_405_medium.png
YSM_Google_405.png,augment_full,high,True,141.21780395507812,data/processed/fog_augmented/YSM_Google_405_high.png
YSM_Google_515.png,augment_full,low,False,,
YSM_Google_515.png,augment_full,medium,True,122.220703125,data/processed/fog_augmented/YSM_Google_515_medium.png
YSM_Google_515.png,augment_full,high,True,153.59796142578125,data/processed/fog_augmented/YSM_Google_515_high.png
YSM_Google_54.png,no_augment,,,,
YSM_Google_543.png,augment_full,low,True,97.12293243408203,data/processed/fog_augmented/YSM_Google_543_low.png
YSM_Google_543.png,augment_full,medium,False,,
YSM_Google_543.png,augment_full,high,False,,
YSM_Google_553.png,augment_medium,medium,True,152.4998321533203,data/processed/fog_augmented/YSM_Google_553_medium.png
YSM_Google_602.png,no_augment,,,,
YSM_Google_639.png,augment_full,low,True,96.99451446533203,data/processed/fog_augmented/YSM_Google_639_low.png
YSM_Google_639.png,augment_full,medium,True,125.65946197509766,data/processed/fog_augmented/YSM_Google_639_medium.png
YSM_Google_639.png,augment_full,high,True,129.00010681152344,data/processed/fog_augmented/YSM_Google_639_high.png
YSM_Google_665.png,augment_full,low,False,,
YSM_Google_665.png,augment_full,medium,True,110.13851165771484,data/processed/fog_augmented/YSM_Google_665_medium.png
YSM_Google_665.png,augment_full,high,False,,
YSM_Google_743.png,augment_medium,medium,True,147.5620574951172,data/processed/fog_augmented/YSM_Google_743_medium.png
YST_Bing_105.png,augment_full,low,True,97.12462615966797,data/processed/fog_augmented/YST_Bing_105_low.png
YST_Bing_105.png,augment_full,medium,False,,
YST_Bing_105.png,augment_full,high,False,,
YST_Bing_667.png,augment_full,low,False,,
YST_Bing_667.png,augment_full,medium,True,126.76473236083984,data/processed/fog_augmented/YST_Bing_667_medium.png
YST_Bing_667.png,augment_full,high,True,141.94537353515625,data/processed/fog_augmented/YST_Bing_667_high.png
YST_Bing_753.png,augment_full,low,True,99.80094146728516,data/processed/fog_augmented/YST_Bing_753_low.png
YST_Bing_753.png,augment_full,medium,True,126.87757873535156,data/processed/fog_augmented/YST_Bing_753_medium.png
YST_Bing_753.png,augment_full,high,True,132.7226104736328,data/processed/fog_augmented/YST_Bing_753_high.png
YST_Bing_775.png,augment_medium,medium,True,148.7425537109375,data/processed/fog_augmented/YST_Bing_775_medium.png
YST_Google_245.png,no_augment,,,,
YST_Google_810.png,augment_full,low,True,93.45265197753906,data/processed/fog_augmented/YST_Google_810_low.png
YST_Google_810.png,augment_full,medium,True,110.49038696289062,data/processed/fog_augmented/YST_Google_810_medium.png
YST_Google_810.png,augment_full,high,True,135.8462371826172,data/processed/fog_augmented/YST_Google_810_high.png
YST_Google_891.png,augment_full,low,True,101.00434112548828,data/processed/fog_augmented/YST_Google_891_low.png
YST_Google_891.png,augment_full,medium,True,125.51551818847656,data/processed/fog_augmented/YST_Google_891_medium.png
YST_Google_891.png,augment_full,high,True,141.33741760253906,data/processed/fog_augmented/YST_Google_891_high.png
YT_Baidu_062.png,augment_full,low,True,99.39794921875,data/processed/fog_augmented/YT_Baidu_062_low.png
YT_Baidu_062.png,augment_full,medium,True,125.7288589477539,data/processed/fog_augmented/YT_Baidu_062_medium.png
YT_Baidu_062.png,augment_full,high,True,130.20040893554688,data/processed/fog_augmented/YT_Baidu_062_high.png
YT_Baidu_135.png,augment_full,low,True,101.70486450195312,data/processed/fog_augmented/YT_Baidu_135_low.png
YT_Baidu_135.png,augment_full,medium,True,124.15642547607422,data/processed/fog_augmented/YT_Baidu_135_medium.png
YT_Baidu_135.png,augment_full,high,False,,
YT_Bing_014.png,no_augment,,,,
YT_Bing_065.png,augment_full,low,True,100.16677856445312,data/processed/fog_augmented/YT_Bing_065_low.png
YT_Bing_065.png,augment_full,medium,True,123.9781494140625,data/processed/fog_augmented/YT_Bing_065_medium.png
YT_Bing_065.png,augment_full,high,False,,
YT_Bing_097.png,no_augment,,,,
YT_Bing_115.png,augment_medium,medium,True,145.307861328125,data/processed/fog_augmented/YT_Bing_115_medium.png
YT_Bing_194.png,augment_full,low,False,,
YT_Bing_194.png,augment_full,medium,True,126.69834899902344,data/processed/fog_augmented/YT_Bing_194_medium.png
YT_Bing_194.png,augment_full,high,True,135.15911865234375,data/processed/fog_augmented/YT_Bing_194_high.png
YT_Bing_195.png,augment_full,low,True,99.30612182617188,data/processed/fog_augmented/YT_Bing_195_low.png
YT_Bing_195.png,augment_full,medium,True,124.01018524169922,data/processed/fog_augmented/YT_Bing_195_medium.png
YT_Bing_195.png,augment_full,high,False,,
YT_Bing_43.png,no_augment,,,,
YT_Bing_547.png,augment_medium,medium,True,149.21395874023438,data/processed/fog_augmented/YT_Bing_547_medium.png
YT_Bing_586.png,augment_medium,medium,True,152.48321533203125,data/processed/fog_augmented/YT_Bing_586_medium.png
YT_Bing_665.png,augment_medium,medium,True,143.94186401367188,data/processed/fog_augmented/YT_Bing_665_medium.png
YT_Bing_691.png,augment_medium,medium,True,146.32806396484375,data/processed/fog_augmented/YT_Bing_691_medium.png
YT_Bing_726.png,augment_medium,medium,True,147.6998748779297,data/processed/fog_augmented/YT_Bing_726_medium.png
YT_Bing_739.png,no_augment,,,,
YT_Google_043.png,no_augment,,,,
YT_Google_057.png,no_augment,,,,
YT_Google_101.png,no_augment,,,,
YT_Google_296.png,augment_full,low,True,102.04338836669922,data/processed/fog_augmented/YT_Google_296_low.png
YT_Google_296.png,augment_full,medium,True,127.7991943359375,data/processed/fog_augmented/YT_Google_296_medium.png
YT_Google_296.png,augment_full,high,True,133.15292358398438,data/processed/fog_augmented/YT_Google_296_high.png
YT_Google_298.png,augment_full,low,True,102.43903350830078,data/processed/fog_augmented/YT_Google_298_low.png
YT_Google_298.png,augment_full,medium,True,126.9611587524414,data/processed/fog_augmented/YT_Google_298_medium.png
YT_Google_298.png,augment_full,high,True,134.255126953125,data/processed/fog_augmented/YT_Google_298_high.png
YT_Google_881.png,no_augment,,,,
YT_Google_917.png,augment_full,low,True,98.20929718017578,data/processed/fog_augmented/YT_Google_917_low.png
YT_Google_917.png,augment_full,medium,True,123.95601654052734,data/processed/fog_augmented/YT_Google_917_medium.png
YT_Google_917.png,augment_full,high,True,135.93374633789062,data/processed/fog_augmented/YT_Google_917_high.png
hv10_1.png,augment_full,low,True,96.98377227783203,data/processed/fog_augmented/hv10_1_low.png
hv10_1.png,augment_full,medium,False,,
hv10_1.png,augment_full,high,False,,
hv10_122.png,augment_full,low,True,100.51705169677734,data/processed/fog_augmented/hv10_122_low.png
hv10_122.png,augment_full,medium,False,,
hv10_122.png,augment_full,high,False,,
hv10_193.png,augment_full,low,True,99.87811279296875,data/processed/fog_augmented/hv10_193_low.png
hv10_193.png,augment_full,medium,False,,
hv10_193.png,augment_full,high,False,,
hv10_34.png,augment_full,low,True,102.45812225341797,data/processed/fog_augmented/hv10_34_low.png
hv10_34.png,augment_full,medium,True,103.71163177490234,data/processed/fog_augmented/hv10_34_medium.png
hv10_34.png,augment_full,high,False,,
hv10_526.png,augment_full,low,True,88.75458526611328,data/processed/fog_augmented/hv10_526_low.png
hv10_526.png,augment_full,medium,False,,
hv10_526.png,augment_full,high,False,,
hv10_718.png,augment_full,low,True,97.90343475341797,data/processed/fog_augmented/hv10_718_low.png
hv10_718.png,augment_full,medium,False,,
hv10_718.png,augment_full,high,False,,
hv10_9.png,augment_full,low,True,102.181884765625,data/processed/fog_augmented/hv10_9_low.png
hv10_9.png,augment_full,medium,True,104.95954895019531,data/processed/fog_augmented/hv10_9_medium.png
hv10_9.png,augment_full,high,False,,
hv11_1.png,augment_full,low,True,102.29568481445312,data/processed/fog_augmented/hv11_1_low.png
hv11_1.png,augment_full,medium,True,111.99394226074219,data/processed/fog_augmented/hv11_1_medium.png
hv11_1.png,augment_full,high,False,,
hv11_114.png,no_augment,,,,
hv11_193.png,no_augment,,,,
hv11_204.png,no_augment,,,,
hv11_206.png,no_augment,,,,
hv11_266.png,no_augment,,,,
hv11_270.png,no_augment,,,,
hv11_286.png,no_augment,,,,
hv11_315.png,augment_medium,medium,True,143.24978637695312,data/processed/fog_augmented/hv11_315_medium.png
hv11_354.png,augment_medium,medium,True,127.6675033569336,data/processed/fog_augmented/hv11_354_medium.png
hv11_397.png,augment_medium,medium,True,132.54916381835938,data/processed/fog_augmented/hv11_397_medium.png
hv11_406.png,augment_medium,medium,True,134.84934997558594,data/processed/fog_augmented/hv11_406_medium.png
hv11_42.png,no_augment,,,,
hv11_435.png,augment_medium,medium,True,133.1475372314453,data/processed/fog_augmented/hv11_435_medium.png
hv11_442.png,augment_medium,medium,True,133.40065002441406,data/processed/fog_augmented/hv11_442_medium.png
hv11_475.png,augment_medium,medium,True,140.67884826660156,data/processed/fog_augmented/hv11_475_medium.png
hv11_498.png,augment_medium,medium,True,142.736572265625,data/processed/fog_augmented/hv11_498_medium.png
hv11_528.png,augment_medium,medium,True,140.6767120361328,data/processed/fog_augmented/hv11_528_medium.png
hv11_529.png,augment_medium,medium,True,137.33213806152344,data/processed/fog_augmented/hv11_529_medium.png
hv11_542.png,augment_medium,medium,True,129.125732421875,data/processed/fog_augmented/hv11_542_medium.png
hv11_549.png,augment_medium,medium,True,143.16079711914062,data/processed/fog_augmented/hv11_549_medium.png
hv11_558.png,augment_medium,medium,True,136.31466674804688,data/processed/fog_augmented/hv11_558_medium.png
hv11_562.png,augment_medium,medium,True,141.2864990234375,data/processed/fog_augmented/hv11_562_medium.png
hv11_643.png,augment_medium,medium,True,143.58621215820312,data/processed/fog_augmented/hv11_643_medium.png
hv11_655.png,augment_medium,medium,True,133.24449157714844,data/processed/fog_augmented/hv11_655_medium.png
hv11_674.png,augment_medium,medium,True,131.87948608398438,data/processed/fog_augmented/hv11_674_medium.png
hv11_78.png,no_augment,,,,
hv11_86.png,augment_medium,medium,True,138.09141540527344,data/processed/fog_augmented/hv11_86_medium.png
hv11_97.png,no_augment,,,,
hv12_1042.png,augment_full,low,True,100.74779510498047,data/processed/fog_augmented/hv12_1042_low.png
hv12_1042.png,augment_full,medium,True,107.72602081298828,data/processed/fog_augmented/hv12_1042_medium.png
hv12_1042.png,augment_full,high,False,,
hv12_1213.png,augment_full,low,True,95.65838623046875,data/processed/fog_augmented/hv12_1213_low.png
hv12_1213.png,augment_full,medium,False,,
hv12_1213.png,augment_full,high,False,,
hv12_1329.png,augment_full,low,True,100.19212341308594,data/processed/fog_augmented/hv12_1329_low.png
hv12_1329.png,augment_full,medium,True,117.47638702392578,data/processed/fog_augmented/hv12_1329_medium.png
hv12_1329.png,augment_full,high,False,,
hv12_1357.png,augment_full,low,True,102.52607727050781,data/processed/fog_augmented/hv12_1357_low.png
hv12_1357.png,augment_full,medium,False,,
hv12_1357.png,augment_full,high,False,,
hv12_1434.png,augment_full,low,True,101.10484313964844,data/processed/fog_augmented/hv12_1434_low.png
hv12_1434.png,augment_full,medium,True,121.52334594726562,data/processed/fog_augmented/hv12_1434_medium.png
hv12_1434.png,augment_full,high,False,,
hv12_1482.png,augment_full,low,True,102.68903350830078,data/processed/fog_augmented/hv12_1482_low.png
hv12_1482.png,augment_full,medium,True,113.98149871826172,data/processed/fog_augmented/hv12_1482_medium.png
hv12_1482.png,augment_full,high,False,,
hv12_171.png,augment_full,low,True,98.25910949707031,data/processed/fog_augmented/hv12_171_low.png
hv12_171.png,augment_full,medium,True,109.00997924804688,data/processed/fog_augmented/hv12_171_medium.png
hv12_171.png,augment_full,high,False,,
hv12_1774.png,augment_full,low,True,92.9320297241211,data/processed/fog_augmented/hv12_1774_low.png
hv12_1774.png,augment_full,medium,False,,
hv12_1774.png,augment_full,high,False,,
hv12_1848.png,augment_full,low,True,96.65879821777344,data/processed/fog_augmented/hv12_1848_low.png
hv12_1848.png,augment_full,medium,False,,
hv12_1848.png,augment_full,high,False,,
hv12_1862.png,augment_full,low,True,91.80888366699219,data/processed/fog_augmented/hv12_1862_low.png
hv12_1862.png,augment_full,medium,False,,
hv12_1862.png,augment_full,high,False,,
hv12_188.png,augment_full,low,True,98.97206115722656,data/processed/fog_augmented/hv12_188_low.png
hv12_188.png,augment_full,medium,True,114.12566375732422,data/processed/fog_augmented/hv12_188_medium.png
hv12_188.png,augment_full,high,False,,
hv12_1884.png,augment_full,low,True,92.96446228027344,data/processed/fog_augmented/hv12_1884_low.png
hv12_1884.png,augment_full,medium,False,,
hv12_1884.png,augment_full,high,False,,
hv12_189.png,augment_full,low,True,100.27351379394531,data/processed/fog_augmented/hv12_189_low.png
hv12_189.png,augment_full,medium,True,111.84275817871094,data/processed/fog_augmented/hv12_189_medium.png
hv12_189.png,augment_full,high,False,,
hv12_1897.png,augment_full,low,True,91.14838409423828,data/processed/fog_augmented/hv12_1897_low.png
hv12_1897.png,augment_full,medium,False,,
hv12_1897.png,augment_full,high,False,,
hv12_2022.png,augment_full,low,True,88.70138549804688,data/processed/fog_augmented/hv12_2022_low.png
hv12_2022.png,augment_full,medium,False,,
hv12_2022.png,augment_full,high,False,,
hv12_2043.png,augment_full,low,True,88.20159149169922,data/processed/fog_augmented/hv12_2043_low.png
hv12_2043.png,augment_full,medium,False,,
hv12_2043.png,augment_full,high,False,,
hv12_2077.png,augment_full,low,True,99.14508819580078,data/processed/fog_augmented/hv12_2077_low.png
hv12_2077.png,augment_full,medium,False,,
hv12_2077.png,augment_full,high,False,,
hv12_2152.png,augment_full,low,True,99.88029479980469,data/processed/fog_augmented/hv12_2152_low.png
hv12_2152.png,augment_full,medium,True,105.15808868408203,data/processed/fog_augmented/hv12_2152_medium.png
hv12_2152.png,augment_full,high,False,,
hv12_2202.png,augment_full,low,True,89.40311431884766,data/processed/fog_augmented/hv12_2202_low.png
hv12_2202.png,augment_full,medium,False,,
hv12_2202.png,augment_full,high,False,,
hv12_2247.png,augment_full,low,True,99.99581909179688,data/processed/fog_augmented/hv12_2247_low.png
hv12_2247.png,augment_full,medium,True,103.78766632080078,data/processed/fog_augmented/hv12_2247_medium.png
hv12_2247.png,augment_full,high,False,,
hv12_237.png,augment_full,low,True,102.63870239257812,data/processed/fog_augmented/hv12_237_low.png
hv12_237.png,augment_full,medium,True,115.15530395507812,data/processed/fog_augmented/hv12_237_medium.png
hv12_237.png,augment_full,high,False,,
hv12_267.png,augment_full,low,True,100.61093139648438,data/processed/fog_augmented/hv12_267_low.png
hv12_267.png,augment_full,medium,True,109.43189239501953,data/processed/fog_augmented/hv12_267_medium.png
hv12_267.png,augment_full,high,False,,
hv12_27.png,augment_full,low,True,101.11614227294922,data/processed/fog_augmented/hv12_27_low.png
hv12_27.png,augment_full,medium,True,111.84031677246094,data/processed/fog_augmented/hv12_27_medium.png
hv12_27.png,augment_full,high,False,,
hv12_286.png,augment_full,low,True,100.63347625732422,data/processed/fog_augmented/hv12_286_low.png
hv12_286.png,augment_full,medium,True,106.02518463134766,data/processed/fog_augmented/hv12_286_medium.png
hv12_286.png,augment_full,high,False,,
hv12_344.png,augment_medium,medium,True,126.67864990234375,data/processed/fog_augmented/hv12_344_medium.png
hv12_382.png,augment_full,low,True,99.24172973632812,data/processed/fog_augmented/hv12_382_low.png
hv12_382.png,augment_full,medium,True,113.15142822265625,data/processed/fog_augmented/hv12_382_medium.png
hv12_382.png,augment_full,high,False,,
hv12_404.png,augment_full,low,True,99.70939636230469,data/processed/fog_augmented/hv12_404_low.png
hv12_404.png,augment_full,medium,True,107.46174621582031,data/processed/fog_augmented/hv12_404_medium.png
hv12_404.png,augment_full,high,False,,
hv12_426.png,augment_full,low,True,102.01446533203125,data/processed/fog_augmented/hv12_426_low.png
hv12_426.png,augment_full,medium,True,109.44163513183594,data/processed/fog_augmented/hv12_426_medium.png
hv12_426.png,augment_full,high,False,,
hv12_549.png,augment_full,low,True,97.50182342529297,data/processed/fog_augmented/hv12_549_low.png
hv12_549.png,augment_full,medium,False,,
hv12_549.png,augment_full,high,False,,
hv12_678.png,augment_full,low,True,95.48472595214844,data/processed/fog_augmented/hv12_678_low.png
hv12_678.png,augment_full,medium,True,106.96709442138672,data/processed/fog_augmented/hv12_678_medium.png
hv12_678.png,augment_full,high,False,,
hv12_68.png,augment_full,low,True,91.48371124267578,data/processed/fog_augmented/hv12_68_low.png
hv12_68.png,augment_full,medium,False,,
hv12_68.png,augment_full,high,False,,
hv12_693.png,augment_full,low,True,102.49602508544922,data/processed/fog_augmented/hv12_693_low.png
hv12_693.png,augment_full,medium,True,119.67068481445312,data/processed/fog_augmented/hv12_693_medium.png
hv12_693.png,augment_full,high,False,,
hv12_721.png,augment_full,low,True,102.28515625,data/processed/fog_augmented/hv12_721_low.png
hv12_721.png,augment_full,medium,True,124.16300964355469,data/processed/fog_augmented/hv12_721_medium.png
hv12_721.png,augment_full,high,False,,
hv12_759.png,augment_full,low,True,101.69087219238281,data/processed/fog_augmented/hv12_759_low.png
hv12_759.png,augment_full,medium,True,114.30555725097656,data/processed/fog_augmented/hv12_759_medium.png
hv12_759.png,augment_full,high,False,,
hv14_105.png,augment_medium,medium,True,143.7984161376953,data/processed/fog_augmented/hv14_105_medium.png
hv14_129.png,augment_full,low,False,,
hv14_129.png,augment_full,medium,True,124.53984069824219,data/processed/fog_augmented/hv14_129_medium.png
hv14_129.png,augment_full,high,True,133.53018188476562,data/processed/fog_augmented/hv14_129_high.png
hv14_133.png,augment_full,low,True,101.58666229248047,data/processed/fog_augmented/hv14_133_low.png
hv14_133.png,augment_full,medium,True,111.21915435791016,data/processed/fog_augmented/hv14_133_medium.png
hv14_133.png,augment_full,high,False,,
hv14_136.png,augment_full,low,True,100.87164306640625,data/processed/fog_augmented/hv14_136_low.png
hv14_136.png,augment_full,medium,True,113.13101196289062,data/processed/fog_augmented/hv14_136_medium.png
hv14_136.png,augment_full,high,False,,
hv14_139.png,augment_medium,medium,True,134.4810791015625,data/processed/fog_augmented/hv14_139_medium.png
hv14_140.png,augment_medium,medium,True,136.36331176757812,data/processed/fog_augmented/hv14_140_medium.png
hv14_148.png,augment_medium,medium,True,146.58139038085938,data/processed/fog_augmented/hv14_148_medium.png
hv14_169.png,augment_full,low,False,,
hv14_169.png,augment_full,medium,True,127.7791976928711,data/processed/fog_augmented/hv14_169_medium.png
hv14_169.png,augment_full,high,True,128.04519653320312,data/processed/fog_augmented/hv14_169_high.png
hv14_170.png,augment_medium,medium,True,134.3449249267578,data/processed/fog_augmented/hv14_170_medium.png
hv14_21.png,augment_medium,medium,True,136.36061096191406,data/processed/fog_augmented/hv14_21_medium.png
hv14_22.png,no_augment,,,,
hv14_30.png,augment_medium,medium,True,143.5203399658203,data/processed/fog_augmented/hv14_30_medium.png
hv14_42.png,augment_medium,medium,True,137.99990844726562,data/processed/fog_augmented/hv14_42_medium.png
hv14_43.png,augment_full,low,False,,
hv14_43.png,augment_full,medium,True,123.98574829101562,data/processed/fog_augmented/hv14_43_medium.png
hv14_43.png,augment_full,high,True,128.33282470703125,data/processed/fog_augmented/hv14_43_high.png
hv14_49.png,augment_medium,medium,True,132.22715759277344,data/processed/fog_augmented/hv14_49_medium.png
hv14_55.png,augment_medium,medium,True,145.7195281982422,data/processed/fog_augmented/hv14_55_medium.png
hv14_56.png,augment_medium,medium,True,138.574462890625,data/processed/fog_augmented/hv14_56_medium.png
hv14_64.png,augment_medium,medium,True,139.78514099121094,data/processed/fog_augmented/hv14_64_medium.png
hv15_.png,augment_medium,medium,True,136.6686553955078,data/processed/fog_augmented/hv15__medium.png
hv15_1.png,augment_medium,medium,True,143.1357421875,data/processed/fog_augmented/hv15_1_medium.png
hv15_11.png,no_augment,,,,
hv15_111.png,augment_medium,medium,True,142.35328674316406,data/processed/fog_augmented/hv15_111_medium.png
hv15_117.png,augment_medium,medium,True,135.00985717773438,data/processed/fog_augmented/hv15_117_medium.png
hv15_15.png,augment_medium,medium,True,139.81138610839844,data/processed/fog_augmented/hv15_15_medium.png
hv15_17.png,augment_full,low,False,,
hv15_17.png,augment_full,medium,True,126.20903015136719,data/processed/fog_augmented/hv15_17_medium.png
hv15_17.png,augment_full,high,False,,
hv15_2.png,augment_medium,medium,True,140.50294494628906,data/processed/fog_augmented/hv15_2_medium.png
hv15_21.png,augment_medium,medium,True,137.29702758789062,data/processed/fog_augmented/hv15_21_medium.png
hv15_23.png,no_augment,,,,
hv15_28.png,augment_medium,medium,True,147.6917266845703,data/processed/fog_augmented/hv15_28_medium.png
hv15_29.png,augment_medium,medium,True,128.807373046875,data/processed/fog_augmented/hv15_29_medium.png
hv15_3.png,augment_medium,medium,True,140.6320343017578,data/processed/fog_augmented/hv15_3_medium.png
hv15_41.png,augment_medium,medium,True,139.92987060546875,data/processed/fog_augmented/hv15_41_medium.png
hv15_47.png,no_augment,,,,
hv15_49.png,no_augment,,,,
hv15_54.png,augment_medium,medium,True,142.20254516601562,data/processed/fog_augmented/hv15_54_medium.png
hv15_6.png,augment_medium,medium,True,129.14511108398438,data/processed/fog_augmented/hv15_6_medium.png
hv15_60.png,no_augment,,,,
hv15_69.png,augment_medium,medium,True,139.64950561523438,data/processed/fog_augmented/hv15_69_medium.png
hv15_73.png,no_augment,,,,
hv15_81.png,augment_medium,medium,True,145.6378631591797,data/processed/fog_augmented/hv15_81_medium.png
hv15_86.png,augment_medium,medium,True,140.862060546875,data/processed/fog_augmented/hv15_86_medium.png
hv15_90.png,augment_medium,medium,True,137.37721252441406,data/processed/fog_augmented/hv15_90_medium.png
hv16_108.png,augment_medium,medium,True,154.09999084472656,data/processed/fog_augmented/hv16_108_medium.png
hv16_117.png,no_augment,,,,
hv16_127.png,no_augment,,,,
hv16_241.png,augment_medium,medium,True,146.8545684814453,data/processed/fog_augmented/hv16_241_medium.png
hv16_411.png,augment_full,low,True,98.92908477783203,data/processed/fog_augmented/hv16_411_low.png
hv16_411.png,augment_full,medium,False,,
hv16_411.png,augment_full,high,False,,
hv16_416.png,augment_full,low,True,93.85559844970703,data/processed/fog_augmented/hv16_416_low.png
hv16_416.png,augment_full,medium,False,,
hv16_416.png,augment_full,high,False,,
hv16_75.png,augment_medium,medium,True,150.83816528320312,data/processed/fog_augmented/hv16_75_medium.png
hv17_1.png,augment_medium,medium,True,134.4251708984375,data/processed/fog_augmented/hv17_1_medium.png
hv17_10.png,augment_medium,medium,True,139.6077117919922,data/processed/fog_augmented/hv17_10_medium.png
hv17_11.png,augment_medium,medium,True,137.07110595703125,data/processed/fog_augmented/hv17_11_medium.png
hv17_12.png,augment_medium,medium,True,134.11825561523438,data/processed/fog_augmented/hv17_12_medium.png
hv17_22.png,augment_medium,medium,True,134.37767028808594,data/processed/fog_augmented/hv17_22_medium.png
hv17_24.png,augment_medium,medium,True,133.2418975830078,data/processed/fog_augmented/hv17_24_medium.png
hv17_29.png,augment_medium,medium,True,132.0808563232422,data/processed/fog_augmented/hv17_29_medium.png
hv17_31.png,augment_full,low,False,,
hv17_31.png,augment_full,medium,True,126.60076904296875,data/processed/fog_augmented/hv17_31_medium.png
hv17_31.png,augment_full,high,False,,
hv17_32.png,augment_medium,medium,True,130.4097137451172,data/processed/fog_augmented/hv17_32_medium.png
hv17_33.png,augment_medium,medium,True,143.16383361816406,data/processed/fog_augmented/hv17_33_medium.png
hv17_38.png,no_augment,,,,
hv17_40.png,augment_medium,medium,True,147.45513916015625,data/processed/fog_augmented/hv17_40_medium.png
hv17_42.png,augment_medium,medium,True,147.22654724121094,data/processed/fog_augmented/hv17_42_medium.png
hv17_44.png,augment_medium,medium,True,148.84959411621094,data/processed/fog_augmented/hv17_44_medium.png
hv17_48.png,augment_full,low,True,102.25753021240234,data/processed/fog_augmented/hv17_48_low.png
hv17_48.png,augment_full,medium,True,118.73118591308594,data/processed/fog_augmented/hv17_48_medium.png
hv17_48.png,augment_full,high,False,,
hv17_59.png,augment_medium,medium,True,141.84588623046875,data/processed/fog_augmented/hv17_59_medium.png
hv17_6.png,augment_medium,medium,True,140.76815795898438,data/processed/fog_augmented/hv17_6_medium.png
hv17_7.png,augment_medium,medium,True,137.92538452148438,data/processed/fog_augmented/hv17_7_medium.png
hv17_70.png,augment_medium,medium,True,147.5991668701172,data/processed/fog_augmented/hv17_70_medium.png
hv17_71.png,augment_medium,medium,True,144.19390869140625,data/processed/fog_augmented/hv17_71_medium.png
hv17_72.png,augment_medium,medium,True,149.60484313964844,data/processed/fog_augmented/hv17_72_medium.png
hv18_9.png,no_augment,,,,
hv19_175.png,augment_full,low,True,96.60979461669922,data/processed/fog_augmented/hv19_175_low.png
hv19_175.png,augment_full,medium,True,120.45807647705078,data/processed/fog_augmented/hv19_175_medium.png
hv19_175.png,augment_full,high,True,138.19866943359375,data/processed/fog_augmented/hv19_175_high.png
hv19_225.png,augment_full,low,True,102.49913024902344,data/processed/fog_augmented/hv19_225_low.png
hv19_225.png,augment_full,medium,True,125.51192474365234,data/processed/fog_augmented/hv19_225_medium.png
hv19_225.png,augment_full,high,True,142.04249572753906,data/processed/fog_augmented/hv19_225_high.png
hv1_120.png,augment_full,low,True,98.50756072998047,data/processed/fog_augmented/hv1_120_low.png
hv1_120.png,augment_full,medium,True,114.81897735595703,data/processed/fog_augmented/hv1_120_medium.png
hv1_120.png,augment_full,high,False,,
hv1_158.png,augment_full,low,True,102.21049499511719,data/processed/fog_augmented/hv1_158_low.png
hv1_158.png,augment_full,medium,True,125.68623352050781,data/processed/fog_augmented/hv1_158_medium.png
hv1_158.png,augment_full,high,True,137.32925415039062,data/processed/fog_augmented/hv1_158_high.png
hv1_54.png,augment_medium,medium,True,154.75003051757812,data/processed/fog_augmented/hv1_54_medium.png
hv1_61.png,augment_full,low,True,92.49761962890625,data/processed/fog_augmented/hv1_61_low.png
hv1_61.png,augment_full,medium,False,,
hv1_61.png,augment_full,high,False,,
hv1_72.png,augment_full,low,True,88.08062744140625,data/processed/fog_augmented/hv1_72_low.png
hv1_72.png,augment_full,medium,False,,
hv1_72.png,augment_full,high,False,,
hv1_78.png,augment_full,low,True,102.65370178222656,data/processed/fog_augmented/hv1_78_low.png
hv1_78.png,augment_full,medium,True,114.85546112060547,data/processed/fog_augmented/hv1_78_medium.png
hv1_78.png,augment_full,high,False,,
hv1_86.png,augment_full,low,True,102.7578353881836,data/processed/fog_augmented/hv1_86_low.png
hv1_86.png,augment_full,medium,True,122.55172729492188,data/processed/fog_augmented/hv1_86_medium.png
hv1_86.png,augment_full,high,True,132.5792999267578,data/processed/fog_augmented/hv1_86_high.png
hv1_9.png,augment_medium,medium,True,145.37013244628906,data/processed/fog_augmented/hv1_9_medium.png
hv1_93.png,augment_full,low,True,100.71704864501953,data/processed/fog_augmented/hv1_93_low.png
hv1_93.png,augment_full,medium,True,110.89791870117188,data/processed/fog_augmented/hv1_93_medium.png
hv1_93.png,augment_full,high,False,,
hv20_231.png,augment_medium,medium,True,145.41583251953125,data/processed/fog_augmented/hv20_231_medium.png
hv20_234.png,no_augment,,,,
hv20_369.png,augment_medium,medium,True,134.99143981933594,data/processed/fog_augmented/hv20_369_medium.png
hv20_440.png,augment_medium,medium,True,143.58958435058594,data/processed/fog_augmented/hv20_440_medium.png
hv20_572.png,augment_full,low,True,100.15691375732422,data/processed/fog_augmented/hv20_572_low.png
hv20_572.png,augment_full,medium,True,115.49275207519531,data/processed/fog_augmented/hv20_572_medium.png
hv20_572.png,augment_full,high,False,,
hv20_64.png,augment_medium,medium,True,134.13229370117188,data/processed/fog_augmented/hv20_64_medium.png
hv21_171.png,augment_medium,medium,True,134.87466430664062,data/processed/fog_augmented/hv21_171_medium.png
hv21_252.png,augment_medium,medium,True,135.67330932617188,data/processed/fog_augmented/hv21_252_medium.png
hv21_258.png,augment_medium,medium,True,131.40464782714844,data/processed/fog_augmented/hv21_258_medium.png
hv21_266.png,augment_medium,medium,True,129.49957275390625,data/processed/fog_augmented/hv21_266_medium.png
hv21_292.png,augment_medium,medium,True,132.0152587890625,data/processed/fog_augmented/hv21_292_medium.png
hv21_46.png,augment_medium,medium,True,138.37574768066406,data/processed/fog_augmented/hv21_46_medium.png
hv21_87.png,augment_medium,medium,True,135.56503295898438,data/processed/fog_augmented/hv21_87_medium.png
hv22_.png,augment_full,low,True,101.06452941894531,data/processed/fog_augmented/hv22__low.png
hv22_.png,augment_full,medium,True,114.80799102783203,data/processed/fog_augmented/hv22__medium.png
hv22_.png,augment_full,high,False,,
hv22_127.png,augment_medium,medium,True,134.8260498046875,data/processed/fog_augmented/hv22_127_medium.png
hv22_28.png,augment_full,low,True,101.02928924560547,data/processed/fog_augmented/hv22_28_low.png
hv22_28.png,augment_full,medium,True,113.41755676269531,data/processed/fog_augmented/hv22_28_medium.png
hv22_28.png,augment_full,high,False,,
hv22_31.png,augment_full,low,True,102.61299133300781,data/processed/fog_augmented/hv22_31_low.png
hv22_31.png,augment_full,medium,True,106.27919006347656,data/processed/fog_augmented/hv22_31_medium.png
hv22_31.png,augment_full,high,False,,
hv22_43.png,augment_full,low,True,102.22045135498047,data/processed/fog_augmented/hv22_43_low.png
hv22_43.png,augment_full,medium,True,110.5915298461914,data/processed/fog_augmented/hv22_43_medium.png
hv22_43.png,augment_full,high,False,,
hv22_92.png,augment_medium,medium,True,134.61415100097656,data/processed/fog_augmented/hv22_92_medium.png
hv23_160.png,augment_full,low,True,102.59742736816406,data/processed/fog_augmented/hv23_160_low.png
hv23_160.png,augment_full,medium,True,124.51876068115234,data/processed/fog_augmented/hv23_160_medium.png
hv23_160.png,augment_full,high,False,,
hv23_20.png,augment_medium,medium,True,122.9354476928711,data/processed/fog_augmented/hv23_20_medium.png
hv23_222.png,augment_full,low,True,102.60414123535156,data/processed/fog_augmented/hv23_222_low.png
hv23_222.png,augment_full,medium,True,122.8491439819336,data/processed/fog_augmented/hv23_222_medium.png
hv23_222.png,augment_full,high,False,,
hv23_34.png,augment_medium,medium,True,133.614013671875,data/processed/fog_augmented/hv23_34_medium.png
hv23_36.png,augment_medium,medium,True,139.01734924316406,data/processed/fog_augmented/hv23_36_medium.png
hv23_92.png,augment_full,low,True,101.42499542236328,data/processed/fog_augmented/hv23_92_low.png
hv23_92.png,augment_full,medium,True,121.01403045654297,data/processed/fog_augmented/hv23_92_medium.png
hv23_92.png,augment_full,high,False,,
hv24_.png,no_augment,,,,
hv24_116.png,augment_medium,medium,True,143.17825317382812,data/processed/fog_augmented/hv24_116_medium.png
hv24_139.png,augment_medium,medium,True,145.625732421875,data/processed/fog_augmented/hv24_139_medium.png
hv24_21.png,no_augment,,,,
hv24_28.png,no_augment,,,,
hv24_4.png,no_augment,,,,
hv24_93.png,no_augment,,,,
hv25_108.png,no_augment,,,,
hv25_116.png,augment_medium,medium,True,148.3538818359375,data/processed/fog_augmented/hv25_116_medium.png
hv25_117.png,no_augment,,,,
hv25_12.png,no_augment,,,,
hv25_121.png,no_augment,,,,
hv25_156.png,no_augment,,,,
hv25_162.png,augment_medium,medium,True,146.268798828125,data/processed/fog_augmented/hv25_162_medium.png
hv25_176.png,augment_medium,medium,True,143.94424438476562,data/processed/fog_augmented/hv25_176_medium.png
hv25_4.png,no_augment,,,,
hv25_6.png,no_augment,,,,
hv26_133.png,no_augment,,,,
hv26_224.png,augment_medium,medium,True,138.1769561767578,data/processed/fog_augmented/hv26_224_medium.png
hv26_291.png,augment_medium,medium,True,142.5294647216797,data/processed/fog_augmented/hv26_291_medium.png
hv26_466.png,no_augment,,,,
hv27_237.png,augment_medium,medium,True,135.8528594970703,data/processed/fog_augmented/hv27_237_medium.png
hv27_339.png,augment_medium,medium,True,131.7727508544922,data/processed/fog_augmented/hv27_339_medium.png
hv27_386.png,no_augment,,,,
hv27_387.png,augment_medium,medium,True,142.92684936523438,data/processed/fog_augmented/hv27_387_medium.png
hv27_75.png,augment_medium,medium,True,134.7001495361328,data/processed/fog_augmented/hv27_75_medium.png
hv27_88.png,augment_medium,medium,True,141.3904266357422,data/processed/fog_augmented/hv27_88_medium.png
hv28_.png,no_augment,,,,
hv28_133.png,no_augment,,,,
hv28_135.png,no_augment,,,,
hv28_157.png,no_augment,,,,
hv28_195.png,no_augment,,,,
hv28_198.png,no_augment,,,,
hv28_294.png,no_augment,,,,
hv28_3.png,no_augment,,,,
hv28_96.png,no_augment,,,,
hv29_.png,augment_full,low,True,102.55833435058594,data/processed/fog_augmented/hv29__low.png
hv29_.png,augment_full,medium,True,113.0075912475586,data/processed/fog_augmented/hv29__medium.png
hv29_.png,augment_full,high,False,,
hv29_103.png,augment_medium,medium,True,117.43998718261719,data/processed/fog_augmented/hv29_103_medium.png
hv29_115.png,augment_medium,medium,True,117.7479476928711,data/processed/fog_augmented/hv29_115_medium.png
hv29_128.png,augment_full,low,False,,
hv29_128.png,augment_full,medium,True,116.27281951904297,data/processed/fog_augmented/hv29_128_medium.png
hv29_128.png,augment_full,high,False,,
hv29_142.png,augment_medium,medium,True,116.8827896118164,data/processed/fog_augmented/hv29_142_medium.png
hv29_210.png,augment_medium,medium,True,117.52395629882812,data/processed/fog_augmented/hv29_210_medium.png
hv29_219.png,augment_medium,medium,True,120.87846374511719,data/processed/fog_augmented/hv29_219_medium.png
hv29_22.png,augment_full,low,True,102.72486114501953,data/processed/fog_augmented/hv29_22_low.png
hv29_22.png,augment_full,medium,True,112.73779296875,data/processed/fog_augmented/hv29_22_medium.png
hv29_22.png,augment_full,high,False,,
hv29_243.png,augment_medium,medium,True,117.54258728027344,data/processed/fog_augmented/hv29_243_medium.png
hv29_70.png,augment_full,low,False,,
hv29_70.png,augment_full,medium,True,114.54998016357422,data/processed/fog_augmented/hv29_70_medium.png
hv29_70.png,augment_full,high,False,,
hv29_82.png,augment_full,low,False,,
hv29_82.png,augment_full,medium,True,115.47376251220703,data/processed/fog_augmented/hv29_82_medium.png
hv29_82.png,augment_full,high,False,,
hv2_.png,augment_medium,medium,True,153.8509521484375,data/processed/fog_augmented/hv2__medium.png
hv2_10.png,augment_medium,medium,True,148.5300750732422,data/processed/fog_augmented/hv2_10_medium.png
hv2_16.png,augment_medium,medium,True,150.6455841064453,data/processed/fog_augmented/hv2_16_medium.png
hv2_28.png,augment_full,low,True,100.40274810791016,data/processed/fog_augmented/hv2_28_low.png
hv2_28.png,augment_full,medium,True,122.30531311035156,data/processed/fog_augmented/hv2_28_medium.png
hv2_28.png,augment_full,high,True,132.78424072265625,data/processed/fog_augmented/hv2_28_high.png
hv2_45.png,no_augment,,,,
hv2_49.png,no_augment,,,,
hv2_56.png,no_augment,,,,
hv30_110.png,no_augment,,,,
hv30_128.png,augment_medium,medium,True,153.841796875,data/processed/fog_augmented/hv30_128_medium.png
hv30_138.png,augment_medium,medium,True,152.60597229003906,data/processed/fog_augmented/hv30_138_medium.png
hv30_145.png,augment_medium,medium,True,155.428466796875,data/processed/fog_augmented/hv30_145_medium.png
hv30_148.png,no_augment,,,,
hv30_169.png,augment_medium,medium,True,148.16549682617188,data/processed/fog_augmented/hv30_169_medium.png
hv30_42.png,augment_medium,medium,True,155.66485595703125,data/processed/fog_augmented/hv30_42_medium.png
hv30_76.png,augment_medium,medium,True,151.53318786621094,data/processed/fog_augmented/hv30_76_medium.png
hv32_108.png,no_augment,,,,
hv32_126.png,no_augment,,,,
hv33_124.png,augment_full,low,True,66.90872955322266,data/processed/fog_augmented/hv33_124_low.png
hv33_124.png,augment_full,medium,False,,
hv33_124.png,augment_full,high,False,,
hv33_183.png,augment_full,low,True,79.56442260742188,data/processed/fog_augmented/hv33_183_low.png
hv33_183.png,augment_full,medium,False,,
hv33_183.png,augment_full,high,False,,
hv34_1033.png,augment_full,low,True,69.11268615722656,data/processed/fog_augmented/hv34_1033_low.png
hv34_1033.png,augment_full,medium,False,,
hv34_1033.png,augment_full,high,False,,
hv34_1270.png,augment_full,low,True,60.84065246582031,data/processed/fog_augmented/hv34_1270_low.png
hv34_1270.png,augment_full,medium,False,,
hv34_1270.png,augment_full,high,False,,
hv34_1778.png,augment_full,low,True,57.61201477050781,data/processed/fog_augmented/hv34_1778_low.png
hv34_1778.png,augment_full,medium,False,,
hv34_1778.png,augment_full,high,False,,
hv34_589.png,augment_full,low,True,53.15330123901367,data/processed/fog_augmented/hv34_589_low.png
hv34_589.png,augment_full,medium,False,,
hv34_589.png,augment_full,high,False,,
hv35_121.png,augment_medium,medium,True,138.2509765625,data/processed/fog_augmented/hv35_121_medium.png
hv35_133.png,augment_full,low,False,,
hv35_133.png,augment_full,medium,True,127.44242858886719,data/processed/fog_augmented/hv35_133_medium.png
hv35_133.png,augment_full,high,False,,
hv35_157.png,augment_medium,medium,True,145.99452209472656,data/processed/fog_augmented/hv35_157_medium.png
hv35_181.png,no_augment,,,,
hv35_24.png,augment_medium,medium,True,131.68649291992188,data/processed/fog_augmented/hv35_24_medium.png
hv35_282.png,augment_medium,medium,True,139.61505126953125,data/processed/fog_augmented/hv35_282_medium.png
hv35_290.png,augment_medium,medium,True,143.46507263183594,data/processed/fog_augmented/hv35_290_medium.png
hv35_292.png,augment_medium,medium,True,144.72549438476562,data/processed/fog_augmented/hv35_292_medium.png
hv35_327.png,augment_medium,medium,True,132.21859741210938,data/processed/fog_augmented/hv35_327_medium.png
hv35_340.png,augment_medium,medium,True,130.70230102539062,data/processed/fog_augmented/hv35_340_medium.png
hv35_345.png,augment_full,low,False,,
hv35_345.png,augment_full,medium,True,127.2680892944336,data/processed/fog_augmented/hv35_345_medium.png
hv35_345.png,augment_full,high,False,,
hv35_352.png,augment_medium,medium,True,133.8328399658203,data/processed/fog_augmented/hv35_352_medium.png
hv35_38.png,augment_medium,medium,True,141.82241821289062,data/processed/fog_augmented/hv35_38_medium.png
hv35_433.png,augment_medium,medium,True,133.8657684326172,data/processed/fog_augmented/hv35_433_medium.png
hv35_436.png,augment_medium,medium,True,132.41465759277344,data/processed/fog_augmented/hv35_436_medium.png
hv35_474.png,augment_medium,medium,True,128.1953582763672,data/processed/fog_augmented/hv35_474_medium.png
hv35_496.png,augment_medium,medium,True,127.94532775878906,data/processed/fog_augmented/hv35_496_medium.png
hv35_51.png,augment_medium,medium,True,139.73385620117188,data/processed/fog_augmented/hv35_51_medium.png
hv35_519.png,augment_medium,medium,True,132.49205017089844,data/processed/fog_augmented/hv35_519_medium.png
hv35_560.png,augment_medium,medium,True,133.19387817382812,data/processed/fog_augmented/hv35_560_medium.png
hv35_60.png,augment_medium,medium,True,140.1680450439453,data/processed/fog_augmented/hv35_60_medium.png
hv35_849.png,augment_medium,medium,True,129.10560607910156,data/processed/fog_augmented/hv35_849_medium.png
hv36_216.png,no_augment,,,,
hv36_219.png,no_augment,,,,
hv36_304.png,no_augment,,,,
hv36_306.png,no_augment,,,,
hv36_379.png,no_augment,,,,
hv36_510.png,no_augment,,,,
hv36_601.png,augment_medium,medium,True,146.19451904296875,data/processed/fog_augmented/hv36_601_medium.png
hv36_615.png,augment_medium,medium,True,146.21168518066406,data/processed/fog_augmented/hv36_615_medium.png
hv36_630.png,augment_medium,medium,True,138.489013671875,data/processed/fog_augmented/hv36_630_medium.png
hv36_639.png,augment_full,low,True,100.8583755493164,data/processed/fog_augmented/hv36_639_low.png
hv36_639.png,augment_full,medium,True,120.8684310913086,data/processed/fog_augmented/hv36_639_medium.png
hv36_639.png,augment_full,high,False,,
hv36_652.png,augment_full,low,True,99.79942321777344,data/processed/fog_augmented/hv36_652_low.png
hv36_652.png,augment_full,medium,True,116.69087219238281,data/processed/fog_augmented/hv36_652_medium.png
hv36_652.png,augment_full,high,False,,
hv36_670.png,augment_medium,medium,True,138.4805908203125,data/processed/fog_augmented/hv36_670_medium.png
hv36_675.png,augment_medium,medium,True,136.06263732910156,data/processed/fog_augmented/hv36_675_medium.png
hv36_68.png,augment_medium,medium,True,148.47413635253906,data/processed/fog_augmented/hv36_68_medium.png
hv36_87.png,no_augment,,,,
hv36_92.png,no_augment,,,,
hv37_1022.png,no_augment,,,,
hv37_1076.png,no_augment,,,,
hv37_1088.png,no_augment,,,,
hv37_1095.png,no_augment,,,,
hv37_1107.png,no_augment,,,,
hv37_1136.png,no_augment,,,,
hv37_115.png,no_augment,,,,
hv37_1165.png,no_augment,,,,
hv37_1200.png,no_augment,,,,
hv37_1222.png,no_augment,,,,
hv37_1246.png,no_augment,,,,
hv37_1260.png,augment_medium,medium,True,142.974609375,data/processed/fog_augmented/hv37_1260_medium.png
hv37_1275.png,no_augment,,,,
hv37_1294.png,augment_medium,medium,True,142.74978637695312,data/processed/fog_augmented/hv37_1294_medium.png
hv37_1300.png,no_augment,,,,
hv37_1317.png,no_augment,,,,
hv37_1386.png,no_augment,,,,
hv37_1452.png,no_augment,,,,
hv37_1465.png,no_augment,,,,
hv37_1479.png,no_augment,,,,
hv37_1626.png,augment_full,low,True,100.24108123779297,data/processed/fog_augmented/hv37_1626_low.png
hv37_1626.png,augment_full,medium,True,111.82567596435547,data/processed/fog_augmented/hv37_1626_medium.png
hv37_1626.png,augment_full,high,False,,
hv37_1642.png,augment_full,low,True,102.4324951171875,data/processed/fog_augmented/hv37_1642_low.png
hv37_1642.png,augment_full,medium,True,116.17799377441406,data/processed/fog_augmented/hv37_1642_medium.png
hv37_1642.png,augment_full,high,False,,
hv37_1735.png,augment_full,low,True,97.72654724121094,data/processed/fog_augmented/hv37_1735_low.png
hv37_1735.png,augment_full,medium,True,110.2139892578125,data/processed/fog_augmented/hv37_1735_medium.png
hv37_1735.png,augment_full,high,False,,
hv37_1812.png,augment_medium,medium,True,144.5845947265625,data/processed/fog_augmented/hv37_1812_medium.png
hv37_1862.png,augment_full,low,False,,
hv37_1862.png,augment_full,medium,True,124.91481018066406,data/processed/fog_augmented/hv37_1862_medium.png
hv37_1862.png,augment_full,high,False,,
hv37_1969.png,augment_full,low,True,101.5125503540039,data/processed/fog_augmented/hv37_1969_low.png
hv37_1969.png,augment_full,medium,True,120.06446838378906,data/processed/fog_augmented/hv37_1969_medium.png
hv37_1969.png,augment_full,high,False,,
hv37_2042.png,augment_medium,medium,True,127.89859771728516,data/processed/fog_augmented/hv37_2042_medium.png
hv37_2055.png,augment_medium,medium,True,128.7504425048828,data/processed/fog_augmented/hv37_2055_medium.png
hv37_2128.png,augment_full,low,True,93.56761169433594,data/processed/fog_augmented/hv37_2128_low.png
hv37_2128.png,augment_full,medium,False,,
hv37_2128.png,augment_full,high,False,,
hv37_2158.png,augment_medium,medium,True,130.1273956298828,data/processed/fog_augmented/hv37_2158_medium.png
hv37_26.png,no_augment,,,,
hv37_291.png,no_augment,,,,
hv37_309.png,no_augment,,,,
hv37_322.png,no_augment,,,,
hv37_34.png,augment_medium,medium,True,140.7172088623047,data/processed/fog_augmented/hv37_34_medium.png
hv37_358.png,no_augment,,,,
hv37_38.png,augment_medium,medium,True,137.6630096435547,data/processed/fog_augmented/hv37_38_medium.png
hv37_381.png,no_augment,,,,
hv37_436.png,no_augment,,,,
hv37_446.png,no_augment,,,,
hv37_459.png,no_augment,,,,
hv37_465.png,no_augment,,,,
hv37_523.png,no_augment,,,,
hv37_56.png,augment_medium,medium,True,136.9591827392578,data/processed/fog_augmented/hv37_56_medium.png
hv37_564.png,no_augment,,,,
hv37_571.png,no_augment,,,,
hv37_577.png,no_augment,,,,
hv37_636.png,no_augment,,,,
hv37_64.png,no_augment,,,,
hv37_650.png,no_augment,,,,
hv37_738.png,no_augment,,,,
hv37_774.png,no_augment,,,,
hv37_78.png,no_augment,,,,
hv37_781.png,no_augment,,,,
hv37_840.png,no_augment,,,,
hv37_870.png,no_augment,,,,
hv37_888.png,no_augment,,,,
hv37_921.png,no_augment,,,,
hv38_127.png,augment_medium,medium,True,143.80087280273438,data/processed/fog_augmented/hv38_127_medium.png
hv38_210.png,no_augment,,,,
hv38_72.png,no_augment,,,,
hv38_86.png,augment_medium,medium,True,140.48385620117188,data/processed/fog_augmented/hv38_86_medium.png
hv38_87.png,augment_medium,medium,True,130.57408142089844,data/processed/fog_augmented/hv38_87_medium.png
hv38_91.png,augment_medium,medium,True,134.07879638671875,data/processed/fog_augmented/hv38_91_medium.png
hv39_.png,augment_full,low,True,100.52193450927734,data/processed/fog_augmented/hv39__low.png
hv39_.png,augment_full,medium,True,115.9337387084961,data/processed/fog_augmented/hv39__medium.png
hv39_.png,augment_full,high,False,,
hv39_10.png,augment_full,low,True,101.96287536621094,data/processed/fog_augmented/hv39_10_low.png
hv39_10.png,augment_full,medium,True,115.3582763671875,data/processed/fog_augmented/hv39_10_medium.png
hv39_10.png,augment_full,high,False,,
hv39_115.png,augment_full,low,True,101.9278564453125,data/processed/fog_augmented/hv39_115_low.png
hv39_115.png,augment_full,medium,True,108.69725036621094,data/processed/fog_augmented/hv39_115_medium.png
hv39_115.png,augment_full,high,False,,
hv39_156.png,augment_full,low,True,99.54230499267578,data/processed/fog_augmented/hv39_156_low.png
hv39_156.png,augment_full,medium,True,115.32373809814453,data/processed/fog_augmented/hv39_156_medium.png
hv39_156.png,augment_full,high,False,,
hv39_182.png,augment_full,low,False,,
hv39_182.png,augment_full,medium,True,126.18684387207031,data/processed/fog_augmented/hv39_182_medium.png
hv39_182.png,augment_full,high,False,,
hv39_21.png,augment_full,low,True,102.60057067871094,data/processed/fog_augmented/hv39_21_low.png
hv39_21.png,augment_full,medium,True,126.60745239257812,data/processed/fog_augmented/hv39_21_medium.png
hv39_21.png,augment_full,high,False,,
hv39_243.png,augment_full,low,True,99.68133544921875,data/processed/fog_augmented/hv39_243_low.png
hv39_243.png,augment_full,medium,True,120.02299499511719,data/processed/fog_augmented/hv39_243_medium.png
hv39_243.png,augment_full,high,False,,
hv39_253.png,augment_full,low,True,101.43521118164062,data/processed/fog_augmented/hv39_253_low.png
hv39_253.png,augment_full,medium,True,123.00078582763672,data/processed/fog_augmented/hv39_253_medium.png
hv39_253.png,augment_full,high,False,,
hv39_26.png,augment_full,low,True,102.6869888305664,data/processed/fog_augmented/hv39_26_low.png
hv39_26.png,augment_full,medium,True,124.92890930175781,data/processed/fog_augmented/hv39_26_medium.png
hv39_26.png,augment_full,high,False,,
hv39_264.png,augment_full,low,True,101.09695434570312,data/processed/fog_augmented/hv39_264_low.png
hv39_264.png,augment_full,medium,True,119.29424285888672,data/processed/fog_augmented/hv39_264_medium.png
hv39_264.png,augment_full,high,False,,
hv39_273.png,augment_full,low,True,101.80017852783203,data/processed/fog_augmented/hv39_273_low.png
hv39_273.png,augment_full,medium,True,122.9803237915039,data/processed/fog_augmented/hv39_273_medium.png
hv39_273.png,augment_full,high,False,,
hv39_28.png,augment_full,low,False,,
hv39_28.png,augment_full,medium,True,125.80857849121094,data/processed/fog_augmented/hv39_28_medium.png
hv39_28.png,augment_full,high,False,,
hv39_306.png,augment_full,low,True,101.50484466552734,data/processed/fog_augmented/hv39_306_low.png
hv39_306.png,augment_full,medium,True,114.07438659667969,data/processed/fog_augmented/hv39_306_medium.png
hv39_306.png,augment_full,high,False,,
hv39_312.png,augment_full,low,True,101.58161163330078,data/processed/fog_augmented/hv39_312_low.png
hv39_312.png,augment_full,medium,True,116.32520294189453,data/processed/fog_augmented/hv39_312_medium.png
hv39_312.png,augment_full,high,False,,
hv39_333.png,augment_full,low,True,101.2698745727539,data/processed/fog_augmented/hv39_333_low.png
hv39_333.png,augment_full,medium,True,118.26248931884766,data/processed/fog_augmented/hv39_333_medium.png
hv39_333.png,augment_full,high,False,,
hv39_351.png,augment_full,low,True,101.57001495361328,data/processed/fog_augmented/hv39_351_low.png
hv39_351.png,augment_full,medium,True,114.9747085571289,data/processed/fog_augmented/hv39_351_medium.png
hv39_351.png,augment_full,high,False,,
hv39_358.png,augment_full,low,True,102.36959838867188,data/processed/fog_augmented/hv39_358_low.png
hv39_358.png,augment_full,medium,True,120.3888168334961,data/processed/fog_augmented/hv39_358_medium.png
hv39_358.png,augment_full,high,False,,
hv39_368.png,augment_full,low,True,101.36210632324219,data/processed/fog_augmented/hv39_368_low.png
hv39_368.png,augment_full,medium,True,121.16175842285156,data/processed/fog_augmented/hv39_368_medium.png
hv39_368.png,augment_full,high,False,,
hv39_369.png,augment_full,low,True,100.59527587890625,data/processed/fog_augmented/hv39_369_low.png
hv39_369.png,augment_full,medium,True,123.64458465576172,data/processed/fog_augmented/hv39_369_medium.png
hv39_369.png,augment_full,high,False,,
hv39_384.png,augment_full,low,False,,
hv39_384.png,augment_full,medium,True,125.94422149658203,data/processed/fog_augmented/hv39_384_medium.png
hv39_384.png,augment_full,high,False,,
hv39_422.png,augment_full,low,True,99.3998031616211,data/processed/fog_augmented/hv39_422_low.png
hv39_422.png,augment_full,medium,True,117.06593322753906,data/processed/fog_augmented/hv39_422_medium.png
hv39_422.png,augment_full,high,False,,
hv39_426.png,augment_full,low,True,100.76892852783203,data/processed/fog_augmented/hv39_426_low.png
hv39_426.png,augment_full,medium,True,116.94464111328125,data/processed/fog_augmented/hv39_426_medium.png
hv39_426.png,augment_full,high,False,,
hv39_49.png,augment_full,low,True,98.14521026611328,data/processed/fog_augmented/hv39_49_low.png
hv39_49.png,augment_full,medium,False,,
hv39_49.png,augment_full,high,False,,
hv39_529.png,augment_full,low,True,101.1346664428711,data/processed/fog_augmented/hv39_529_low.png
hv39_529.png,augment_full,medium,True,122.27009582519531,data/processed/fog_augmented/hv39_529_medium.png
hv39_529.png,augment_full,high,False,,
hv39_609.png,augment_full,low,True,100.21649169921875,data/processed/fog_augmented/hv39_609_low.png
hv39_609.png,augment_full,medium,True,118.24222564697266,data/processed/fog_augmented/hv39_609_medium.png
hv39_609.png,augment_full,high,False,,
hv39_614.png,augment_full,low,True,100.29682922363281,data/processed/fog_augmented/hv39_614_low.png
hv39_614.png,augment_full,medium,True,117.381591796875,data/processed/fog_augmented/hv39_614_medium.png
hv39_614.png,augment_full,high,False,,
hv39_620.png,augment_full,low,True,102.50666046142578,data/processed/fog_augmented/hv39_620_low.png
hv39_620.png,augment_full,medium,True,125.77735137939453,data/processed/fog_augmented/hv39_620_medium.png
hv39_620.png,augment_full,high,False,,
hv39_656.png,augment_full,low,True,98.87439727783203,data/processed/fog_augmented/hv39_656_low.png
hv39_656.png,augment_full,medium,True,115.82384490966797,data/processed/fog_augmented/hv39_656_medium.png
hv39_656.png,augment_full,high,False,,
hv39_679.png,augment_full,low,True,100.52692413330078,data/processed/fog_augmented/hv39_679_low.png
hv39_679.png,augment_full,medium,True,118.2045669555664,data/processed/fog_augmented/hv39_679_medium.png
hv39_679.png,augment_full,high,False,,
hv39_684.png,augment_full,low,True,96.28157806396484,data/processed/fog_augmented/hv39_684_low.png
hv39_684.png,augment_full,medium,True,115.51905822753906,data/processed/fog_augmented/hv39_684_medium.png
hv39_684.png,augment_full,high,False,,
hv39_692.png,augment_full,low,True,97.89176177978516,data/processed/fog_augmented/hv39_692_low.png
hv39_692.png,augment_full,medium,True,117.3540267944336,data/processed/fog_augmented/hv39_692_medium.png
hv39_692.png,augment_full,high,False,,
hv39_759.png,augment_full,low,True,102.19386291503906,data/processed/fog_augmented/hv39_759_low.png
hv39_759.png,augment_full,medium,True,123.7813720703125,data/processed/fog_augmented/hv39_759_medium.png
hv39_759.png,augment_full,high,False,,
hv39_786.png,augment_full,low,True,99.27590942382812,data/processed/fog_augmented/hv39_786_low.png
hv39_786.png,augment_full,medium,True,109.80326080322266,data/processed/fog_augmented/hv39_786_medium.png
hv39_786.png,augment_full,high,False,,
hv39_834.png,augment_full,low,True,100.11448669433594,data/processed/fog_augmented/hv39_834_low.png
hv39_834.png,augment_full,medium,True,117.02129364013672,data/processed/fog_augmented/hv39_834_medium.png
hv39_834.png,augment_full,high,False,,
hv39_838.png,augment_full,low,True,101.06352996826172,data/processed/fog_augmented/hv39_838_low.png
hv39_838.png,augment_full,medium,True,112.81047058105469,data/processed/fog_augmented/hv39_838_medium.png
hv39_838.png,augment_full,high,False,,
hv39_907.png,augment_full,low,True,99.0061264038086,data/processed/fog_augmented/hv39_907_low.png
hv39_907.png,augment_full,medium,False,,
hv39_907.png,augment_full,high,False,,
hv39_91.png,augment_full,low,True,99.86821746826172,data/processed/fog_augmented/hv39_91_low.png
hv39_91.png,augment_full,medium,True,121.27212524414062,data/processed/fog_augmented/hv39_91_medium.png
hv39_91.png,augment_full,high,False,,
hv39_931.png,augment_full,low,True,98.80937957763672,data/processed/fog_augmented/hv39_931_low.png
hv39_931.png,augment_full,medium,True,113.0882339477539,data/processed/fog_augmented/hv39_931_medium.png
hv39_931.png,augment_full,high,False,,
hv39_936.png,augment_full,low,True,101.52993774414062,data/processed/fog_augmented/hv39_936_low.png
hv39_936.png,augment_full,medium,True,112.38907623291016,data/processed/fog_augmented/hv39_936_medium.png
hv39_936.png,augment_full,high,False,,
hv3_106.png,no_augment,,,,
hv3_117.png,augment_full,low,True,101.50031280517578,data/processed/fog_augmented/hv3_117_low.png
hv3_117.png,augment_full,medium,True,122.99040985107422,data/processed/fog_augmented/hv3_117_medium.png
hv3_117.png,augment_full,high,False,,
hv3_118.png,augment_full,low,True,100.31149291992188,data/processed/fog_augmented/hv3_118_low.png
hv3_118.png,augment_full,medium,True,119.60601043701172,data/processed/fog_augmented/hv3_118_medium.png
hv3_118.png,augment_full,high,False,,
hv3_14.png,augment_medium,medium,True,151.32972717285156,data/processed/fog_augmented/hv3_14_medium.png
hv3_2.png,augment_full,low,True,102.45936584472656,data/processed/fog_augmented/hv3_2_low.png
hv3_2.png,augment_full,medium,True,123.82015991210938,data/processed/fog_augmented/hv3_2_medium.png
hv3_2.png,augment_full,high,False,,
hv3_33.png,augment_full,low,False,,
hv3_33.png,augment_full,medium,True,126.5145263671875,data/processed/fog_augmented/hv3_33_medium.png
hv3_33.png,augment_full,high,True,130.39796447753906,data/processed/fog_augmented/hv3_33_high.png
hv3_63.png,augment_full,low,True,96.020751953125,data/processed/fog_augmented/hv3_63_low.png
hv3_63.png,augment_full,medium,True,107.19918060302734,data/processed/fog_augmented/hv3_63_medium.png
hv3_63.png,augment_full,high,False,,
hv3_7.png,augment_full,low,True,102.62492370605469,data/processed/fog_augmented/hv3_7_low.png
hv3_7.png,augment_full,medium,True,124.31983947753906,data/processed/fog_augmented/hv3_7_medium.png
hv3_7.png,augment_full,high,False,,
hv3_76.png,no_augment,,,,
hv3_79.png,no_augment,,,,
hv3_82.png,augment_medium,medium,True,149.98550415039062,data/processed/fog_augmented/hv3_82_medium.png
hv3_91.png,augment_medium,medium,True,148.73374938964844,data/processed/fog_augmented/hv3_91_medium.png
hv40_10.png,no_augment,,,,
hv40_109.png,no_augment,,,,
hv40_110.png,no_augment,,,,
hv40_120.png,no_augment,,,,
hv40_127.png,no_augment,,,,
hv40_13.png,augment_full,low,True,102.0381088256836,data/processed/fog_augmented/hv40_13_low.png
hv40_13.png,augment_full,medium,True,113.50108337402344,data/processed/fog_augmented/hv40_13_medium.png
hv40_13.png,augment_full,high,False,,
hv40_150.png,no_augment,,,,
hv40_155.png,no_augment,,,,
hv40_160.png,no_augment,,,,
hv40_165.png,no_augment,,,,
hv40_172.png,no_augment,,,,
hv40_176.png,no_augment,,,,
hv40_188.png,no_augment,,,,
hv40_193.png,no_augment,,,,
hv40_217.png,no_augment,,,,
hv40_225.png,no_augment,,,,
hv40_243.png,no_augment,,,,
hv40_255.png,no_augment,,,,
hv40_266.png,no_augment,,,,
hv40_275.png,no_augment,,,,
hv40_277.png,no_augment,,,,
hv40_28.png,no_augment,,,,
hv40_290.png,augment_medium,medium,True,138.92498779296875,data/processed/fog_augmented/hv40_290_medium.png
hv40_307.png,no_augment,,,,
hv40_309.png,augment_medium,medium,True,132.6103515625,data/processed/fog_augmented/hv40_309_medium.png
hv40_311.png,augment_medium,medium,True,136.02638244628906,data/processed/fog_augmented/hv40_311_medium.png
hv40_315.png,augment_medium,medium,True,143.75494384765625,data/processed/fog_augmented/hv40_315_medium.png
hv40_337.png,augment_medium,medium,True,148.6306915283203,data/processed/fog_augmented/hv40_337_medium.png
hv40_340.png,no_augment,,,,
hv40_342.png,augment_medium,medium,True,145.80538940429688,data/processed/fog_augmented/hv40_342_medium.png
hv40_357.png,no_augment,,,,
hv40_37.png,no_augment,,,,
hv40_39.png,no_augment,,,,
hv40_404.png,no_augment,,,,
hv40_405.png,no_augment,,,,
hv40_411.png,no_augment,,,,
hv40_412.png,no_augment,,,,
hv40_42.png,no_augment,,,,
hv40_423.png,no_augment,,,,
hv40_49.png,no_augment,,,,
hv40_5.png,augment_full,low,True,96.92565155029297,data/processed/fog_augmented/hv40_5_low.png
hv40_5.png,augment_full,medium,False,,
hv40_5.png,augment_full,high,False,,
hv40_51.png,no_augment,,,,
hv40_57.png,no_augment,,,,
hv40_61.png,no_augment,,,,
hv40_64.png,no_augment,,,,
hv40_67.png,no_augment,,,,
hv40_72.png,no_augment,,,,
hv40_78.png,no_augment,,,,
hv40_84.png,no_augment,,,,
hv40_87.png,augment_medium,medium,True,151.8772430419922,data/processed/fog_augmented/hv40_87_medium.png
hv41_39.png,augment_full,low,True,101.0390396118164,data/processed/fog_augmented/hv41_39_low.png
hv41_39.png,augment_full,medium,True,122.75016784667969,data/processed/fog_augmented/hv41_39_medium.png
hv41_39.png,augment_full,high,False,,
hv41_46.png,augment_full,low,True,102.5602035522461,data/processed/fog_augmented/hv41_46_low.png
hv41_46.png,augment_full,medium,True,109.7219467163086,data/processed/fog_augmented/hv41_46_medium.png
hv41_46.png,augment_full,high,False,,
hv42_1005.png,augment_medium,medium,True,143.48294067382812,data/processed/fog_augmented/hv42_1005_medium.png
hv42_1012.png,augment_full,low,False,,
hv42_1012.png,augment_full,medium,True,127.13609313964844,data/processed/fog_augmented/hv42_1012_medium.png
hv42_1012.png,augment_full,high,True,132.607421875,data/processed/fog_augmented/hv42_1012_high.png
hv42_1021.png,augment_medium,medium,True,137.47528076171875,data/processed/fog_augmented/hv42_1021_medium.png
hv42_1024.png,augment_full,low,False,,
hv42_1024.png,augment_full,medium,True,127.70919799804688,data/processed/fog_augmented/hv42_1024_medium.png
hv42_1024.png,augment_full,high,True,131.08518981933594,data/processed/fog_augmented/hv42_1024_high.png
hv42_1028.png,augment_full,low,True,102.1551513671875,data/processed/fog_augmented/hv42_1028_low.png
hv42_1028.png,augment_full,medium,True,122.45863342285156,data/processed/fog_augmented/hv42_1028_medium.png
hv42_1028.png,augment_full,high,False,,
hv42_1048.png,augment_medium,medium,True,150.82284545898438,data/processed/fog_augmented/hv42_1048_medium.png
hv42_1054.png,augment_full,low,False,,
hv42_1054.png,augment_full,medium,True,123.7228775024414,data/processed/fog_augmented/hv42_1054_medium.png
hv42_1054.png,augment_full,high,True,133.9577178955078,data/processed/fog_augmented/hv42_1054_high.png
hv42_1071.png,augment_full,low,True,101.29405212402344,data/processed/fog_augmented/hv42_1071_low.png
hv42_1071.png,augment_full,medium,True,120.77164459228516,data/processed/fog_augmented/hv42_1071_medium.png
hv42_1071.png,augment_full,high,False,,
hv42_1077.png,augment_medium,medium,True,140.4624786376953,data/processed/fog_augmented/hv42_1077_medium.png
hv42_13.png,augment_full,low,True,102.09651947021484,data/processed/fog_augmented/hv42_13_low.png
hv42_13.png,augment_full,medium,True,127.92790985107422,data/processed/fog_augmented/hv42_13_medium.png
hv42_13.png,augment_full,high,True,132.02407836914062,data/processed/fog_augmented/hv42_13_high.png
hv42_175.png,augment_medium,medium,True,149.4355010986328,data/processed/fog_augmented/hv42_175_medium.png
hv42_20.png,augment_full,low,True,100.98370361328125,data/processed/fog_augmented/hv42_20_low.png
hv42_20.png,augment_full,medium,True,113.56339263916016,data/processed/fog_augmented/hv42_20_medium.png
hv42_20.png,augment_full,high,False,,
hv42_236.png,augment_full,low,False,,
hv42_236.png,augment_full,medium,True,123.17515563964844,data/processed/fog_augmented/hv42_236_medium.png
hv42_236.png,augment_full,high,True,134.75128173828125,data/processed/fog_augmented/hv42_236_high.png
hv42_256.png,augment_medium,medium,True,138.74081420898438,data/processed/fog_augmented/hv42_256_medium.png
hv42_261.png,augment_medium,medium,True,147.21849060058594,data/processed/fog_augmented/hv42_261_medium.png
hv42_283.png,augment_medium,medium,True,140.17222595214844,data/processed/fog_augmented/hv42_283_medium.png
hv42_297.png,augment_medium,medium,True,141.41627502441406,data/processed/fog_augmented/hv42_297_medium.png
hv42_304.png,augment_full,low,False,,
hv42_304.png,augment_full,medium,True,123.41876220703125,data/processed/fog_augmented/hv42_304_medium.png
hv42_304.png,augment_full,high,True,135.98080444335938,data/processed/fog_augmented/hv42_304_high.png
hv42_326.png,augment_medium,medium,True,135.78257751464844,data/processed/fog_augmented/hv42_326_medium.png
hv42_336.png,augment_medium,medium,True,144.235107421875,data/processed/fog_augmented/hv42_336_medium.png
hv42_350.png,augment_full,low,True,101.61697387695312,data/processed/fog_augmented/hv42_350_low.png
hv42_350.png,augment_full,medium,True,120.13874816894531,data/processed/fog_augmented/hv42_350_medium.png
hv42_350.png,augment_full,high,False,,
hv42_361.png,augment_full,low,True,101.8404769897461,data/processed/fog_augmented/hv42_361_low.png
hv42_361.png,augment_full,medium,True,127.48113250732422,data/processed/fog_augmented/hv42_361_medium.png
hv42_361.png,augment_full,high,False,,
hv42_37.png,augment_full,low,True,100.12904357910156,data/processed/fog_augmented/hv42_37_low.png
hv42_37.png,augment_full,medium,True,126.11026763916016,data/processed/fog_augmented/hv42_37_medium.png
hv42_37.png,augment_full,high,True,128.93186950683594,data/processed/fog_augmented/hv42_37_high.png
hv42_379.png,augment_medium,medium,True,136.7756805419922,data/processed/fog_augmented/hv42_379_medium.png
hv42_394.png,augment_medium,medium,True,138.67276000976562,data/processed/fog_augmented/hv42_394_medium.png
hv42_420.png,augment_full,low,True,100.02229309082031,data/processed/fog_augmented/hv42_420_low.png
hv42_420.png,augment_full,medium,True,127.5260009765625,data/processed/fog_augmented/hv42_420_medium.png
hv42_420.png,augment_full,high,True,131.1708221435547,data/processed/fog_augmented/hv42_420_high.png
hv42_433.png,augment_full,low,True,100.46683502197266,data/processed/fog_augmented/hv42_433_low.png
hv42_433.png,augment_full,medium,True,126.36605834960938,data/processed/fog_augmented/hv42_433_medium.png
hv42_433.png,augment_full,high,False,,
hv42_440.png,augment_medium,medium,True,142.23512268066406,data/processed/fog_augmented/hv42_440_medium.png
hv42_450.png,augment_medium,medium,True,138.5355987548828,data/processed/fog_augmented/hv42_450_medium.png
hv42_487.png,augment_medium,medium,True,152.72882080078125,data/processed/fog_augmented/hv42_487_medium.png
hv42_496.png,augment_medium,medium,True,137.8713836669922,data/processed/fog_augmented/hv42_496_medium.png
hv42_505.png,augment_medium,medium,True,136.62330627441406,data/processed/fog_augmented/hv42_505_medium.png
hv42_525.png,augment_medium,medium,True,136.8068084716797,data/processed/fog_augmented/hv42_525_medium.png
hv42_535.png,augment_medium,medium,True,145.5702667236328,data/processed/fog_augmented/hv42_535_medium.png
hv42_543.png,augment_full,low,True,102.06092834472656,data/processed/fog_augmented/hv42_543_low.png
hv42_543.png,augment_full,medium,True,121.66651916503906,data/processed/fog_augmented/hv42_543_medium.png
hv42_543.png,augment_full,high,True,134.62953186035156,data/processed/fog_augmented/hv42_543_high.png
hv42_550.png,augment_full,low,False,,
hv42_550.png,augment_full,medium,True,125.91261291503906,data/processed/fog_augmented/hv42_550_medium.png
hv42_550.png,augment_full,high,True,135.6106719970703,data/processed/fog_augmented/hv42_550_high.png
hv42_555.png,augment_full,low,True,101.18152618408203,data/processed/fog_augmented/hv42_555_low.png
hv42_555.png,augment_full,medium,True,125.24642181396484,data/processed/fog_augmented/hv42_555_medium.png
hv42_555.png,augment_full,high,False,,
hv42_562.png,augment_full,low,False,,
hv42_562.png,augment_full,medium,True,123.34343719482422,data/processed/fog_augmented/hv42_562_medium.png
hv42_562.png,augment_full,high,True,133.85003662109375,data/processed/fog_augmented/hv42_562_high.png
hv42_570.png,augment_medium,medium,True,141.59005737304688,data/processed/fog_augmented/hv42_570_medium.png
hv42_576.png,augment_medium,medium,True,138.15512084960938,data/processed/fog_augmented/hv42_576_medium.png
hv42_582.png,augment_full,low,True,101.0849380493164,data/processed/fog_augmented/hv42_582_low.png
hv42_582.png,augment_full,medium,True,126.96726989746094,data/processed/fog_augmented/hv42_582_medium.png
hv42_582.png,augment_full,high,True,129.0831756591797,data/processed/fog_augmented/hv42_582_high.png
hv42_586.png,augment_medium,medium,True,141.1839141845703,data/processed/fog_augmented/hv42_586_medium.png
hv42_594.png,augment_full,low,False,,
hv42_594.png,augment_full,medium,True,125.36785125732422,data/processed/fog_augmented/hv42_594_medium.png
hv42_594.png,augment_full,high,True,131.82568359375,data/processed/fog_augmented/hv42_594_high.png
hv42_6.png,augment_medium,medium,True,141.03109741210938,data/processed/fog_augmented/hv42_6_medium.png
hv42_60.png,augment_full,low,True,99.84291076660156,data/processed/fog_augmented/hv42_60_low.png
hv42_60.png,augment_full,medium,True,122.39189147949219,data/processed/fog_augmented/hv42_60_medium.png
hv42_60.png,augment_full,high,False,,
hv42_601.png,augment_medium,medium,True,142.2084503173828,data/processed/fog_augmented/hv42_601_medium.png
hv42_620.png,augment_medium,medium,True,152.81040954589844,data/processed/fog_augmented/hv42_620_medium.png
hv42_651.png,augment_full,low,False,,
hv42_651.png,augment_full,medium,True,126.20011138916016,data/processed/fog_augmented/hv42_651_medium.png
hv42_651.png,augment_full,high,True,135.21694946289062,data/processed/fog_augmented/hv42_651_high.png
hv42_658.png,augment_medium,medium,True,139.49537658691406,data/processed/fog_augmented/hv42_658_medium.png
hv42_664.png,augment_full,low,True,102.00656127929688,data/processed/fog_augmented/hv42_664_low.png
hv42_664.png,augment_full,medium,True,122.1701431274414,data/processed/fog_augmented/hv42_664_medium.png
hv42_664.png,augment_full,high,True,130.27293395996094,data/processed/fog_augmented/hv42_664_high.png
hv42_675.png,augment_medium,medium,True,137.85504150390625,data/processed/fog_augmented/hv42_675_medium.png
hv42_686.png,augment_medium,medium,True,141.68653869628906,data/processed/fog_augmented/hv42_686_medium.png
hv42_716.png,augment_full,low,True,100.56742858886719,data/processed/fog_augmented/hv42_716_low.png
hv42_716.png,augment_full,medium,True,127.40946197509766,data/processed/fog_augmented/hv42_716_medium.png
hv42_716.png,augment_full,high,True,130.77325439453125,data/processed/fog_augmented/hv42_716_high.png
hv42_736.png,augment_medium,medium,True,144.93040466308594,data/processed/fog_augmented/hv42_736_medium.png
hv42_752.png,augment_full,low,True,100.47457122802734,data/processed/fog_augmented/hv42_752_low.png
hv42_752.png,augment_full,medium,True,126.24958801269531,data/processed/fog_augmented/hv42_752_medium.png
hv42_752.png,augment_full,high,False,,
hv42_774.png,augment_medium,medium,True,139.35211181640625,data/processed/fog_augmented/hv42_774_medium.png
hv42_796.png,augment_medium,medium,True,153.78907775878906,data/processed/fog_augmented/hv42_796_medium.png
hv42_837.png,augment_medium,medium,True,150.89476013183594,data/processed/fog_augmented/hv42_837_medium.png
hv42_846.png,augment_full,low,True,100.62936401367188,data/processed/fog_augmented/hv42_846_low.png
hv42_846.png,augment_full,medium,True,126.61003875732422,data/processed/fog_augmented/hv42_846_medium.png
hv42_846.png,augment_full,high,False,,
hv42_855.png,augment_medium,medium,True,140.155517578125,data/processed/fog_augmented/hv42_855_medium.png
hv42_861.png,augment_medium,medium,True,147.1595916748047,data/processed/fog_augmented/hv42_861_medium.png
hv42_885.png,augment_medium,medium,True,136.7232666015625,data/processed/fog_augmented/hv42_885_medium.png
hv42_895.png,augment_medium,medium,True,138.41427612304688,data/processed/fog_augmented/hv42_895_medium.png
hv42_906.png,augment_medium,medium,True,151.5000762939453,data/processed/fog_augmented/hv42_906_medium.png
hv42_916.png,augment_medium,medium,True,142.12196350097656,data/processed/fog_augmented/hv42_916_medium.png
hv42_925.png,augment_medium,medium,True,142.13287353515625,data/processed/fog_augmented/hv42_925_medium.png
hv42_933.png,augment_full,low,True,99.47150421142578,data/processed/fog_augmented/hv42_933_low.png
hv42_933.png,augment_full,medium,True,105.1069564819336,data/processed/fog_augmented/hv42_933_medium.png
hv42_933.png,augment_full,high,False,,
hv42_937.png,augment_full,low,False,,
hv42_937.png,augment_full,medium,True,123.6416015625,data/processed/fog_augmented/hv42_937_medium.png
hv42_937.png,augment_full,high,True,132.2425537109375,data/processed/fog_augmented/hv42_937_high.png
hv42_943.png,augment_medium,medium,True,145.23703002929688,data/processed/fog_augmented/hv42_943_medium.png
hv42_970.png,augment_full,low,True,101.71356964111328,data/processed/fog_augmented/hv42_970_low.png
hv42_970.png,augment_full,medium,True,119.11982727050781,data/processed/fog_augmented/hv42_970_medium.png
hv42_970.png,augment_full,high,False,,
hv42_976.png,augment_full,low,True,100.01154327392578,data/processed/fog_augmented/hv42_976_low.png
hv42_976.png,augment_full,medium,True,126.63394927978516,data/processed/fog_augmented/hv42_976_medium.png
hv42_976.png,augment_full,high,False,,
hv42_981.png,augment_full,low,True,96.3802261352539,data/processed/fog_augmented/hv42_981_low.png
hv42_981.png,augment_full,medium,True,114.37800598144531,data/processed/fog_augmented/hv42_981_medium.png
hv42_981.png,augment_full,high,False,,
hv42_986.png,augment_full,low,True,101.5164794921875,data/processed/fog_augmented/hv42_986_low.png
hv42_986.png,augment_full,medium,True,123.71736907958984,data/processed/fog_augmented/hv42_986_medium.png
hv42_986.png,augment_full,high,False,,
hv42_99.png,augment_full,low,False,,
hv42_99.png,augment_full,medium,True,126.14112854003906,data/processed/fog_augmented/hv42_99_medium.png
hv42_99.png,augment_full,high,True,135.8527069091797,data/processed/fog_augmented/hv42_99_high.png
hv42_999.png,augment_medium,medium,True,138.28036499023438,data/processed/fog_augmented/hv42_999_medium.png
hv43_1038.png,augment_medium,medium,True,126.91588592529297,data/processed/fog_augmented/hv43_1038_medium.png
hv43_1095.png,no_augment,,,,
hv43_1212.png,no_augment,,,,
hv43_1273.png,augment_medium,medium,True,142.10748291015625,data/processed/fog_augmented/hv43_1273_medium.png
hv43_1298.png,augment_full,low,True,97.88578796386719,data/processed/fog_augmented/hv43_1298_low.png
hv43_1298.png,augment_full,medium,True,106.36128234863281,data/processed/fog_augmented/hv43_1298_medium.png
hv43_1298.png,augment_full,high,False,,
hv43_1306.png,augment_full,low,True,91.99108123779297,data/processed/fog_augmented/hv43_1306_low.png
hv43_1306.png,augment_full,medium,False,,
hv43_1306.png,augment_full,high,False,,
hv43_1364.png,no_augment,,,,
hv43_324.png,augment_medium,medium,True,137.2112274169922,data/processed/fog_augmented/hv43_324_medium.png
hv43_336.png,no_augment,,,,
hv43_451.png,no_augment,,,,
hv43_482.png,no_augment,,,,
hv43_644.png,augment_medium,medium,True,147.6923828125,data/processed/fog_augmented/hv43_644_medium.png
hv43_672.png,no_augment,,,,
hv43_685.png,no_augment,,,,
hv43_724.png,augment_medium,medium,True,137.30029296875,data/processed/fog_augmented/hv43_724_medium.png
hv43_931.png,augment_full,low,True,80.31986999511719,data/processed/fog_augmented/hv43_931_low.png
hv43_931.png,augment_full,medium,False,,
hv43_931.png,augment_full,high,False,,
hv44_1.png,augment_full,low,True,101.69083404541016,data/processed/fog_augmented/hv44_1_low.png
hv44_1.png,augment_full,medium,True,123.44300842285156,data/processed/fog_augmented/hv44_1_medium.png
hv44_1.png,augment_full,high,False,,
hv44_2.png,augment_full,low,False,,
hv44_2.png,augment_full,medium,True,122.96031188964844,data/processed/fog_augmented/hv44_2_medium.png
hv44_2.png,augment_full,high,False,,
hv44_20.png,augment_medium,medium,True,143.83993530273438,data/processed/fog_augmented/hv44_20_medium.png
hv44_25.png,augment_medium,medium,True,137.9785919189453,data/processed/fog_augmented/hv44_25_medium.png
hv44_29.png,augment_medium,medium,True,132.43621826171875,data/processed/fog_augmented/hv44_29_medium.png
hv44_3.png,augment_medium,medium,True,134.44776916503906,data/processed/fog_augmented/hv44_3_medium.png
hv44_31.png,augment_full,low,True,102.61827087402344,data/processed/fog_augmented/hv44_31_low.png
hv44_31.png,augment_full,medium,True,121.86515808105469,data/processed/fog_augmented/hv44_31_medium.png
hv44_31.png,augment_full,high,False,,
hv44_34.png,augment_medium,medium,True,131.529296875,data/processed/fog_augmented/hv44_34_medium.png
hv44_35.png,augment_medium,medium,True,136.55506896972656,data/processed/fog_augmented/hv44_35_medium.png
hv44_38.png,augment_medium,medium,True,136.4231414794922,data/processed/fog_augmented/hv44_38_medium.png
hv44_39.png,augment_medium,medium,True,139.56076049804688,data/processed/fog_augmented/hv44_39_medium.png
hv44_4.png,augment_medium,medium,True,131.6764678955078,data/processed/fog_augmented/hv44_4_medium.png
hv44_41.png,augment_medium,medium,True,142.29188537597656,data/processed/fog_augmented/hv44_41_medium.png
hv44_43.png,augment_medium,medium,True,132.1536102294922,data/processed/fog_augmented/hv44_43_medium.png
hv44_44.png,augment_full,low,True,102.58590698242188,data/processed/fog_augmented/hv44_44_low.png
hv44_44.png,augment_full,medium,True,120.2643814086914,data/processed/fog_augmented/hv44_44_medium.png
hv44_44.png,augment_full,high,False,,
hv44_47.png,augment_full,low,True,101.47760009765625,data/processed/fog_augmented/hv44_47_low.png
hv44_47.png,augment_full,medium,True,115.77427673339844,data/processed/fog_augmented/hv44_47_medium.png
hv44_47.png,augment_full,high,False,,
hv44_49.png,augment_full,low,True,101.98075866699219,data/processed/fog_augmented/hv44_49_low.png
hv44_49.png,augment_full,medium,True,123.18290710449219,data/processed/fog_augmented/hv44_49_medium.png
hv44_49.png,augment_full,high,False,,
hv45_159.png,augment_full,low,True,73.73937225341797,data/processed/fog_augmented/hv45_159_low.png
hv45_159.png,augment_full,medium,False,,
hv45_159.png,augment_full,high,False,,
hv45_31.png,augment_full,low,True,73.0873794555664,data/processed/fog_augmented/hv45_31_low.png
hv45_31.png,augment_full,medium,False,,
hv45_31.png,augment_full,high,False,,
hv45_315.png,augment_full,low,True,66.5209732055664,data/processed/fog_augmented/hv45_315_low.png
hv45_315.png,augment_full,medium,False,,
hv45_315.png,augment_full,high,False,,
hv45_82.png,augment_full,low,True,76.90701293945312,data/processed/fog_augmented/hv45_82_low.png
hv45_82.png,augment_full,medium,False,,
hv45_82.png,augment_full,high,False,,
hv46_124.png,no_augment,,,,
hv46_433.png,no_augment,,,,
hv47_1003.png,augment_medium,medium,True,151.553466796875,data/processed/fog_augmented/hv47_1003_medium.png
hv47_1009.png,augment_medium,medium,True,149.39891052246094,data/processed/fog_augmented/hv47_1009_medium.png
hv47_1065.png,augment_medium,medium,True,150.33758544921875,data/processed/fog_augmented/hv47_1065_medium.png
hv47_1069.png,augment_medium,medium,True,149.8343048095703,data/processed/fog_augmented/hv47_1069_medium.png
hv47_1086.png,augment_medium,medium,True,155.39175415039062,data/processed/fog_augmented/hv47_1086_medium.png
hv47_1096.png,augment_medium,medium,True,152.10206604003906,data/processed/fog_augmented/hv47_1096_medium.png
hv47_1115.png,augment_medium,medium,True,150.20407104492188,data/processed/fog_augmented/hv47_1115_medium.png
hv47_1167.png,augment_medium,medium,True,149.94131469726562,data/processed/fog_augmented/hv47_1167_medium.png
hv47_118.png,augment_medium,medium,True,142.5648651123047,data/processed/fog_augmented/hv47_118_medium.png
hv47_1187.png,augment_medium,medium,True,151.6531524658203,data/processed/fog_augmented/hv47_1187_medium.png
hv47_1192.png,augment_medium,medium,True,149.83518981933594,data/processed/fog_augmented/hv47_1192_medium.png
hv47_153.png,augment_medium,medium,True,148.84127807617188,data/processed/fog_augmented/hv47_153_medium.png
hv47_208.png,augment_full,low,False,,
hv47_208.png,augment_full,medium,True,122.49754333496094,data/processed/fog_augmented/hv47_208_medium.png
hv47_208.png,augment_full,high,True,142.5089111328125,data/processed/fog_augmented/hv47_208_high.png
hv47_275.png,augment_medium,medium,True,152.04901123046875,data/processed/fog_augmented/hv47_275_medium.png
hv47_322.png,augment_medium,medium,True,151.3580322265625,data/processed/fog_augmented/hv47_322_medium.png
hv47_37.png,augment_medium,medium,True,146.5122528076172,data/processed/fog_augmented/hv47_37_medium.png
hv47_408.png,augment_medium,medium,True,146.9097442626953,data/processed/fog_augmented/hv47_408_medium.png
hv47_488.png,augment_medium,medium,True,148.95236206054688,data/processed/fog_augmented/hv47_488_medium.png
hv47_547.png,augment_medium,medium,True,154.36489868164062,data/processed/fog_augmented/hv47_547_medium.png
hv47_566.png,augment_medium,medium,True,152.2563018798828,data/processed/fog_augmented/hv47_566_medium.png
hv47_588.png,augment_medium,medium,True,153.8670654296875,data/processed/fog_augmented/hv47_588_medium.png
hv47_60.png,augment_full,low,False,,
hv47_60.png,augment_full,medium,True,122.79488372802734,data/processed/fog_augmented/hv47_60_medium.png
hv47_60.png,augment_full,high,True,142.29510498046875,data/processed/fog_augmented/hv47_60_high.png
hv47_624.png,augment_full,low,False,,
hv47_624.png,augment_full,medium,True,124.0245590209961,data/processed/fog_augmented/hv47_624_medium.png
hv47_624.png,augment_full,high,True,146.97604370117188,data/processed/fog_augmented/hv47_624_high.png
hv47_642.png,augment_medium,medium,True,154.25306701660156,data/processed/fog_augmented/hv47_642_medium.png
hv47_661.png,augment_medium,medium,True,151.7671356201172,data/processed/fog_augmented/hv47_661_medium.png
hv47_674.png,augment_medium,medium,True,154.74681091308594,data/processed/fog_augmented/hv47_674_medium.png
hv47_699.png,augment_full,low,True,101.16869354248047,data/processed/fog_augmented/hv47_699_low.png
hv47_699.png,augment_full,medium,True,126.1718978881836,data/processed/fog_augmented/hv47_699_medium.png
hv47_699.png,augment_full,high,True,142.8330078125,data/processed/fog_augmented/hv47_699_high.png
hv47_71.png,augment_full,low,True,101.08535766601562,data/processed/fog_augmented/hv47_71_low.png
hv47_71.png,augment_full,medium,True,127.72918701171875,data/processed/fog_augmented/hv47_71_medium.png
hv47_71.png,augment_full,high,True,135.49551391601562,data/processed/fog_augmented/hv47_71_high.png
hv47_727.png,augment_medium,medium,True,151.7926788330078,data/processed/fog_augmented/hv47_727_medium.png
hv47_729.png,augment_medium,medium,True,152.42115783691406,data/processed/fog_augmented/hv47_729_medium.png
hv47_76.png,augment_medium,medium,True,143.48406982421875,data/processed/fog_augmented/hv47_76_medium.png
hv47_766.png,augment_medium,medium,True,154.58480834960938,data/processed/fog_augmented/hv47_766_medium.png
hv47_786.png,augment_medium,medium,True,152.43911743164062,data/processed/fog_augmented/hv47_786_medium.png
hv47_80.png,augment_medium,medium,True,146.9506072998047,data/processed/fog_augmented/hv47_80_medium.png
hv47_844.png,augment_medium,medium,True,151.82432556152344,data/processed/fog_augmented/hv47_844_medium.png
hv47_856.png,augment_medium,medium,True,155.4546356201172,data/processed/fog_augmented/hv47_856_medium.png
hv47_858.png,augment_full,low,True,100.70101928710938,data/processed/fog_augmented/hv47_858_low.png
hv47_858.png,augment_full,medium,True,126.84957122802734,data/processed/fog_augmented/hv47_858_medium.png
hv47_858.png,augment_full,high,True,137.8972625732422,data/processed/fog_augmented/hv47_858_high.png
hv47_871.png,augment_medium,medium,True,152.21923828125,data/processed/fog_augmented/hv47_871_medium.png
hv47_887.png,augment_medium,medium,True,149.13218688964844,data/processed/fog_augmented/hv47_887_medium.png
hv47_898.png,augment_medium,medium,True,155.17044067382812,data/processed/fog_augmented/hv47_898_medium.png
hv47_92.png,augment_medium,medium,True,147.4336700439453,data/processed/fog_augmented/hv47_92_medium.png
hv47_936.png,augment_medium,medium,True,155.1066131591797,data/processed/fog_augmented/hv47_936_medium.png
hv47_95.png,augment_full,low,True,100.90798950195312,data/processed/fog_augmented/hv47_95_low.png
hv47_95.png,augment_full,medium,True,127.99745178222656,data/processed/fog_augmented/hv47_95_medium.png
hv47_95.png,augment_full,high,True,137.99462890625,data/processed/fog_augmented/hv47_95_high.png
hv47_952.png,augment_medium,medium,True,142.81312561035156,data/processed/fog_augmented/hv47_952_medium.png
hv48_.png,augment_medium,medium,True,141.23707580566406,data/processed/fog_augmented/hv48__medium.png
hv48_104.png,augment_medium,medium,True,130.19639587402344,data/processed/fog_augmented/hv48_104_medium.png
hv48_190.png,augment_medium,medium,True,131.9905242919922,data/processed/fog_augmented/hv48_190_medium.png
hv48_196.png,augment_medium,medium,True,144.9287872314453,data/processed/fog_augmented/hv48_196_medium.png
hv48_200.png,augment_medium,medium,True,144.7749481201172,data/processed/fog_augmented/hv48_200_medium.png
hv48_255.png,no_augment,,,,
hv48_4.png,no_augment,,,,
hv48_63.png,no_augment,,,,
hv49_.png,augment_medium,medium,True,131.0264129638672,data/processed/fog_augmented/hv49__medium.png
hv49_78.png,augment_medium,medium,True,133.87869262695312,data/processed/fog_augmented/hv49_78_medium.png
hv49_82.png,augment_full,low,False,,
hv49_82.png,augment_full,medium,True,126.10798645019531,data/processed/fog_augmented/hv49_82_medium.png
hv49_82.png,augment_full,high,False,,
hv4_133.png,augment_full,low,True,102.59657287597656,data/processed/fog_augmented/hv4_133_low.png
hv4_133.png,augment_full,medium,True,123.57276153564453,data/processed/fog_augmented/hv4_133_medium.png
hv4_133.png,augment_full,high,True,135.23622131347656,data/processed/fog_augmented/hv4_133_high.png
hv4_162.png,augment_full,low,True,93.51261138916016,data/processed/fog_augmented/hv4_162_low.png
hv4_162.png,augment_full,medium,True,117.98929595947266,data/processed/fog_augmented/hv4_162_medium.png
hv4_162.png,augment_full,high,True,140.9261474609375,data/processed/fog_augmented/hv4_162_high.png
hv4_259.png,augment_full,low,True,101.96739959716797,data/processed/fog_augmented/hv4_259_low.png
hv4_259.png,augment_full,medium,True,121.7220687866211,data/processed/fog_augmented/hv4_259_medium.png
hv4_259.png,augment_full,high,True,149.2057342529297,data/processed/fog_augmented/hv4_259_high.png
hv4_267.png,augment_full,low,True,92.7392578125,data/processed/fog_augmented/hv4_267_low.png
hv4_267.png,augment_full,medium,True,115.38375854492188,data/processed/fog_augmented/hv4_267_medium.png
hv4_267.png,augment_full,high,False,,
hv4_273.png,augment_full,low,True,102.12098693847656,data/processed/fog_augmented/hv4_273_low.png
hv4_273.png,augment_full,medium,True,104.47157287597656,data/processed/fog_augmented/hv4_273_medium.png
hv4_273.png,augment_full,high,False,,
hv4_289.png,augment_full,low,True,101.98993682861328,data/processed/fog_augmented/hv4_289_low.png
hv4_289.png,augment_full,medium,True,127.30513763427734,data/processed/fog_augmented/hv4_289_medium.png
hv4_289.png,augment_full,high,True,130.74288940429688,data/processed/fog_augmented/hv4_289_high.png
hv4_294.png,augment_full,low,True,94.85688781738281,data/processed/fog_augmented/hv4_294_low.png
hv4_294.png,augment_full,medium,True,122.1007080078125,data/processed/fog_augmented/hv4_294_medium.png
hv4_294.png,augment_full,high,False,,
hv4_304.png,augment_full,low,True,95.83399200439453,data/processed/fog_augmented/hv4_304_low.png
hv4_304.png,augment_full,medium,True,127.83162689208984,data/processed/fog_augmented/hv4_304_medium.png
hv4_304.png,augment_full,high,True,128.07162475585938,data/processed/fog_augmented/hv4_304_high.png
hv4_308.png,augment_medium,medium,True,154.7213592529297,data/processed/fog_augmented/hv4_308_medium.png
hv4_34.png,augment_medium,medium,True,153.66619873046875,data/processed/fog_augmented/hv4_34_medium.png
hv50_.png,augment_full,low,True,101.0005874633789,data/processed/fog_augmented/hv50__low.png
hv50_.png,augment_full,medium,True,107.88521575927734,data/processed/fog_augmented/hv50__medium.png
hv50_.png,augment_full,high,False,,
hv50_121.png,augment_medium,medium,True,135.39686584472656,data/processed/fog_augmented/hv50_121_medium.png
hv50_186.png,augment_full,low,True,101.83599853515625,data/processed/fog_augmented/hv50_186_low.png
hv50_186.png,augment_full,medium,True,121.0929183959961,data/processed/fog_augmented/hv50_186_medium.png
hv50_186.png,augment_full,high,False,,
hv50_213.png,augment_full,low,False,,
hv50_213.png,augment_full,medium,True,124.34967041015625,data/processed/fog_augmented/hv50_213_medium.png
hv50_213.png,augment_full,high,False,,
hv50_223.png,augment_full,low,True,101.91184997558594,data/processed/fog_augmented/hv50_223_low.png
hv50_223.png,augment_full,medium,True,117.2445297241211,data/processed/fog_augmented/hv50_223_medium.png
hv50_223.png,augment_full,high,False,,
hv50_230.png,augment_full,low,False,,
hv50_230.png,augment_full,medium,True,125.33563995361328,data/processed/fog_augmented/hv50_230_medium.png
hv50_230.png,augment_full,high,True,129.0522918701172,data/processed/fog_augmented/hv50_230_high.png
hv50_241.png,augment_full,low,True,101.7354736328125,data/processed/fog_augmented/hv50_241_low.png
hv50_241.png,augment_full,medium,True,122.58499908447266,data/processed/fog_augmented/hv50_241_medium.png
hv50_241.png,augment_full,high,False,,
hv50_259.png,augment_full,low,True,101.8051986694336,data/processed/fog_augmented/hv50_259_low.png
hv50_259.png,augment_full,medium,True,123.39996337890625,data/processed/fog_augmented/hv50_259_medium.png
hv50_259.png,augment_full,high,False,,
hv50_26.png,augment_full,low,True,102.03582000732422,data/processed/fog_augmented/hv50_26_low.png
hv50_26.png,augment_full,medium,True,111.48152160644531,data/processed/fog_augmented/hv50_26_medium.png
hv50_26.png,augment_full,high,False,,
hv50_304.png,augment_full,low,True,102.36197662353516,data/processed/fog_augmented/hv50_304_low.png
hv50_304.png,augment_full,medium,True,123.44477844238281,data/processed/fog_augmented/hv50_304_medium.png
hv50_304.png,augment_full,high,False,,
hv50_319.png,augment_full,low,False,,
hv50_319.png,augment_full,medium,True,127.96263122558594,data/processed/fog_augmented/hv50_319_medium.png
hv50_319.png,augment_full,high,True,128.94290161132812,data/processed/fog_augmented/hv50_319_high.png
hv50_348.png,augment_medium,medium,True,138.41061401367188,data/processed/fog_augmented/hv50_348_medium.png
hv50_366.png,augment_medium,medium,True,127.79889678955078,data/processed/fog_augmented/hv50_366_medium.png
hv50_384.png,augment_full,low,False,,
hv50_384.png,augment_full,medium,True,126.21072387695312,data/processed/fog_augmented/hv50_384_medium.png
hv50_384.png,augment_full,high,True,128.482666015625,data/processed/fog_augmented/hv50_384_high.png
hv50_392.png,augment_medium,medium,True,131.25389099121094,data/processed/fog_augmented/hv50_392_medium.png
hv50_408.png,augment_medium,medium,True,133.550537109375,data/processed/fog_augmented/hv50_408_medium.png
hv50_416.png,augment_medium,medium,True,133.9095916748047,data/processed/fog_augmented/hv50_416_medium.png
hv50_446.png,augment_medium,medium,True,129.82566833496094,data/processed/fog_augmented/hv50_446_medium.png
hv50_465.png,augment_medium,medium,True,131.01174926757812,data/processed/fog_augmented/hv50_465_medium.png
hv50_481.png,augment_medium,medium,True,132.2077178955078,data/processed/fog_augmented/hv50_481_medium.png
hv50_493.png,augment_full,low,True,102.52479553222656,data/processed/fog_augmented/hv50_493_low.png
hv50_493.png,augment_full,medium,True,123.2439956665039,data/processed/fog_augmented/hv50_493_medium.png
hv50_493.png,augment_full,high,False,,
hv50_528.png,augment_medium,medium,True,136.5740203857422,data/processed/fog_augmented/hv50_528_medium.png
hv50_57.png,augment_full,low,True,100.9169692993164,data/processed/fog_augmented/hv50_57_low.png
hv50_57.png,augment_full,medium,True,119.44908905029297,data/processed/fog_augmented/hv50_57_medium.png
hv50_57.png,augment_full,high,False,,
hv50_620.png,augment_medium,medium,True,136.84646606445312,data/processed/fog_augmented/hv50_620_medium.png
hv50_639.png,augment_medium,medium,True,132.86375427246094,data/processed/fog_augmented/hv50_639_medium.png
hv50_649.png,augment_full,low,True,100.979248046875,data/processed/fog_augmented/hv50_649_low.png
hv50_649.png,augment_full,medium,True,122.9856185913086,data/processed/fog_augmented/hv50_649_medium.png
hv50_649.png,augment_full,high,False,,
hv50_696.png,augment_full,low,False,,
hv50_696.png,augment_full,medium,True,126.61882781982422,data/processed/fog_augmented/hv50_696_medium.png
hv50_696.png,augment_full,high,True,128.33639526367188,data/processed/fog_augmented/hv50_696_high.png
hv50_718.png,augment_full,low,True,101.9432373046875,data/processed/fog_augmented/hv50_718_low.png
hv50_718.png,augment_full,medium,True,119.68110656738281,data/processed/fog_augmented/hv50_718_medium.png
hv50_718.png,augment_full,high,False,,
hv50_736.png,augment_full,low,False,,
hv50_736.png,augment_full,medium,True,126.73177337646484,data/processed/fog_augmented/hv50_736_medium.png
hv50_736.png,augment_full,high,True,129.2621612548828,data/processed/fog_augmented/hv50_736_high.png
hv50_793.png,augment_full,low,True,101.87625885009766,data/processed/fog_augmented/hv50_793_low.png
hv50_793.png,augment_full,medium,True,124.29025268554688,data/processed/fog_augmented/hv50_793_medium.png
hv50_793.png,augment_full,high,False,,
hv50_81.png,augment_full,low,True,102.51063537597656,data/processed/fog_augmented/hv50_81_low.png
hv50_81.png,augment_full,medium,True,122.87505340576172,data/processed/fog_augmented/hv50_81_medium.png
hv50_81.png,augment_full,high,False,,
hv5_106.png,augment_medium,medium,True,139.47422790527344,data/processed/fog_augmented/hv5_106_medium.png
hv5_136.png,augment_medium,medium,True,143.46029663085938,data/processed/fog_augmented/hv5_136_medium.png
hv5_147.png,augment_medium,medium,True,144.1540069580078,data/processed/fog_augmented/hv5_147_medium.png
hv5_22.png,no_augment,,,,
hv5_30.png,no_augment,,,,
hv5_34.png,no_augment,,,,
hv5_50.png,augment_medium,medium,True,137.63912963867188,data/processed/fog_augmented/hv5_50_medium.png
hv5_56.png,augment_medium,medium,True,138.53736877441406,data/processed/fog_augmented/hv5_56_medium.png
hv5_70.png,augment_full,low,True,91.19096374511719,data/processed/fog_augmented/hv5_70_low.png
hv5_70.png,augment_full,medium,False,,
hv5_70.png,augment_full,high,False,,
hv5_75.png,augment_full,low,True,92.03459930419922,data/processed/fog_augmented/hv5_75_low.png
hv5_75.png,augment_full,medium,False,,
hv5_75.png,augment_full,high,False,,
hv5_80.png,augment_full,low,True,96.74229431152344,data/processed/fog_augmented/hv5_80_low.png
hv5_80.png,augment_full,medium,True,108.93722534179688,data/processed/fog_augmented/hv5_80_medium.png
hv5_80.png,augment_full,high,False,,
hv5_86.png,augment_full,low,True,101.5094223022461,data/processed/fog_augmented/hv5_86_low.png
hv5_86.png,augment_full,medium,True,103.86524200439453,data/processed/fog_augmented/hv5_86_medium.png
hv5_86.png,augment_full,high,False,,
hv5_94.png,augment_full,low,True,101.24262237548828,data/processed/fog_augmented/hv5_94_low.png
hv5_94.png,augment_full,medium,False,,
hv5_94.png,augment_full,high,False,,
hv6_100.png,augment_full,low,True,99.10755157470703,data/processed/fog_augmented/hv6_100_low.png
hv6_100.png,augment_full,medium,True,117.80722045898438,data/processed/fog_augmented/hv6_100_medium.png
hv6_100.png,augment_full,high,False,,
hv6_102.png,augment_full,low,True,102.71258544921875,data/processed/fog_augmented/hv6_102_low.png
hv6_102.png,augment_full,medium,True,119.54830169677734,data/processed/fog_augmented/hv6_102_medium.png
hv6_102.png,augment_full,high,False,,
hv6_106.png,augment_medium,medium,True,128.02676391601562,data/processed/fog_augmented/hv6_106_medium.png
hv6_13.png,augment_medium,medium,True,153.35157775878906,data/processed/fog_augmented/hv6_13_medium.png
hv6_133.png,no_augment,,,,
hv6_139.png,no_augment,,,,
hv6_142.png,no_augment,,,,
hv6_144.png,augment_medium,medium,True,144.33584594726562,data/processed/fog_augmented/hv6_144_medium.png
hv6_147.png,augment_medium,medium,True,139.5845489501953,data/processed/fog_augmented/hv6_147_medium.png
hv6_148.png,augment_medium,medium,True,143.87808227539062,data/processed/fog_augmented/hv6_148_medium.png
hv6_152.png,augment_medium,medium,True,141.89105224609375,data/processed/fog_augmented/hv6_152_medium.png
hv6_153.png,augment_medium,medium,True,142.75543212890625,data/processed/fog_augmented/hv6_153_medium.png
hv6_154.png,no_augment,,,,
hv6_16.png,augment_medium,medium,True,150.20877075195312,data/processed/fog_augmented/hv6_16_medium.png
hv6_166.png,augment_full,low,True,99.17904663085938,data/processed/fog_augmented/hv6_166_low.png
hv6_166.png,augment_full,medium,True,102.90043640136719,data/processed/fog_augmented/hv6_166_medium.png
hv6_166.png,augment_full,high,False,,
hv6_20.png,augment_medium,medium,True,150.9002227783203,data/processed/fog_augmented/hv6_20_medium.png
hv6_204.png,augment_full,low,True,101.11554718017578,data/processed/fog_augmented/hv6_204_low.png
hv6_204.png,augment_full,medium,True,118.36195373535156,data/processed/fog_augmented/hv6_204_medium.png
hv6_204.png,augment_full,high,False,,
hv6_208.png,augment_full,low,True,98.27452087402344,data/processed/fog_augmented/hv6_208_low.png
hv6_208.png,augment_full,medium,True,120.28707885742188,data/processed/fog_augmented/hv6_208_medium.png
hv6_208.png,augment_full,high,False,,
hv6_217.png,augment_medium,medium,True,132.5345458984375,data/processed/fog_augmented/hv6_217_medium.png
hv6_218.png,augment_medium,medium,True,134.29397583007812,data/processed/fog_augmented/hv6_218_medium.png
hv6_223.png,augment_medium,medium,True,131.74838256835938,data/processed/fog_augmented/hv6_223_medium.png
hv6_226.png,augment_full,low,False,,
hv6_226.png,augment_full,medium,True,127.8988265991211,data/processed/fog_augmented/hv6_226_medium.png
hv6_226.png,augment_full,high,True,129.0335235595703,data/processed/fog_augmented/hv6_226_high.png
hv6_24.png,augment_medium,medium,True,151.389892578125,data/processed/fog_augmented/hv6_24_medium.png
hv6_9.png,no_augment,,,,
hv6_96.png,augment_full,low,True,93.30442810058594,data/processed/fog_augmented/hv6_96_low.png
hv6_96.png,augment_full,medium,False,,
hv6_96.png,augment_full,high,False,,
hv6_97.png,augment_full,low,True,101.09265899658203,data/processed/fog_augmented/hv6_97_low.png
hv6_97.png,augment_full,medium,True,123.45548248291016,data/processed/fog_augmented/hv6_97_medium.png
hv6_97.png,augment_full,high,False,,
hv7_126.png,augment_medium,medium,True,145.77731323242188,data/processed/fog_augmented/hv7_126_medium.png
hv7_132.png,augment_medium,medium,True,144.03196716308594,data/processed/fog_augmented/hv7_132_medium.png
hv7_138.png,no_augment,,,,
hv7_21.png,augment_medium,medium,True,145.08053588867188,data/processed/fog_augmented/hv7_21_medium.png
hv7_22.png,augment_medium,medium,True,153.9037628173828,data/processed/fog_augmented/hv7_22_medium.png
hv7_27.png,augment_full,low,True,102.0711441040039,data/processed/fog_augmented/hv7_27_low.png
hv7_27.png,augment_full,medium,True,110.98809814453125,data/processed/fog_augmented/hv7_27_medium.png
hv7_27.png,augment_full,high,False,,
hv8_120.png,augment_medium,medium,True,154.9435577392578,data/processed/fog_augmented/hv8_120_medium.png
hv8_128.png,augment_medium,medium,True,133.22573852539062,data/processed/fog_augmented/hv8_128_medium.png
hv8_147.png,augment_medium,medium,True,142.03753662109375,data/processed/fog_augmented/hv8_147_medium.png
hv8_160.png,augment_medium,medium,True,135.7091064453125,data/processed/fog_augmented/hv8_160_medium.png
hv8_169.png,augment_medium,medium,True,135.5215606689453,data/processed/fog_augmented/hv8_169_medium.png
hv8_256.png,no_augment,,,,
hv8_262.png,no_augment,,,,
hv8_325.png,augment_medium,medium,True,149.61354064941406,data/processed/fog_augmented/hv8_325_medium.png
hv8_367.png,augment_medium,medium,True,137.49473571777344,data/processed/fog_augmented/hv8_367_medium.png
hv8_58.png,augment_full,low,True,99.63066864013672,data/processed/fog_augmented/hv8_58_low.png
hv8_58.png,augment_full,medium,True,116.09541320800781,data/processed/fog_augmented/hv8_58_medium.png
hv8_58.png,augment_full,high,False,,
hv8_88.png,augment_full,low,False,,
hv8_88.png,augment_full,medium,True,122.88349914550781,data/processed/fog_augmented/hv8_88_medium.png
hv8_88.png,augment_full,high,True,133.30825805664062,data/processed/fog_augmented/hv8_88_high.png
hv8_99.png,augment_medium,medium,True,151.69329833984375,data/processed/fog_augmented/hv8_99_medium.png
hv9_1.png,no_augment,,,,
hv9_14.png,augment_medium,medium,True,154.5879669189453,data/processed/fog_augmented/hv9_14_medium.png
hv9_182.png,no_augment,,,,
hv9_186.png,no_augment,,,,
hv9_188.png,no_augment,,,,
hv9_198.png,augment_medium,medium,True,150.46624755859375,data/processed/fog_augmented/hv9_198_medium.png
hv9_202.png,augment_medium,medium,True,154.36309814453125,data/processed/fog_augmented/hv9_202_medium.png
hv9_21.png,no_augment,,,,
hv9_215.png,no_augment,,,,
hv9_221.png,no_augment,,,,
hv9_223.png,no_augment,,,,
hv9_36.png,augment_medium,medium,True,141.89715576171875,data/processed/fog_augmented/hv9_36_medium.png
hv9_47.png,augment_medium,medium,True,148.77545166015625,data/processed/fog_augmented/hv9_47_medium.png
