filename,bucket,tier,found,achieved_score,output_path
AM_Bing_211.png,no_augment,,,,
AM_Bing_217.png,augment_medium,medium_dark,True,140.72806362233445,data/processed/lowlight_augmented/AM_Bing_217_medium_dark.png
AM_Bing_222.png,no_augment,,,,
AM_Bing_229.png,no_augment,,,,
AM_Bing_232.png,no_augment,,,,
AM_Bing_242.png,no_augment,,,,
AM_Bing_243.png,augment_medium,medium_dark,True,150.65505154487025,data/processed/lowlight_augmented/AM_Bing_243_medium_dark.png
AM_Bing_274.png,no_augment,,,,
AM_Bing_318.png,no_augment,,,,
AM_Bing_422.png,no_augment,,,,
AM_Bing_464.png,no_augment,,,,
AM_Bing_536.png,augment_medium,medium_dark,True,142.24179009433962,data/processed/lowlight_augmented/AM_Bing_536_medium_dark.png
AM_Bing_640.png,no_augment,,,,
AM_Bing_727.png,augment_medium,medium_dark,True,145.47877926055568,data/processed/lowlight_augmented/AM_Bing_727_medium_dark.png
AM_Google_019.png,augment_medium,medium_dark,False,,
AM_Google_035.png,no_augment,,,,
AM_Google_067.png,no_augment,,,,
AM_Google_10.png,augment_medium,medium_dark,True,135.35151802960976,data/processed/lowlight_augmented/AM_Google_10_medium_dark.png
AM_Google_228.png,augment_medium,medium_dark,True,149.35085931002791,data/processed/lowlight_augmented/AM_Google_228_medium_dark.png
AM_Google_244.png,no_augment,,,,
AM_Google_246.png,no_augment,,,,
AM_Google_250.png,augment_medium,medium_dark,False,,
AM_Google_289.png,no_augment,,,,
AM_Google_309.png,augment_medium,medium_dark,True,150.60801555993865,data/processed/lowlight_augmented/AM_Google_309_medium_dark.png
AM_Google_320.png,no_augment,,,,
AM_Google_359.png,augment_medium,medium_dark,True,151.77020940906482,data/processed/lowlight_augmented/AM_Google_359_medium_dark.png
AM_Google_411.png,no_augment,,,,
AM_Google_494.png,no_augment,,,,
AM_Google_525.png,no_augment,,,,
AM_Google_617.png,no_augment,,,,
AM_Google_707.png,augment_medium,medium_dark,True,156.69514806181473,data/processed/lowlight_augmented/AM_Google_707_medium_dark.png
AM_Google_711.png,no_augment,,,,
AM_Google_754.png,augment_medium,medium_dark,True,143.22208728383225,data/processed/lowlight_augmented/AM_Google_754_medium_dark.png
AM_Google_768.png,augment_medium,medium_dark,False,,
AM_Google_796.png,no_augment,,,,
AM_Google_869.png,no_augment,,,,
BD_Baidu_000.png,no_augment,,,,
BD_Baidu_007.png,augment_medium,medium_dark,False,,
BD_Baidu_018.png,augment_medium,medium_dark,True,144.9122844490753,data/processed/lowlight_augmented/BD_Baidu_018_medium_dark.png
BD_Baidu_022.png,no_augment,,,,
BD_Baidu_023.png,augment_medium,medium_dark,True,146.96789873287847,data/processed/lowlight_augmented/BD_Baidu_023_medium_dark.png
BD_Baidu_031.png,no_augment,,,,
BD_Baidu_038.png,no_augment,,,,
BD_Baidu_039.png,no_augment,,,,
BD_Baidu_042.png,augment_medium,medium_dark,False,,
BD_Baidu_045.png,no_augment,,,,
BD_Baidu_046.png,augment_medium,medium_dark,True,139.2860157790927,data/processed/lowlight_augmented/BD_Baidu_046_medium_dark.png
BD_Baidu_050.png,augment_medium,medium_dark,True,141.99902017140468,data/processed/lowlight_augmented/BD_Baidu_050_medium_dark.png
BD_Baidu_058.png,no_augment,,,,
BD_Baidu_059.png,no_augment,,,,
BD_Baidu_062.png,no_augment,,,,
BD_Baidu_065.png,no_augment,,,,
BD_Baidu_074.png,augment_medium,medium_dark,True,138.4008740601504,data/processed/lowlight_augmented/BD_Baidu_074_medium_dark.png
BD_Baidu_076.png,augment_medium,medium_dark,True,144.6144934640523,data/processed/lowlight_augmented/BD_Baidu_076_medium_dark.png
BD_Baidu_078.png,no_augment,,,,
BD_Baidu_08.png,no_augment,,,,
BD_Baidu_081.png,no_augment,,,,
BD_Baidu_084.png,no_augment,,,,
BD_Baidu_087.png,no_augment,,,,
BD_Baidu_088.png,augment_medium,medium_dark,True,149.49925741399764,data/processed/lowlight_augmented/BD_Baidu_088_medium_dark.png
BD_Baidu_095.png,no_augment,,,,
BD_Baidu_097.png,no_augment,,,,
BD_Baidu_10.png,no_augment,,,,
BD_Baidu_102.png,no_augment,,,,
BD_Baidu_104.png,no_augment,,,,
BD_Baidu_105.png,no_augment,,,,
BD_Baidu_116.png,no_augment,,,,
BD_Baidu_117.png,augment_medium,medium_dark,True,143.48420312140095,data/processed/lowlight_augmented/BD_Baidu_117_medium_dark.png
BD_Baidu_129.png,augment_medium,medium_dark,True,140.9889418742586,data/processed/lowlight_augmented/BD_Baidu_129_medium_dark.png
BD_Baidu_133.png,augment_medium,medium_dark,True,149.68215613382898,data/processed/lowlight_augmented/BD_Baidu_133_medium_dark.png
BD_Baidu_134.png,augment_medium,medium_dark,True,149.80076666666668,data/processed/lowlight_augmented/BD_Baidu_134_medium_dark.png
BD_Baidu_137.png,no_augment,,,,
BD_Baidu_142.png,augment_medium,medium_dark,True,135.57920284697508,data/processed/lowlight_augmented/BD_Baidu_142_medium_dark.png
BD_Baidu_143.png,augment_medium,medium_dark,True,139.2995939878977,data/processed/lowlight_augmented/BD_Baidu_143_medium_dark.png
BD_Baidu_145.png,augment_medium,medium_dark,True,134.510702247191,data/processed/lowlight_augmented/BD_Baidu_145_medium_dark.png
BD_Baidu_166.png,no_augment,,,,
BD_Baidu_174.png,no_augment,,,,
BD_Baidu_18.png,no_augment,,,,
BD_Baidu_195.png,augment_medium,medium_dark,True,134.69783301791895,data/processed/lowlight_augmented/BD_Baidu_195_medium_dark.png
BD_Baidu_196.png,augment_medium,medium_dark,True,141.30966562173458,data/processed/lowlight_augmented/BD_Baidu_196_medium_dark.png
BD_Baidu_199.png,no_augment,,,,
BD_Baidu_200.png,no_augment,,,,
BD_Baidu_201.png,augment_medium,medium_dark,False,,
BD_Baidu_208.png,no_augment,,,,
BD_Baidu_209.png,augment_medium,medium_dark,True,151.4420941118502,data/processed/lowlight_augmented/BD_Baidu_209_medium_dark.png
BD_Baidu_211.png,no_augment,,,,
BD_Baidu_216.png,no_augment,,,,
BD_Baidu_222.png,no_augment,,,,
BD_Baidu_224.png,augment_medium,medium_dark,True,153.77417838714732,data/processed/lowlight_augmented/BD_Baidu_224_medium_dark.png
BD_Baidu_247.png,no_augment,,,,
BD_Baidu_249.png,no_augment,,,,
BD_Baidu_250.png,augment_medium,medium_dark,True,139.19090853658537,data/processed/lowlight_augmented/BD_Baidu_250_medium_dark.png
BD_Baidu_254.png,no_augment,,,,
BD_Baidu_256.png,no_augment,,,,
BD_Baidu_277.png,augment_medium,medium_dark,True,134.55272206303724,data/processed/lowlight_augmented/BD_Baidu_277_medium_dark.png
BD_Baidu_281.png,no_augment,,,,
BD_Baidu_284.png,augment_medium,medium_dark,False,,
BD_Baidu_285.png,no_augment,,,,
BD_Baidu_29.png,no_augment,,,,
BD_Baidu_291.png,no_augment,,,,
BD_Baidu_299.png,no_augment,,,,
BD_Baidu_306.png,no_augment,,,,
BD_Baidu_322.png,no_augment,,,,
BD_Baidu_332.png,no_augment,,,,
BD_Baidu_338.png,augment_medium,medium_dark,True,148.7965829880575,data/processed/lowlight_augmented/BD_Baidu_338_medium_dark.png
BD_Baidu_347.png,augment_medium,medium_dark,True,144.16838345864662,data/processed/lowlight_augmented/BD_Baidu_347_medium_dark.png
BD_Baidu_355.png,augment_medium,medium_dark,True,147.1615464010052,data/processed/lowlight_augmented/BD_Baidu_355_medium_dark.png
BD_Baidu_375.png,augment_medium,medium_dark,True,145.44121227364184,data/processed/lowlight_augmented/BD_Baidu_375_medium_dark.png
BD_Baidu_383.png,no_augment,,,,
BD_Baidu_385.png,augment_medium,medium_dark,True,137.1167978171645,data/processed/lowlight_augmented/BD_Baidu_385_medium_dark.png
BD_Baidu_388.png,augment_medium,medium_dark,True,149.82973958333332,data/processed/lowlight_augmented/BD_Baidu_388_medium_dark.png
BD_Baidu_389.png,no_augment,,,,
BD_Baidu_391.png,no_augment,,,,
BD_Baidu_397.png,no_augment,,,,
BD_Baidu_410.png,no_augment,,,,
BD_Baidu_424.png,no_augment,,,,
BD_Baidu_428.png,augment_medium,medium_dark,True,156.22322984749457,data/processed/lowlight_augmented/BD_Baidu_428_medium_dark.png
BD_Baidu_451.png,no_augment,,,,
BD_Baidu_461.png,no_augment,,,,
BD_Baidu_464.png,augment_medium,medium_dark,True,135.28167897893167,data/processed/lowlight_augmented/BD_Baidu_464_medium_dark.png
BD_Baidu_476.png,augment_medium,medium_dark,True,134.65482741617356,data/processed/lowlight_augmented/BD_Baidu_476_medium_dark.png
BD_Baidu_481.png,no_augment,,,,
BD_Baidu_486.png,no_augment,,,,
BD_Bing_013.png,augment_medium,medium_dark,True,149.3606331687482,data/processed/lowlight_augmented/BD_Bing_013_medium_dark.png
BD_Bing_04.png,augment_medium,medium_dark,False,,
BD_Bing_042.png,no_augment,,,,
BD_Bing_068.png,no_augment,,,,
BD_Bing_080.png,no_augment,,,,
BD_Bing_084.png,augment_medium,medium_dark,True,156.5038962266699,data/processed/lowlight_augmented/BD_Bing_084_medium_dark.png
BD_Bing_091.png,augment_medium,medium_dark,True,154.53929328263624,data/processed/lowlight_augmented/BD_Bing_091_medium_dark.png
BD_Bing_096.png,augment_medium,medium_dark,True,137.38318951930654,data/processed/lowlight_augmented/BD_Bing_096_medium_dark.png
BD_Bing_097.png,no_augment,,,,
BD_Bing_18.png,augment_medium,medium_dark,True,150.01952866410699,data/processed/lowlight_augmented/BD_Bing_18_medium_dark.png
BD_Bing_195.png,augment_medium,medium_dark,False,,
BD_Bing_216.png,no_augment,,,,
BD_Bing_23.png,no_augment,,,,
BD_Bing_231.png,no_augment,,,,
BD_Bing_232.png,augment_medium,medium_dark,False,,
BD_Bing_237.png,augment_medium,medium_dark,True,137.4516122901489,data/processed/lowlight_augmented/BD_Bing_237_medium_dark.png
BD_Bing_26.png,augment_medium,medium_dark,True,147.02519193523665,data/processed/lowlight_augmented/BD_Bing_26_medium_dark.png
BD_Bing_302.png,augment_medium,medium_dark,True,147.89733069698468,data/processed/lowlight_augmented/BD_Bing_302_medium_dark.png
BD_Bing_303.png,augment_medium,medium_dark,True,140.94660130718955,data/processed/lowlight_augmented/BD_Bing_303_medium_dark.png
BD_Bing_308.png,augment_medium,medium_dark,False,,
BD_Bing_331.png,no_augment,,,,
BD_Bing_358.png,no_augment,,,,
BD_Bing_393.png,augment_medium,medium_dark,True,144.61746987951807,data/processed/lowlight_augmented/BD_Bing_393_medium_dark.png
BD_Bing_420.png,no_augment,,,,
BD_Bing_423.png,augment_medium,medium_dark,True,154.3581357234315,data/processed/lowlight_augmented/BD_Bing_423_medium_dark.png
BD_Bing_463.png,augment_medium,medium_dark,True,141.57654829545456,data/processed/lowlight_augmented/BD_Bing_463_medium_dark.png
BD_Bing_479.png,no_augment,,,,
BD_Bing_484.png,no_augment,,,,
BD_Bing_49.png,no_augment,,,,
BD_Bing_515.png,no_augment,,,,
BD_Bing_549.png,no_augment,,,,
BD_Bing_606.png,no_augment,,,,
BD_Bing_609.png,no_augment,,,,
BD_Bing_634.png,no_augment,,,,
BD_Bing_643.png,no_augment,,,,
BD_Bing_655.png,no_augment,,,,
BD_Bing_660.png,no_augment,,,,
BD_Bing_664.png,no_augment,,,,
BD_Bing_695.png,augment_medium,medium_dark,True,151.478197945845,data/processed/lowlight_augmented/BD_Bing_695_medium_dark.png
BD_Bing_732.png,augment_medium,medium_dark,True,147.54686354775828,data/processed/lowlight_augmented/BD_Bing_732_medium_dark.png
BD_Bing_74.png,no_augment,,,,
BD_Bing_742.png,augment_medium,medium_dark,True,153.08623533805834,data/processed/lowlight_augmented/BD_Bing_742_medium_dark.png
BD_Bing_763.png,no_augment,,,,
BD_Bing_789.png,no_augment,,,,
BD_Bing_802.png,augment_medium,medium_dark,True,140.67646846846847,data/processed/lowlight_augmented/BD_Bing_802_medium_dark.png
BD_Google_00.png,augment_medium,medium_dark,True,138.93922002635045,data/processed/lowlight_augmented/BD_Google_00_medium_dark.png
BD_Google_054.png,no_augment,,,,
BD_Google_098.png,augment_medium,medium_dark,True,145.7504167397789,data/processed/lowlight_augmented/BD_Google_098_medium_dark.png
BD_Google_126.png,augment_medium,medium_dark,True,148.13878333333332,data/processed/lowlight_augmented/BD_Google_126_medium_dark.png
BD_Google_129.png,no_augment,,,,
BD_Google_249.png,augment_medium,medium_dark,True,141.2732125357076,data/processed/lowlight_augmented/BD_Google_249_medium_dark.png
BD_Google_253.png,no_augment,,,,
BD_Google_329.png,augment_medium,medium_dark,True,135.39267857142858,data/processed/lowlight_augmented/BD_Google_329_medium_dark.png
BD_Google_343.png,augment_medium,medium_dark,True,153.56378759398496,data/processed/lowlight_augmented/BD_Google_343_medium_dark.png
BD_Google_357.png,no_augment,,,,
BD_Google_360.png,no_augment,,,,
BD_Google_368.png,no_augment,,,,
BD_Google_372.png,no_augment,,,,
BD_Google_378.png,no_augment,,,,
BD_Google_380.png,no_augment,,,,
BD_Google_381.png,no_augment,,,,
BD_Google_396.png,no_augment,,,,
BD_Google_397.png,no_augment,,,,
BD_Google_421.png,no_augment,,,,
BD_Google_428.png,no_augment,,,,
BD_Google_435.png,augment_medium,medium_dark,True,139.92783441266693,data/processed/lowlight_augmented/BD_Google_435_medium_dark.png
BD_Google_443.png,no_augment,,,,
BD_Google_466.png,augment_medium,medium_dark,True,154.5522819458233,data/processed/lowlight_augmented/BD_Google_466_medium_dark.png
BD_Google_501.png,augment_medium,medium_dark,True,141.74371648487943,data/processed/lowlight_augmented/BD_Google_501_medium_dark.png
BD_Google_569.png,no_augment,,,,
BD_Google_598.png,no_augment,,,,
BJ_Baidu_015.png,augment_medium,medium_dark,True,147.99146488294315,data/processed/lowlight_augmented/BJ_Baidu_015_medium_dark.png
BJ_Baidu_02.png,no_augment,,,,
BJ_Baidu_029.png,no_augment,,,,
BJ_Baidu_04.png,no_augment,,,,
BJ_Baidu_045.png,augment_medium,medium_dark,True,140.84134649677398,data/processed/lowlight_augmented/BJ_Baidu_045_medium_dark.png
BJ_Baidu_066.png,no_augment,,,,
BJ_Baidu_069.png,no_augment,,,,
BJ_Baidu_071.png,no_augment,,,,
BJ_Baidu_072.png,no_augment,,,,
BJ_Baidu_077.png,no_augment,,,,
BJ_Baidu_080.png,no_augment,,,,
BJ_Baidu_082.png,no_augment,,,,
BJ_Baidu_093.png,no_augment,,,,
BJ_Baidu_095.png,no_augment,,,,
BJ_Baidu_1023.png,no_augment,,,,
BJ_Baidu_1035.png,no_augment,,,,
BJ_Baidu_1039.png,augment_medium,medium_dark,True,145.84380708147748,data/processed/lowlight_augmented/BJ_Baidu_1039_medium_dark.png
BJ_Baidu_1081.png,augment_medium,medium_dark,True,156.10584201765812,data/processed/lowlight_augmented/BJ_Baidu_1081_medium_dark.png
BJ_Baidu_1086.png,no_augment,,,,
BJ_Baidu_1090.png,no_augment,,,,
BJ_Baidu_1099.png,no_augment,,,,
BJ_Baidu_1132.png,no_augment,,,,
BJ_Baidu_1153.png,no_augment,,,,
BJ_Baidu_1158.png,no_augment,,,,
BJ_Baidu_1167.png,augment_medium,medium_dark,True,138.90559094125973,data/processed/lowlight_augmented/BJ_Baidu_1167_medium_dark.png
BJ_Baidu_1168.png,no_augment,,,,
BJ_Baidu_1170.png,no_augment,,,,
BJ_Baidu_118.png,no_augment,,,,
BJ_Baidu_1184.png,no_augment,,,,
BJ_Baidu_1191.png,augment_medium,medium_dark,True,136.44090422180213,data/processed/lowlight_augmented/BJ_Baidu_1191_medium_dark.png
BJ_Baidu_1194.png,augment_medium,medium_dark,True,157.45957357357358,data/processed/lowlight_augmented/BJ_Baidu_1194_medium_dark.png
BJ_Baidu_1202.png,no_augment,,,,
BJ_Baidu_1213.png,no_augment,,,,
BJ_Baidu_126.png,no_augment,,,,
BJ_Baidu_1269.png,no_augment,,,,
BJ_Baidu_132.png,augment_medium,medium_dark,True,155.88885467980296,data/processed/lowlight_augmented/BJ_Baidu_132_medium_dark.png
BJ_Baidu_138.png,no_augment,,,,
BJ_Baidu_144.png,augment_medium,medium_dark,True,157.3385979894593,data/processed/lowlight_augmented/BJ_Baidu_144_medium_dark.png
BJ_Baidu_153.png,no_augment,,,,
BJ_Baidu_156.png,no_augment,,,,
BJ_Baidu_157.png,no_augment,,,,
BJ_Baidu_164.png,no_augment,,,,
BJ_Baidu_165.png,no_augment,,,,
BJ_Baidu_168.png,no_augment,,,,
BJ_Baidu_171.png,no_augment,,,,
BJ_Baidu_173.png,no_augment,,,,
BJ_Baidu_181.png,no_augment,,,,
BJ_Baidu_183.png,augment_medium,medium_dark,False,,
BJ_Baidu_192.png,no_augment,,,,
BJ_Baidu_199.png,no_augment,,,,
BJ_Baidu_202.png,augment_medium,medium_dark,True,143.01340815061045,data/processed/lowlight_augmented/BJ_Baidu_202_medium_dark.png
BJ_Baidu_207.png,no_augment,,,,
BJ_Baidu_21.png,no_augment,,,,
BJ_Baidu_212.png,no_augment,,,,
BJ_Baidu_217.png,no_augment,,,,
BJ_Baidu_220.png,no_augment,,,,
BJ_Baidu_221.png,no_augment,,,,
BJ_Baidu_232.png,augment_medium,medium_dark,True,138.93352096659558,data/processed/lowlight_augmented/BJ_Baidu_232_medium_dark.png
BJ_Baidu_248.png,no_augment,,,,
BJ_Baidu_260.png,no_augment,,,,
BJ_Baidu_275.png,no_augment,,,,
BJ_Baidu_279.png,no_augment,,,,
BJ_Baidu_284.png,no_augment,,,,
BJ_Baidu_287.png,no_augment,,,,
BJ_Baidu_290.png,augment_medium,medium_dark,True,136.46404559019163,data/processed/lowlight_augmented/BJ_Baidu_290_medium_dark.png
BJ_Baidu_309.png,augment_medium,medium_dark,False,,
BJ_Baidu_320.png,no_augment,,,,
BJ_Baidu_333.png,no_augment,,,,
BJ_Baidu_363.png,no_augment,,,,
BJ_Baidu_384.png,no_augment,,,,
BJ_Baidu_40.png,no_augment,,,,
BJ_Baidu_41.png,no_augment,,,,
BJ_Baidu_421.png,no_augment,,,,
BJ_Baidu_427.png,augment_medium,medium_dark,False,,
BJ_Baidu_443.png,no_augment,,,,
BJ_Baidu_447.png,augment_medium,medium_dark,True,135.35301163586584,data/processed/lowlight_augmented/BJ_Baidu_447_medium_dark.png
BJ_Baidu_450.png,augment_medium,medium_dark,True,140.7670404062635,data/processed/lowlight_augmented/BJ_Baidu_450_medium_dark.png
BJ_Baidu_459.png,no_augment,,,,
BJ_Baidu_474.png,augment_medium,medium_dark,False,,
BJ_Baidu_476.png,augment_medium,medium_dark,True,139.02553509310417,data/processed/lowlight_augmented/BJ_Baidu_476_medium_dark.png
BJ_Baidu_478.png,no_augment,,,,
BJ_Baidu_485.png,no_augment,,,,
BJ_Baidu_487.png,no_augment,,,,
BJ_Baidu_491.png,no_augment,,,,
BJ_Baidu_512.png,no_augment,,,,
BJ_Baidu_528.png,augment_medium,medium_dark,True,143.94381922675026,data/processed/lowlight_augmented/BJ_Baidu_528_medium_dark.png
BJ_Baidu_535.png,augment_medium,medium_dark,True,144.3231539409042,data/processed/lowlight_augmented/BJ_Baidu_535_medium_dark.png
BJ_Baidu_536.png,no_augment,,,,
BJ_Baidu_559.png,no_augment,,,,
BJ_Baidu_571.png,no_augment,,,,
BJ_Baidu_575.png,augment_medium,medium_dark,True,148.74266429350345,data/processed/lowlight_augmented/BJ_Baidu_575_medium_dark.png
BJ_Baidu_576.png,augment_medium,medium_dark,True,138.17939551767677,data/processed/lowlight_augmented/BJ_Baidu_576_medium_dark.png
BJ_Baidu_589.png,augment_medium,medium_dark,True,152.3584610753485,data/processed/lowlight_augmented/BJ_Baidu_589_medium_dark.png
BJ_Baidu_590.png,no_augment,,,,
BJ_Baidu_597.png,no_augment,,,,
BJ_Baidu_613.png,augment_medium,medium_dark,True,142.59391452991454,data/processed/lowlight_augmented/BJ_Baidu_613_medium_dark.png
BJ_Baidu_633.png,no_augment,,,,
BJ_Baidu_653.png,no_augment,,,,
BJ_Baidu_657.png,no_augment,,,,
BJ_Baidu_672.png,no_augment,,,,
BJ_Baidu_683.png,augment_medium,medium_dark,True,135.03331400966184,data/processed/lowlight_augmented/BJ_Baidu_683_medium_dark.png
BJ_Baidu_684.png,no_augment,,,,
BJ_Baidu_698.png,no_augment,,,,
BJ_Baidu_704.png,no_augment,,,,
BJ_Baidu_719.png,augment_medium,medium_dark,True,134.42136258015827,data/processed/lowlight_augmented/BJ_Baidu_719_medium_dark.png
BJ_Baidu_720.png,no_augment,,,,
BJ_Baidu_748.png,no_augment,,,,
BJ_Baidu_754.png,no_augment,,,,
BJ_Baidu_773.png,no_augment,,,,
BJ_Baidu_78.png,augment_medium,medium_dark,True,153.624697646064,data/processed/lowlight_augmented/BJ_Baidu_78_medium_dark.png
BJ_Baidu_800.png,augment_medium,medium_dark,False,,
BJ_Baidu_831.png,no_augment,,,,
BJ_Baidu_832.png,no_augment,,,,
BJ_Baidu_842.png,augment_medium,medium_dark,True,139.307077294686,data/processed/lowlight_augmented/BJ_Baidu_842_medium_dark.png
BJ_Baidu_873.png,no_augment,,,,
BJ_Baidu_891.png,no_augment,,,,
BJ_Baidu_903.png,no_augment,,,,
BJ_Baidu_904.png,no_augment,,,,
BJ_Baidu_909.png,no_augment,,,,
BJ_Baidu_917.png,no_augment,,,,
BJ_Baidu_960.png,augment_medium,medium_dark,True,137.75143817587923,data/processed/lowlight_augmented/BJ_Baidu_960_medium_dark.png
BJ_Baidu_966.png,no_augment,,,,
BJ_Baidu_972.png,no_augment,,,,
BJ_Baidu_996.png,no_augment,,,,
BJ_Bing_014.png,augment_medium,medium_dark,True,145.58844059626887,data/processed/lowlight_augmented/BJ_Bing_014_medium_dark.png
BJ_Bing_031.png,no_augment,,,,
BJ_Bing_059.png,no_augment,,,,
BJ_Bing_060.png,no_augment,,,,
BJ_Bing_064.png,no_augment,,,,
BJ_Bing_066.png,no_augment,,,,
BJ_Bing_076.png,no_augment,,,,
BJ_Bing_082.png,no_augment,,,,
BJ_Bing_085.png,augment_medium,medium_dark,True,142.29270576719145,data/processed/lowlight_augmented/BJ_Bing_085_medium_dark.png
BJ_Bing_087.png,no_augment,,,,
BJ_Bing_102.png,no_augment,,,,
BJ_Bing_104.png,no_augment,,,,
BJ_Bing_105.png,no_augment,,,,
BJ_Bing_116.png,no_augment,,,,
BJ_Bing_124.png,no_augment,,,,
BJ_Bing_131.png,no_augment,,,,
BJ_Bing_134.png,augment_medium,medium_dark,True,153.60222862632085,data/processed/lowlight_augmented/BJ_Bing_134_medium_dark.png
BJ_Bing_137.png,no_augment,,,,
BJ_Bing_145.png,no_augment,,,,
BJ_Bing_150.png,no_augment,,,,
BJ_Bing_157.png,no_augment,,,,
BJ_Bing_164.png,augment_medium,medium_dark,False,,
BJ_Bing_174.png,no_augment,,,,
BJ_Bing_185.png,no_augment,,,,
BJ_Bing_190.png,no_augment,,,,
BJ_Bing_192.png,no_augment,,,,
BJ_Bing_195.png,no_augment,,,,
BJ_Bing_206.png,augment_medium,medium_dark,False,,
BJ_Bing_213.png,no_augment,,,,
BJ_Bing_214.png,no_augment,,,,
BJ_Bing_217.png,no_augment,,,,
BJ_Bing_224.png,augment_medium,medium_dark,True,152.29451746800416,data/processed/lowlight_augmented/BJ_Bing_224_medium_dark.png
BJ_Bing_236.png,no_augment,,,,
BJ_Bing_261.png,no_augment,,,,
BJ_Bing_266.png,no_augment,,,,
BJ_Bing_271.png,augment_medium,medium_dark,True,144.5165311425937,data/processed/lowlight_augmented/BJ_Bing_271_medium_dark.png
BJ_Bing_272.png,no_augment,,,,
BJ_Bing_284.png,augment_medium,medium_dark,True,150.7457683686177,data/processed/lowlight_augmented/BJ_Bing_284_medium_dark.png
BJ_Bing_319.png,no_augment,,,,
BJ_Bing_337.png,no_augment,,,,
BJ_Bing_344.png,augment_medium,medium_dark,True,154.48124760994264,data/processed/lowlight_augmented/BJ_Bing_344_medium_dark.png
BJ_Bing_381.png,no_augment,,,,
BJ_Bing_385.png,no_augment,,,,
BJ_Bing_392.png,augment_medium,medium_dark,True,134.47860551694092,data/processed/lowlight_augmented/BJ_Bing_392_medium_dark.png
BJ_Bing_406.png,no_augment,,,,
BJ_Bing_418.png,no_augment,,,,
BJ_Bing_419.png,augment_medium,medium_dark,False,,
BJ_Bing_427.png,augment_medium,medium_dark,True,139.19338356032068,data/processed/lowlight_augmented/BJ_Bing_427_medium_dark.png
BJ_Bing_429.png,no_augment,,,,
BJ_Bing_433.png,no_augment,,,,
BJ_Bing_446.png,no_augment,,,,
BJ_Bing_455.png,augment_medium,medium_dark,True,142.14177005754638,data/processed/lowlight_augmented/BJ_Bing_455_medium_dark.png
BJ_Bing_461.png,no_augment,,,,
BJ_Bing_471.png,no_augment,,,,
BJ_Bing_485.png,no_augment,,,,
BJ_Bing_494.png,no_augment,,,,
BJ_Bing_499.png,no_augment,,,,
BJ_Bing_504.png,augment_medium,medium_dark,True,146.61094254632874,data/processed/lowlight_augmented/BJ_Bing_504_medium_dark.png
BJ_Bing_507.png,no_augment,,,,
BJ_Bing_523.png,no_augment,,,,
BJ_Bing_529.png,no_augment,,,,
BJ_Bing_544.png,augment_medium,medium_dark,True,144.8353445945946,data/processed/lowlight_augmented/BJ_Bing_544_medium_dark.png
BJ_Bing_575.png,augment_medium,medium_dark,True,154.2495072217502,data/processed/lowlight_augmented/BJ_Bing_575_medium_dark.png
BJ_Bing_576.png,augment_medium,medium_dark,True,137.06405331962398,data/processed/lowlight_augmented/BJ_Bing_576_medium_dark.png
BJ_Bing_607.png,augment_medium,medium_dark,True,137.00710144927535,data/processed/lowlight_augmented/BJ_Bing_607_medium_dark.png
BJ_Bing_613.png,no_augment,,,,
BJ_Bing_617.png,no_augment,,,,
BJ_Bing_630.png,augment_medium,medium_dark,True,140.54740703556396,data/processed/lowlight_augmented/BJ_Bing_630_medium_dark.png
BJ_Bing_651.png,augment_medium,medium_dark,True,137.13447260905855,data/processed/lowlight_augmented/BJ_Bing_651_medium_dark.png
BJ_Bing_660.png,augment_medium,medium_dark,True,152.86997216146352,data/processed/lowlight_augmented/BJ_Bing_660_medium_dark.png
BJ_Bing_669.png,no_augment,,,,
BJ_Bing_672.png,augment_medium,medium_dark,True,140.8554114114114,data/processed/lowlight_augmented/BJ_Bing_672_medium_dark.png
BJ_Bing_682.png,augment_medium,medium_dark,True,137.58084724016044,data/processed/lowlight_augmented/BJ_Bing_682_medium_dark.png
BJ_Bing_696.png,no_augment,,,,
BJ_Bing_698.png,no_augment,,,,
BJ_Bing_699.png,no_augment,,,,
BJ_Bing_701.png,no_augment,,,,
BJ_Bing_706.png,no_augment,,,,
BJ_Bing_718.png,augment_medium,medium_dark,True,141.14900776053216,data/processed/lowlight_augmented/BJ_Bing_718_medium_dark.png
BJ_Bing_719.png,no_augment,,,,
BJ_Bing_727.png,no_augment,,,,
BJ_Bing_738.png,no_augment,,,,
BJ_Bing_759.png,augment_medium,medium_dark,True,141.89974662162163,data/processed/lowlight_augmented/BJ_Bing_759_medium_dark.png
BJ_Bing_760.png,no_augment,,,,
BJ_Google_002.png,no_augment,,,,
BJ_Google_014.png,augment_medium,medium_dark,False,,
BJ_Google_022.png,no_augment,,,,
BJ_Google_024.png,augment_medium,medium_dark,True,135.19393413173654,data/processed/lowlight_augmented/BJ_Google_024_medium_dark.png
BJ_Google_038.png,no_augment,,,,
BJ_Google_053.png,no_augment,,,,
BJ_Google_087.png,no_augment,,,,
BJ_Google_088.png,augment_medium,medium_dark,True,154.94596623607526,data/processed/lowlight_augmented/BJ_Google_088_medium_dark.png
BJ_Google_093.png,no_augment,,,,
BJ_Google_098.png,no_augment,,,,
BJ_Google_116.png,augment_medium,medium_dark,True,147.04593585670955,data/processed/lowlight_augmented/BJ_Google_116_medium_dark.png
BJ_Google_132.png,no_augment,,,,
BJ_Google_144.png,augment_medium,medium_dark,True,150.61734287987272,data/processed/lowlight_augmented/BJ_Google_144_medium_dark.png
BJ_Google_15.png,augment_medium,medium_dark,True,142.02705570291778,data/processed/lowlight_augmented/BJ_Google_15_medium_dark.png
BJ_Google_162.png,no_augment,,,,
BJ_Google_165.png,augment_medium,medium_dark,True,136.49485810324128,data/processed/lowlight_augmented/BJ_Google_165_medium_dark.png
BJ_Google_166.png,no_augment,,,,
BJ_Google_172.png,no_augment,,,,
BJ_Google_178.png,no_augment,,,,
BJ_Google_19.png,no_augment,,,,
BJ_Google_203.png,no_augment,,,,
BJ_Google_211.png,augment_medium,medium_dark,True,150.07725563909776,data/processed/lowlight_augmented/BJ_Google_211_medium_dark.png
BJ_Google_216.png,no_augment,,,,
BJ_Google_22.png,no_augment,,,,
BJ_Google_222.png,augment_medium,medium_dark,True,139.5474884630244,data/processed/lowlight_augmented/BJ_Google_222_medium_dark.png
BJ_Google_24.png,augment_medium,medium_dark,False,,
BJ_Google_254.png,augment_medium,medium_dark,True,144.27879178405163,data/processed/lowlight_augmented/BJ_Google_254_medium_dark.png
BJ_Google_261.png,no_augment,,,,
BJ_Google_269.png,augment_medium,medium_dark,True,147.8698037676609,data/processed/lowlight_augmented/BJ_Google_269_medium_dark.png
BJ_Google_274.png,no_augment,,,,
BJ_Google_282.png,augment_medium,medium_dark,True,146.54704508856682,data/processed/lowlight_augmented/BJ_Google_282_medium_dark.png
BJ_Google_287.png,augment_medium,medium_dark,False,,
BJ_Google_288.png,augment_medium,medium_dark,True,136.02598672652744,data/processed/lowlight_augmented/BJ_Google_288_medium_dark.png
BJ_Google_293.png,no_augment,,,,
BJ_Google_296.png,augment_medium,medium_dark,True,144.606385486746,data/processed/lowlight_augmented/BJ_Google_296_medium_dark.png
BJ_Google_303.png,augment_medium,medium_dark,True,144.39175969698695,data/processed/lowlight_augmented/BJ_Google_303_medium_dark.png
BJ_Google_309.png,no_augment,,,,
BJ_Google_310.png,no_augment,,,,
BJ_Google_326.png,no_augment,,,,
BJ_Google_33.png,no_augment,,,,
BJ_Google_331.png,augment_medium,medium_dark,True,150.97152435167615,data/processed/lowlight_augmented/BJ_Google_331_medium_dark.png
BJ_Google_334.png,no_augment,,,,
BJ_Google_342.png,augment_medium,medium_dark,True,145.1989196258031,data/processed/lowlight_augmented/BJ_Google_342_medium_dark.png
BJ_Google_347.png,no_augment,,,,
BJ_Google_357.png,augment_medium,medium_dark,True,145.60874515648285,data/processed/lowlight_augmented/BJ_Google_357_medium_dark.png
BJ_Google_359.png,no_augment,,,,
BJ_Google_374.png,no_augment,,,,
BJ_Google_389.png,augment_medium,medium_dark,False,,
BJ_Google_400.png,no_augment,,,,
BJ_Google_401.png,no_augment,,,,
BJ_Google_408.png,augment_medium,medium_dark,True,153.1285,data/processed/lowlight_augmented/BJ_Google_408_medium_dark.png
BJ_Google_409.png,augment_medium,medium_dark,True,157.45345864661655,data/processed/lowlight_augmented/BJ_Google_409_medium_dark.png
BJ_Google_412.png,augment_medium,medium_dark,False,,
BJ_Google_418.png,no_augment,,,,
BJ_Google_429.png,no_augment,,,,
BJ_Google_436.png,augment_medium,medium_dark,True,149.871557682084,data/processed/lowlight_augmented/BJ_Google_436_medium_dark.png
BJ_Google_44.png,augment_medium,medium_dark,True,141.5974331550802,data/processed/lowlight_augmented/BJ_Google_44_medium_dark.png
BJ_Google_446.png,no_augment,,,,
BJ_Google_447.png,no_augment,,,,
BJ_Google_454.png,no_augment,,,,
BJ_Google_455.png,augment_medium,medium_dark,True,141.90369864453083,data/processed/lowlight_augmented/BJ_Google_455_medium_dark.png
BJ_Google_457.png,no_augment,,,,
BJ_Google_460.png,augment_medium,medium_dark,True,137.02182075015799,data/processed/lowlight_augmented/BJ_Google_460_medium_dark.png
BJ_Google_471.png,augment_medium,medium_dark,True,149.384096476352,data/processed/lowlight_augmented/BJ_Google_471_medium_dark.png
BJ_Google_472.png,no_augment,,,,
BJ_Google_478.png,no_augment,,,,
BJ_Google_49.png,augment_medium,medium_dark,True,151.45794510198942,data/processed/lowlight_augmented/BJ_Google_49_medium_dark.png
BJ_Google_500.png,no_augment,,,,
BJ_Google_508.png,no_augment,,,,
BJ_Google_515.png,augment_medium,medium_dark,True,136.2283550295858,data/processed/lowlight_augmented/BJ_Google_515_medium_dark.png
BJ_Google_522.png,no_augment,,,,
BJ_Google_525.png,no_augment,,,,
BJ_Google_535.png,no_augment,,,,
BJ_Google_551.png,no_augment,,,,
BJ_Google_560.png,no_augment,,,,
BJ_Google_567.png,no_augment,,,,
BJ_Google_571.png,no_augment,,,,
BJ_Google_576.png,no_augment,,,,
BJ_Google_579.png,augment_medium,medium_dark,True,137.41751353692874,data/processed/lowlight_augmented/BJ_Google_579_medium_dark.png
BJ_Google_593.png,no_augment,,,,
BJ_Google_595.png,no_augment,,,,
BJ_Google_603.png,augment_medium,medium_dark,True,139.8626106672425,data/processed/lowlight_augmented/BJ_Google_603_medium_dark.png
BJ_Google_605.png,no_augment,,,,
BJ_Google_608.png,no_augment,,,,
BJ_Google_613.png,no_augment,,,,
BJ_Google_620.png,augment_medium,medium_dark,True,144.93140350877192,data/processed/lowlight_augmented/BJ_Google_620_medium_dark.png
BJ_Google_631.png,augment_medium,medium_dark,True,144.5108790560472,data/processed/lowlight_augmented/BJ_Google_631_medium_dark.png
BJ_Google_635.png,augment_medium,medium_dark,True,149.44696531791908,data/processed/lowlight_augmented/BJ_Google_635_medium_dark.png
BJ_Google_637.png,augment_medium,medium_dark,True,134.7478142926256,data/processed/lowlight_augmented/BJ_Google_637_medium_dark.png
BL_Baidu_068.png,no_augment,,,,
BL_Baidu_069.png,augment_medium,medium_dark,False,,
BL_Baidu_070.png,no_augment,,,,
BL_Baidu_074.png,augment_medium,medium_dark,True,143.11216223404256,data/processed/lowlight_augmented/BL_Baidu_074_medium_dark.png
BL_Baidu_084.png,augment_medium,medium_dark,False,,
BL_Baidu_087.png,augment_medium,medium_dark,True,156.20026756136923,data/processed/lowlight_augmented/BL_Baidu_087_medium_dark.png
BL_Baidu_102.png,no_augment,,,,
BL_Baidu_103.png,no_augment,,,,
BL_Baidu_129.png,no_augment,,,,
BL_Baidu_134.png,no_augment,,,,
BL_Baidu_176.png,no_augment,,,,
BL_Baidu_213.png,no_augment,,,,
BL_Bing_020.png,augment_medium,medium_dark,True,141.20085041297034,data/processed/lowlight_augmented/BL_Bing_020_medium_dark.png
BL_Bing_075.png,no_augment,,,,
BL_Bing_092.png,no_augment,,,,
BL_Bing_122.png,no_augment,,,,
BL_Bing_126.png,no_augment,,,,
BL_Bing_128.png,no_augment,,,,
BL_Bing_134.png,no_augment,,,,
BL_Bing_186.png,no_augment,,,,
BL_Bing_193.png,no_augment,,,,
BL_Bing_273.png,no_augment,,,,
BL_Bing_314.png,no_augment,,,,
BL_Bing_350.png,no_augment,,,,
BL_Bing_430.png,no_augment,,,,
BL_Bing_446.png,no_augment,,,,
BL_Bing_591.png,no_augment,,,,
BL_Bing_627.png,augment_medium,medium_dark,True,147.93895833333335,data/processed/lowlight_augmented/BL_Bing_627_medium_dark.png
BL_Bing_743.png,no_augment,,,,
BL_Google_047.png,no_augment,,,,
BL_Google_065.png,no_augment,,,,
BL_Google_121.png,no_augment,,,,
BL_Google_127.png,no_augment,,,,
BL_Google_147.png,augment_medium,medium_dark,False,,
BL_Google_173.png,no_augment,,,,
BL_Google_178.png,no_augment,,,,
BL_Google_199.png,no_augment,,,,
BL_Google_256.png,augment_medium,medium_dark,True,152.6485227756492,data/processed/lowlight_augmented/BL_Google_256_medium_dark.png
BL_Google_339.png,no_augment,,,,
BL_Google_433.png,augment_medium,medium_dark,True,141.2401227126153,data/processed/lowlight_augmented/BL_Google_433_medium_dark.png
BL_Google_440.png,no_augment,,,,
BL_Google_463.png,no_augment,,,,
BL_Google_528.png,augment_medium,medium_dark,True,144.42814051522248,data/processed/lowlight_augmented/BL_Google_528_medium_dark.png
CC_Baidu_01.png,no_augment,,,,
CC_Baidu_011.png,no_augment,,,,
CC_Baidu_016.png,no_augment,,,,
CC_Baidu_017.png,augment_medium,medium_dark,True,141.18536862003782,data/processed/lowlight_augmented/CC_Baidu_017_medium_dark.png
CC_Baidu_028.png,no_augment,,,,
CC_Baidu_039.png,no_augment,,,,
CC_Baidu_040.png,no_augment,,,,
CC_Baidu_042.png,augment_medium,medium_dark,True,152.06847874720359,data/processed/lowlight_augmented/CC_Baidu_042_medium_dark.png
CC_Baidu_047.png,no_augment,,,,
CC_Baidu_055.png,augment_medium,medium_dark,False,,
CC_Baidu_066.png,no_augment,,,,
CC_Baidu_075.png,no_augment,,,,
CC_Baidu_081.png,no_augment,,,,
CC_Baidu_083.png,augment_medium,medium_dark,True,151.4506945021383,data/processed/lowlight_augmented/CC_Baidu_083_medium_dark.png
CC_Baidu_086.png,no_augment,,,,
CC_Baidu_091.png,no_augment,,,,
CC_Baidu_095.png,no_augment,,,,
CC_Baidu_102.png,augment_medium,medium_dark,True,152.77530065359477,data/processed/lowlight_augmented/CC_Baidu_102_medium_dark.png
CC_Baidu_108.png,no_augment,,,,
CC_Baidu_11.png,no_augment,,,,
CC_Baidu_117.png,no_augment,,,,
CC_Baidu_12.png,no_augment,,,,
CC_Baidu_132.png,no_augment,,,,
CC_Baidu_137.png,augment_medium,medium_dark,True,139.10126526728135,data/processed/lowlight_augmented/CC_Baidu_137_medium_dark.png
CC_Baidu_141.png,no_augment,,,,
CC_Baidu_142.png,no_augment,,,,
CC_Baidu_146.png,no_augment,,,,
CC_Baidu_147.png,augment_medium,medium_dark,True,137.31366873065016,data/processed/lowlight_augmented/CC_Baidu_147_medium_dark.png
CC_Baidu_148.png,no_augment,,,,
CC_Baidu_150.png,no_augment,,,,
CC_Baidu_151.png,no_augment,,,,
CC_Baidu_153.png,augment_medium,medium_dark,True,135.83939096884464,data/processed/lowlight_augmented/CC_Baidu_153_medium_dark.png
CC_Baidu_168.png,augment_medium,medium_dark,True,138.2343795214246,data/processed/lowlight_augmented/CC_Baidu_168_medium_dark.png
CC_Baidu_169.png,augment_medium,medium_dark,True,147.16193863035969,data/processed/lowlight_augmented/CC_Baidu_169_medium_dark.png
CC_Baidu_17.png,no_augment,,,,
CC_Baidu_174.png,no_augment,,,,
CC_Baidu_176.png,no_augment,,,,
CC_Baidu_179.png,no_augment,,,,
CC_Baidu_189.png,no_augment,,,,
CC_Baidu_19.png,augment_medium,medium_dark,True,153.33291880435732,data/processed/lowlight_augmented/CC_Baidu_19_medium_dark.png
CC_Baidu_221.png,augment_medium,medium_dark,True,136.38356545186667,data/processed/lowlight_augmented/CC_Baidu_221_medium_dark.png
CC_Baidu_226.png,augment_medium,medium_dark,True,135.93553078556263,data/processed/lowlight_augmented/CC_Baidu_226_medium_dark.png
CC_Baidu_228.png,no_augment,,,,
CC_Baidu_229.png,no_augment,,,,
CC_Baidu_230.png,no_augment,,,,
CC_Baidu_233.png,no_augment,,,,
CC_Baidu_236.png,no_augment,,,,
CC_Baidu_237.png,no_augment,,,,
CC_Baidu_244.png,augment_medium,medium_dark,True,150.45477184610797,data/processed/lowlight_augmented/CC_Baidu_244_medium_dark.png
CC_Baidu_254.png,augment_medium,medium_dark,True,143.67406432748538,data/processed/lowlight_augmented/CC_Baidu_254_medium_dark.png
CC_Baidu_256.png,no_augment,,,,
CC_Baidu_286.png,no_augment,,,,
CC_Baidu_295.png,augment_medium,medium_dark,False,,
CC_Baidu_296.png,no_augment,,,,
CC_Bing_001.png,augment_medium,medium_dark,True,136.81753331676052,data/processed/lowlight_augmented/CC_Bing_001_medium_dark.png
CC_Bing_003.png,no_augment,,,,
CC_Bing_004.png,augment_medium,medium_dark,True,134.32557843137255,data/processed/lowlight_augmented/CC_Bing_004_medium_dark.png
CC_Bing_020.png,augment_medium,medium_dark,True,137.50959952885748,data/processed/lowlight_augmented/CC_Bing_020_medium_dark.png
CC_Bing_022.png,augment_medium,medium_dark,False,,
CC_Bing_027.png,augment_medium,medium_dark,True,153.88600832445053,data/processed/lowlight_augmented/CC_Bing_027_medium_dark.png
CC_Bing_046.png,augment_medium,medium_dark,True,135.9418679441968,data/processed/lowlight_augmented/CC_Bing_046_medium_dark.png
CC_Bing_052.png,no_augment,,,,
CC_Bing_062.png,no_augment,,,,
CC_Bing_070.png,no_augment,,,,
CC_Bing_081.png,augment_medium,medium_dark,False,,
CC_Bing_11.png,no_augment,,,,
CC_Bing_112.png,no_augment,,,,
CC_Bing_125.png,augment_medium,medium_dark,False,,
CC_Bing_134.png,augment_medium,medium_dark,True,149.6694198713143,data/processed/lowlight_augmented/CC_Bing_134_medium_dark.png
CC_Bing_195.png,augment_medium,medium_dark,True,145.60228505261924,data/processed/lowlight_augmented/CC_Bing_195_medium_dark.png
CC_Bing_204.png,no_augment,,,,
CC_Bing_218.png,augment_medium,medium_dark,True,146.0307004643963,data/processed/lowlight_augmented/CC_Bing_218_medium_dark.png
CC_Bing_223.png,augment_medium,medium_dark,True,155.83979837871544,data/processed/lowlight_augmented/CC_Bing_223_medium_dark.png
CC_Bing_242.png,no_augment,,,,
CC_Bing_26.png,no_augment,,,,
CC_Bing_275.png,no_augment,,,,
CC_Bing_283.png,augment_medium,medium_dark,True,147.2768153871718,data/processed/lowlight_augmented/CC_Bing_283_medium_dark.png
CC_Bing_290.png,no_augment,,,,
CC_Bing_309.png,augment_medium,medium_dark,True,146.74936476316955,data/processed/lowlight_augmented/CC_Bing_309_medium_dark.png
CC_Bing_327.png,no_augment,,,,
CC_Bing_336.png,no_augment,,,,
CC_Bing_356.png,no_augment,,,,
CC_Bing_357.png,no_augment,,,,
CC_Bing_371.png,augment_medium,medium_dark,True,140.0396383838384,data/processed/lowlight_augmented/CC_Bing_371_medium_dark.png
CC_Bing_375.png,no_augment,,,,
CC_Bing_384.png,no_augment,,,,
CC_Bing_390.png,augment_medium,medium_dark,True,150.63854955185658,data/processed/lowlight_augmented/CC_Bing_390_medium_dark.png
CC_Bing_409.png,no_augment,,,,
CC_Bing_434.png,no_augment,,,,
CC_Bing_436.png,augment_medium,medium_dark,True,154.5843855081896,data/processed/lowlight_augmented/CC_Bing_436_medium_dark.png
CC_Bing_441.png,augment_medium,medium_dark,True,147.07698636363637,data/processed/lowlight_augmented/CC_Bing_441_medium_dark.png
CC_Bing_452.png,augment_medium,medium_dark,True,144.08771766747228,data/processed/lowlight_augmented/CC_Bing_452_medium_dark.png
CC_Bing_486.png,no_augment,,,,
CC_Bing_510.png,augment_medium,medium_dark,True,134.98006478658536,data/processed/lowlight_augmented/CC_Bing_510_medium_dark.png
CC_Bing_512.png,no_augment,,,,
CC_Bing_523.png,augment_medium,medium_dark,True,155.94967930029154,data/processed/lowlight_augmented/CC_Bing_523_medium_dark.png
CC_Bing_524.png,augment_medium,medium_dark,True,154.2620449678801,data/processed/lowlight_augmented/CC_Bing_524_medium_dark.png
CC_Bing_547.png,no_augment,,,,
CC_Bing_548.png,no_augment,,,,
CC_Bing_572.png,augment_medium,medium_dark,True,150.97726653306614,data/processed/lowlight_augmented/CC_Bing_572_medium_dark.png
CC_Bing_573.png,augment_medium,medium_dark,True,135.3304605263158,data/processed/lowlight_augmented/CC_Bing_573_medium_dark.png
CC_Bing_587.png,no_augment,,,,
CC_Bing_633.png,no_augment,,,,
CC_Bing_637.png,augment_medium,medium_dark,True,135.48196194049854,data/processed/lowlight_augmented/CC_Bing_637_medium_dark.png
CC_Bing_653.png,augment_medium,medium_dark,True,144.77172638994728,data/processed/lowlight_augmented/CC_Bing_653_medium_dark.png
CC_Bing_666.png,augment_medium,medium_dark,True,137.85806474820143,data/processed/lowlight_augmented/CC_Bing_666_medium_dark.png
CC_Bing_668.png,no_augment,,,,
CC_Bing_683.png,no_augment,,,,
CC_Bing_689.png,augment_medium,medium_dark,True,135.49348012232417,data/processed/lowlight_augmented/CC_Bing_689_medium_dark.png
CC_Bing_694.png,no_augment,,,,
CC_Bing_725.png,augment_medium,medium_dark,True,145.04455625,data/processed/lowlight_augmented/CC_Bing_725_medium_dark.png
CC_Bing_731.png,augment_medium,medium_dark,True,140.8533550295858,data/processed/lowlight_augmented/CC_Bing_731_medium_dark.png
CC_Bing_750.png,no_augment,,,,
CC_Bing_758.png,no_augment,,,,
CC_Bing_836.png,augment_medium,medium_dark,True,147.41509745127436,data/processed/lowlight_augmented/CC_Bing_836_medium_dark.png
CC_Bing_837.png,no_augment,,,,
CC_Bing_875.png,no_augment,,,,
CC_Google_007.png,augment_medium,medium_dark,True,143.50152085981742,data/processed/lowlight_augmented/CC_Google_007_medium_dark.png
CC_Google_015.png,augment_medium,medium_dark,True,137.2182755187931,data/processed/lowlight_augmented/CC_Google_015_medium_dark.png
CC_Google_033.png,augment_medium,medium_dark,True,141.3765010019427,data/processed/lowlight_augmented/CC_Google_033_medium_dark.png
CC_Google_038.png,no_augment,,,,
CC_Google_04.png,no_augment,,,,
CC_Google_041.png,augment_medium,medium_dark,True,135.559692082146,data/processed/lowlight_augmented/CC_Google_041_medium_dark.png
CC_Google_058.png,augment_medium,medium_dark,False,,
CC_Google_07.png,augment_medium,medium_dark,True,139.9621410953706,data/processed/lowlight_augmented/CC_Google_07_medium_dark.png
CC_Google_074.png,no_augment,,,,
CC_Google_089.png,no_augment,,,,
CD_Baidu_012.png,no_augment,,,,
CD_Baidu_013.png,no_augment,,,,
CD_Baidu_019.png,no_augment,,,,
CD_Baidu_025.png,no_augment,,,,
CD_Baidu_058.png,no_augment,,,,
CD_Baidu_077.png,augment_medium,medium_dark,False,,
CD_Baidu_083.png,augment_medium,medium_dark,True,137.1677989532932,data/processed/lowlight_augmented/CD_Baidu_083_medium_dark.png
CD_Baidu_095.png,no_augment,,,,
CD_Baidu_127.png,no_augment,,,,
CD_Baidu_137.png,no_augment,,,,
CD_Baidu_160.png,augment_medium,medium_dark,True,139.7095915915916,data/processed/lowlight_augmented/CD_Baidu_160_medium_dark.png
CD_Baidu_169.png,augment_medium,medium_dark,True,141.8365715442218,data/processed/lowlight_augmented/CD_Baidu_169_medium_dark.png
CD_Baidu_180.png,no_augment,,,,
CD_Baidu_183.png,no_augment,,,,
CD_Baidu_194.png,augment_medium,medium_dark,True,139.34631722083725,data/processed/lowlight_augmented/CD_Baidu_194_medium_dark.png
CD_Baidu_195.png,no_augment,,,,
CD_Baidu_201.png,no_augment,,,,
CD_Baidu_214.png,augment_medium,medium_dark,True,156.61262345679012,data/processed/lowlight_augmented/CD_Baidu_214_medium_dark.png
CD_Baidu_221.png,augment_medium,medium_dark,True,134.54691197691199,data/processed/lowlight_augmented/CD_Baidu_221_medium_dark.png
CD_Baidu_225.png,augment_medium,medium_dark,True,155.89655700746383,data/processed/lowlight_augmented/CD_Baidu_225_medium_dark.png
CD_Baidu_249.png,no_augment,,,,
CD_Baidu_255.png,augment_medium,medium_dark,True,149.97814239332095,data/processed/lowlight_augmented/CD_Baidu_255_medium_dark.png
CD_Baidu_269.png,augment_medium,medium_dark,True,156.1657139344766,data/processed/lowlight_augmented/CD_Baidu_269_medium_dark.png
CD_Baidu_308.png,augment_medium,medium_dark,True,136.2908174001924,data/processed/lowlight_augmented/CD_Baidu_308_medium_dark.png
CD_Baidu_342.png,no_augment,,,,
CD_Baidu_352.png,no_augment,,,,
CD_Baidu_354.png,no_augment,,,,
CD_Baidu_422.png,augment_medium,medium_dark,True,135.2027874696602,data/processed/lowlight_augmented/CD_Baidu_422_medium_dark.png
CD_Baidu_424.png,no_augment,,,,
CD_Baidu_427.png,augment_medium,medium_dark,True,143.2391102713844,data/processed/lowlight_augmented/CD_Baidu_427_medium_dark.png
CD_Baidu_434.png,augment_medium,medium_dark,True,136.3369842334787,data/processed/lowlight_augmented/CD_Baidu_434_medium_dark.png
CD_Baidu_450.png,augment_medium,medium_dark,True,156.61525323532402,data/processed/lowlight_augmented/CD_Baidu_450_medium_dark.png
CD_Baidu_453.png,no_augment,,,,
CD_Baidu_47.png,no_augment,,,,
CD_Baidu_479.png,no_augment,,,,
CD_Baidu_489.png,no_augment,,,,
CD_Baidu_523.png,no_augment,,,,
CD_Bing_064.png,no_augment,,,,
CD_Bing_139.png,no_augment,,,,
CD_Bing_144.png,no_augment,,,,
CD_Bing_176.png,no_augment,,,,
CD_Bing_177.png,no_augment,,,,
CD_Bing_214.png,no_augment,,,,
CD_Bing_221.png,no_augment,,,,
CD_Bing_256.png,augment_medium,medium_dark,True,147.3275616752725,data/processed/lowlight_augmented/CD_Bing_256_medium_dark.png
CD_Bing_262.png,no_augment,,,,
CD_Bing_270.png,augment_medium,medium_dark,True,139.70980428754265,data/processed/lowlight_augmented/CD_Bing_270_medium_dark.png
CD_Bing_292.png,no_augment,,,,
CD_Bing_30.png,augment_medium,medium_dark,True,149.5083168831169,data/processed/lowlight_augmented/CD_Bing_30_medium_dark.png
CD_Bing_310.png,augment_medium,medium_dark,False,,
CD_Bing_338.png,augment_medium,medium_dark,True,143.3504661659699,data/processed/lowlight_augmented/CD_Bing_338_medium_dark.png
CD_Bing_390.png,augment_medium,medium_dark,True,136.61697226783434,data/processed/lowlight_augmented/CD_Bing_390_medium_dark.png
CD_Bing_402.png,augment_medium,medium_dark,True,136.2637020587218,data/processed/lowlight_augmented/CD_Bing_402_medium_dark.png
CD_Bing_416.png,augment_medium,medium_dark,False,,
CD_Bing_436.png,no_augment,,,,
CD_Bing_452.png,no_augment,,,,
CD_Bing_501.png,no_augment,,,,
CD_Bing_533.png,no_augment,,,,
CD_Bing_581.png,no_augment,,,,
CD_Bing_662.png,no_augment,,,,
CD_Bing_737.png,augment_medium,medium_dark,True,136.15516816747478,data/processed/lowlight_augmented/CD_Bing_737_medium_dark.png
CD_Bing_790.png,no_augment,,,,
CD_Bing_812.png,augment_medium,medium_dark,True,136.173922718675,data/processed/lowlight_augmented/CD_Bing_812_medium_dark.png
CD_Google_04.png,no_augment,,,,
CD_Google_065.png,no_augment,,,,
CD_Google_078.png,no_augment,,,,
CD_Google_135.png,augment_medium,medium_dark,True,139.0868,data/processed/lowlight_augmented/CD_Google_135_medium_dark.png
CD_Google_158.png,augment_medium,medium_dark,True,155.04605594956658,data/processed/lowlight_augmented/CD_Google_158_medium_dark.png
CD_Google_162.png,augment_medium,medium_dark,True,137.05450086805556,data/processed/lowlight_augmented/CD_Google_162_medium_dark.png
CD_Google_180.png,no_augment,,,,
CD_Google_185.png,no_augment,,,,
CD_Google_199.png,no_augment,,,,
CD_Google_207.png,no_augment,,,,
CD_Google_239.png,no_augment,,,,
CD_Google_341.png,augment_medium,medium_dark,True,156.2741189236111,data/processed/lowlight_augmented/CD_Google_341_medium_dark.png
CD_Google_367.png,no_augment,,,,
CD_Google_372.png,no_augment,,,,
CD_Google_518.png,augment_medium,medium_dark,True,140.98602050683817,data/processed/lowlight_augmented/CD_Google_518_medium_dark.png
CD_Google_571.png,augment_medium,medium_dark,True,151.93196803196804,data/processed/lowlight_augmented/CD_Google_571_medium_dark.png
CD_Google_609.png,augment_medium,medium_dark,True,140.2394525968556,data/processed/lowlight_augmented/CD_Google_609_medium_dark.png
CD_Google_63.png,no_augment,,,,
CD_Google_630.png,no_augment,,,,
CD_Google_631.png,no_augment,,,,
CD_Google_643.png,augment_medium,medium_dark,True,142.09934428316782,data/processed/lowlight_augmented/CD_Google_643_medium_dark.png
CQ_Baidu_062.png,no_augment,,,,
CQ_Baidu_147.png,augment_medium,medium_dark,False,,
CQ_Baidu_190.png,augment_medium,medium_dark,True,135.34932593180017,data/processed/lowlight_augmented/CQ_Baidu_190_medium_dark.png
CQ_Baidu_199.png,no_augment,,,,
CQ_Baidu_273.png,no_augment,,,,
CQ_Baidu_286.png,augment_medium,medium_dark,True,146.67823245240126,data/processed/lowlight_augmented/CQ_Baidu_286_medium_dark.png
CQ_Baidu_291.png,no_augment,,,,
CQ_Baidu_316.png,no_augment,,,,
CQ_Baidu_327.png,no_augment,,,,
CQ_Baidu_345.png,no_augment,,,,
CQ_Baidu_373.png,augment_medium,medium_dark,True,149.8577564102564,data/processed/lowlight_augmented/CQ_Baidu_373_medium_dark.png
CQ_Bing_162.png,no_augment,,,,
CQ_Bing_190.png,no_augment,,,,
CQ_Bing_221.png,no_augment,,,,
CQ_Bing_318.png,no_augment,,,,
CQ_Bing_342.png,augment_medium,medium_dark,True,152.7988558166049,data/processed/lowlight_augmented/CQ_Bing_342_medium_dark.png
CQ_Google_019.png,augment_medium,medium_dark,True,145.21019881361437,data/processed/lowlight_augmented/CQ_Google_019_medium_dark.png
CQ_Google_029.png,augment_medium,medium_dark,True,155.09374154230946,data/processed/lowlight_augmented/CQ_Google_029_medium_dark.png
CQ_Google_035.png,augment_medium,medium_dark,True,139.63028706352333,data/processed/lowlight_augmented/CQ_Google_035_medium_dark.png
CQ_Google_290.png,augment_medium,medium_dark,False,,
CQ_Google_35.png,augment_medium,medium_dark,True,144.06065203859322,data/processed/lowlight_augmented/CQ_Google_35_medium_dark.png
CQ_Google_370.png,augment_medium,medium_dark,True,138.74935816498316,data/processed/lowlight_augmented/CQ_Google_370_medium_dark.png
CQ_Google_380.png,no_augment,,,,
CQ_Google_406.png,no_augment,,,,
CQ_Google_446.png,augment_medium,medium_dark,True,142.9260672905526,data/processed/lowlight_augmented/CQ_Google_446_medium_dark.png
CQ_Google_52.png,augment_medium,medium_dark,True,152.33317081911335,data/processed/lowlight_augmented/CQ_Google_52_medium_dark.png
CQ_Google_521.png,no_augment,,,,
CQ_Google_529.png,augment_medium,medium_dark,True,137.06131865736705,data/processed/lowlight_augmented/CQ_Google_529_medium_dark.png
CQ_Google_547.png,augment_medium,medium_dark,True,136.82344368837335,data/processed/lowlight_augmented/CQ_Google_547_medium_dark.png
CQ_Google_55.png,augment_medium,medium_dark,True,134.4829325918964,data/processed/lowlight_augmented/CQ_Google_55_medium_dark.png
CQ_Google_615.png,augment_medium,medium_dark,True,145.60585154826958,data/processed/lowlight_augmented/CQ_Google_615_medium_dark.png
CQ_Google_745.png,augment_medium,medium_dark,True,151.03930867976462,data/processed/lowlight_augmented/CQ_Google_745_medium_dark.png
CQ_Google_763.png,no_augment,,,,
DJ_Baidu_023.png,no_augment,,,,
DJ_Baidu_040.png,no_augment,,,,
DJ_Baidu_055.png,augment_medium,medium_dark,True,151.469882493188,data/processed/lowlight_augmented/DJ_Baidu_055_medium_dark.png
DJ_Baidu_065.png,no_augment,,,,
DJ_Baidu_104.png,augment_medium,medium_dark,True,141.7100894854586,data/processed/lowlight_augmented/DJ_Baidu_104_medium_dark.png
DJ_Baidu_179.png,augment_medium,medium_dark,True,144.21596888888888,data/processed/lowlight_augmented/DJ_Baidu_179_medium_dark.png
DJ_Baidu_189.png,no_augment,,,,
DJ_Baidu_206.png,augment_medium,medium_dark,True,144.52465457685665,data/processed/lowlight_augmented/DJ_Baidu_206_medium_dark.png
DJ_Baidu_240.png,augment_medium,medium_dark,True,142.41919413919413,data/processed/lowlight_augmented/DJ_Baidu_240_medium_dark.png
DJ_Bing_007.png,augment_medium,medium_dark,True,134.38598333066196,data/processed/lowlight_augmented/DJ_Bing_007_medium_dark.png
DJ_Bing_021.png,no_augment,,,,
DJ_Bing_121.png,no_augment,,,,
DJ_Bing_127.png,no_augment,,,,
DJ_Bing_148.png,augment_medium,medium_dark,True,134.60958260904314,data/processed/lowlight_augmented/DJ_Bing_148_medium_dark.png
DJ_Bing_20.png,no_augment,,,,
DJ_Bing_259.png,no_augment,,,,
DJ_Bing_271.png,no_augment,,,,
DJ_Bing_283.png,no_augment,,,,
DJ_Bing_313.png,no_augment,,,,
DJ_Bing_321.png,no_augment,,,,
DJ_Bing_372.png,no_augment,,,,
DJ_Bing_555.png,no_augment,,,,
DJ_Bing_694.png,no_augment,,,,
DJ_Google_026.png,no_augment,,,,
DJ_Google_154.png,no_augment,,,,
DJ_Google_157.png,no_augment,,,,
DJ_Google_199.png,augment_medium,medium_dark,True,135.6217765638864,data/processed/lowlight_augmented/DJ_Google_199_medium_dark.png
DJ_Google_234.png,no_augment,,,,
DJ_Google_388.png,no_augment,,,,
DJ_Google_398.png,no_augment,,,,
DJ_Google_406.png,no_augment,,,,
DJ_Google_425.png,augment_medium,medium_dark,True,146.057077128479,data/processed/lowlight_augmented/DJ_Google_425_medium_dark.png
DJ_Google_535.png,augment_medium,medium_dark,True,142.59903134735202,data/processed/lowlight_augmented/DJ_Google_535_medium_dark.png
DJ_Google_674.png,augment_medium,medium_dark,True,139.38316153846154,data/processed/lowlight_augmented/DJ_Google_674_medium_dark.png
FogDr_Bing_002.png,no_augment,,,,
FogDr_Bing_003.png,no_augment,,,,
FogDr_Bing_008.png,no_augment,,,,
FogDr_Bing_019.png,no_augment,,,,
FogDr_Bing_106.png,no_augment,,,,
FogDr_Bing_125.png,no_augment,,,,
FogDr_Bing_206.png,no_augment,,,,
FogDr_Bing_217.png,no_augment,,,,
FogDr_Bing_223.png,augment_medium,medium_dark,True,145.63916463757258,data/processed/lowlight_augmented/FogDr_Bing_223_medium_dark.png
FogDr_Bing_237.png,no_augment,,,,
FogDr_Bing_256.png,no_augment,,,,
FogDr_Bing_304.png,augment_medium,medium_dark,True,138.06424546790788,data/processed/lowlight_augmented/FogDr_Bing_304_medium_dark.png
FogDr_Bing_358.png,augment_medium,medium_dark,True,146.36379211469534,data/processed/lowlight_augmented/FogDr_Bing_358_medium_dark.png
FogDr_Bing_367.png,no_augment,,,,
FogDr_Bing_370.png,no_augment,,,,
FogDr_Bing_394.png,augment_medium,medium_dark,True,147.95648963223786,data/processed/lowlight_augmented/FogDr_Bing_394_medium_dark.png
FogDr_Bing_405.png,no_augment,,,,
FogDr_Bing_410.png,no_augment,,,,
FogDr_Bing_422.png,no_augment,,,,
FogDr_Bing_443.png,no_augment,,,,
FogDr_Bing_454.png,no_augment,,,,
FogDr_Bing_510.png,no_augment,,,,
FogDr_Bing_535.png,no_augment,,,,
FogDr_Bing_557.png,no_augment,,,,
FogDr_Bing_559.png,no_augment,,,,
FogDr_Bing_567.png,no_augment,,,,
FogDr_Bing_569.png,no_augment,,,,
FogDr_Bing_635.png,augment_medium,medium_dark,False,,
FogDr_Bing_648.png,augment_medium,medium_dark,True,139.3054006968641,data/processed/lowlight_augmented/FogDr_Bing_648_medium_dark.png
FogDr_Bing_697.png,no_augment,,,,
FogDr_Google_003.png,no_augment,,,,
FogDr_Google_004.png,no_augment,,,,
FogDr_Google_013.png,no_augment,,,,
FogDr_Google_014.png,no_augment,,,,
FogDr_Google_018.png,no_augment,,,,
FogDr_Google_024.png,augment_medium,medium_dark,True,152.68332422088574,data/processed/lowlight_augmented/FogDr_Google_024_medium_dark.png
FogDr_Google_025.png,no_augment,,,,
FogDr_Google_026.png,augment_medium,medium_dark,True,152.57306547619046,data/processed/lowlight_augmented/FogDr_Google_026_medium_dark.png
FogDr_Google_031.png,no_augment,,,,
FogDr_Google_035.png,no_augment,,,,
FogDr_Google_036.png,no_augment,,,,
FogDr_Google_040.png,no_augment,,,,
FogDr_Google_045.png,no_augment,,,,
FogDr_Google_050.png,no_augment,,,,
FogDr_Google_054.png,augment_medium,medium_dark,True,138.64348058269425,data/processed/lowlight_augmented/FogDr_Google_054_medium_dark.png
FogDr_Google_058.png,no_augment,,,,
FogDr_Google_062.png,no_augment,,,,
FogDr_Google_063.png,augment_medium,medium_dark,True,155.95297184241744,data/processed/lowlight_augmented/FogDr_Google_063_medium_dark.png
FogDr_Google_066.png,no_augment,,,,
FogDr_Google_072.png,no_augment,,,,
FogDr_Google_073.png,no_augment,,,,
FogDr_Google_074.png,no_augment,,,,
FogDr_Google_076.png,no_augment,,,,
FogDr_Google_077.png,no_augment,,,,
FogDr_Google_080.png,no_augment,,,,
FogDr_Google_081.png,augment_medium,medium_dark,True,145.89313869327074,data/processed/lowlight_augmented/FogDr_Google_081_medium_dark.png
FogDr_Google_085.png,augment_medium,medium_dark,True,155.81095434501952,data/processed/lowlight_augmented/FogDr_Google_085_medium_dark.png
FogDr_Google_089.png,no_augment,,,,
FogDr_Google_096.png,augment_medium,medium_dark,True,140.28159895833332,data/processed/lowlight_augmented/FogDr_Google_096_medium_dark.png
FogDr_Google_105.png,no_augment,,,,
FogDr_Google_116.png,augment_medium,medium_dark,False,,
FogDr_Google_117.png,augment_medium,medium_dark,True,153.3290760030864,data/processed/lowlight_augmented/FogDr_Google_117_medium_dark.png
FogDr_Google_118.png,no_augment,,,,
FogDr_Google_123.png,augment_medium,medium_dark,False,,
FogDr_Google_128.png,no_augment,,,,
FogDr_Google_129.png,augment_medium,medium_dark,True,145.1475837391176,data/processed/lowlight_augmented/FogDr_Google_129_medium_dark.png
FogDr_Google_133.png,no_augment,,,,
FogDr_Google_137.png,no_augment,,,,
FogDr_Google_139.png,augment_medium,medium_dark,True,143.9236932938856,data/processed/lowlight_augmented/FogDr_Google_139_medium_dark.png
FogDr_Google_140.png,no_augment,,,,
FogDr_Google_141.png,no_augment,,,,
FogDr_Google_145.png,no_augment,,,,
FogDr_Google_150.png,no_augment,,,,
FogDr_Google_157.png,no_augment,,,,
FogDr_Google_160.png,no_augment,,,,
FogDr_Google_167.png,no_augment,,,,
FogDr_Google_170.png,no_augment,,,,
FogDr_Google_172.png,no_augment,,,,
FogDr_Google_175.png,no_augment,,,,
FogDr_Google_187.png,no_augment,,,,
FogDr_Google_189.png,no_augment,,,,
FogDr_Google_196.png,no_augment,,,,
FogDr_Google_214.png,no_augment,,,,
FogDr_Google_215.png,augment_medium,medium_dark,True,155.37832061815337,data/processed/lowlight_augmented/FogDr_Google_215_medium_dark.png
FogDr_Google_222.png,augment_medium,medium_dark,True,146.62459166666667,data/processed/lowlight_augmented/FogDr_Google_222_medium_dark.png
FogDr_Google_223.png,no_augment,,,,
FogDr_Google_238.png,no_augment,,,,
FogDr_Google_24.png,no_augment,,,,
FogDr_Google_246.png,no_augment,,,,
FogDr_Google_255.png,no_augment,,,,
FogDr_Google_257.png,no_augment,,,,
FogDr_Google_259.png,no_augment,,,,
FogDr_Google_261.png,no_augment,,,,
FogDr_Google_279.png,no_augment,,,,
FogDr_Google_293.png,no_augment,,,,
FogDr_Google_294.png,augment_medium,medium_dark,True,139.00413333333333,data/processed/lowlight_augmented/FogDr_Google_294_medium_dark.png
FogDr_Google_306.png,augment_medium,medium_dark,True,136.1480389280125,data/processed/lowlight_augmented/FogDr_Google_306_medium_dark.png
FogDr_Google_308.png,augment_medium,medium_dark,True,142.4146629050926,data/processed/lowlight_augmented/FogDr_Google_308_medium_dark.png
FogDr_Google_311.png,no_augment,,,,
FogDr_Google_337.png,no_augment,,,,
FogDr_Google_348.png,no_augment,,,,
FogDr_Google_358.png,no_augment,,,,
FogDr_Google_362.png,augment_medium,medium_dark,True,142.7145162470726,data/processed/lowlight_augmented/FogDr_Google_362_medium_dark.png
FogDr_Google_365.png,no_augment,,,,
FogDr_Google_367.png,augment_medium,medium_dark,True,151.59055357142856,data/processed/lowlight_augmented/FogDr_Google_367_medium_dark.png
FogDr_Google_370.png,augment_medium,medium_dark,True,135.41997505868545,data/processed/lowlight_augmented/FogDr_Google_370_medium_dark.png
FogDr_Google_375.png,augment_medium,medium_dark,True,147.36345775462962,data/processed/lowlight_augmented/FogDr_Google_375_medium_dark.png
FogDr_Google_387.png,no_augment,,,,
FogDr_Google_392.png,augment_medium,medium_dark,True,139.88457720588235,data/processed/lowlight_augmented/FogDr_Google_392_medium_dark.png
FogDr_Google_402.png,no_augment,,,,
FogDr_Google_405.png,no_augment,,,,
FogDr_Google_410.png,augment_medium,medium_dark,True,140.57067865429235,data/processed/lowlight_augmented/FogDr_Google_410_medium_dark.png
FogDr_Google_415.png,augment_medium,medium_dark,False,,
FogDr_Google_426.png,no_augment,,,,
FogDr_Google_429.png,no_augment,,,,
FogDr_Google_430.png,no_augment,,,,
FogDr_Google_431.png,augment_medium,medium_dark,True,135.62032,data/processed/lowlight_augmented/FogDr_Google_431_medium_dark.png
FogDr_Google_467.png,no_augment,,,,
FogDr_Google_470.png,augment_medium,medium_dark,True,143.4942023406221,data/processed/lowlight_augmented/FogDr_Google_470_medium_dark.png
FogDr_Google_501.png,no_augment,,,,
FogDr_Google_509.png,no_augment,,,,
FogDr_Google_515.png,no_augment,,,,
FogDr_Google_519.png,no_augment,,,,
FogDr_Google_520.png,no_augment,,,,
FogDr_Google_538.png,augment_medium,medium_dark,True,138.34791929382092,data/processed/lowlight_augmented/FogDr_Google_538_medium_dark.png
FogDr_Google_564.png,no_augment,,,,
FogDr_Google_569.png,augment_medium,medium_dark,True,152.71944872189712,data/processed/lowlight_augmented/FogDr_Google_569_medium_dark.png
FogDr_Google_589.png,no_augment,,,,
FogDr_Google_590.png,no_augment,,,,
FogDr_Google_597.png,no_augment,,,,
FogDr_Google_599.png,no_augment,,,,
FogDr_Google_638.png,no_augment,,,,
FogDr_Google_651.png,augment_medium,medium_dark,True,154.62142006802722,data/processed/lowlight_augmented/FogDr_Google_651_medium_dark.png
FogDr_Google_658.png,no_augment,,,,
FogDr_Google_669.png,no_augment,,,,
FogDr_Google_674.png,no_augment,,,,
FogDr_Google_678.png,no_augment,,,,
FogDr_Google_694.png,no_augment,,,,
FogDr_Google_700.png,no_augment,,,,
FogDr_Google_703.png,augment_medium,medium_dark,True,156.7352357198748,data/processed/lowlight_augmented/FogDr_Google_703_medium_dark.png
FogDr_Google_706.png,no_augment,,,,
FogDr_Google_709.png,no_augment,,,,
FogDr_Google_713.png,no_augment,,,,
FogDr_Google_720.png,no_augment,,,,
FogDr_Google_721.png,no_augment,,,,
FogDr_Google_724.png,no_augment,,,,
FogDr_Google_744.png,no_augment,,,,
FogDr_Google_747.png,no_augment,,,,
FogDr_Google_756.png,augment_medium,medium_dark,False,,
FogDr_Google_757.png,no_augment,,,,
FogDr_Google_765.png,no_augment,,,,
FogDr_Google_783.png,no_augment,,,,
FogDr_Google_785.png,augment_medium,medium_dark,True,147.8127416087963,data/processed/lowlight_augmented/FogDr_Google_785_medium_dark.png
FogDr_Google_788.png,no_augment,,,,
FogDr_Google_791.png,no_augment,,,,
FogDr_Google_792.png,no_augment,,,,
FogDr_Google_794.png,no_augment,,,,
FogDr_Google_798.png,no_augment,,,,
FogDr_Google_799.png,no_augment,,,,
FogDr_Google_811.png,no_augment,,,,
GRCN_Google_098.png,augment_medium,medium_dark,True,144.0338174882629,data/processed/lowlight_augmented/GRCN_Google_098_medium_dark.png
GRCN_Google_108.png,augment_medium,medium_dark,True,147.6832738095238,data/processed/lowlight_augmented/GRCN_Google_108_medium_dark.png
GRCN_Google_152.png,augment_medium,medium_dark,True,135.19508245877063,data/processed/lowlight_augmented/GRCN_Google_152_medium_dark.png
GRCN_Google_207.png,no_augment,,,,
GRCN_Google_297.png,no_augment,,,,
GRCN_Google_308.png,augment_medium,medium_dark,False,,
GRCN_Google_330.png,augment_medium,medium_dark,False,,
GRCN_Google_340.png,augment_medium,medium_dark,True,148.13003748125936,data/processed/lowlight_augmented/GRCN_Google_340_medium_dark.png
GRCN_Google_346.png,augment_medium,medium_dark,True,146.96155631529433,data/processed/lowlight_augmented/GRCN_Google_346_medium_dark.png
GRCN_Google_385.png,augment_medium,medium_dark,True,156.2128953313253,data/processed/lowlight_augmented/GRCN_Google_385_medium_dark.png
GRCN_Google_482.png,no_augment,,,,
GRCN_Google_509.png,augment_medium,medium_dark,True,136.613107946027,data/processed/lowlight_augmented/GRCN_Google_509_medium_dark.png
GRCN_Google_517.png,augment_medium,medium_dark,True,135.43828078817734,data/processed/lowlight_augmented/GRCN_Google_517_medium_dark.png
GRCN_Google_538.png,no_augment,,,,
GRCN_Google_601.png,no_augment,,,,
GRCN_Google_696.png,no_augment,,,,
GRCN_Google_698.png,augment_medium,medium_dark,False,,
GRCN_Google_713.png,no_augment,,,,
GSGL_Baidu_003.png,augment_medium,medium_dark,False,,
GSGL_Baidu_005.png,no_augment,,,,
GSGL_Baidu_006.png,augment_medium,medium_dark,True,134.2575074829932,data/processed/lowlight_augmented/GSGL_Baidu_006_medium_dark.png
GSGL_Baidu_012.png,no_augment,,,,
GSGL_Baidu_016.png,augment_medium,medium_dark,True,143.9755778520996,data/processed/lowlight_augmented/GSGL_Baidu_016_medium_dark.png
GSGL_Baidu_019.png,augment_medium,medium_dark,True,140.37947555555556,data/processed/lowlight_augmented/GSGL_Baidu_019_medium_dark.png
GSGL_Baidu_020.png,no_augment,,,,
GSGL_Baidu_028.png,no_augment,,,,
GSGL_Baidu_029.png,no_augment,,,,
GSGL_Baidu_032.png,augment_medium,medium_dark,True,151.74327272727274,data/processed/lowlight_augmented/GSGL_Baidu_032_medium_dark.png
GSGL_Baidu_035.png,augment_medium,medium_dark,True,146.6773665791776,data/processed/lowlight_augmented/GSGL_Baidu_035_medium_dark.png
GSGL_Baidu_036.png,augment_medium,medium_dark,True,137.41659615384614,data/processed/lowlight_augmented/GSGL_Baidu_036_medium_dark.png
GSGL_Baidu_037.png,no_augment,,,,
GSGL_Baidu_038.png,no_augment,,,,
GSGL_Baidu_045.png,augment_medium,medium_dark,True,134.30488339222615,data/processed/lowlight_augmented/GSGL_Baidu_045_medium_dark.png
GSGL_Baidu_047.png,no_augment,,,,
GSGL_Baidu_048.png,no_augment,,,,
GSGL_Baidu_051.png,no_augment,,,,
GSGL_Baidu_052.png,augment_medium,medium_dark,True,137.1899802631579,data/processed/lowlight_augmented/GSGL_Baidu_052_medium_dark.png
GSGL_Baidu_056.png,no_augment,,,,
GSGL_Baidu_058.png,no_augment,,,,
GSGL_Baidu_060.png,no_augment,,,,
GSGL_Baidu_065.png,no_augment,,,,
GSGL_Baidu_071.png,augment_medium,medium_dark,True,141.98595918367346,data/processed/lowlight_augmented/GSGL_Baidu_071_medium_dark.png
GSGL_Baidu_072.png,augment_medium,medium_dark,False,,
GSGL_Baidu_075.png,no_augment,,,,
GSGL_Baidu_076.png,no_augment,,,,
GSGL_Baidu_078.png,no_augment,,,,
GSGL_Baidu_079.png,augment_medium,medium_dark,True,141.57953130835304,data/processed/lowlight_augmented/GSGL_Baidu_079_medium_dark.png
GSGL_Baidu_085.png,augment_medium,medium_dark,True,139.2289261083744,data/processed/lowlight_augmented/GSGL_Baidu_085_medium_dark.png
GSGL_Baidu_09.png,no_augment,,,,
GSGL_Baidu_093.png,no_augment,,,,
GSGL_Baidu_094.png,no_augment,,,,
GSGL_Baidu_1002.png,no_augment,,,,
GSGL_Baidu_1011.png,augment_medium,medium_dark,True,139.20295218295217,data/processed/lowlight_augmented/GSGL_Baidu_1011_medium_dark.png
GSGL_Baidu_1016.png,no_augment,,,,
GSGL_Baidu_1021.png,augment_medium,medium_dark,True,139.28580591187952,data/processed/lowlight_augmented/GSGL_Baidu_1021_medium_dark.png
GSGL_Baidu_1027.png,no_augment,,,,
GSGL_Baidu_1028.png,no_augment,,,,
GSGL_Baidu_1029.png,augment_medium,medium_dark,True,136.9762271062271,data/processed/lowlight_augmented/GSGL_Baidu_1029_medium_dark.png
GSGL_Baidu_1034.png,no_augment,,,,
GSGL_Baidu_1035.png,no_augment,,,,
GSGL_Baidu_1038.png,augment_medium,medium_dark,True,145.39553947197425,data/processed/lowlight_augmented/GSGL_Baidu_1038_medium_dark.png
GSGL_Baidu_104.png,no_augment,,,,
GSGL_Baidu_1040.png,augment_medium,medium_dark,False,,
GSGL_Baidu_1046.png,no_augment,,,,
GSGL_Baidu_1053.png,augment_medium,medium_dark,True,139.03943925233645,data/processed/lowlight_augmented/GSGL_Baidu_1053_medium_dark.png
GSGL_Baidu_1054.png,no_augment,,,,
GSGL_Baidu_1059.png,augment_medium,medium_dark,True,140.72593578369245,data/processed/lowlight_augmented/GSGL_Baidu_1059_medium_dark.png
GSGL_Baidu_1066.png,no_augment,,,,
GSGL_Baidu_1072.png,augment_medium,medium_dark,False,,
GSGL_Baidu_1074.png,augment_medium,medium_dark,True,147.15334166666668,data/processed/lowlight_augmented/GSGL_Baidu_1074_medium_dark.png
GSGL_Baidu_1077.png,augment_medium,medium_dark,True,143.6257594273743,data/processed/lowlight_augmented/GSGL_Baidu_1077_medium_dark.png
GSGL_Baidu_1084.png,no_augment,,,,
GSGL_Baidu_1086.png,augment_medium,medium_dark,True,140.3900117410265,data/processed/lowlight_augmented/GSGL_Baidu_1086_medium_dark.png
GSGL_Baidu_1087.png,no_augment,,,,
GSGL_Baidu_1088.png,no_augment,,,,
GSGL_Baidu_1089.png,augment_medium,medium_dark,True,139.97837209302327,data/processed/lowlight_augmented/GSGL_Baidu_1089_medium_dark.png
GSGL_Baidu_1102.png,augment_medium,medium_dark,True,157.14383663366337,data/processed/lowlight_augmented/GSGL_Baidu_1102_medium_dark.png
GSGL_Baidu_1104.png,augment_medium,medium_dark,True,134.5681351981352,data/processed/lowlight_augmented/GSGL_Baidu_1104_medium_dark.png
GSGL_Baidu_1121.png,no_augment,,,,
GSGL_Baidu_1122.png,no_augment,,,,
GSGL_Baidu_113.png,augment_medium,medium_dark,True,136.6494436919674,data/processed/lowlight_augmented/GSGL_Baidu_113_medium_dark.png
GSGL_Baidu_1135.png,no_augment,,,,
GSGL_Baidu_1136.png,no_augment,,,,
GSGL_Baidu_1138.png,no_augment,,,,
GSGL_Baidu_1139.png,no_augment,,,,
GSGL_Baidu_1142.png,augment_medium,medium_dark,True,154.84350083752093,data/processed/lowlight_augmented/GSGL_Baidu_1142_medium_dark.png
GSGL_Baidu_1145.png,no_augment,,,,
GSGL_Baidu_1149.png,no_augment,,,,
GSGL_Baidu_1155.png,no_augment,,,,
GSGL_Baidu_1156.png,no_augment,,,,
GSGL_Baidu_1158.png,no_augment,,,,
GSGL_Baidu_1163.png,no_augment,,,,
GSGL_Baidu_1167.png,no_augment,,,,
GSGL_Baidu_1170.png,augment_medium,medium_dark,False,,
GSGL_Baidu_1171.png,no_augment,,,,
GSGL_Baidu_1176.png,augment_medium,medium_dark,True,156.9643680981595,data/processed/lowlight_augmented/GSGL_Baidu_1176_medium_dark.png
GSGL_Baidu_1177.png,augment_medium,medium_dark,True,145.63514884478673,data/processed/lowlight_augmented/GSGL_Baidu_1177_medium_dark.png
GSGL_Baidu_1190.png,no_augment,,,,
GSGL_Baidu_1191.png,no_augment,,,,
GSGL_Baidu_1210.png,augment_medium,medium_dark,True,153.02579472140764,data/processed/lowlight_augmented/GSGL_Baidu_1210_medium_dark.png
GSGL_Baidu_1216.png,no_augment,,,,
GSGL_Baidu_1220.png,augment_medium,medium_dark,True,144.83736075949366,data/processed/lowlight_augmented/GSGL_Baidu_1220_medium_dark.png
GSGL_Baidu_1232.png,no_augment,,,,
GSGL_Baidu_1241.png,no_augment,,,,
GSGL_Baidu_1249.png,augment_medium,medium_dark,False,,
GSGL_Baidu_1251.png,no_augment,,,,
GSGL_Baidu_1257.png,augment_medium,medium_dark,True,153.97573979591837,data/processed/lowlight_augmented/GSGL_Baidu_1257_medium_dark.png
GSGL_Baidu_1259.png,no_augment,,,,
GSGL_Baidu_1263.png,no_augment,,,,
GSGL_Baidu_1270.png,no_augment,,,,
GSGL_Baidu_133.png,no_augment,,,,
GSGL_Baidu_144.png,no_augment,,,,
GSGL_Baidu_145.png,no_augment,,,,
GSGL_Baidu_147.png,no_augment,,,,
GSGL_Baidu_148.png,no_augment,,,,
GSGL_Baidu_149.png,augment_medium,medium_dark,False,,
GSGL_Baidu_156.png,augment_medium,medium_dark,False,,
GSGL_Baidu_163.png,augment_medium,medium_dark,True,140.99789678675754,data/processed/lowlight_augmented/GSGL_Baidu_163_medium_dark.png
GSGL_Baidu_173.png,augment_medium,medium_dark,True,155.0831694915254,data/processed/lowlight_augmented/GSGL_Baidu_173_medium_dark.png
GSGL_Baidu_175.png,augment_medium,medium_dark,True,148.0899645390071,data/processed/lowlight_augmented/GSGL_Baidu_175_medium_dark.png
GSGL_Baidu_179.png,augment_medium,medium_dark,True,149.72554818969914,data/processed/lowlight_augmented/GSGL_Baidu_179_medium_dark.png
GSGL_Baidu_187.png,no_augment,,,,
GSGL_Baidu_196.png,no_augment,,,,
GSGL_Baidu_198.png,no_augment,,,,
GSGL_Baidu_200.png,no_augment,,,,
GSGL_Baidu_207.png,no_augment,,,,
GSGL_Baidu_211.png,no_augment,,,,
GSGL_Baidu_217.png,no_augment,,,,
GSGL_Baidu_220.png,augment_medium,medium_dark,True,154.83477467615398,data/processed/lowlight_augmented/GSGL_Baidu_220_medium_dark.png
GSGL_Baidu_226.png,no_augment,,,,
GSGL_Baidu_229.png,no_augment,,,,
GSGL_Baidu_23.png,no_augment,,,,
GSGL_Baidu_249.png,no_augment,,,,
GSGL_Baidu_253.png,no_augment,,,,
GSGL_Baidu_261.png,no_augment,,,,
GSGL_Baidu_266.png,no_augment,,,,
GSGL_Baidu_270.png,augment_medium,medium_dark,False,,
GSGL_Baidu_273.png,augment_medium,medium_dark,True,138.58819556451613,data/processed/lowlight_augmented/GSGL_Baidu_273_medium_dark.png
GSGL_Baidu_281.png,no_augment,,,,
GSGL_Baidu_282.png,augment_medium,medium_dark,True,136.29988612099643,data/processed/lowlight_augmented/GSGL_Baidu_282_medium_dark.png
GSGL_Baidu_288.png,no_augment,,,,
GSGL_Baidu_296.png,no_augment,,,,
GSGL_Baidu_300.png,no_augment,,,,
GSGL_Baidu_304.png,no_augment,,,,
GSGL_Baidu_308.png,no_augment,,,,
GSGL_Baidu_329.png,no_augment,,,,
GSGL_Baidu_330.png,no_augment,,,,
GSGL_Baidu_335.png,augment_medium,medium_dark,True,151.20151005605013,data/processed/lowlight_augmented/GSGL_Baidu_335_medium_dark.png
GSGL_Baidu_35.png,augment_medium,medium_dark,True,136.69061243953948,data/processed/lowlight_augmented/GSGL_Baidu_35_medium_dark.png
GSGL_Baidu_360.png,augment_medium,medium_dark,True,153.57018348623853,data/processed/lowlight_augmented/GSGL_Baidu_360_medium_dark.png
GSGL_Baidu_390.png,augment_medium,medium_dark,True,156.9220054691544,data/processed/lowlight_augmented/GSGL_Baidu_390_medium_dark.png
GSGL_Baidu_394.png,augment_medium,medium_dark,True,137.4118109087645,data/processed/lowlight_augmented/GSGL_Baidu_394_medium_dark.png
GSGL_Baidu_399.png,no_augment,,,,
GSGL_Baidu_407.png,augment_medium,medium_dark,True,145.63839675516223,data/processed/lowlight_augmented/GSGL_Baidu_407_medium_dark.png
GSGL_Baidu_412.png,no_augment,,,,
GSGL_Baidu_418.png,no_augment,,,,
GSGL_Baidu_424.png,augment_medium,medium_dark,True,146.69470588235293,data/processed/lowlight_augmented/GSGL_Baidu_424_medium_dark.png
GSGL_Baidu_427.png,no_augment,,,,
GSGL_Baidu_448.png,augment_medium,medium_dark,True,137.92516785359976,data/processed/lowlight_augmented/GSGL_Baidu_448_medium_dark.png
GSGL_Baidu_456.png,no_augment,,,,
GSGL_Baidu_458.png,augment_medium,medium_dark,True,148.37735617128465,data/processed/lowlight_augmented/GSGL_Baidu_458_medium_dark.png
GSGL_Baidu_464.png,no_augment,,,,
GSGL_Baidu_465.png,no_augment,,,,
GSGL_Baidu_474.png,augment_medium,medium_dark,True,137.52614661654135,data/processed/lowlight_augmented/GSGL_Baidu_474_medium_dark.png
GSGL_Baidu_476.png,no_augment,,,,
GSGL_Baidu_478.png,no_augment,,,,
GSGL_Baidu_479.png,no_augment,,,,
GSGL_Baidu_484.png,no_augment,,,,
GSGL_Baidu_489.png,no_augment,,,,
GSGL_Baidu_490.png,no_augment,,,,
GSGL_Baidu_495.png,augment_medium,medium_dark,True,144.17298285714287,data/processed/lowlight_augmented/GSGL_Baidu_495_medium_dark.png
GSGL_Baidu_501.png,augment_medium,medium_dark,True,140.29332727272728,data/processed/lowlight_augmented/GSGL_Baidu_501_medium_dark.png
GSGL_Baidu_529.png,no_augment,,,,
GSGL_Baidu_537.png,augment_medium,medium_dark,True,140.2604929577465,data/processed/lowlight_augmented/GSGL_Baidu_537_medium_dark.png
GSGL_Baidu_559.png,no_augment,,,,
GSGL_Baidu_567.png,no_augment,,,,
GSGL_Baidu_570.png,augment_medium,medium_dark,False,,
GSGL_Baidu_587.png,no_augment,,,,
GSGL_Baidu_596.png,augment_medium,medium_dark,True,155.67257407407408,data/processed/lowlight_augmented/GSGL_Baidu_596_medium_dark.png
GSGL_Baidu_602.png,augment_medium,medium_dark,True,145.07442446043166,data/processed/lowlight_augmented/GSGL_Baidu_602_medium_dark.png
GSGL_Baidu_604.png,augment_medium,medium_dark,True,151.49024536143062,data/processed/lowlight_augmented/GSGL_Baidu_604_medium_dark.png
GSGL_Baidu_607.png,no_augment,,,,
GSGL_Baidu_610.png,no_augment,,,,
GSGL_Baidu_616.png,no_augment,,,,
GSGL_Baidu_619.png,no_augment,,,,
GSGL_Baidu_622.png,no_augment,,,,
GSGL_Baidu_623.png,no_augment,,,,
GSGL_Baidu_625.png,augment_medium,medium_dark,False,,
GSGL_Baidu_627.png,augment_medium,medium_dark,True,150.9840118694362,data/processed/lowlight_augmented/GSGL_Baidu_627_medium_dark.png
GSGL_Baidu_636.png,no_augment,,,,
GSGL_Baidu_644.png,no_augment,,,,
GSGL_Baidu_653.png,no_augment,,,,
GSGL_Baidu_654.png,no_augment,,,,
GSGL_Baidu_656.png,no_augment,,,,
GSGL_Baidu_662.png,no_augment,,,,
GSGL_Baidu_663.png,no_augment,,,,
GSGL_Baidu_665.png,no_augment,,,,
GSGL_Baidu_669.png,no_augment,,,,
GSGL_Baidu_677.png,no_augment,,,,
GSGL_Baidu_683.png,no_augment,,,,
GSGL_Baidu_684.png,no_augment,,,,
GSGL_Baidu_687.png,augment_medium,medium_dark,False,,
GSGL_Baidu_688.png,augment_medium,medium_dark,True,136.00439602609475,data/processed/lowlight_augmented/GSGL_Baidu_688_medium_dark.png
GSGL_Baidu_713.png,no_augment,,,,
GSGL_Baidu_715.png,no_augment,,,,
GSGL_Baidu_719.png,no_augment,,,,
GSGL_Baidu_723.png,augment_medium,medium_dark,True,134.35585858585858,data/processed/lowlight_augmented/GSGL_Baidu_723_medium_dark.png
GSGL_Baidu_726.png,augment_medium,medium_dark,True,141.7975417520225,data/processed/lowlight_augmented/GSGL_Baidu_726_medium_dark.png
GSGL_Baidu_734.png,no_augment,,,,
GSGL_Baidu_743.png,no_augment,,,,
GSGL_Baidu_751.png,augment_medium,medium_dark,True,152.63729359165424,data/processed/lowlight_augmented/GSGL_Baidu_751_medium_dark.png
GSGL_Baidu_768.png,augment_medium,medium_dark,True,134.26729350220265,data/processed/lowlight_augmented/GSGL_Baidu_768_medium_dark.png
GSGL_Baidu_769.png,augment_medium,medium_dark,True,144.39317675910206,data/processed/lowlight_augmented/GSGL_Baidu_769_medium_dark.png
GSGL_Baidu_780.png,augment_medium,medium_dark,True,152.23825150459297,data/processed/lowlight_augmented/GSGL_Baidu_780_medium_dark.png
GSGL_Baidu_781.png,no_augment,,,,
GSGL_Baidu_788.png,no_augment,,,,
GSGL_Baidu_789.png,no_augment,,,,
GSGL_Baidu_799.png,no_augment,,,,
GSGL_Baidu_808.png,no_augment,,,,
GSGL_Baidu_816.png,augment_medium,medium_dark,True,142.48081081081082,data/processed/lowlight_augmented/GSGL_Baidu_816_medium_dark.png
GSGL_Baidu_817.png,no_augment,,,,
GSGL_Baidu_825.png,no_augment,,,,
GSGL_Baidu_829.png,augment_medium,medium_dark,True,135.90282944823798,data/processed/lowlight_augmented/GSGL_Baidu_829_medium_dark.png
GSGL_Baidu_830.png,augment_medium,medium_dark,True,148.07625800410776,data/processed/lowlight_augmented/GSGL_Baidu_830_medium_dark.png
GSGL_Baidu_845.png,no_augment,,,,
GSGL_Baidu_848.png,no_augment,,,,
GSGL_Baidu_850.png,no_augment,,,,
GSGL_Baidu_852.png,augment_medium,medium_dark,True,145.51206211180124,data/processed/lowlight_augmented/GSGL_Baidu_852_medium_dark.png
GSGL_Baidu_866.png,augment_medium,medium_dark,True,146.57067556296914,data/processed/lowlight_augmented/GSGL_Baidu_866_medium_dark.png
GSGL_Baidu_870.png,no_augment,,,,
GSGL_Baidu_873.png,no_augment,,,,
GSGL_Baidu_879.png,no_augment,,,,
GSGL_Baidu_882.png,no_augment,,,,
GSGL_Baidu_886.png,augment_medium,medium_dark,True,140.0124183508799,data/processed/lowlight_augmented/GSGL_Baidu_886_medium_dark.png
GSGL_Baidu_894.png,augment_medium,medium_dark,True,148.06197603383458,data/processed/lowlight_augmented/GSGL_Baidu_894_medium_dark.png
GSGL_Baidu_896.png,no_augment,,,,
GSGL_Baidu_900.png,augment_medium,medium_dark,True,138.49388685617788,data/processed/lowlight_augmented/GSGL_Baidu_900_medium_dark.png
GSGL_Baidu_905.png,no_augment,,,,
GSGL_Baidu_906.png,no_augment,,,,
GSGL_Baidu_955.png,augment_medium,medium_dark,False,,
GSGL_Baidu_957.png,no_augment,,,,
GSGL_Baidu_976.png,augment_medium,medium_dark,False,,
GSGL_Baidu_981.png,no_augment,,,,
GSGL_Bing_015.png,no_augment,,,,
GSGL_Bing_018.png,augment_medium,medium_dark,False,,
GSGL_Bing_025.png,no_augment,,,,
GSGL_Bing_027.png,augment_medium,medium_dark,True,151.9242656449553,data/processed/lowlight_augmented/GSGL_Bing_027_medium_dark.png
GSGL_Bing_034.png,augment_medium,medium_dark,False,,
GSGL_Bing_040.png,no_augment,,,,
GSGL_Bing_046.png,augment_medium,medium_dark,True,149.78859109018472,data/processed/lowlight_augmented/GSGL_Bing_046_medium_dark.png
GSGL_Bing_049.png,augment_medium,medium_dark,True,147.03087087087087,data/processed/lowlight_augmented/GSGL_Bing_049_medium_dark.png
GSGL_Bing_059.png,no_augment,,,,
GSGL_Bing_083.png,no_augment,,,,
GSGL_Bing_092.png,augment_medium,medium_dark,True,149.23576046238935,data/processed/lowlight_augmented/GSGL_Bing_092_medium_dark.png
GSGL_Bing_095.png,no_augment,,,,
GSGL_Bing_113.png,augment_medium,medium_dark,True,153.6965247148289,data/processed/lowlight_augmented/GSGL_Bing_113_medium_dark.png
GSGL_Bing_115.png,no_augment,,,,
GSGL_Bing_122.png,augment_medium,medium_dark,True,151.1660696415575,data/processed/lowlight_augmented/GSGL_Bing_122_medium_dark.png
GSGL_Bing_136.png,no_augment,,,,
GSGL_Bing_149.png,no_augment,,,,
GSGL_Bing_161.png,no_augment,,,,
GSGL_Bing_167.png,no_augment,,,,
GSGL_Bing_171.png,augment_medium,medium_dark,False,,
GSGL_Bing_181.png,augment_medium,medium_dark,True,141.17792912172573,data/processed/lowlight_augmented/GSGL_Bing_181_medium_dark.png
GSGL_Bing_184.png,no_augment,,,,
GSGL_Bing_193.png,augment_medium,medium_dark,True,144.75856024096385,data/processed/lowlight_augmented/GSGL_Bing_193_medium_dark.png
GSGL_Bing_198.png,augment_medium,medium_dark,True,155.55652243589745,data/processed/lowlight_augmented/GSGL_Bing_198_medium_dark.png
GSGL_Bing_210.png,no_augment,,,,
GSGL_Bing_217.png,augment_medium,medium_dark,True,148.2954322144277,data/processed/lowlight_augmented/GSGL_Bing_217_medium_dark.png
GSGL_Bing_231.png,no_augment,,,,
GSGL_Bing_261.png,no_augment,,,,
GSGL_Bing_264.png,no_augment,,,,
GSGL_Bing_267.png,no_augment,,,,
GSGL_Bing_272.png,no_augment,,,,
GSGL_Bing_274.png,no_augment,,,,
GSGL_Bing_327.png,no_augment,,,,
GSGL_Bing_333.png,augment_medium,medium_dark,True,141.8861462066452,data/processed/lowlight_augmented/GSGL_Bing_333_medium_dark.png
GSGL_Bing_337.png,augment_medium,medium_dark,True,152.0454476516634,data/processed/lowlight_augmented/GSGL_Bing_337_medium_dark.png
GSGL_Bing_341.png,no_augment,,,,
GSGL_Bing_349.png,augment_medium,medium_dark,True,144.49531746031747,data/processed/lowlight_augmented/GSGL_Bing_349_medium_dark.png
GSGL_Bing_354.png,no_augment,,,,
GSGL_Bing_355.png,augment_medium,medium_dark,True,157.08080149114633,data/processed/lowlight_augmented/GSGL_Bing_355_medium_dark.png
GSGL_Bing_372.png,no_augment,,,,
GSGL_Bing_378.png,augment_medium,medium_dark,True,146.16456012658227,data/processed/lowlight_augmented/GSGL_Bing_378_medium_dark.png
GSGL_Bing_408.png,augment_medium,medium_dark,True,135.72889448133077,data/processed/lowlight_augmented/GSGL_Bing_408_medium_dark.png
GSGL_Bing_413.png,no_augment,,,,
GSGL_Bing_417.png,augment_medium,medium_dark,True,138.21173076923077,data/processed/lowlight_augmented/GSGL_Bing_417_medium_dark.png
GSGL_Bing_434.png,no_augment,,,,
GSGL_Bing_439.png,no_augment,,,,
GSGL_Bing_44.png,no_augment,,,,
GSGL_Bing_446.png,no_augment,,,,
GSGL_Bing_447.png,no_augment,,,,
GSGL_Bing_448.png,no_augment,,,,
GSGL_Bing_521.png,augment_medium,medium_dark,True,135.75567453379952,data/processed/lowlight_augmented/GSGL_Bing_521_medium_dark.png
GSGL_Bing_528.png,augment_medium,medium_dark,True,148.30115736181747,data/processed/lowlight_augmented/GSGL_Bing_528_medium_dark.png
GSGL_Bing_535.png,no_augment,,,,
GSGL_Bing_538.png,augment_medium,medium_dark,True,139.8398288866374,data/processed/lowlight_augmented/GSGL_Bing_538_medium_dark.png
GSGL_Bing_543.png,no_augment,,,,
GSGL_Bing_567.png,no_augment,,,,
GSGL_Bing_573.png,augment_medium,medium_dark,False,,
GSGL_Bing_597.png,augment_medium,medium_dark,True,154.3408452591136,data/processed/lowlight_augmented/GSGL_Bing_597_medium_dark.png
GSGL_Bing_651.png,no_augment,,,,
GSGL_Bing_665.png,no_augment,,,,
GSGL_Bing_668.png,augment_medium,medium_dark,False,,
GSGL_Bing_678.png,augment_medium,medium_dark,True,150.30418693284938,data/processed/lowlight_augmented/GSGL_Bing_678_medium_dark.png
GSGL_Bing_681.png,no_augment,,,,
GSGL_Bing_686.png,augment_medium,medium_dark,True,140.3185622714591,data/processed/lowlight_augmented/GSGL_Bing_686_medium_dark.png
GSGL_Bing_688.png,no_augment,,,,
GSGL_Bing_71.png,augment_medium,medium_dark,True,144.1280188810218,data/processed/lowlight_augmented/GSGL_Bing_71_medium_dark.png
GSGL_Bing_754.png,augment_medium,medium_dark,False,,
GSGL_Bing_756.png,no_augment,,,,
GSGL_Bing_787.png,no_augment,,,,
GSGL_Bing_820.png,augment_medium,medium_dark,True,147.53808641975309,data/processed/lowlight_augmented/GSGL_Bing_820_medium_dark.png
GSGL_Google_004.png,no_augment,,,,
GSGL_Google_007.png,augment_medium,medium_dark,True,145.32814814814816,data/processed/lowlight_augmented/GSGL_Google_007_medium_dark.png
GSGL_Google_009.png,no_augment,,,,
GSGL_Google_013.png,no_augment,,,,
GSGL_Google_05.png,augment_medium,medium_dark,True,138.18633797268907,data/processed/lowlight_augmented/GSGL_Google_05_medium_dark.png
GSGL_Google_073.png,augment_medium,medium_dark,True,154.54031772575252,data/processed/lowlight_augmented/GSGL_Google_073_medium_dark.png
GSGL_Google_095.png,augment_medium,medium_dark,True,134.88658304223563,data/processed/lowlight_augmented/GSGL_Google_095_medium_dark.png
GSGL_Google_120.png,no_augment,,,,
GSGL_Google_121.png,augment_medium,medium_dark,True,147.24761666527698,data/processed/lowlight_augmented/GSGL_Google_121_medium_dark.png
GSGL_Google_14.png,augment_medium,medium_dark,True,137.1005155279503,data/processed/lowlight_augmented/GSGL_Google_14_medium_dark.png
GSGL_Google_149.png,augment_medium,medium_dark,True,138.0528133071255,data/processed/lowlight_augmented/GSGL_Google_149_medium_dark.png
GSGL_Google_15.png,augment_medium,medium_dark,True,148.69094527363185,data/processed/lowlight_augmented/GSGL_Google_15_medium_dark.png
GSGL_Google_152.png,augment_medium,medium_dark,True,137.97785408275303,data/processed/lowlight_augmented/GSGL_Google_152_medium_dark.png
GSGL_Google_20.png,augment_medium,medium_dark,True,141.81024742562929,data/processed/lowlight_augmented/GSGL_Google_20_medium_dark.png
GSGL_Google_218.png,no_augment,,,,
GSGL_Google_227.png,augment_medium,medium_dark,True,156.3981634558071,data/processed/lowlight_augmented/GSGL_Google_227_medium_dark.png
GSGL_Google_263.png,no_augment,,,,
GSGL_Google_269.png,no_augment,,,,
GSGL_Google_328.png,augment_medium,medium_dark,True,156.45685449820039,data/processed/lowlight_augmented/GSGL_Google_328_medium_dark.png
GSGL_Google_335.png,no_augment,,,,
GSGL_Google_347.png,no_augment,,,,
GSGL_Google_365.png,augment_medium,medium_dark,True,151.23664772727273,data/processed/lowlight_augmented/GSGL_Google_365_medium_dark.png
GSGL_Google_366.png,no_augment,,,,
GSGL_Google_371.png,augment_medium,medium_dark,True,153.5047055214724,data/processed/lowlight_augmented/GSGL_Google_371_medium_dark.png
GSGL_Google_382.png,no_augment,,,,
GSGL_Google_396.png,no_augment,,,,
GSGL_Google_402.png,augment_medium,medium_dark,True,137.89433333333332,data/processed/lowlight_augmented/GSGL_Google_402_medium_dark.png
GSGL_Google_418.png,no_augment,,,,
GSGL_Google_427.png,no_augment,,,,
GSGL_Google_442.png,augment_medium,medium_dark,True,143.85235223667345,data/processed/lowlight_augmented/GSGL_Google_442_medium_dark.png
GSGL_Google_461.png,augment_medium,medium_dark,True,141.32018761726079,data/processed/lowlight_augmented/GSGL_Google_461_medium_dark.png
GSGL_Google_47.png,no_augment,,,,
GSGL_Google_474.png,no_augment,,,,
GSGL_Google_485.png,augment_medium,medium_dark,True,135.15165789473684,data/processed/lowlight_augmented/GSGL_Google_485_medium_dark.png
GSGL_Google_49.png,no_augment,,,,
GSGL_Google_515.png,augment_medium,medium_dark,True,144.3007174744898,data/processed/lowlight_augmented/GSGL_Google_515_medium_dark.png
GSGL_Google_587.png,no_augment,,,,
GSGL_Google_600.png,augment_medium,medium_dark,True,138.74470969602262,data/processed/lowlight_augmented/GSGL_Google_600_medium_dark.png
GSGL_Google_605.png,no_augment,,,,
GSGL_Google_655.png,augment_medium,medium_dark,False,,
GSGL_Google_663.png,no_augment,,,,
GSGL_Google_700.png,augment_medium,medium_dark,False,,
GSGL_Google_708.png,no_augment,,,,
GSGL_Google_723.png,augment_medium,medium_dark,True,142.68821428571428,data/processed/lowlight_augmented/GSGL_Google_723_medium_dark.png
HC_Bing_355.png,no_augment,,,,
HC_Bing_368.png,augment_medium,medium_dark,True,135.6223700680272,data/processed/lowlight_augmented/HC_Bing_368_medium_dark.png
HC_Bing_388.png,augment_medium,medium_dark,True,147.33204225352114,data/processed/lowlight_augmented/HC_Bing_388_medium_dark.png
HC_Bing_660.png,no_augment,,,,
HC_Google_339.png,augment_medium,medium_dark,False,,
HC_Google_345.png,augment_medium,medium_dark,True,156.98882949308756,data/processed/lowlight_augmented/HC_Google_345_medium_dark.png
HC_Google_361.png,no_augment,,,,
HC_Google_364.png,no_augment,,,,
HC_Google_432.png,augment_medium,medium_dark,True,156.01116255410543,data/processed/lowlight_augmented/HC_Google_432_medium_dark.png
HC_Google_450.png,no_augment,,,,
HC_Google_465.png,augment_medium,medium_dark,True,153.13367914187285,data/processed/lowlight_augmented/HC_Google_465_medium_dark.png
HC_Google_471.png,augment_medium,medium_dark,True,138.62257250945777,data/processed/lowlight_augmented/HC_Google_471_medium_dark.png
HC_Google_524.png,no_augment,,,,
HC_Google_543.png,no_augment,,,,
HC_Google_613.png,no_augment,,,,
HC_Google_696.png,augment_medium,medium_dark,True,141.85478133500732,data/processed/lowlight_augmented/HC_Google_696_medium_dark.png
HEB_Baidu_003.png,no_augment,,,,
HEB_Baidu_008.png,no_augment,,,,
HEB_Baidu_012.png,no_augment,,,,
HEB_Baidu_024.png,no_augment,,,,
HEB_Baidu_036.png,augment_medium,medium_dark,True,149.4772612411743,data/processed/lowlight_augmented/HEB_Baidu_036_medium_dark.png
HEB_Baidu_038.png,augment_medium,medium_dark,True,144.8265015673981,data/processed/lowlight_augmented/HEB_Baidu_038_medium_dark.png
HEB_Baidu_042.png,no_augment,,,,
HEB_Baidu_043.png,no_augment,,,,
HEB_Baidu_05.png,augment_medium,medium_dark,True,139.22225245186596,data/processed/lowlight_augmented/HEB_Baidu_05_medium_dark.png
HEB_Baidu_054.png,no_augment,,,,
HEB_Baidu_056.png,no_augment,,,,
HEB_Baidu_058.png,no_augment,,,,
HEB_Baidu_062.png,no_augment,,,,
HEB_Baidu_068.png,no_augment,,,,
HEB_Baidu_070.png,augment_medium,medium_dark,True,155.69642524916944,data/processed/lowlight_augmented/HEB_Baidu_070_medium_dark.png
HEB_Baidu_075.png,augment_medium,medium_dark,False,,
HEB_Baidu_089.png,no_augment,,,,
HEB_Baidu_09.png,no_augment,,,,
HEB_Baidu_103.png,no_augment,,,,
HEB_Baidu_107.png,no_augment,,,,
HEB_Baidu_109.png,augment_medium,medium_dark,True,142.4055900621118,data/processed/lowlight_augmented/HEB_Baidu_109_medium_dark.png
HEB_Baidu_144.png,augment_medium,medium_dark,True,145.65436507936508,data/processed/lowlight_augmented/HEB_Baidu_144_medium_dark.png
HEB_Baidu_148.png,no_augment,,,,
HEB_Baidu_15.png,no_augment,,,,
HEB_Baidu_156.png,no_augment,,,,
HEB_Baidu_165.png,no_augment,,,,
HEB_Baidu_169.png,augment_medium,medium_dark,True,149.346739044141,data/processed/lowlight_augmented/HEB_Baidu_169_medium_dark.png
HEB_Baidu_171.png,augment_medium,medium_dark,False,,
HEB_Baidu_199.png,augment_medium,medium_dark,True,153.6216861111111,data/processed/lowlight_augmented/HEB_Baidu_199_medium_dark.png
HEB_Baidu_203.png,no_augment,,,,
HEB_Baidu_216.png,augment_medium,medium_dark,True,135.71863875122156,data/processed/lowlight_augmented/HEB_Baidu_216_medium_dark.png
HEB_Baidu_218.png,no_augment,,,,
HEB_Baidu_228.png,no_augment,,,,
HEB_Baidu_235.png,no_augment,,,,
HEB_Baidu_238.png,augment_medium,medium_dark,True,139.90266305685455,data/processed/lowlight_augmented/HEB_Baidu_238_medium_dark.png
HEB_Baidu_250.png,no_augment,,,,
HEB_Baidu_265.png,no_augment,,,,
HEB_Baidu_273.png,augment_medium,medium_dark,True,135.19084337349398,data/processed/lowlight_augmented/HEB_Baidu_273_medium_dark.png
HEB_Baidu_279.png,no_augment,,,,
HEB_Baidu_28.png,augment_medium,medium_dark,True,144.97074903172583,data/processed/lowlight_augmented/HEB_Baidu_28_medium_dark.png
HEB_Baidu_301.png,no_augment,,,,
HEB_Baidu_309.png,no_augment,,,,
HEB_Baidu_328.png,augment_medium,medium_dark,True,139.28147753885457,data/processed/lowlight_augmented/HEB_Baidu_328_medium_dark.png
HEB_Baidu_335.png,augment_medium,medium_dark,True,145.90005823627288,data/processed/lowlight_augmented/HEB_Baidu_335_medium_dark.png
HEB_Baidu_342.png,augment_medium,medium_dark,False,,
HEB_Baidu_369.png,augment_medium,medium_dark,True,148.685355,data/processed/lowlight_augmented/HEB_Baidu_369_medium_dark.png
HEB_Baidu_372.png,augment_medium,medium_dark,True,144.82576876505263,data/processed/lowlight_augmented/HEB_Baidu_372_medium_dark.png
HEB_Baidu_381.png,no_augment,,,,
HEB_Baidu_385.png,no_augment,,,,
HEB_Baidu_416.png,no_augment,,,,
HEB_Baidu_432.png,no_augment,,,,
HEB_Baidu_438.png,no_augment,,,,
HEB_Baidu_441.png,no_augment,,,,
HEB_Baidu_453.png,no_augment,,,,
HEB_Baidu_455.png,no_augment,,,,
HEB_Baidu_458.png,no_augment,,,,
HEB_Baidu_462.png,no_augment,,,,
HEB_Baidu_464.png,augment_medium,medium_dark,True,155.49287350718987,data/processed/lowlight_augmented/HEB_Baidu_464_medium_dark.png
HEB_Baidu_468.png,augment_medium,medium_dark,True,144.35445209999736,data/processed/lowlight_augmented/HEB_Baidu_468_medium_dark.png
HEB_Baidu_472.png,no_augment,,,,
HEB_Baidu_496.png,no_augment,,,,
HEB_Baidu_497.png,no_augment,,,,
HEB_Baidu_500.png,no_augment,,,,
HEB_Baidu_501.png,no_augment,,,,
HEB_Baidu_506.png,no_augment,,,,
HEB_Baidu_508.png,augment_medium,medium_dark,True,139.32493419539495,data/processed/lowlight_augmented/HEB_Baidu_508_medium_dark.png
HEB_Baidu_513.png,no_augment,,,,
HEB_Baidu_515.png,no_augment,,,,
HEB_Baidu_521.png,augment_medium,medium_dark,True,137.12747554602706,data/processed/lowlight_augmented/HEB_Baidu_521_medium_dark.png
HEB_Baidu_530.png,augment_medium,medium_dark,True,139.7372067753276,data/processed/lowlight_augmented/HEB_Baidu_530_medium_dark.png
HEB_Baidu_534.png,no_augment,,,,
HEB_Baidu_554.png,no_augment,,,,
HEB_Baidu_560.png,no_augment,,,,
HEB_Baidu_569.png,no_augment,,,,
HEB_Baidu_588.png,no_augment,,,,
HEB_Baidu_589.png,no_augment,,,,
HEB_Baidu_594.png,no_augment,,,,
HEB_Baidu_610.png,no_augment,,,,
HEB_Baidu_636.png,no_augment,,,,
HEB_Baidu_669.png,no_augment,,,,
HEB_Baidu_678.png,no_augment,,,,
HEB_Baidu_680.png,augment_medium,medium_dark,True,135.07600247130102,data/processed/lowlight_augmented/HEB_Baidu_680_medium_dark.png
HEB_Baidu_683.png,no_augment,,,,
HEB_Baidu_685.png,no_augment,,,,
HEB_Baidu_693.png,no_augment,,,,
HEB_Baidu_698.png,no_augment,,,,
HEB_Baidu_706.png,augment_medium,medium_dark,True,135.17901692708332,data/processed/lowlight_augmented/HEB_Baidu_706_medium_dark.png
HEB_Baidu_711.png,no_augment,,,,
HEB_Baidu_723.png,no_augment,,,,
HEB_Baidu_729.png,augment_medium,medium_dark,True,150.8151127819549,data/processed/lowlight_augmented/HEB_Baidu_729_medium_dark.png
HEB_Baidu_753.png,augment_medium,medium_dark,True,136.9565629068529,data/processed/lowlight_augmented/HEB_Baidu_753_medium_dark.png
HEB_Baidu_772.png,no_augment,,,,
HEB_Baidu_782.png,no_augment,,,,
HEB_Baidu_786.png,augment_medium,medium_dark,True,139.93731993299832,data/processed/lowlight_augmented/HEB_Baidu_786_medium_dark.png
HEB_Baidu_802.png,no_augment,,,,
HEB_Baidu_804.png,no_augment,,,,
HEB_Baidu_806.png,augment_medium,medium_dark,True,149.55091671031954,data/processed/lowlight_augmented/HEB_Baidu_806_medium_dark.png
HEB_Baidu_810.png,augment_medium,medium_dark,True,134.97083646616542,data/processed/lowlight_augmented/HEB_Baidu_810_medium_dark.png
HEB_Baidu_815.png,no_augment,,,,
HEB_Baidu_831.png,augment_medium,medium_dark,True,143.53479194859517,data/processed/lowlight_augmented/HEB_Baidu_831_medium_dark.png
HEB_Baidu_848.png,no_augment,,,,
HEB_Baidu_866.png,no_augment,,,,
HEB_Baidu_873.png,no_augment,,,,
HEB_Baidu_878.png,augment_medium,medium_dark,True,154.104944,data/processed/lowlight_augmented/HEB_Baidu_878_medium_dark.png
HEB_Baidu_885.png,augment_medium,medium_dark,True,139.7360453648915,data/processed/lowlight_augmented/HEB_Baidu_885_medium_dark.png
HEB_Baidu_887.png,no_augment,,,,
HEB_Bing_005.png,augment_medium,medium_dark,True,147.28397670248404,data/processed/lowlight_augmented/HEB_Bing_005_medium_dark.png
HEB_Bing_013.png,augment_medium,medium_dark,True,141.79395561691933,data/processed/lowlight_augmented/HEB_Bing_013_medium_dark.png
HEB_Bing_027.png,no_augment,,,,
HEB_Bing_029.png,no_augment,,,,
HEB_Bing_034.png,augment_medium,medium_dark,True,140.0962213438735,data/processed/lowlight_augmented/HEB_Bing_034_medium_dark.png
HEB_Bing_066.png,augment_medium,medium_dark,True,141.3859996564581,data/processed/lowlight_augmented/HEB_Bing_066_medium_dark.png
HEB_Bing_094.png,no_augment,,,,
HEB_Bing_108.png,no_augment,,,,
HEB_Bing_110.png,augment_medium,medium_dark,True,141.84431715898862,data/processed/lowlight_augmented/HEB_Bing_110_medium_dark.png
HEB_Bing_112.png,augment_medium,medium_dark,True,147.16071774599854,data/processed/lowlight_augmented/HEB_Bing_112_medium_dark.png
HEB_Bing_120.png,augment_medium,medium_dark,True,147.6981062030075,data/processed/lowlight_augmented/HEB_Bing_120_medium_dark.png
HEB_Bing_122.png,no_augment,,,,
HEB_Bing_129.png,augment_medium,medium_dark,True,134.84945162835248,data/processed/lowlight_augmented/HEB_Bing_129_medium_dark.png
HEB_Bing_131.png,no_augment,,,,
HEB_Bing_135.png,no_augment,,,,
HEB_Bing_136.png,augment_medium,medium_dark,True,146.00241048713698,data/processed/lowlight_augmented/HEB_Bing_136_medium_dark.png
HEB_Bing_137.png,augment_medium,medium_dark,False,,
HEB_Bing_170.png,no_augment,,,,
HEB_Bing_181.png,no_augment,,,,
HEB_Bing_194.png,no_augment,,,,
HEB_Bing_205.png,augment_medium,medium_dark,True,142.39839805825244,data/processed/lowlight_augmented/HEB_Bing_205_medium_dark.png
HEB_Bing_207.png,augment_medium,medium_dark,True,138.86070386786378,data/processed/lowlight_augmented/HEB_Bing_207_medium_dark.png
HEB_Bing_217.png,no_augment,,,,
HEB_Bing_221.png,no_augment,,,,
HEB_Bing_232.png,no_augment,,,,
HEB_Bing_233.png,no_augment,,,,
HEB_Bing_237.png,no_augment,,,,
HEB_Bing_254.png,no_augment,,,,
HEB_Bing_269.png,augment_medium,medium_dark,True,142.35555056710774,data/processed/lowlight_augmented/HEB_Bing_269_medium_dark.png
HEB_Bing_274.png,augment_medium,medium_dark,False,,
HEB_Bing_303.png,no_augment,,,,
HEB_Bing_308.png,no_augment,,,,
HEB_Bing_320.png,no_augment,,,,
HEB_Bing_331.png,augment_medium,medium_dark,True,134.80522403128785,data/processed/lowlight_augmented/HEB_Bing_331_medium_dark.png
HEB_Bing_340.png,no_augment,,,,
HEB_Bing_35.png,no_augment,,,,
HEB_Bing_365.png,no_augment,,,,
HEB_Bing_39.png,augment_medium,medium_dark,True,134.42378754718177,data/processed/lowlight_augmented/HEB_Bing_39_medium_dark.png
HEB_Bing_396.png,no_augment,,,,
HEB_Bing_398.png,no_augment,,,,
HEB_Bing_403.png,no_augment,,,,
HEB_Bing_405.png,no_augment,,,,
HEB_Bing_414.png,no_augment,,,,
HEB_Bing_421.png,augment_medium,medium_dark,True,142.07765601965602,data/processed/lowlight_augmented/HEB_Bing_421_medium_dark.png
HEB_Bing_437.png,no_augment,,,,
HEB_Bing_444.png,no_augment,,,,
HEB_Bing_452.png,no_augment,,,,
HEB_Bing_463.png,no_augment,,,,
HEB_Bing_465.png,no_augment,,,,
HEB_Bing_481.png,no_augment,,,,
HEB_Bing_490.png,no_augment,,,,
HEB_Bing_510.png,no_augment,,,,
HEB_Bing_511.png,no_augment,,,,
HEB_Bing_527.png,no_augment,,,,
HEB_Bing_532.png,no_augment,,,,
HEB_Bing_546.png,augment_medium,medium_dark,True,144.79339105339105,data/processed/lowlight_augmented/HEB_Bing_546_medium_dark.png
HEB_Bing_548.png,augment_medium,medium_dark,False,,
HEB_Bing_549.png,augment_medium,medium_dark,True,135.89771021992237,data/processed/lowlight_augmented/HEB_Bing_549_medium_dark.png
HEB_Bing_550.png,no_augment,,,,
HEB_Bing_560.png,no_augment,,,,
HEB_Bing_587.png,no_augment,,,,
HEB_Bing_590.png,augment_medium,medium_dark,True,152.98467810249895,data/processed/lowlight_augmented/HEB_Bing_590_medium_dark.png
HEB_Bing_599.png,no_augment,,,,
HEB_Bing_613.png,augment_medium,medium_dark,True,145.6694661530674,data/processed/lowlight_augmented/HEB_Bing_613_medium_dark.png
HEB_Bing_653.png,no_augment,,,,
HEB_Bing_671.png,augment_medium,medium_dark,True,142.89164611783556,data/processed/lowlight_augmented/HEB_Bing_671_medium_dark.png
HEB_Bing_688.png,augment_medium,medium_dark,False,,
HEB_Google_014.png,no_augment,,,,
HEB_Google_030.png,no_augment,,,,
HEB_Google_043.png,augment_medium,medium_dark,True,145.3590505050505,data/processed/lowlight_augmented/HEB_Google_043_medium_dark.png
HEB_Google_056.png,augment_medium,medium_dark,True,150.59897562119082,data/processed/lowlight_augmented/HEB_Google_056_medium_dark.png
HEB_Google_057.png,no_augment,,,,
HEB_Google_102.png,augment_medium,medium_dark,True,137.50877718697953,data/processed/lowlight_augmented/HEB_Google_102_medium_dark.png
HEB_Google_125.png,augment_medium,medium_dark,True,147.46239528752128,data/processed/lowlight_augmented/HEB_Google_125_medium_dark.png
HEB_Google_128.png,no_augment,,,,
HEB_Google_137.png,no_augment,,,,
HEB_Google_139.png,no_augment,,,,
HEB_Google_154.png,augment_medium,medium_dark,True,155.76742771084338,data/processed/lowlight_augmented/HEB_Google_154_medium_dark.png
HEB_Google_16.png,no_augment,,,,
HEB_Google_171.png,augment_medium,medium_dark,False,,
HEB_Google_189.png,augment_medium,medium_dark,True,138.83133777901665,data/processed/lowlight_augmented/HEB_Google_189_medium_dark.png
HEB_Google_193.png,no_augment,,,,
HEB_Google_197.png,augment_medium,medium_dark,True,141.74486701466566,data/processed/lowlight_augmented/HEB_Google_197_medium_dark.png
HEB_Google_200.png,no_augment,,,,
HEB_Google_202.png,augment_medium,medium_dark,True,142.01153893619647,data/processed/lowlight_augmented/HEB_Google_202_medium_dark.png
HEB_Google_22.png,augment_medium,medium_dark,False,,
HEB_Google_257.png,augment_medium,medium_dark,False,,
HEB_Google_258.png,no_augment,,,,
HEB_Google_262.png,no_augment,,,,
HEB_Google_272.png,no_augment,,,,
HEB_Google_282.png,no_augment,,,,
HEB_Google_305.png,augment_medium,medium_dark,False,,
HEB_Google_315.png,no_augment,,,,
HEB_Google_334.png,no_augment,,,,
HEB_Google_351.png,augment_medium,medium_dark,True,140.51389111824506,data/processed/lowlight_augmented/HEB_Google_351_medium_dark.png
HEB_Google_376.png,no_augment,,,,
HEB_Google_378.png,augment_medium,medium_dark,True,149.8007808,data/processed/lowlight_augmented/HEB_Google_378_medium_dark.png
HEB_Google_391.png,augment_medium,medium_dark,True,148.51898020257826,data/processed/lowlight_augmented/HEB_Google_391_medium_dark.png
HEB_Google_398.png,no_augment,,,,
HEB_Google_399.png,no_augment,,,,
HEB_Google_425.png,no_augment,,,,
HEB_Google_442.png,no_augment,,,,
HEB_Google_471.png,augment_medium,medium_dark,True,136.67772984711095,data/processed/lowlight_augmented/HEB_Google_471_medium_dark.png
HEB_Google_477.png,augment_medium,medium_dark,True,146.2009953501889,data/processed/lowlight_augmented/HEB_Google_477_medium_dark.png
HEB_Google_483.png,augment_medium,medium_dark,True,137.12679561680227,data/processed/lowlight_augmented/HEB_Google_483_medium_dark.png
HEB_Google_518.png,no_augment,,,,
HEB_Google_547.png,no_augment,,,,
HEB_Google_550.png,augment_medium,medium_dark,True,137.39641261171798,data/processed/lowlight_augmented/HEB_Google_550_medium_dark.png
HEB_Google_556.png,no_augment,,,,
HEB_Google_558.png,no_augment,,,,
HEB_Google_563.png,no_augment,,,,
HEB_Google_564.png,no_augment,,,,
HEB_Google_573.png,no_augment,,,,
HEB_Google_582.png,no_augment,,,,
HEB_Google_591.png,no_augment,,,,
HEB_Google_593.png,no_augment,,,,
HEB_Google_599.png,no_augment,,,,
HEB_Google_609.png,no_augment,,,,
HEB_Google_615.png,no_augment,,,,
HEB_Google_618.png,no_augment,,,,
HEB_Google_640.png,no_augment,,,,
HEB_Google_644.png,no_augment,,,,
HEB_Google_651.png,no_augment,,,,
HEB_Google_657.png,no_augment,,,,
HEB_Google_664.png,no_augment,,,,
HF_Baidu_013.png,no_augment,,,,
HF_Baidu_017.png,no_augment,,,,
HF_Baidu_021.png,augment_medium,medium_dark,True,144.02197715968902,data/processed/lowlight_augmented/HF_Baidu_021_medium_dark.png
HF_Baidu_043.png,no_augment,,,,
HF_Baidu_045.png,no_augment,,,,
HF_Baidu_053.png,no_augment,,,,
HF_Baidu_060.png,augment_medium,medium_dark,True,150.78295924064767,data/processed/lowlight_augmented/HF_Baidu_060_medium_dark.png
HF_Baidu_081.png,no_augment,,,,
HF_Baidu_086.png,augment_medium,medium_dark,True,139.32191641791044,data/processed/lowlight_augmented/HF_Baidu_086_medium_dark.png
HF_Baidu_102.png,no_augment,,,,
HF_Baidu_116.png,no_augment,,,,
HF_Baidu_121.png,no_augment,,,,
HF_Baidu_122.png,no_augment,,,,
HF_Baidu_124.png,no_augment,,,,
HF_Baidu_128.png,no_augment,,,,
HF_Baidu_130.png,augment_medium,medium_dark,True,144.9889457567804,data/processed/lowlight_augmented/HF_Baidu_130_medium_dark.png
HF_Baidu_133.png,no_augment,,,,
HF_Baidu_136.png,no_augment,,,,
HF_Baidu_146.png,augment_medium,medium_dark,True,140.31331662570867,data/processed/lowlight_augmented/HF_Baidu_146_medium_dark.png
HF_Baidu_147.png,no_augment,,,,
HF_Baidu_148.png,augment_medium,medium_dark,True,135.12961727063706,data/processed/lowlight_augmented/HF_Baidu_148_medium_dark.png
HF_Baidu_15.png,no_augment,,,,
HF_Baidu_154.png,no_augment,,,,
HF_Baidu_155.png,augment_medium,medium_dark,True,143.12484394779344,data/processed/lowlight_augmented/HF_Baidu_155_medium_dark.png
HF_Baidu_156.png,no_augment,,,,
HF_Baidu_158.png,augment_medium,medium_dark,True,137.7588888888889,data/processed/lowlight_augmented/HF_Baidu_158_medium_dark.png
HF_Baidu_170.png,no_augment,,,,
HF_Baidu_18.png,augment_medium,medium_dark,True,146.71703296703296,data/processed/lowlight_augmented/HF_Baidu_18_medium_dark.png
HF_Baidu_202.png,no_augment,,,,
HF_Baidu_208.png,no_augment,,,,
HF_Baidu_209.png,augment_medium,medium_dark,True,151.4571149985661,data/processed/lowlight_augmented/HF_Baidu_209_medium_dark.png
HF_Baidu_214.png,augment_medium,medium_dark,True,142.6982350982351,data/processed/lowlight_augmented/HF_Baidu_214_medium_dark.png
HF_Baidu_219.png,no_augment,,,,
HF_Baidu_220.png,no_augment,,,,
HF_Baidu_228.png,no_augment,,,,
HF_Baidu_229.png,augment_medium,medium_dark,True,150.52926582278482,data/processed/lowlight_augmented/HF_Baidu_229_medium_dark.png
HF_Baidu_243.png,no_augment,,,,
HF_Baidu_247.png,no_augment,,,,
HF_Baidu_253.png,no_augment,,,,
HF_Baidu_266.png,no_augment,,,,
HF_Baidu_290.png,no_augment,,,,
HF_Baidu_291.png,augment_medium,medium_dark,True,154.4963923815587,data/processed/lowlight_augmented/HF_Baidu_291_medium_dark.png
HF_Baidu_296.png,no_augment,,,,
HF_Baidu_30.png,augment_medium,medium_dark,True,153.15143133462283,data/processed/lowlight_augmented/HF_Baidu_30_medium_dark.png
HF_Baidu_305.png,no_augment,,,,
HF_Baidu_321.png,no_augment,,,,
HF_Baidu_341.png,no_augment,,,,
HF_Baidu_358.png,no_augment,,,,
HF_Baidu_368.png,no_augment,,,,
HF_Baidu_386.png,no_augment,,,,
HF_Baidu_420.png,augment_medium,medium_dark,True,136.3335341711138,data/processed/lowlight_augmented/HF_Baidu_420_medium_dark.png
HF_Baidu_421.png,no_augment,,,,
HF_Baidu_441.png,no_augment,,,,
HF_Baidu_446.png,augment_medium,medium_dark,True,142.93032801232235,data/processed/lowlight_augmented/HF_Baidu_446_medium_dark.png
HF_Baidu_454.png,no_augment,,,,
HF_Baidu_461.png,no_augment,,,,
HF_Baidu_499.png,augment_medium,medium_dark,False,,
HF_Baidu_510.png,no_augment,,,,
HF_Bing_028.png,no_augment,,,,
HF_Bing_033.png,augment_medium,medium_dark,False,,
HF_Bing_037.png,no_augment,,,,
HF_Bing_038.png,no_augment,,,,
HF_Bing_055.png,no_augment,,,,
HF_Bing_100.png,no_augment,,,,
HF_Bing_11.png,augment_medium,medium_dark,True,145.08625026665717,data/processed/lowlight_augmented/HF_Bing_11_medium_dark.png
HF_Bing_114.png,augment_medium,medium_dark,True,142.0564182194617,data/processed/lowlight_augmented/HF_Bing_114_medium_dark.png
HF_Bing_137.png,augment_medium,medium_dark,True,145.52366262626262,data/processed/lowlight_augmented/HF_Bing_137_medium_dark.png
HF_Bing_14.png,augment_medium,medium_dark,True,142.88254763040172,data/processed/lowlight_augmented/HF_Bing_14_medium_dark.png
HF_Bing_141.png,augment_medium,medium_dark,True,140.3103197492163,data/processed/lowlight_augmented/HF_Bing_141_medium_dark.png
HF_Bing_172.png,augment_medium,medium_dark,True,134.70452916666667,data/processed/lowlight_augmented/HF_Bing_172_medium_dark.png
HF_Bing_214.png,no_augment,,,,
HF_Bing_227.png,no_augment,,,,
HF_Bing_250.png,no_augment,,,,
HF_Bing_256.png,augment_medium,medium_dark,True,134.3817207278481,data/processed/lowlight_augmented/HF_Bing_256_medium_dark.png
HF_Bing_269.png,no_augment,,,,
HF_Bing_283.png,augment_medium,medium_dark,True,147.8654498714653,data/processed/lowlight_augmented/HF_Bing_283_medium_dark.png
HF_Bing_311.png,augment_medium,medium_dark,True,137.76424614498345,data/processed/lowlight_augmented/HF_Bing_311_medium_dark.png
HF_Bing_365.png,augment_medium,medium_dark,True,136.50655915456392,data/processed/lowlight_augmented/HF_Bing_365_medium_dark.png
HF_Bing_366.png,augment_medium,medium_dark,True,146.26874074074075,data/processed/lowlight_augmented/HF_Bing_366_medium_dark.png
HF_Bing_367.png,no_augment,,,,
HF_Bing_401.png,no_augment,,,,
HF_Bing_420.png,no_augment,,,,
HF_Bing_451.png,no_augment,,,,
HF_Bing_585.png,no_augment,,,,
HF_Bing_589.png,augment_medium,medium_dark,True,136.16047625389848,data/processed/lowlight_augmented/HF_Bing_589_medium_dark.png
HF_Bing_591.png,no_augment,,,,
HF_Bing_599.png,no_augment,,,,
HF_Bing_60.png,no_augment,,,,
HF_Bing_601.png,no_augment,,,,
HF_Bing_610.png,no_augment,,,,
HF_Bing_627.png,no_augment,,,,
HF_Bing_656.png,no_augment,,,,
HF_Bing_669.png,no_augment,,,,
HF_Bing_674.png,no_augment,,,,
HF_Bing_679.png,no_augment,,,,
HF_Bing_685.png,augment_medium,medium_dark,True,142.028883263629,data/processed/lowlight_augmented/HF_Bing_685_medium_dark.png
HF_Bing_709.png,augment_medium,medium_dark,False,,
HF_Bing_718.png,no_augment,,,,
HF_Bing_732.png,no_augment,,,,
HF_Bing_733.png,no_augment,,,,
HF_Bing_735.png,no_augment,,,,
HF_Bing_737.png,no_augment,,,,
HF_Bing_777.png,augment_medium,medium_dark,True,137.97462670180062,data/processed/lowlight_augmented/HF_Bing_777_medium_dark.png
HF_Bing_826.png,augment_medium,medium_dark,True,143.71666666666667,data/processed/lowlight_augmented/HF_Bing_826_medium_dark.png
HF_Bing_836.png,augment_medium,medium_dark,True,134.5105904775604,data/processed/lowlight_augmented/HF_Bing_836_medium_dark.png
HF_Bing_890.png,no_augment,,,,
HF_Google_016.png,no_augment,,,,
HF_Google_025.png,no_augment,,,,
HF_Google_027.png,augment_medium,medium_dark,True,145.9430248756219,data/processed/lowlight_augmented/HF_Google_027_medium_dark.png
HF_Google_045.png,no_augment,,,,
HF_Google_047.png,augment_medium,medium_dark,True,156.81257692307693,data/processed/lowlight_augmented/HF_Google_047_medium_dark.png
HF_Google_057.png,augment_medium,medium_dark,True,149.62573431132844,data/processed/lowlight_augmented/HF_Google_057_medium_dark.png
HF_Google_085.png,augment_medium,medium_dark,True,134.6374875,data/processed/lowlight_augmented/HF_Google_085_medium_dark.png
HF_Google_091.png,augment_medium,medium_dark,False,,
HF_Google_094.png,augment_medium,medium_dark,True,146.61627067718285,data/processed/lowlight_augmented/HF_Google_094_medium_dark.png
HF_Google_102.png,no_augment,,,,
HF_Google_103.png,no_augment,,,,
HF_Google_116.png,augment_medium,medium_dark,True,153.67672413793105,data/processed/lowlight_augmented/HF_Google_116_medium_dark.png
HF_Google_121.png,no_augment,,,,
HF_Google_122.png,augment_medium,medium_dark,True,141.4294685990338,data/processed/lowlight_augmented/HF_Google_122_medium_dark.png
HF_Google_133.png,augment_medium,medium_dark,True,152.53929523876215,data/processed/lowlight_augmented/HF_Google_133_medium_dark.png
HF_Google_136.png,no_augment,,,,
HF_Google_142.png,no_augment,,,,
HF_Google_153.png,no_augment,,,,
HF_Google_160.png,augment_medium,medium_dark,True,136.46322280772395,data/processed/lowlight_augmented/HF_Google_160_medium_dark.png
HF_Google_161.png,no_augment,,,,
HF_Google_177.png,no_augment,,,,
HF_Google_179.png,no_augment,,,,
HF_Google_193.png,no_augment,,,,
HF_Google_194.png,no_augment,,,,
HF_Google_231.png,no_augment,,,,
HF_Google_246.png,no_augment,,,,
HF_Google_272.png,augment_medium,medium_dark,True,149.6016389244558,data/processed/lowlight_augmented/HF_Google_272_medium_dark.png
HF_Google_283.png,augment_medium,medium_dark,True,147.15497143918637,data/processed/lowlight_augmented/HF_Google_283_medium_dark.png
HF_Google_312.png,augment_medium,medium_dark,False,,
HF_Google_313.png,augment_medium,medium_dark,True,136.32649308620182,data/processed/lowlight_augmented/HF_Google_313_medium_dark.png
HF_Google_328.png,no_augment,,,,
HF_Google_331.png,no_augment,,,,
HF_Google_337.png,no_augment,,,,
HF_Google_339.png,augment_medium,medium_dark,True,157.03748312114197,data/processed/lowlight_augmented/HF_Google_339_medium_dark.png
HF_Google_340.png,no_augment,,,,
HF_Google_381.png,no_augment,,,,
HF_Google_396.png,no_augment,,,,
HF_Google_406.png,augment_medium,medium_dark,True,137.07828096252192,data/processed/lowlight_augmented/HF_Google_406_medium_dark.png
HF_Google_427.png,no_augment,,,,
HF_Google_443.png,augment_medium,medium_dark,True,138.19732779212708,data/processed/lowlight_augmented/HF_Google_443_medium_dark.png
HF_Google_447.png,augment_medium,medium_dark,True,157.37300912428464,data/processed/lowlight_augmented/HF_Google_447_medium_dark.png
HF_Google_472.png,no_augment,,,,
HF_Google_501.png,augment_medium,medium_dark,True,145.26304449897006,data/processed/lowlight_augmented/HF_Google_501_medium_dark.png
HF_Google_504.png,no_augment,,,,
HF_Google_511.png,no_augment,,,,
HF_Google_527.png,augment_medium,medium_dark,True,135.33228870317686,data/processed/lowlight_augmented/HF_Google_527_medium_dark.png
HF_Google_531.png,no_augment,,,,
HF_Google_533.png,no_augment,,,,
HF_Google_556.png,no_augment,,,,
HF_Google_559.png,no_augment,,,,
HF_Google_570.png,no_augment,,,,
HF_Google_571.png,no_augment,,,,
HF_Google_576.png,no_augment,,,,
HF_Google_610.png,no_augment,,,,
HF_Google_623.png,augment_medium,medium_dark,True,145.16095042218637,data/processed/lowlight_augmented/HF_Google_623_medium_dark.png
HF_Google_649.png,augment_medium,medium_dark,True,143.6235593797475,data/processed/lowlight_augmented/HF_Google_649_medium_dark.png
HF_Google_665.png,no_augment,,,,
HF_Google_668.png,no_augment,,,,
HF_Google_677.png,no_augment,,,,
HF_Google_702.png,no_augment,,,,
HF_Google_725.png,augment_medium,medium_dark,True,144.93047715053763,data/processed/lowlight_augmented/HF_Google_725_medium_dark.png
HF_Google_747.png,no_augment,,,,
HF_Google_759.png,no_augment,,,,
HF_Google_807.png,augment_medium,medium_dark,True,142.79380808080808,data/processed/lowlight_augmented/HF_Google_807_medium_dark.png
HF_Google_860.png,no_augment,,,,
HF_Google_861.png,no_augment,,,,
HazeDr_Bing_178.png,augment_medium,medium_dark,True,153.66980401100557,data/processed/lowlight_augmented/HazeDr_Bing_178_medium_dark.png
HazeDr_Bing_233.png,augment_medium,medium_dark,True,144.81774145416796,data/processed/lowlight_augmented/HazeDr_Bing_233_medium_dark.png
HazeDr_Bing_252.png,no_augment,,,,
HazeDr_Bing_330.png,augment_medium,medium_dark,True,152.20564762720156,data/processed/lowlight_augmented/HazeDr_Bing_330_medium_dark.png
HazeDr_Bing_337.png,no_augment,,,,
HazeDr_Bing_418.png,no_augment,,,,
HazeDr_Bing_453.png,augment_medium,medium_dark,True,138.15708585858584,data/processed/lowlight_augmented/HazeDr_Bing_453_medium_dark.png
HazeDr_Bing_460.png,augment_medium,medium_dark,True,134.45251889168765,data/processed/lowlight_augmented/HazeDr_Bing_460_medium_dark.png
HazeDr_Bing_549.png,augment_medium,medium_dark,True,143.48826840894148,data/processed/lowlight_augmented/HazeDr_Bing_549_medium_dark.png
HazeDr_Bing_647.png,no_augment,,,,
HazeDr_Bing_655.png,augment_medium,medium_dark,True,134.73587131090989,data/processed/lowlight_augmented/HazeDr_Bing_655_medium_dark.png
HazeDr_Bing_763.png,augment_medium,medium_dark,True,140.01236979166666,data/processed/lowlight_augmented/HazeDr_Bing_763_medium_dark.png
HazeDr_Google_123.png,no_augment,,,,
HazeDr_Google_125.png,no_augment,,,,
HazeDr_Google_130.png,no_augment,,,,
HazeDr_Google_146.png,no_augment,,,,
HazeDr_Google_183.png,augment_medium,medium_dark,True,141.22578938802084,data/processed/lowlight_augmented/HazeDr_Google_183_medium_dark.png
HazeDr_Google_192.png,augment_medium,medium_dark,True,147.9457350877193,data/processed/lowlight_augmented/HazeDr_Google_192_medium_dark.png
HazeDr_Google_212.png,no_augment,,,,
HazeDr_Google_213.png,no_augment,,,,
HazeDr_Google_241.png,no_augment,,,,
HazeDr_Google_273.png,no_augment,,,,
HazeDr_Google_293.png,no_augment,,,,
HazeDr_Google_328.png,augment_medium,medium_dark,True,140.3046626164917,data/processed/lowlight_augmented/HazeDr_Google_328_medium_dark.png
HazeDr_Google_355.png,augment_medium,medium_dark,True,140.06953938802084,data/processed/lowlight_augmented/HazeDr_Google_355_medium_dark.png
HazeDr_Google_365.png,no_augment,,,,
HazeDr_Google_375.png,no_augment,,,,
HazeDr_Google_381.png,no_augment,,,,
HazeDr_Google_402.png,no_augment,,,,
HazeDr_Google_404.png,augment_medium,medium_dark,True,141.96179030911037,data/processed/lowlight_augmented/HazeDr_Google_404_medium_dark.png
HazeDr_Google_415.png,augment_medium,medium_dark,True,135.06225617338782,data/processed/lowlight_augmented/HazeDr_Google_415_medium_dark.png
HazeDr_Google_421.png,augment_medium,medium_dark,True,136.81608714788732,data/processed/lowlight_augmented/HazeDr_Google_421_medium_dark.png
HazeDr_Google_432.png,no_augment,,,,
HazeDr_Google_433.png,no_augment,,,,
HazeDr_Google_434.png,no_augment,,,,
HazeDr_Google_450.png,augment_medium,medium_dark,True,142.66637761959987,data/processed/lowlight_augmented/HazeDr_Google_450_medium_dark.png
HazeDr_Google_510.png,augment_medium,medium_dark,True,145.83718839426447,data/processed/lowlight_augmented/HazeDr_Google_510_medium_dark.png
HazeDr_Google_512.png,no_augment,,,,
HazeDr_Google_551.png,no_augment,,,,
HazeDr_Google_554.png,no_augment,,,,
HazeDr_Google_560.png,augment_medium,medium_dark,True,140.33526295133439,data/processed/lowlight_augmented/HazeDr_Google_560_medium_dark.png
HazeDr_Google_568.png,no_augment,,,,
HazeDr_Google_569.png,no_augment,,,,
HazeDr_Google_582.png,no_augment,,,,
HazeDr_Google_584.png,no_augment,,,,
HazeDr_Google_590.png,no_augment,,,,
HazeDr_Google_593.png,no_augment,,,,
HazeDr_Google_594.png,no_augment,,,,
HazeDr_Google_597.png,no_augment,,,,
HazeDr_Google_603.png,no_augment,,,,
HazeDr_Google_614.png,no_augment,,,,
HazeDr_Google_625.png,no_augment,,,,
HazeDr_Google_63.png,augment_medium,medium_dark,True,136.61915176130594,data/processed/lowlight_augmented/HazeDr_Google_63_medium_dark.png
HazeDr_Google_630.png,augment_medium,medium_dark,True,142.0622258064516,data/processed/lowlight_augmented/HazeDr_Google_630_medium_dark.png
HazeDr_Google_633.png,no_augment,,,,
HazeDr_Google_636.png,no_augment,,,,
HazeDr_Google_637.png,no_augment,,,,
HazeDr_Google_640.png,no_augment,,,,
HazeDr_Google_646.png,augment_medium,medium_dark,True,135.46106351224367,data/processed/lowlight_augmented/HazeDr_Google_646_medium_dark.png
HazeDr_Google_648.png,augment_medium,medium_dark,False,,
HazeDr_Google_649.png,no_augment,,,,
HazeDr_Google_651.png,no_augment,,,,
HazeDr_Google_657.png,augment_medium,medium_dark,True,154.4646877618972,data/processed/lowlight_augmented/HazeDr_Google_657_medium_dark.png
HazeDr_Google_667.png,no_augment,,,,
HazeDr_Google_673.png,augment_medium,medium_dark,True,137.89092227654677,data/processed/lowlight_augmented/HazeDr_Google_673_medium_dark.png
HazeDr_Google_692.png,augment_medium,medium_dark,False,,
HazeDr_Google_693.png,augment_medium,medium_dark,True,134.87962962962962,data/processed/lowlight_augmented/HazeDr_Google_693_medium_dark.png
HazeDr_Google_703.png,no_augment,,,,
HazeDr_Google_704.png,augment_medium,medium_dark,True,138.003154539801,data/processed/lowlight_augmented/HazeDr_Google_704_medium_dark.png
HazeDr_Google_709.png,no_augment,,,,
HazeDr_Google_719.png,augment_medium,medium_dark,True,152.643774,data/processed/lowlight_augmented/HazeDr_Google_719_medium_dark.png
HazeDr_Google_724.png,augment_medium,medium_dark,True,142.88714535137495,data/processed/lowlight_augmented/HazeDr_Google_724_medium_dark.png
HazeDr_Google_726.png,augment_medium,medium_dark,True,141.5007232084155,data/processed/lowlight_augmented/HazeDr_Google_726_medium_dark.png
HazeDr_Google_740.png,augment_medium,medium_dark,True,151.23588160569105,data/processed/lowlight_augmented/HazeDr_Google_740_medium_dark.png
HazeDr_Google_75.png,augment_medium,medium_dark,False,,
HazeDr_Google_760.png,augment_medium,medium_dark,True,140.13264538558786,data/processed/lowlight_augmented/HazeDr_Google_760_medium_dark.png
HazeDr_Google_766.png,augment_medium,medium_dark,True,148.56297692256828,data/processed/lowlight_augmented/HazeDr_Google_766_medium_dark.png
HazeDr_Google_767.png,no_augment,,,,
HazeDr_Google_772.png,no_augment,,,,
HazeDr_Google_787.png,augment_medium,medium_dark,True,146.83368131868133,data/processed/lowlight_augmented/HazeDr_Google_787_medium_dark.png
HazeDr_Google_802.png,no_augment,,,,
HazeDr_Google_809.png,no_augment,,,,
HazeDr_Google_813.png,no_augment,,,,
HazeDr_Google_838.png,no_augment,,,,
HazeDr_Google_845.png,no_augment,,,,
HazyDr_Bing_089.png,no_augment,,,,
HazyDr_Bing_126.png,augment_medium,medium_dark,False,,
HazyDr_Bing_132.png,no_augment,,,,
HazyDr_Bing_158.png,no_augment,,,,
HazyDr_Bing_194.png,no_augment,,,,
HazyDr_Bing_228.png,no_augment,,,,
HazyDr_Bing_296.png,no_augment,,,,
HazyDr_Bing_300.png,no_augment,,,,
HazyDr_Bing_320.png,no_augment,,,,
HazyDr_Bing_376.png,no_augment,,,,
HazyDr_Bing_420.png,augment_medium,medium_dark,True,138.50318802608297,data/processed/lowlight_augmented/HazyDr_Bing_420_medium_dark.png
HazyDr_Bing_543.png,no_augment,,,,
HazyDr_Bing_557.png,no_augment,,,,
HazyDr_Bing_569.png,augment_medium,medium_dark,True,144.68789814814815,data/processed/lowlight_augmented/HazyDr_Bing_569_medium_dark.png
HazyDr_Bing_780.png,no_augment,,,,
HazyDr_Bing_800.png,no_augment,,,,
HazyDr_Bing_820.png,augment_medium,medium_dark,False,,
HazyDr_Google_054.png,augment_medium,medium_dark,True,140.43501809467918,data/processed/lowlight_augmented/HazyDr_Google_054_medium_dark.png
HazyDr_Google_057.png,augment_medium,medium_dark,True,153.15986881188118,data/processed/lowlight_augmented/HazyDr_Google_057_medium_dark.png
HazyDr_Google_059.png,no_augment,,,,
HazyDr_Google_060.png,augment_medium,medium_dark,True,134.6719899256651,data/processed/lowlight_augmented/HazyDr_Google_060_medium_dark.png
HazyDr_Google_118.png,no_augment,,,,
HazyDr_Google_138.png,no_augment,,,,
HazyDr_Google_140.png,no_augment,,,,
HazyDr_Google_153.png,no_augment,,,,
HazyDr_Google_165.png,no_augment,,,,
HazyDr_Google_185.png,no_augment,,,,
HazyDr_Google_188.png,no_augment,,,,
HazyDr_Google_240.png,no_augment,,,,
HazyDr_Google_277.png,augment_medium,medium_dark,True,148.8976146788991,data/processed/lowlight_augmented/HazyDr_Google_277_medium_dark.png
HazyDr_Google_289.png,no_augment,,,,
HazyDr_Google_298.png,no_augment,,,,
HazyDr_Google_324.png,no_augment,,,,
HazyDr_Google_359.png,no_augment,,,,
HazyDr_Google_384.png,no_augment,,,,
HazyDr_Google_475.png,no_augment,,,,
HazyDr_Google_476.png,augment_medium,medium_dark,True,142.60405628632608,data/processed/lowlight_augmented/HazyDr_Google_476_medium_dark.png
HazyDr_Google_602.png,no_augment,,,,
HazyDr_Google_622.png,no_augment,,,,
HazyDr_Google_647.png,augment_medium,medium_dark,False,,
HazyDr_Google_678.png,no_augment,,,,
HazyDr_Google_753.png,no_augment,,,,
HazyDr_Google_798.png,no_augment,,,,
IRQ_Bing_005.png,no_augment,,,,
IRQ_Bing_007.png,no_augment,,,,
IRQ_Bing_017.png,augment_medium,medium_dark,True,154.498796686747,data/processed/lowlight_augmented/IRQ_Bing_017_medium_dark.png
IRQ_Bing_018.png,no_augment,,,,
IRQ_Bing_078.png,augment_medium,medium_dark,True,154.64235969387755,data/processed/lowlight_augmented/IRQ_Bing_078_medium_dark.png
IRQ_Bing_101.png,augment_medium,medium_dark,True,136.0960159201975,data/processed/lowlight_augmented/IRQ_Bing_101_medium_dark.png
IRQ_Bing_113.png,augment_medium,medium_dark,True,153.31762084909627,data/processed/lowlight_augmented/IRQ_Bing_113_medium_dark.png
IRQ_Bing_146.png,augment_medium,medium_dark,True,150.6107767772165,data/processed/lowlight_augmented/IRQ_Bing_146_medium_dark.png
IRQ_Bing_228.png,no_augment,,,,
IRQ_Bing_250.png,no_augment,,,,
IRQ_Bing_257.png,no_augment,,,,
IRQ_Bing_263.png,augment_medium,medium_dark,True,150.31226355611602,data/processed/lowlight_augmented/IRQ_Bing_263_medium_dark.png
IRQ_Bing_29.png,no_augment,,,,
IRQ_Bing_399.png,no_augment,,,,
IRQ_Bing_460.png,no_augment,,,,
IRQ_Bing_516.png,augment_medium,medium_dark,True,135.86461152882205,data/processed/lowlight_augmented/IRQ_Bing_516_medium_dark.png
IRQ_Bing_674.png,no_augment,,,,
IRQ_Bing_775.png,no_augment,,,,
IRQ_Google_010.png,no_augment,,,,
IRQ_Google_027.png,augment_medium,medium_dark,True,138.77870930612372,data/processed/lowlight_augmented/IRQ_Google_027_medium_dark.png
IRQ_Google_030.png,no_augment,,,,
IRQ_Google_077.png,no_augment,,,,
IRQ_Google_084.png,augment_medium,medium_dark,True,142.67893413173653,data/processed/lowlight_augmented/IRQ_Google_084_medium_dark.png
IRQ_Google_109.png,augment_medium,medium_dark,True,136.3714992967651,data/processed/lowlight_augmented/IRQ_Google_109_medium_dark.png
IRQ_Google_115.png,augment_medium,medium_dark,True,154.7520455246722,data/processed/lowlight_augmented/IRQ_Google_115_medium_dark.png
IRQ_Google_121.png,no_augment,,,,
IRQ_Google_136.png,no_augment,,,,
IRQ_Google_147.png,no_augment,,,,
IRQ_Google_148.png,augment_medium,medium_dark,True,143.0380698107798,data/processed/lowlight_augmented/IRQ_Google_148_medium_dark.png
IRQ_Google_161.png,augment_medium,medium_dark,True,137.96583333333334,data/processed/lowlight_augmented/IRQ_Google_161_medium_dark.png
IRQ_Google_210.png,no_augment,,,,
IRQ_Google_211.png,augment_medium,medium_dark,True,143.6304623049906,data/processed/lowlight_augmented/IRQ_Google_211_medium_dark.png
IRQ_Google_243.png,augment_medium,medium_dark,True,136.1345400126024,data/processed/lowlight_augmented/IRQ_Google_243_medium_dark.png
IRQ_Google_250.png,augment_medium,medium_dark,False,,
IRQ_Google_260.png,augment_medium,medium_dark,True,136.18947272727272,data/processed/lowlight_augmented/IRQ_Google_260_medium_dark.png
IRQ_Google_314.png,augment_medium,medium_dark,True,145.81953564727954,data/processed/lowlight_augmented/IRQ_Google_314_medium_dark.png
IRQ_Google_323.png,augment_medium,medium_dark,True,142.35540674603175,data/processed/lowlight_augmented/IRQ_Google_323_medium_dark.png
IRQ_Google_327.png,augment_medium,medium_dark,True,135.57980319831378,data/processed/lowlight_augmented/IRQ_Google_327_medium_dark.png
IRQ_Google_422.png,no_augment,,,,
IRQ_Google_46.png,augment_medium,medium_dark,True,155.53504228186094,data/processed/lowlight_augmented/IRQ_Google_46_medium_dark.png
IRQ_Google_464.png,no_augment,,,,
IRQ_Google_468.png,no_augment,,,,
IRQ_Google_470.png,augment_medium,medium_dark,True,148.98963031045753,data/processed/lowlight_augmented/IRQ_Google_470_medium_dark.png
IRQ_Google_476.png,no_augment,,,,
IRQ_Google_484.png,no_augment,,,,
IRQ_Google_490.png,augment_medium,medium_dark,True,147.8698753117207,data/processed/lowlight_augmented/IRQ_Google_490_medium_dark.png
IRQ_Google_494.png,no_augment,,,,
IRQ_Google_495.png,no_augment,,,,
IRQ_Google_508.png,augment_medium,medium_dark,True,134.4150187617261,data/processed/lowlight_augmented/IRQ_Google_508_medium_dark.png
IRQ_Google_510.png,augment_medium,medium_dark,True,145.9623708568032,data/processed/lowlight_augmented/IRQ_Google_510_medium_dark.png
IRQ_Google_523.png,no_augment,,,,
IRQ_Google_525.png,no_augment,,,,
IRQ_Google_533.png,no_augment,,,,
IRQ_Google_540.png,no_augment,,,,
IRQ_Google_658.png,augment_medium,medium_dark,True,141.62634603336204,data/processed/lowlight_augmented/IRQ_Google_658_medium_dark.png
JL_Baidu_000.png,no_augment,,,,
JL_Baidu_014.png,augment_medium,medium_dark,True,136.73130555443834,data/processed/lowlight_augmented/JL_Baidu_014_medium_dark.png
JL_Baidu_016.png,augment_medium,medium_dark,False,,
JL_Baidu_057.png,no_augment,,,,
JL_Baidu_089.png,augment_medium,medium_dark,True,148.52113282497882,data/processed/lowlight_augmented/JL_Baidu_089_medium_dark.png
JL_Baidu_093.png,no_augment,,,,
JL_Baidu_110.png,no_augment,,,,
JL_Baidu_138.png,augment_medium,medium_dark,True,141.96445034480215,data/processed/lowlight_augmented/JL_Baidu_138_medium_dark.png
JL_Baidu_145.png,no_augment,,,,
JL_Baidu_146.png,no_augment,,,,
JL_Baidu_150.png,no_augment,,,,
JL_Baidu_153.png,no_augment,,,,
JL_Baidu_198.png,no_augment,,,,
JL_Baidu_230.png,augment_medium,medium_dark,True,153.7328769509476,data/processed/lowlight_augmented/JL_Baidu_230_medium_dark.png
JL_Baidu_231.png,no_augment,,,,
JL_Baidu_232.png,augment_medium,medium_dark,True,155.47127407407407,data/processed/lowlight_augmented/JL_Baidu_232_medium_dark.png
JL_Bing_002.png,no_augment,,,,
JL_Bing_014.png,no_augment,,,,
JL_Bing_05.png,no_augment,,,,
JL_Bing_055.png,no_augment,,,,
JL_Bing_064.png,no_augment,,,,
JL_Bing_081.png,augment_medium,medium_dark,True,138.41227083333334,data/processed/lowlight_augmented/JL_Bing_081_medium_dark.png
JL_Bing_169.png,augment_medium,medium_dark,True,155.6809257185517,data/processed/lowlight_augmented/JL_Bing_169_medium_dark.png
JL_Bing_196.png,no_augment,,,,
JL_Bing_224.png,no_augment,,,,
JL_Bing_225.png,no_augment,,,,
JL_Bing_238.png,no_augment,,,,
JL_Bing_257.png,augment_medium,medium_dark,True,152.52750370151023,data/processed/lowlight_augmented/JL_Bing_257_medium_dark.png
JL_Bing_282.png,no_augment,,,,
JL_Bing_429.png,augment_medium,medium_dark,True,148.61794493608653,data/processed/lowlight_augmented/JL_Bing_429_medium_dark.png
JL_Bing_431.png,no_augment,,,,
JL_Bing_568.png,no_augment,,,,
JL_Bing_61.png,no_augment,,,,
JL_Bing_627.png,no_augment,,,,
JL_Bing_674.png,no_augment,,,,
JL_Bing_683.png,no_augment,,,,
JL_Bing_684.png,augment_medium,medium_dark,True,136.26592481203008,data/processed/lowlight_augmented/JL_Bing_684_medium_dark.png
JL_Bing_708.png,no_augment,,,,
JL_Bing_730.png,no_augment,,,,
JL_Bing_751.png,no_augment,,,,
JL_Bing_767.png,no_augment,,,,
JL_Bing_786.png,augment_medium,medium_dark,True,139.41546544101993,data/processed/lowlight_augmented/JL_Bing_786_medium_dark.png
JL_Bing_804.png,no_augment,,,,
JL_Google_011.png,augment_medium,medium_dark,True,146.20949136701265,data/processed/lowlight_augmented/JL_Google_011_medium_dark.png
JL_Google_038.png,no_augment,,,,
JL_Google_095.png,augment_medium,medium_dark,False,,
JL_Google_104.png,augment_medium,medium_dark,False,,
JL_Google_115.png,augment_medium,medium_dark,False,,
JL_Google_116.png,augment_medium,medium_dark,True,141.80992510241003,data/processed/lowlight_augmented/JL_Google_116_medium_dark.png
JL_Google_137.png,no_augment,,,,
JL_Google_143.png,no_augment,,,,
JL_Google_145.png,augment_medium,medium_dark,True,155.84433716465915,data/processed/lowlight_augmented/JL_Google_145_medium_dark.png
JL_Google_152.png,no_augment,,,,
JL_Google_177.png,no_augment,,,,
JL_Google_179.png,augment_medium,medium_dark,True,138.27711682242992,data/processed/lowlight_augmented/JL_Google_179_medium_dark.png
JL_Google_227.png,no_augment,,,,
JL_Google_237.png,no_augment,,,,
JL_Google_24.png,no_augment,,,,
JL_Google_254.png,no_augment,,,,
JL_Google_255.png,augment_medium,medium_dark,True,145.2549747463784,data/processed/lowlight_augmented/JL_Google_255_medium_dark.png
JL_Google_263.png,no_augment,,,,
JL_Google_288.png,no_augment,,,,
JL_Google_289.png,augment_medium,medium_dark,True,140.0286663903854,data/processed/lowlight_augmented/JL_Google_289_medium_dark.png
JL_Google_290.png,augment_medium,medium_dark,True,141.35901481481483,data/processed/lowlight_augmented/JL_Google_290_medium_dark.png
JL_Google_299.png,no_augment,,,,
JL_Google_327.png,augment_medium,medium_dark,True,156.65497337390642,data/processed/lowlight_augmented/JL_Google_327_medium_dark.png
JL_Google_354.png,augment_medium,medium_dark,True,137.65213675213676,data/processed/lowlight_augmented/JL_Google_354_medium_dark.png
JL_Google_397.png,augment_medium,medium_dark,True,146.26480435237497,data/processed/lowlight_augmented/JL_Google_397_medium_dark.png
JL_Google_407.png,no_augment,,,,
JL_Google_412.png,augment_medium,medium_dark,True,146.89257309941522,data/processed/lowlight_augmented/JL_Google_412_medium_dark.png
JL_Google_413.png,augment_medium,medium_dark,True,141.38511147282233,data/processed/lowlight_augmented/JL_Google_413_medium_dark.png
JL_Google_421.png,augment_medium,medium_dark,True,156.284279082986,data/processed/lowlight_augmented/JL_Google_421_medium_dark.png
JL_Google_423.png,no_augment,,,,
JL_Google_463.png,no_augment,,,,
JL_Google_464.png,no_augment,,,,
JL_Google_497.png,augment_medium,medium_dark,True,149.15190773067332,data/processed/lowlight_augmented/JL_Google_497_medium_dark.png
JL_Google_498.png,augment_medium,medium_dark,True,140.46010609200167,data/processed/lowlight_augmented/JL_Google_498_medium_dark.png
JL_Google_502.png,no_augment,,,,
JL_Google_505.png,augment_medium,medium_dark,True,137.93258491445786,data/processed/lowlight_augmented/JL_Google_505_medium_dark.png
JL_Google_538.png,augment_medium,medium_dark,True,150.92024111382602,data/processed/lowlight_augmented/JL_Google_538_medium_dark.png
JL_Google_588.png,no_augment,,,,
JL_Google_589.png,augment_medium,medium_dark,False,,
JL_Google_592.png,no_augment,,,,
JL_Google_595.png,no_augment,,,,
JL_Google_614.png,no_augment,,,,
JL_Google_620.png,augment_medium,medium_dark,True,136.34294478068074,data/processed/lowlight_augmented/JL_Google_620_medium_dark.png
JL_Google_621.png,no_augment,,,,
JL_Google_627.png,no_augment,,,,
JL_Google_641.png,no_augment,,,,
JL_Google_66.png,augment_medium,medium_dark,False,,
JL_Google_674.png,augment_medium,medium_dark,True,136.6859269036457,data/processed/lowlight_augmented/JL_Google_674_medium_dark.png
JL_Google_713.png,no_augment,,,,
JL_Google_752.png,no_augment,,,,
JL_Google_753.png,no_augment,,,,
JL_Google_781.png,no_augment,,,,
KRO_Google_003.png,no_augment,,,,
KRO_Google_014.png,augment_medium,medium_dark,True,150.67997542242705,data/processed/lowlight_augmented/KRO_Google_014_medium_dark.png
KRO_Google_015.png,augment_medium,medium_dark,True,151.29185396825397,data/processed/lowlight_augmented/KRO_Google_015_medium_dark.png
KRO_Google_017.png,no_augment,,,,
KRO_Google_034.png,no_augment,,,,
KRO_Google_036.png,augment_medium,medium_dark,True,150.01174576276122,data/processed/lowlight_augmented/KRO_Google_036_medium_dark.png
KRO_Google_060.png,augment_medium,medium_dark,True,151.65372757475083,data/processed/lowlight_augmented/KRO_Google_060_medium_dark.png
KRO_Google_079.png,no_augment,,,,
KRO_Google_113.png,no_augment,,,,
KRO_Google_142.png,no_augment,,,,
KRO_Google_162.png,no_augment,,,,
KRO_Google_20.png,no_augment,,,,
KRO_Google_293.png,augment_medium,medium_dark,False,,
KRO_Google_307.png,no_augment,,,,
KRO_Google_311.png,no_augment,,,,
KRO_Google_317.png,no_augment,,,,
KRO_Google_344.png,no_augment,,,,
KRO_Google_348.png,no_augment,,,,
KRO_Google_371.png,no_augment,,,,
KRO_Google_375.png,augment_medium,medium_dark,True,150.3839800824176,data/processed/lowlight_augmented/KRO_Google_375_medium_dark.png
KRO_Google_380.png,no_augment,,,,
KRO_Google_419.png,augment_medium,medium_dark,True,150.00178604224058,data/processed/lowlight_augmented/KRO_Google_419_medium_dark.png
KRO_Google_452.png,no_augment,,,,
KRO_Google_461.png,augment_medium,medium_dark,False,,
KRO_Google_465.png,no_augment,,,,
KRO_Google_480.png,no_augment,,,,
KRO_Google_490.png,augment_medium,medium_dark,False,,
KRO_Google_495.png,augment_medium,medium_dark,True,149.57834989461006,data/processed/lowlight_augmented/KRO_Google_495_medium_dark.png
KRO_Google_499.png,no_augment,,,,
KRO_Google_523.png,no_augment,,,,
KRO_Google_539.png,augment_medium,medium_dark,False,,
KRO_Google_546.png,no_augment,,,,
KRO_Google_554.png,no_augment,,,,
KRO_Google_571.png,augment_medium,medium_dark,True,134.35509865693913,data/processed/lowlight_augmented/KRO_Google_571_medium_dark.png
KRO_Google_576.png,augment_medium,medium_dark,True,141.4699742550941,data/processed/lowlight_augmented/KRO_Google_576_medium_dark.png
KRO_Google_58.png,no_augment,,,,
KRO_Google_616.png,no_augment,,,,
LSJ_Baidu_065.png,no_augment,,,,
LSJ_Baidu_1078.png,augment_medium,medium_dark,True,155.4094454746665,data/processed/lowlight_augmented/LSJ_Baidu_1078_medium_dark.png
LSJ_Baidu_110.png,no_augment,,,,
LSJ_Baidu_1140.png,augment_medium,medium_dark,True,138.32026960784313,data/processed/lowlight_augmented/LSJ_Baidu_1140_medium_dark.png
LSJ_Baidu_1141.png,augment_medium,medium_dark,True,135.4663679417122,data/processed/lowlight_augmented/LSJ_Baidu_1141_medium_dark.png
LSJ_Baidu_1193.png,no_augment,,,,
LSJ_Baidu_1218.png,augment_medium,medium_dark,True,142.61171032357473,data/processed/lowlight_augmented/LSJ_Baidu_1218_medium_dark.png
LSJ_Baidu_1263.png,augment_medium,medium_dark,True,147.5465888888889,data/processed/lowlight_augmented/LSJ_Baidu_1263_medium_dark.png
LSJ_Baidu_165.png,augment_medium,medium_dark,True,137.0822102484962,data/processed/lowlight_augmented/LSJ_Baidu_165_medium_dark.png
LSJ_Baidu_206.png,augment_medium,medium_dark,False,,
LSJ_Baidu_240.png,no_augment,,,,
LSJ_Baidu_351.png,no_augment,,,,
LSJ_Baidu_518.png,augment_medium,medium_dark,True,149.0950879765396,data/processed/lowlight_augmented/LSJ_Baidu_518_medium_dark.png
LSJ_Baidu_596.png,no_augment,,,,
LSJ_Baidu_670.png,no_augment,,,,
LSJ_Baidu_736.png,no_augment,,,,
LSJ_Baidu_810.png,no_augment,,,,
LSJ_Baidu_830.png,augment_medium,medium_dark,True,143.08145287958115,data/processed/lowlight_augmented/LSJ_Baidu_830_medium_dark.png
LSJ_Baidu_869.png,augment_medium,medium_dark,False,,
LSJ_Baidu_879.png,no_augment,,,,
LSJ_Baidu_882.png,augment_medium,medium_dark,True,156.5921750512609,data/processed/lowlight_augmented/LSJ_Baidu_882_medium_dark.png
LSJ_Baidu_890.png,no_augment,,,,
LSJ_Baidu_900.png,augment_medium,medium_dark,True,142.11630952380952,data/processed/lowlight_augmented/LSJ_Baidu_900_medium_dark.png
LSJ_Baidu_905.png,no_augment,,,,
LSJ_Baidu_946.png,no_augment,,,,
LSJ_Baidu_954.png,no_augment,,,,
LSJ_Baidu_975.png,no_augment,,,,
LSJ_Baidu_990.png,augment_medium,medium_dark,False,,
LSJ_Baidu_999.png,no_augment,,,,
LSJ_Bing_095.png,augment_medium,medium_dark,True,142.2866959806498,data/processed/lowlight_augmented/LSJ_Bing_095_medium_dark.png
LSJ_Bing_130.png,augment_medium,medium_dark,True,141.21246771229994,data/processed/lowlight_augmented/LSJ_Bing_130_medium_dark.png
LSJ_Bing_150.png,no_augment,,,,
LSJ_Bing_197.png,augment_medium,medium_dark,True,138.53495059288537,data/processed/lowlight_augmented/LSJ_Bing_197_medium_dark.png
LSJ_Bing_226.png,no_augment,,,,
LSJ_Bing_234.png,augment_medium,medium_dark,True,155.668353460972,data/processed/lowlight_augmented/LSJ_Bing_234_medium_dark.png
LSJ_Bing_267.png,augment_medium,medium_dark,True,142.8237375093214,data/processed/lowlight_augmented/LSJ_Bing_267_medium_dark.png
LSJ_Bing_313.png,augment_medium,medium_dark,True,134.8046682464455,data/processed/lowlight_augmented/LSJ_Bing_313_medium_dark.png
LSJ_Bing_381.png,no_augment,,,,
LSJ_Bing_453.png,no_augment,,,,
LSJ_Bing_523.png,no_augment,,,,
LSJ_Bing_552.png,augment_medium,medium_dark,True,146.0098702116652,data/processed/lowlight_augmented/LSJ_Bing_552_medium_dark.png
LSJ_Google_03.png,augment_medium,medium_dark,True,155.18163883735312,data/processed/lowlight_augmented/LSJ_Google_03_medium_dark.png
LSJ_Google_232.png,no_augment,,,,
LSJ_Google_233.png,no_augment,,,,
LSJ_Google_260.png,no_augment,,,,
LZ_Baidu_059.png,augment_medium,medium_dark,True,147.60133126032454,data/processed/lowlight_augmented/LZ_Baidu_059_medium_dark.png
LZ_Baidu_094.png,no_augment,,,,
LZ_Baidu_121.png,augment_medium,medium_dark,True,155.03499900323737,data/processed/lowlight_augmented/LZ_Baidu_121_medium_dark.png
LZ_Baidu_130.png,no_augment,,,,
LZ_Baidu_159.png,no_augment,,,,
LZ_Baidu_173.png,augment_medium,medium_dark,True,135.54150423728814,data/processed/lowlight_augmented/LZ_Baidu_173_medium_dark.png
LZ_Baidu_175.png,no_augment,,,,
LZ_Baidu_182.png,augment_medium,medium_dark,True,144.81878341013825,data/processed/lowlight_augmented/LZ_Baidu_182_medium_dark.png
LZ_Baidu_194.png,no_augment,,,,
LZ_Baidu_204.png,augment_medium,medium_dark,True,139.34834502276362,data/processed/lowlight_augmented/LZ_Baidu_204_medium_dark.png
LZ_Baidu_221.png,no_augment,,,,
LZ_Baidu_230.png,no_augment,,,,
LZ_Bing_019.png,no_augment,,,,
LZ_Bing_030.png,no_augment,,,,
LZ_Bing_044.png,no_augment,,,,
LZ_Bing_060.png,no_augment,,,,
LZ_Bing_070.png,augment_medium,medium_dark,True,136.47406015037595,data/processed/lowlight_augmented/LZ_Bing_070_medium_dark.png
LZ_Bing_081.png,augment_medium,medium_dark,True,143.2852656197795,data/processed/lowlight_augmented/LZ_Bing_081_medium_dark.png
LZ_Bing_085.png,augment_medium,medium_dark,True,145.71320933593026,data/processed/lowlight_augmented/LZ_Bing_085_medium_dark.png
LZ_Bing_088.png,no_augment,,,,
LZ_Bing_111.png,no_augment,,,,
LZ_Bing_15.png,no_augment,,,,
LZ_Bing_279.png,augment_medium,medium_dark,True,153.52632692307694,data/processed/lowlight_augmented/LZ_Bing_279_medium_dark.png
LZ_Bing_287.png,augment_medium,medium_dark,True,153.32379606879607,data/processed/lowlight_augmented/LZ_Bing_287_medium_dark.png
LZ_Bing_291.png,augment_medium,medium_dark,False,,
LZ_Bing_313.png,no_augment,,,,
LZ_Bing_323.png,augment_medium,medium_dark,True,137.2868552128821,data/processed/lowlight_augmented/LZ_Bing_323_medium_dark.png
LZ_Bing_332.png,no_augment,,,,
LZ_Bing_34.png,augment_medium,medium_dark,True,152.46926096997692,data/processed/lowlight_augmented/LZ_Bing_34_medium_dark.png
LZ_Bing_349.png,no_augment,,,,
LZ_Bing_454.png,no_augment,,,,
LZ_Bing_573.png,no_augment,,,,
LZ_Bing_658.png,no_augment,,,,
LZ_Bing_813.png,augment_medium,medium_dark,True,156.7801371216929,data/processed/lowlight_augmented/LZ_Bing_813_medium_dark.png
LZ_Bing_871.png,no_augment,,,,
LZ_Google_014.png,no_augment,,,,
LZ_Google_352.png,augment_medium,medium_dark,True,140.04769917582416,data/processed/lowlight_augmented/LZ_Google_352_medium_dark.png
LZ_Google_355.png,augment_medium,medium_dark,True,148.33012172284643,data/processed/lowlight_augmented/LZ_Google_355_medium_dark.png
LZ_Google_411.png,no_augment,,,,
LZ_Google_416.png,no_augment,,,,
LZ_Google_438.png,augment_medium,medium_dark,True,151.01014492753623,data/processed/lowlight_augmented/LZ_Google_438_medium_dark.png
MLS_Bing_019.png,no_augment,,,,
MLS_Bing_034.png,no_augment,,,,
MLS_Bing_036.png,no_augment,,,,
MLS_Bing_046.png,no_augment,,,,
MLS_Bing_068.png,augment_medium,medium_dark,True,151.29456275720165,data/processed/lowlight_augmented/MLS_Bing_068_medium_dark.png
MLS_Bing_085.png,no_augment,,,,
MLS_Bing_095.png,augment_medium,medium_dark,True,148.058563660256,data/processed/lowlight_augmented/MLS_Bing_095_medium_dark.png
MLS_Bing_108.png,no_augment,,,,
MLS_Bing_115.png,augment_medium,medium_dark,True,153.64317708333334,data/processed/lowlight_augmented/MLS_Bing_115_medium_dark.png
MLS_Bing_118.png,augment_medium,medium_dark,True,140.25904122652582,data/processed/lowlight_augmented/MLS_Bing_118_medium_dark.png
MLS_Bing_123.png,no_augment,,,,
MLS_Bing_130.png,augment_medium,medium_dark,True,147.25744942713928,data/processed/lowlight_augmented/MLS_Bing_130_medium_dark.png
MLS_Bing_132.png,no_augment,,,,
MLS_Bing_141.png,augment_medium,medium_dark,True,153.286025390625,data/processed/lowlight_augmented/MLS_Bing_141_medium_dark.png
MLS_Bing_168.png,no_augment,,,,
MLS_Bing_174.png,no_augment,,,,
MLS_Bing_176.png,no_augment,,,,
MLS_Bing_194.png,no_augment,,,,
MLS_Bing_200.png,no_augment,,,,
MLS_Bing_215.png,augment_medium,medium_dark,True,144.8238123800384,data/processed/lowlight_augmented/MLS_Bing_215_medium_dark.png
MLS_Bing_242.png,no_augment,,,,
MLS_Bing_265.png,no_augment,,,,
MLS_Bing_326.png,augment_medium,medium_dark,True,141.97265947467167,data/processed/lowlight_augmented/MLS_Bing_326_medium_dark.png
MLS_Bing_335.png,augment_medium,medium_dark,True,140.29065196998124,data/processed/lowlight_augmented/MLS_Bing_335_medium_dark.png
MLS_Bing_343.png,no_augment,,,,
MLS_Bing_386.png,augment_medium,medium_dark,True,143.4492663255673,data/processed/lowlight_augmented/MLS_Bing_386_medium_dark.png
MLS_Bing_388.png,no_augment,,,,
MLS_Bing_395.png,augment_medium,medium_dark,True,150.9191463414634,data/processed/lowlight_augmented/MLS_Bing_395_medium_dark.png
MLS_Bing_432.png,augment_medium,medium_dark,True,144.76840210457036,data/processed/lowlight_augmented/MLS_Bing_432_medium_dark.png
MLS_Bing_435.png,no_augment,,,,
MLS_Bing_456.png,no_augment,,,,
MLS_Bing_507.png,augment_medium,medium_dark,False,,
MLS_Bing_517.png,no_augment,,,,
MLS_Bing_518.png,no_augment,,,,
MLS_Bing_550.png,augment_medium,medium_dark,True,138.31142896755708,data/processed/lowlight_augmented/MLS_Bing_550_medium_dark.png
MLS_Bing_552.png,no_augment,,,,
MLS_Bing_594.png,augment_medium,medium_dark,False,,
MLS_Bing_600.png,no_augment,,,,
MLS_Bing_637.png,no_augment,,,,
MLS_Bing_667.png,no_augment,,,,
MLS_Bing_686.png,augment_medium,medium_dark,True,146.15066619864567,data/processed/lowlight_augmented/MLS_Bing_686_medium_dark.png
MLS_Bing_688.png,no_augment,,,,
MLS_Bing_711.png,no_augment,,,,
MLS_Bing_737.png,no_augment,,,,
MLS_Bing_747.png,no_augment,,,,
MLS_Bing_770.png,no_augment,,,,
MLS_Google_001.png,no_augment,,,,
MLS_Google_010.png,augment_medium,medium_dark,True,140.23246541040658,data/processed/lowlight_augmented/MLS_Google_010_medium_dark.png
MLS_Google_022.png,augment_medium,medium_dark,True,139.7733002901354,data/processed/lowlight_augmented/MLS_Google_022_medium_dark.png
MLS_Google_033.png,no_augment,,,,
MLS_Google_036.png,no_augment,,,,
MLS_Google_037.png,augment_medium,medium_dark,True,141.77733640552995,data/processed/lowlight_augmented/MLS_Google_037_medium_dark.png
MLS_Google_042.png,no_augment,,,,
MLS_Google_059.png,augment_medium,medium_dark,True,143.62405490341067,data/processed/lowlight_augmented/MLS_Google_059_medium_dark.png
MLS_Google_06.png,augment_medium,medium_dark,True,134.51328394474757,data/processed/lowlight_augmented/MLS_Google_06_medium_dark.png
MLS_Google_060.png,no_augment,,,,
MLS_Google_068.png,no_augment,,,,
MLS_Google_069.png,no_augment,,,,
MLS_Google_076.png,augment_medium,medium_dark,True,140.5184293071161,data/processed/lowlight_augmented/MLS_Google_076_medium_dark.png
MLS_Google_078.png,no_augment,,,,
MLS_Google_081.png,no_augment,,,,
MLS_Google_091.png,no_augment,,,,
MLS_Google_105.png,no_augment,,,,
MLS_Google_124.png,no_augment,,,,
MLS_Google_139.png,no_augment,,,,
MLS_Google_142.png,augment_medium,medium_dark,True,145.93593164794007,data/processed/lowlight_augmented/MLS_Google_142_medium_dark.png
MLS_Google_143.png,augment_medium,medium_dark,True,141.74479200223354,data/processed/lowlight_augmented/MLS_Google_143_medium_dark.png
MLS_Google_162.png,augment_medium,medium_dark,True,145.1654245614035,data/processed/lowlight_augmented/MLS_Google_162_medium_dark.png
MLS_Google_163.png,augment_medium,medium_dark,True,150.59434651480808,data/processed/lowlight_augmented/MLS_Google_163_medium_dark.png
MLS_Google_171.png,augment_medium,medium_dark,True,138.68018007697947,data/processed/lowlight_augmented/MLS_Google_171_medium_dark.png
MLS_Google_200.png,no_augment,,,,
MLS_Google_201.png,augment_medium,medium_dark,True,136.26383205456096,data/processed/lowlight_augmented/MLS_Google_201_medium_dark.png
MLS_Google_203.png,augment_medium,medium_dark,True,140.61959683641976,data/processed/lowlight_augmented/MLS_Google_203_medium_dark.png
MLS_Google_24.png,no_augment,,,,
MLS_Google_253.png,augment_medium,medium_dark,True,138.73890956382553,data/processed/lowlight_augmented/MLS_Google_253_medium_dark.png
MLS_Google_254.png,no_augment,,,,
MLS_Google_267.png,augment_medium,medium_dark,True,150.57678059895832,data/processed/lowlight_augmented/MLS_Google_267_medium_dark.png
MLS_Google_271.png,no_augment,,,,
MLS_Google_303.png,augment_medium,medium_dark,False,,
MLS_Google_308.png,no_augment,,,,
MLS_Google_314.png,no_augment,,,,
MLS_Google_322.png,augment_medium,medium_dark,True,136.04939754919826,data/processed/lowlight_augmented/MLS_Google_322_medium_dark.png
MLS_Google_356.png,augment_medium,medium_dark,True,138.87745974955277,data/processed/lowlight_augmented/MLS_Google_356_medium_dark.png
MLS_Google_387.png,augment_medium,medium_dark,True,145.8932017746557,data/processed/lowlight_augmented/MLS_Google_387_medium_dark.png
MLS_Google_392.png,augment_medium,medium_dark,True,141.4980788718122,data/processed/lowlight_augmented/MLS_Google_392_medium_dark.png
MLS_Google_401.png,augment_medium,medium_dark,True,143.21476170898003,data/processed/lowlight_augmented/MLS_Google_401_medium_dark.png
MLS_Google_406.png,augment_medium,medium_dark,True,151.58316308804115,data/processed/lowlight_augmented/MLS_Google_406_medium_dark.png
MLS_Google_419.png,no_augment,,,,
MLS_Google_443.png,augment_medium,medium_dark,True,138.60475772765247,data/processed/lowlight_augmented/MLS_Google_443_medium_dark.png
MLS_Google_468.png,augment_medium,medium_dark,False,,
MLS_Google_489.png,no_augment,,,,
MLS_Google_499.png,augment_medium,medium_dark,False,,
MLS_Google_516.png,no_augment,,,,
MLS_Google_573.png,augment_medium,medium_dark,True,141.5715859649123,data/processed/lowlight_augmented/MLS_Google_573_medium_dark.png
MLS_Google_595.png,no_augment,,,,
MLS_Google_596.png,augment_medium,medium_dark,True,142.68261267006804,data/processed/lowlight_augmented/MLS_Google_596_medium_dark.png
MLS_Google_633.png,no_augment,,,,
MLS_Google_634.png,no_augment,,,,
MLS_Google_637.png,no_augment,,,,
MLS_Google_653.png,augment_medium,medium_dark,True,144.38586440677966,data/processed/lowlight_augmented/MLS_Google_653_medium_dark.png
MLS_Google_706.png,no_augment,,,,
MSK_Baidu_036.png,augment_medium,medium_dark,True,138.4753888888889,data/processed/lowlight_augmented/MSK_Baidu_036_medium_dark.png
MSK_Baidu_196.png,augment_medium,medium_dark,True,153.8655489682784,data/processed/lowlight_augmented/MSK_Baidu_196_medium_dark.png
MSK_Bing_035.png,no_augment,,,,
MSK_Bing_04.png,augment_medium,medium_dark,True,142.17527476278244,data/processed/lowlight_augmented/MSK_Bing_04_medium_dark.png
MSK_Bing_044.png,no_augment,,,,
MSK_Bing_045.png,no_augment,,,,
MSK_Bing_047.png,augment_medium,medium_dark,True,152.1684793814433,data/processed/lowlight_augmented/MSK_Bing_047_medium_dark.png
MSK_Bing_098.png,no_augment,,,,
MSK_Bing_100.png,no_augment,,,,
MSK_Bing_104.png,no_augment,,,,
MSK_Bing_119.png,augment_medium,medium_dark,False,,
MSK_Bing_120.png,no_augment,,,,
MSK_Bing_128.png,augment_medium,medium_dark,True,134.9073872180451,data/processed/lowlight_augmented/MSK_Bing_128_medium_dark.png
MSK_Bing_136.png,no_augment,,,,
MSK_Bing_160.png,no_augment,,,,
MSK_Bing_168.png,no_augment,,,,
MSK_Bing_191.png,no_augment,,,,
MSK_Bing_212.png,no_augment,,,,
MSK_Bing_227.png,no_augment,,,,
MSK_Bing_231.png,no_augment,,,,
MSK_Bing_255.png,no_augment,,,,
MSK_Bing_267.png,augment_medium,medium_dark,True,139.4531244844085,data/processed/lowlight_augmented/MSK_Bing_267_medium_dark.png
MSK_Bing_293.png,no_augment,,,,
MSK_Bing_305.png,no_augment,,,,
MSK_Bing_314.png,no_augment,,,,
MSK_Bing_321.png,no_augment,,,,
MSK_Bing_327.png,no_augment,,,,
MSK_Bing_338.png,augment_medium,medium_dark,True,144.42787818798848,data/processed/lowlight_augmented/MSK_Bing_338_medium_dark.png
MSK_Bing_352.png,no_augment,,,,
MSK_Bing_384.png,no_augment,,,,
MSK_Bing_422.png,augment_medium,medium_dark,True,147.64122849840624,data/processed/lowlight_augmented/MSK_Bing_422_medium_dark.png
MSK_Bing_423.png,augment_medium,medium_dark,True,140.04062913508963,data/processed/lowlight_augmented/MSK_Bing_423_medium_dark.png
MSK_Bing_442.png,augment_medium,medium_dark,True,134.58241319444446,data/processed/lowlight_augmented/MSK_Bing_442_medium_dark.png
MSK_Bing_445.png,augment_medium,medium_dark,True,141.53415530023068,data/processed/lowlight_augmented/MSK_Bing_445_medium_dark.png
MSK_Bing_556.png,no_augment,,,,
MSK_Bing_610.png,no_augment,,,,
MSK_Bing_612.png,no_augment,,,,
MSK_Bing_616.png,no_augment,,,,
NW_Bing_142.png,no_augment,,,,
NW_Bing_407.png,augment_medium,medium_dark,True,140.52536509040334,data/processed/lowlight_augmented/NW_Bing_407_medium_dark.png
NW_Google_035.png,no_augment,,,,
NW_Google_046.png,augment_medium,medium_dark,True,147.40867867867868,data/processed/lowlight_augmented/NW_Google_046_medium_dark.png
NW_Google_055.png,augment_medium,medium_dark,True,142.89197354771784,data/processed/lowlight_augmented/NW_Google_055_medium_dark.png
NW_Google_061.png,augment_medium,medium_dark,False,,
NW_Google_110.png,no_augment,,,,
NW_Google_117.png,no_augment,,,,
NW_Google_125.png,no_augment,,,,
NW_Google_136.png,no_augment,,,,
NW_Google_142.png,augment_medium,medium_dark,True,139.78617743723765,data/processed/lowlight_augmented/NW_Google_142_medium_dark.png
NW_Google_198.png,no_augment,,,,
NW_Google_204.png,no_augment,,,,
NW_Google_219.png,no_augment,,,,
NW_Google_221.png,augment_medium,medium_dark,True,138.50139783372364,data/processed/lowlight_augmented/NW_Google_221_medium_dark.png
NW_Google_224.png,augment_medium,medium_dark,True,157.01483797893684,data/processed/lowlight_augmented/NW_Google_224_medium_dark.png
NW_Google_242.png,augment_medium,medium_dark,False,,
NW_Google_247.png,augment_medium,medium_dark,True,144.0621854232487,data/processed/lowlight_augmented/NW_Google_247_medium_dark.png
NW_Google_397.png,augment_medium,medium_dark,True,140.0586316510172,data/processed/lowlight_augmented/NW_Google_397_medium_dark.png
NW_Google_405.png,augment_medium,medium_dark,True,141.23958822378717,data/processed/lowlight_augmented/NW_Google_405_medium_dark.png
NW_Google_603.png,no_augment,,,,
NW_Google_708.png,no_augment,,,,
NW_Google_722.png,augment_medium,medium_dark,False,,
NW_Google_734.png,no_augment,,,,
NY_Baidu_073.png,no_augment,,,,
NY_Baidu_1036.png,no_augment,,,,
NY_Baidu_1051.png,no_augment,,,,
NY_Baidu_112.png,no_augment,,,,
NY_Baidu_138.png,no_augment,,,,
NY_Baidu_253.png,no_augment,,,,
NY_Baidu_316.png,augment_medium,medium_dark,False,,
NY_Baidu_383.png,no_augment,,,,
NY_Baidu_486.png,no_augment,,,,
NY_Baidu_505.png,no_augment,,,,
NY_Baidu_538.png,augment_medium,medium_dark,True,135.95318136501774,data/processed/lowlight_augmented/NY_Baidu_538_medium_dark.png
NY_Baidu_558.png,no_augment,,,,
NY_Baidu_562.png,no_augment,,,,
NY_Baidu_594.png,no_augment,,,,
NY_Baidu_649.png,no_augment,,,,
NY_Baidu_653.png,no_augment,,,,
NY_Baidu_657.png,no_augment,,,,
NY_Baidu_700.png,augment_medium,medium_dark,True,147.74379228486646,data/processed/lowlight_augmented/NY_Baidu_700_medium_dark.png
NY_Baidu_726.png,no_augment,,,,
NY_Baidu_828.png,no_augment,,,,
NY_Bing_048.png,augment_medium,medium_dark,True,145.87960884353743,data/processed/lowlight_augmented/NY_Bing_048_medium_dark.png
NY_Bing_077.png,no_augment,,,,
NY_Bing_110.png,augment_medium,medium_dark,True,135.42791781767957,data/processed/lowlight_augmented/NY_Bing_110_medium_dark.png
NY_Bing_129.png,no_augment,,,,
NY_Bing_192.png,no_augment,,,,
NY_Bing_29.png,augment_medium,medium_dark,False,,
NY_Bing_311.png,no_augment,,,,
NY_Bing_339.png,augment_medium,medium_dark,True,144.5184647027601,data/processed/lowlight_augmented/NY_Bing_339_medium_dark.png
NY_Bing_407.png,no_augment,,,,
NY_Bing_444.png,augment_medium,medium_dark,True,149.69942084942085,data/processed/lowlight_augmented/NY_Bing_444_medium_dark.png
NY_Google_023.png,no_augment,,,,
NY_Google_027.png,no_augment,,,,
NY_Google_111.png,no_augment,,,,
NY_Google_283.png,no_augment,,,,
NY_Google_450.png,no_augment,,,,
NZL_Bing_017.png,augment_medium,medium_dark,False,,
NZL_Bing_053.png,no_augment,,,,
NZL_Bing_054.png,augment_medium,medium_dark,True,137.3554965034965,data/processed/lowlight_augmented/NZL_Bing_054_medium_dark.png
NZL_Bing_157.png,augment_medium,medium_dark,True,151.6497652275988,data/processed/lowlight_augmented/NZL_Bing_157_medium_dark.png
NZL_Bing_230.png,no_augment,,,,
NZL_Bing_359.png,augment_medium,medium_dark,True,134.55399463022565,data/processed/lowlight_augmented/NZL_Bing_359_medium_dark.png
NZL_Bing_617.png,augment_medium,medium_dark,True,142.18458333333334,data/processed/lowlight_augmented/NZL_Bing_617_medium_dark.png
NZL_Bing_707.png,no_augment,,,,
NZL_Google_003.png,no_augment,,,,
NZL_Google_012.png,no_augment,,,,
NZL_Google_032.png,no_augment,,,,
NZL_Google_064.png,no_augment,,,,
NZL_Google_121.png,no_augment,,,,
NZL_Google_164.png,augment_medium,medium_dark,True,144.82476491413559,data/processed/lowlight_augmented/NZL_Google_164_medium_dark.png
NZL_Google_179.png,no_augment,,,,
NZL_Google_196.png,no_augment,,,,
NZL_Google_209.png,no_augment,,,,
NZL_Google_240.png,augment_medium,medium_dark,True,139.98466065747613,data/processed/lowlight_augmented/NZL_Google_240_medium_dark.png
NZL_Google_247.png,no_augment,,,,
NZL_Google_275.png,no_augment,,,,
NZL_Google_277.png,augment_medium,medium_dark,True,144.13023988005997,data/processed/lowlight_augmented/NZL_Google_277_medium_dark.png
NZL_Google_280.png,no_augment,,,,
NZL_Google_294.png,no_augment,,,,
NZL_Google_327.png,augment_medium,medium_dark,True,154.0461041866411,data/processed/lowlight_augmented/NZL_Google_327_medium_dark.png
NZL_Google_357.png,no_augment,,,,
NZL_Google_371.png,augment_medium,medium_dark,False,,
NZL_Google_394.png,no_augment,,,,
NZL_Google_416.png,no_augment,,,,
NZL_Google_425.png,no_augment,,,,
NZL_Google_446.png,no_augment,,,,
NZL_Google_447.png,augment_medium,medium_dark,True,144.82819565400953,data/processed/lowlight_augmented/NZL_Google_447_medium_dark.png
NZL_Google_458.png,augment_medium,medium_dark,True,153.31317919195712,data/processed/lowlight_augmented/NZL_Google_458_medium_dark.png
NZL_Google_459.png,no_augment,,,,
NZL_Google_463.png,augment_medium,medium_dark,True,135.5610231292517,data/processed/lowlight_augmented/NZL_Google_463_medium_dark.png
NZL_Google_464.png,no_augment,,,,
NZL_Google_473.png,augment_medium,medium_dark,True,139.70848397435898,data/processed/lowlight_augmented/NZL_Google_473_medium_dark.png
NZL_Google_474.png,no_augment,,,,
NZL_Google_512.png,augment_medium,medium_dark,False,,
NZL_Google_565.png,no_augment,,,,
NZL_Google_576.png,augment_medium,medium_dark,True,141.2176191710804,data/processed/lowlight_augmented/NZL_Google_576_medium_dark.png
NZL_Google_609.png,no_augment,,,,
NZL_Google_635.png,augment_medium,medium_dark,True,145.05210941915146,data/processed/lowlight_augmented/NZL_Google_635_medium_dark.png
NZL_Google_676.png,augment_medium,medium_dark,True,138.19638139511252,data/processed/lowlight_augmented/NZL_Google_676_medium_dark.png
NZL_Google_711.png,augment_medium,medium_dark,False,,
NZL_Google_735.png,no_augment,,,,
NZL_Google_768.png,no_augment,,,,
NZL_Google_791.png,no_augment,,,,
NZL_Google_831.png,no_augment,,,,
OLD_Google_021.png,no_augment,,,,
OLD_Google_038.png,no_augment,,,,
OLD_Google_049.png,no_augment,,,,
OLD_Google_071.png,augment_medium,medium_dark,True,157.1324483153517,data/processed/lowlight_augmented/OLD_Google_071_medium_dark.png
OLD_Google_157.png,no_augment,,,,
OLD_Google_158.png,no_augment,,,,
OLD_Google_192.png,no_augment,,,,
OLD_Google_216.png,no_augment,,,,
OLD_Google_244.png,no_augment,,,,
OLD_Google_317.png,no_augment,,,,
OLD_Google_344.png,no_augment,,,,
OLD_Google_417.png,no_augment,,,,
OLD_Google_452.png,no_augment,,,,
OLD_Google_474.png,augment_medium,medium_dark,True,136.01905559015884,data/processed/lowlight_augmented/OLD_Google_474_medium_dark.png
OLD_Google_605.png,no_augment,,,,
PL_Bing_046.png,no_augment,,,,
PL_Bing_114.png,augment_medium,medium_dark,True,150.19523733333332,data/processed/lowlight_augmented/PL_Bing_114_medium_dark.png
PL_Bing_244.png,augment_medium,medium_dark,True,140.0547773138483,data/processed/lowlight_augmented/PL_Bing_244_medium_dark.png
PL_Google_124.png,no_augment,,,,
PL_Google_148.png,no_augment,,,,
PL_Google_202.png,no_augment,,,,
PL_Google_225.png,no_augment,,,,
PL_Google_227.png,augment_medium,medium_dark,True,154.62957321358294,data/processed/lowlight_augmented/PL_Google_227_medium_dark.png
PL_Google_313.png,augment_medium,medium_dark,False,,
PL_Google_350.png,augment_medium,medium_dark,False,,
PL_Google_368.png,augment_medium,medium_dark,True,135.86141431924884,data/processed/lowlight_augmented/PL_Google_368_medium_dark.png
PL_Google_394.png,augment_medium,medium_dark,True,140.5034411764706,data/processed/lowlight_augmented/PL_Google_394_medium_dark.png
PL_Google_467.png,augment_medium,medium_dark,True,142.8409382462023,data/processed/lowlight_augmented/PL_Google_467_medium_dark.png
PL_Google_512.png,no_augment,,,,
PL_Google_527.png,no_augment,,,,
PL_Google_569.png,augment_medium,medium_dark,True,137.92245849609375,data/processed/lowlight_augmented/PL_Google_569_medium_dark.png
PL_Google_635.png,no_augment,,,,
PL_Google_665.png,no_augment,,,,
PL_Google_753.png,augment_medium,medium_dark,True,137.62260030864198,data/processed/lowlight_augmented/PL_Google_753_medium_dark.png
PL_Google_756.png,no_augment,,,,
PL_Google_839.png,no_augment,,,,
PL_Google_849.png,no_augment,,,,
PL_Google_913.png,no_augment,,,,
QC_Baidu_00.png,no_augment,,,,
QC_Baidu_002.png,augment_medium,medium_dark,True,146.18882996632996,data/processed/lowlight_augmented/QC_Baidu_002_medium_dark.png
QC_Baidu_003.png,augment_medium,medium_dark,True,155.9004979174555,data/processed/lowlight_augmented/QC_Baidu_003_medium_dark.png
QC_Baidu_004.png,augment_medium,medium_dark,True,155.01540266666666,data/processed/lowlight_augmented/QC_Baidu_004_medium_dark.png
QC_Baidu_01.png,augment_medium,medium_dark,False,,
QC_Baidu_012.png,augment_medium,medium_dark,True,136.69528063869495,data/processed/lowlight_augmented/QC_Baidu_012_medium_dark.png
QC_Baidu_014.png,no_augment,,,,
QC_Baidu_017.png,no_augment,,,,
QC_Baidu_024.png,no_augment,,,,
QC_Baidu_028.png,no_augment,,,,
QC_Baidu_030.png,augment_medium,medium_dark,True,146.0764612251586,data/processed/lowlight_augmented/QC_Baidu_030_medium_dark.png
QC_Baidu_031.png,no_augment,,,,
QC_Baidu_035.png,no_augment,,,,
QC_Baidu_043.png,no_augment,,,,
QC_Baidu_049.png,no_augment,,,,
QC_Baidu_050.png,augment_medium,medium_dark,True,139.2556129032258,data/processed/lowlight_augmented/QC_Baidu_050_medium_dark.png
QC_Baidu_080.png,no_augment,,,,
QC_Baidu_092.png,augment_medium,medium_dark,True,146.11771368824606,data/processed/lowlight_augmented/QC_Baidu_092_medium_dark.png
QC_Baidu_233.png,no_augment,,,,
QC_Baidu_242.png,augment_medium,medium_dark,True,141.95192097415506,data/processed/lowlight_augmented/QC_Baidu_242_medium_dark.png
QC_Baidu_289.png,augment_medium,medium_dark,True,142.27575922714888,data/processed/lowlight_augmented/QC_Baidu_289_medium_dark.png
QC_Baidu_313.png,augment_medium,medium_dark,True,152.77329545454546,data/processed/lowlight_augmented/QC_Baidu_313_medium_dark.png
QC_Baidu_33.png,no_augment,,,,
QC_Baidu_334.png,augment_medium,medium_dark,True,134.645154256553,data/processed/lowlight_augmented/QC_Baidu_334_medium_dark.png
QC_Baidu_345.png,no_augment,,,,
QC_Baidu_348.png,augment_medium,medium_dark,True,134.35385260370697,data/processed/lowlight_augmented/QC_Baidu_348_medium_dark.png
QC_Baidu_350.png,no_augment,,,,
QC_Baidu_367.png,no_augment,,,,
QC_Baidu_368.png,no_augment,,,,
QC_Baidu_375.png,no_augment,,,,
QC_Baidu_421.png,no_augment,,,,
QC_Baidu_525.png,no_augment,,,,
QC_Baidu_526.png,no_augment,,,,
QC_Baidu_536.png,no_augment,,,,
QC_Baidu_544.png,augment_medium,medium_dark,True,134.90863473767885,data/processed/lowlight_augmented/QC_Baidu_544_medium_dark.png
QC_Baidu_565.png,augment_medium,medium_dark,True,141.33958065208066,data/processed/lowlight_augmented/QC_Baidu_565_medium_dark.png
QC_Baidu_572.png,no_augment,,,,
QC_Bing_003.png,no_augment,,,,
QC_Bing_209.png,augment_medium,medium_dark,True,151.44199466666666,data/processed/lowlight_augmented/QC_Bing_209_medium_dark.png
QC_Bing_235.png,augment_medium,medium_dark,True,141.61178041543027,data/processed/lowlight_augmented/QC_Bing_235_medium_dark.png
QC_Bing_236.png,no_augment,,,,
QC_Bing_247.png,augment_medium,medium_dark,True,136.78312312312312,data/processed/lowlight_augmented/QC_Bing_247_medium_dark.png
QC_Bing_251.png,no_augment,,,,
QC_Bing_266.png,augment_medium,medium_dark,True,135.07970518867924,data/processed/lowlight_augmented/QC_Bing_266_medium_dark.png
QC_Bing_304.png,augment_medium,medium_dark,True,135.24859837568772,data/processed/lowlight_augmented/QC_Bing_304_medium_dark.png
QC_Bing_312.png,no_augment,,,,
QC_Bing_34.png,no_augment,,,,
QC_Bing_380.png,no_augment,,,,
QC_Bing_445.png,augment_medium,medium_dark,False,,
QC_Bing_454.png,augment_medium,medium_dark,True,139.75265840220385,data/processed/lowlight_augmented/QC_Bing_454_medium_dark.png
QC_Bing_502.png,augment_medium,medium_dark,True,154.4717755681818,data/processed/lowlight_augmented/QC_Bing_502_medium_dark.png
QC_Bing_515.png,augment_medium,medium_dark,True,139.87030158730158,data/processed/lowlight_augmented/QC_Bing_515_medium_dark.png
QC_Bing_528.png,augment_medium,medium_dark,True,144.22011666666666,data/processed/lowlight_augmented/QC_Bing_528_medium_dark.png
QC_Bing_555.png,no_augment,,,,
QC_Bing_564.png,no_augment,,,,
QC_Bing_589.png,augment_medium,medium_dark,True,148.9183487084871,data/processed/lowlight_augmented/QC_Bing_589_medium_dark.png
QC_Bing_602.png,augment_medium,medium_dark,True,143.6622938596491,data/processed/lowlight_augmented/QC_Bing_602_medium_dark.png
QC_Bing_618.png,no_augment,,,,
QC_Bing_794.png,augment_medium,medium_dark,False,,
QC_Bing_812.png,no_augment,,,,
QC_Bing_857.png,no_augment,,,,
QC_Bing_867.png,augment_medium,medium_dark,True,154.59406024096384,data/processed/lowlight_augmented/QC_Bing_867_medium_dark.png
QC_Bing_938.png,augment_medium,medium_dark,True,137.68381040036815,data/processed/lowlight_augmented/QC_Bing_938_medium_dark.png
QC_Google_002.png,augment_medium,medium_dark,True,151.5347197231834,data/processed/lowlight_augmented/QC_Google_002_medium_dark.png
QC_Google_004.png,no_augment,,,,
QC_Google_168.png,augment_medium,medium_dark,True,137.03959856005235,data/processed/lowlight_augmented/QC_Google_168_medium_dark.png
QC_Google_223.png,no_augment,,,,
QC_Google_257.png,no_augment,,,,
QC_Google_314.png,augment_medium,medium_dark,True,147.6811111111111,data/processed/lowlight_augmented/QC_Google_314_medium_dark.png
QC_Google_324.png,no_augment,,,,
QC_Google_372.png,augment_medium,medium_dark,True,150.4139841137124,data/processed/lowlight_augmented/QC_Google_372_medium_dark.png
QC_Google_432.png,no_augment,,,,
QC_Google_474.png,no_augment,,,,
QC_Google_520.png,no_augment,,,,
QC_Google_541.png,no_augment,,,,
QC_Google_644.png,augment_medium,medium_dark,True,153.32446642161418,data/processed/lowlight_augmented/QC_Google_644_medium_dark.png
QC_Google_650.png,no_augment,,,,
QC_Google_802.png,augment_medium,medium_dark,True,142.90260274452146,data/processed/lowlight_augmented/QC_Google_802_medium_dark.png
QD_Baidu_017.png,no_augment,,,,
QD_Baidu_021.png,no_augment,,,,
QD_Baidu_036.png,no_augment,,,,
QD_Baidu_065.png,augment_medium,medium_dark,True,145.48401019313306,data/processed/lowlight_augmented/QD_Baidu_065_medium_dark.png
QD_Baidu_071.png,no_augment,,,,
QD_Baidu_087.png,no_augment,,,,
QD_Baidu_088.png,no_augment,,,,
QD_Baidu_091.png,no_augment,,,,
QD_Baidu_098.png,no_augment,,,,
QD_Baidu_111.png,no_augment,,,,
QD_Baidu_118.png,augment_medium,medium_dark,True,140.21323140580208,data/processed/lowlight_augmented/QD_Baidu_118_medium_dark.png
QD_Baidu_13.png,no_augment,,,,
QD_Baidu_131.png,no_augment,,,,
QD_Baidu_133.png,augment_medium,medium_dark,True,135.83868175141419,data/processed/lowlight_augmented/QD_Baidu_133_medium_dark.png
QD_Baidu_134.png,no_augment,,,,
QD_Baidu_139.png,no_augment,,,,
QD_Baidu_146.png,no_augment,,,,
QD_Baidu_149.png,augment_medium,medium_dark,True,147.71982037509906,data/processed/lowlight_augmented/QD_Baidu_149_medium_dark.png
QD_Baidu_169.png,augment_medium,medium_dark,True,138.19595588235293,data/processed/lowlight_augmented/QD_Baidu_169_medium_dark.png
QD_Baidu_181.png,augment_medium,medium_dark,True,143.68369344413665,data/processed/lowlight_augmented/QD_Baidu_181_medium_dark.png
QD_Baidu_182.png,no_augment,,,,
QD_Baidu_192.png,no_augment,,,,
QD_Baidu_245.png,augment_medium,medium_dark,True,140.64574925703613,data/processed/lowlight_augmented/QD_Baidu_245_medium_dark.png
QD_Baidu_249.png,no_augment,,,,
QD_Baidu_260.png,no_augment,,,,
QD_Baidu_274.png,no_augment,,,,
QD_Baidu_280.png,no_augment,,,,
QD_Baidu_282.png,no_augment,,,,
QD_Baidu_291.png,no_augment,,,,
QD_Baidu_294.png,no_augment,,,,
QD_Baidu_302.png,no_augment,,,,
QD_Bing_051.png,augment_medium,medium_dark,True,150.30237483953786,data/processed/lowlight_augmented/QD_Bing_051_medium_dark.png
QD_Bing_075.png,augment_medium,medium_dark,True,138.09316841983585,data/processed/lowlight_augmented/QD_Bing_075_medium_dark.png
QD_Bing_101.png,augment_medium,medium_dark,True,140.03762593283582,data/processed/lowlight_augmented/QD_Bing_101_medium_dark.png
QD_Bing_109.png,no_augment,,,,
QD_Bing_110.png,augment_medium,medium_dark,False,,
QD_Bing_112.png,no_augment,,,,
QD_Bing_114.png,no_augment,,,,
QD_Bing_119.png,no_augment,,,,
QD_Bing_120.png,no_augment,,,,
QD_Bing_124.png,augment_medium,medium_dark,True,156.7768885833988,data/processed/lowlight_augmented/QD_Bing_124_medium_dark.png
QD_Bing_143.png,augment_medium,medium_dark,True,135.75572907527638,data/processed/lowlight_augmented/QD_Bing_143_medium_dark.png
QD_Bing_144.png,augment_medium,medium_dark,True,138.09928847428378,data/processed/lowlight_augmented/QD_Bing_144_medium_dark.png
QD_Bing_165.png,augment_medium,medium_dark,True,154.2163024390244,data/processed/lowlight_augmented/QD_Bing_165_medium_dark.png
QD_Bing_174.png,no_augment,,,,
QD_Bing_179.png,no_augment,,,,
QD_Bing_192.png,augment_medium,medium_dark,False,,
QD_Bing_200.png,no_augment,,,,
QD_Bing_271.png,no_augment,,,,
QD_Bing_313.png,no_augment,,,,
QD_Bing_351.png,no_augment,,,,
QD_Bing_416.png,no_augment,,,,
QD_Bing_439.png,no_augment,,,,
QD_Bing_500.png,no_augment,,,,
QD_Bing_516.png,no_augment,,,,
QD_Bing_525.png,augment_medium,medium_dark,True,148.61236400462963,data/processed/lowlight_augmented/QD_Bing_525_medium_dark.png
QD_Bing_533.png,no_augment,,,,
QD_Bing_635.png,no_augment,,,,
QD_Bing_742.png,no_augment,,,,
QD_Bing_824.png,augment_medium,medium_dark,True,136.4063700527115,data/processed/lowlight_augmented/QD_Bing_824_medium_dark.png
QD_Bing_849.png,no_augment,,,,
QD_Bing_850.png,augment_medium,medium_dark,True,152.3745186136072,data/processed/lowlight_augmented/QD_Bing_850_medium_dark.png
QD_Bing_851.png,no_augment,,,,
QD_Bing_857.png,no_augment,,,,
QD_Bing_860.png,augment_medium,medium_dark,True,142.46963431889148,data/processed/lowlight_augmented/QD_Bing_860_medium_dark.png
QD_Bing_870.png,augment_medium,medium_dark,True,145.20725567715198,data/processed/lowlight_augmented/QD_Bing_870_medium_dark.png
QD_Bing_871.png,augment_medium,medium_dark,True,137.84555577961507,data/processed/lowlight_augmented/QD_Bing_871_medium_dark.png
QD_Bing_873.png,no_augment,,,,
QD_Bing_878.png,augment_medium,medium_dark,True,142.46659209545115,data/processed/lowlight_augmented/QD_Bing_878_medium_dark.png
QD_Google_019.png,augment_medium,medium_dark,True,151.7578273809524,data/processed/lowlight_augmented/QD_Google_019_medium_dark.png
QD_Google_043.png,no_augment,,,,
QD_Google_045.png,augment_medium,medium_dark,True,153.52564503755147,data/processed/lowlight_augmented/QD_Google_045_medium_dark.png
QD_Google_073.png,augment_medium,medium_dark,True,156.13866666666667,data/processed/lowlight_augmented/QD_Google_073_medium_dark.png
QD_Google_080.png,no_augment,,,,
QD_Google_095.png,augment_medium,medium_dark,True,148.60540151515153,data/processed/lowlight_augmented/QD_Google_095_medium_dark.png
SFC_Bing_300.png,augment_medium,medium_dark,True,146.85271516393442,data/processed/lowlight_augmented/SFC_Bing_300_medium_dark.png
SFC_Bing_448.png,no_augment,,,,
SFC_Google_069.png,no_augment,,,,
SFC_Google_165.png,augment_medium,medium_dark,True,137.24585034253002,data/processed/lowlight_augmented/SFC_Google_165_medium_dark.png
SFC_Google_178.png,no_augment,,,,
SFC_Google_182.png,no_augment,,,,
SFC_Google_197.png,no_augment,,,,
SFC_Google_20.png,no_augment,,,,
SFC_Google_206.png,augment_medium,medium_dark,True,155.25808277325788,data/processed/lowlight_augmented/SFC_Google_206_medium_dark.png
SFC_Google_209.png,no_augment,,,,
SFC_Google_225.png,augment_medium,medium_dark,True,135.37600615530303,data/processed/lowlight_augmented/SFC_Google_225_medium_dark.png
SFC_Google_285.png,no_augment,,,,
SFC_Google_305.png,no_augment,,,,
SFC_Google_332.png,augment_medium,medium_dark,True,137.7172203898051,data/processed/lowlight_augmented/SFC_Google_332_medium_dark.png
SFC_Google_409.png,no_augment,,,,
SFC_Google_426.png,no_augment,,,,
SFC_Google_462.png,no_augment,,,,
SFC_Google_473.png,no_augment,,,,
SFC_Google_474.png,no_augment,,,,
SFC_Google_481.png,augment_medium,medium_dark,True,146.07468547912993,data/processed/lowlight_augmented/SFC_Google_481_medium_dark.png
SFC_Google_486.png,augment_medium,medium_dark,False,,
SFC_Google_531.png,no_augment,,,,
SFC_Google_668.png,augment_medium,medium_dark,True,144.34967373572593,data/processed/lowlight_augmented/SFC_Google_668_medium_dark.png
SFC_Google_672.png,augment_medium,medium_dark,True,139.5926913265306,data/processed/lowlight_augmented/SFC_Google_672_medium_dark.png
SFC_Google_679.png,no_augment,,,,
SFC_Google_703.png,augment_medium,medium_dark,True,147.740302734375,data/processed/lowlight_augmented/SFC_Google_703_medium_dark.png
SGP_Bing_018.png,no_augment,,,,
SGP_Bing_019.png,no_augment,,,,
SGP_Bing_027.png,no_augment,,,,
SGP_Bing_035.png,no_augment,,,,
SGP_Bing_041.png,augment_medium,medium_dark,True,151.88275778210118,data/processed/lowlight_augmented/SGP_Bing_041_medium_dark.png
SGP_Bing_052.png,augment_medium,medium_dark,False,,
SGP_Bing_072.png,augment_medium,medium_dark,True,143.90871401166015,data/processed/lowlight_augmented/SGP_Bing_072_medium_dark.png
SGP_Bing_078.png,no_augment,,,,
SGP_Bing_080.png,no_augment,,,,
SGP_Bing_082.png,no_augment,,,,
SGP_Bing_083.png,no_augment,,,,
SGP_Bing_090.png,augment_medium,medium_dark,True,138.01950767841012,data/processed/lowlight_augmented/SGP_Bing_090_medium_dark.png
SGP_Bing_092.png,no_augment,,,,
SGP_Bing_097.png,augment_medium,medium_dark,True,152.43901809954752,data/processed/lowlight_augmented/SGP_Bing_097_medium_dark.png
SGP_Bing_103.png,no_augment,,,,
SGP_Bing_109.png,no_augment,,,,
SGP_Bing_116.png,no_augment,,,,
SGP_Bing_120.png,augment_medium,medium_dark,True,141.32453448973553,data/processed/lowlight_augmented/SGP_Bing_120_medium_dark.png
SGP_Bing_125.png,no_augment,,,,
SGP_Bing_141.png,no_augment,,,,
SGP_Bing_148.png,no_augment,,,,
SGP_Bing_167.png,no_augment,,,,
SGP_Bing_171.png,augment_medium,medium_dark,True,136.4770814814815,data/processed/lowlight_augmented/SGP_Bing_171_medium_dark.png
SGP_Bing_179.png,no_augment,,,,
SGP_Bing_181.png,no_augment,,,,
SGP_Bing_191.png,augment_medium,medium_dark,True,135.6539027982327,data/processed/lowlight_augmented/SGP_Bing_191_medium_dark.png
SGP_Bing_192.png,augment_medium,medium_dark,True,148.09661736675756,data/processed/lowlight_augmented/SGP_Bing_192_medium_dark.png
SGP_Bing_196.png,augment_medium,medium_dark,False,,
SGP_Bing_209.png,no_augment,,,,
SGP_Bing_225.png,augment_medium,medium_dark,True,140.15307236114347,data/processed/lowlight_augmented/SGP_Bing_225_medium_dark.png
SGP_Bing_231.png,augment_medium,medium_dark,False,,
SGP_Bing_264.png,augment_medium,medium_dark,False,,
SGP_Bing_286.png,augment_medium,medium_dark,True,145.01385863395657,data/processed/lowlight_augmented/SGP_Bing_286_medium_dark.png
SGP_Bing_295.png,augment_medium,medium_dark,True,155.8945123578921,data/processed/lowlight_augmented/SGP_Bing_295_medium_dark.png
SGP_Bing_309.png,no_augment,,,,
SGP_Bing_414.png,no_augment,,,,
SGP_Bing_421.png,no_augment,,,,
SGP_Bing_445.png,no_augment,,,,
SGP_Bing_538.png,augment_medium,medium_dark,True,138.04636479591838,data/processed/lowlight_augmented/SGP_Bing_538_medium_dark.png
SGP_Bing_551.png,no_augment,,,,
SGP_Bing_557.png,augment_medium,medium_dark,True,154.95329282407408,data/processed/lowlight_augmented/SGP_Bing_557_medium_dark.png
SGP_Bing_562.png,augment_medium,medium_dark,True,155.72237619642115,data/processed/lowlight_augmented/SGP_Bing_562_medium_dark.png
SGP_Bing_566.png,augment_medium,medium_dark,True,156.21086906803887,data/processed/lowlight_augmented/SGP_Bing_566_medium_dark.png
SGP_Bing_572.png,no_augment,,,,
SGP_Bing_58.png,augment_medium,medium_dark,True,144.65988031864688,data/processed/lowlight_augmented/SGP_Bing_58_medium_dark.png
SGP_Bing_583.png,augment_medium,medium_dark,True,146.637025,data/processed/lowlight_augmented/SGP_Bing_583_medium_dark.png
SGP_Bing_623.png,no_augment,,,,
SGP_Bing_628.png,no_augment,,,,
SGP_Bing_684.png,no_augment,,,,
SGP_Bing_695.png,no_augment,,,,
SGP_Bing_723.png,augment_medium,medium_dark,True,141.9152814398716,data/processed/lowlight_augmented/SGP_Bing_723_medium_dark.png
SGP_Bing_727.png,no_augment,,,,
SGP_Google_002.png,augment_medium,medium_dark,True,142.4148524462686,data/processed/lowlight_augmented/SGP_Google_002_medium_dark.png
SGP_Google_015.png,no_augment,,,,
SGP_Google_024.png,augment_medium,medium_dark,True,151.49825243303505,data/processed/lowlight_augmented/SGP_Google_024_medium_dark.png
SGP_Google_067.png,no_augment,,,,
SGP_Google_073.png,augment_medium,medium_dark,True,154.20208626230166,data/processed/lowlight_augmented/SGP_Google_073_medium_dark.png
SGP_Google_075.png,augment_medium,medium_dark,True,139.8833273002083,data/processed/lowlight_augmented/SGP_Google_075_medium_dark.png
SGP_Google_080.png,augment_medium,medium_dark,False,,
SGP_Google_092.png,no_augment,,,,
SGP_Google_109.png,augment_medium,medium_dark,True,146.47870171621238,data/processed/lowlight_augmented/SGP_Google_109_medium_dark.png
SGP_Google_117.png,augment_medium,medium_dark,True,151.40632258064517,data/processed/lowlight_augmented/SGP_Google_117_medium_dark.png
SGP_Google_119.png,augment_medium,medium_dark,True,154.9462045566154,data/processed/lowlight_augmented/SGP_Google_119_medium_dark.png
SGP_Google_127.png,augment_medium,medium_dark,True,143.11783589001814,data/processed/lowlight_augmented/SGP_Google_127_medium_dark.png
SGP_Google_161.png,augment_medium,medium_dark,False,,
SGP_Google_170.png,augment_medium,medium_dark,True,134.9911513806706,data/processed/lowlight_augmented/SGP_Google_170_medium_dark.png
SGP_Google_21.png,augment_medium,medium_dark,True,145.06516073391714,data/processed/lowlight_augmented/SGP_Google_21_medium_dark.png
SGP_Google_213.png,augment_medium,medium_dark,True,139.00180448271496,data/processed/lowlight_augmented/SGP_Google_213_medium_dark.png
SGP_Google_214.png,no_augment,,,,
SGP_Google_223.png,no_augment,,,,
SGP_Google_244.png,augment_medium,medium_dark,True,141.62227403982428,data/processed/lowlight_augmented/SGP_Google_244_medium_dark.png
SGP_Google_263.png,no_augment,,,,
SGP_Google_329.png,no_augment,,,,
SGP_Google_345.png,augment_medium,medium_dark,True,137.8219078455791,data/processed/lowlight_augmented/SGP_Google_345_medium_dark.png
SGP_Google_389.png,no_augment,,,,
SGP_Google_414.png,augment_medium,medium_dark,True,146.21450919181407,data/processed/lowlight_augmented/SGP_Google_414_medium_dark.png
SGP_Google_419.png,no_augment,,,,
SGP_Google_421.png,augment_medium,medium_dark,True,135.44984234234235,data/processed/lowlight_augmented/SGP_Google_421_medium_dark.png
SGP_Google_429.png,augment_medium,medium_dark,True,141.7199497767857,data/processed/lowlight_augmented/SGP_Google_429_medium_dark.png
SGP_Google_433.png,no_augment,,,,
SGP_Google_441.png,no_augment,,,,
SGP_Google_450.png,augment_medium,medium_dark,True,144.66968937495253,data/processed/lowlight_augmented/SGP_Google_450_medium_dark.png
SGP_Google_451.png,augment_medium,medium_dark,True,157.2384680078046,data/processed/lowlight_augmented/SGP_Google_451_medium_dark.png
SGP_Google_460.png,no_augment,,,,
SGP_Google_461.png,augment_medium,medium_dark,True,153.43188573747483,data/processed/lowlight_augmented/SGP_Google_461_medium_dark.png
SGP_Google_518.png,no_augment,,,,
SGP_Google_558.png,no_augment,,,,
SGP_Google_564.png,augment_medium,medium_dark,True,140.22545114942528,data/processed/lowlight_augmented/SGP_Google_564_medium_dark.png
SH_Baidu_01.png,augment_medium,medium_dark,True,148.0079159103297,data/processed/lowlight_augmented/SH_Baidu_01_medium_dark.png
SH_Baidu_011.png,no_augment,,,,
SH_Baidu_032.png,augment_medium,medium_dark,True,142.6684334625323,data/processed/lowlight_augmented/SH_Baidu_032_medium_dark.png
SH_Baidu_040.png,augment_medium,medium_dark,False,,
SH_Baidu_059.png,no_augment,,,,
SH_Baidu_086.png,augment_medium,medium_dark,True,141.9159096385542,data/processed/lowlight_augmented/SH_Baidu_086_medium_dark.png
SH_Baidu_088.png,no_augment,,,,
SH_Baidu_099.png,augment_medium,medium_dark,True,148.90193725126264,data/processed/lowlight_augmented/SH_Baidu_099_medium_dark.png
SH_Baidu_112.png,no_augment,,,,
SH_Baidu_126.png,no_augment,,,,
SH_Baidu_146.png,no_augment,,,,
SH_Baidu_150.png,no_augment,,,,
SH_Baidu_161.png,no_augment,,,,
SH_Baidu_169.png,no_augment,,,,
SH_Baidu_179.png,no_augment,,,,
SH_Baidu_188.png,augment_medium,medium_dark,True,145.687597387818,data/processed/lowlight_augmented/SH_Baidu_188_medium_dark.png
SH_Baidu_226.png,augment_medium,medium_dark,True,137.442499929919,data/processed/lowlight_augmented/SH_Baidu_226_medium_dark.png
SH_Baidu_251.png,no_augment,,,,
SH_Baidu_252.png,no_augment,,,,
SH_Bing_121.png,no_augment,,,,
SH_Bing_123.png,no_augment,,,,
SH_Bing_139.png,no_augment,,,,
SH_Bing_156.png,no_augment,,,,
SH_Bing_203.png,augment_medium,medium_dark,False,,
SH_Bing_228.png,augment_medium,medium_dark,True,136.53331186524647,data/processed/lowlight_augmented/SH_Bing_228_medium_dark.png
SH_Bing_252.png,augment_medium,medium_dark,True,149.9154602323503,data/processed/lowlight_augmented/SH_Bing_252_medium_dark.png
SH_Bing_274.png,augment_medium,medium_dark,True,145.88043958333333,data/processed/lowlight_augmented/SH_Bing_274_medium_dark.png
SH_Bing_279.png,no_augment,,,,
SH_Bing_297.png,no_augment,,,,
SH_Bing_352.png,no_augment,,,,
SH_Bing_353.png,no_augment,,,,
SH_Bing_44.png,no_augment,,,,
SH_Bing_453.png,augment_medium,medium_dark,True,153.0547732124962,data/processed/lowlight_augmented/SH_Bing_453_medium_dark.png
SH_Bing_455.png,augment_medium,medium_dark,True,137.4425484764543,data/processed/lowlight_augmented/SH_Bing_455_medium_dark.png
SH_Bing_465.png,augment_medium,medium_dark,True,141.3232701754386,data/processed/lowlight_augmented/SH_Bing_465_medium_dark.png
SH_Bing_503.png,no_augment,,,,
SH_Bing_523.png,augment_medium,medium_dark,True,150.95568363844393,data/processed/lowlight_augmented/SH_Bing_523_medium_dark.png
SH_Bing_548.png,augment_medium,medium_dark,True,137.99007532810438,data/processed/lowlight_augmented/SH_Bing_548_medium_dark.png
SH_Bing_554.png,no_augment,,,,
SH_Bing_721.png,augment_medium,medium_dark,True,137.84166210400255,data/processed/lowlight_augmented/SH_Bing_721_medium_dark.png
SH_Bing_765.png,augment_medium,medium_dark,True,152.22559184763261,data/processed/lowlight_augmented/SH_Bing_765_medium_dark.png
SH_Google_075.png,augment_medium,medium_dark,True,144.80019160583942,data/processed/lowlight_augmented/SH_Google_075_medium_dark.png
SH_Google_130.png,no_augment,,,,
SH_Google_139.png,no_augment,,,,
SH_Google_161.png,no_augment,,,,
SH_Google_267.png,augment_medium,medium_dark,True,149.36427455357142,data/processed/lowlight_augmented/SH_Google_267_medium_dark.png
SH_Google_298.png,augment_medium,medium_dark,True,143.0209619759506,data/processed/lowlight_augmented/SH_Google_298_medium_dark.png
SH_Google_302.png,no_augment,,,,
SH_Google_353.png,no_augment,,,,
SH_Google_383.png,no_augment,,,,
SH_Google_411.png,no_augment,,,,
SH_Google_413.png,no_augment,,,,
SH_Google_418.png,no_augment,,,,
SH_Google_470.png,no_augment,,,,
SH_Google_477.png,no_augment,,,,
SH_Google_516.png,no_augment,,,,
SH_Google_53.png,no_augment,,,,
SJZ_Baidu_003.png,no_augment,,,,
SJZ_Baidu_011.png,no_augment,,,,
SJZ_Baidu_017.png,augment_medium,medium_dark,True,147.01518954918032,data/processed/lowlight_augmented/SJZ_Baidu_017_medium_dark.png
SJZ_Baidu_023.png,no_augment,,,,
SJZ_Baidu_024.png,augment_medium,medium_dark,True,138.02231340055997,data/processed/lowlight_augmented/SJZ_Baidu_024_medium_dark.png
SJZ_Baidu_029.png,no_augment,,,,
SJZ_Baidu_040.png,augment_medium,medium_dark,False,,
SJZ_Baidu_042.png,no_augment,,,,
SJZ_Baidu_068.png,augment_medium,medium_dark,True,138.32009944751383,data/processed/lowlight_augmented/SJZ_Baidu_068_medium_dark.png
SJZ_Baidu_075.png,augment_medium,medium_dark,True,141.65977898405376,data/processed/lowlight_augmented/SJZ_Baidu_075_medium_dark.png
SJZ_Baidu_088.png,augment_medium,medium_dark,True,147.3963103459456,data/processed/lowlight_augmented/SJZ_Baidu_088_medium_dark.png
SJZ_Baidu_097.png,no_augment,,,,
SJZ_Baidu_099.png,augment_medium,medium_dark,True,155.2791291436687,data/processed/lowlight_augmented/SJZ_Baidu_099_medium_dark.png
SJZ_Baidu_1074.png,no_augment,,,,
SJZ_Baidu_1110.png,no_augment,,,,
SJZ_Baidu_1114.png,no_augment,,,,
SJZ_Baidu_114.png,augment_medium,medium_dark,False,,
SJZ_Baidu_116.png,no_augment,,,,
SJZ_Baidu_118.png,augment_medium,medium_dark,True,145.24336851618733,data/processed/lowlight_augmented/SJZ_Baidu_118_medium_dark.png
SJZ_Baidu_1195.png,no_augment,,,,
SJZ_Baidu_120.png,no_augment,,,,
SJZ_Baidu_1218.png,no_augment,,,,
SJZ_Baidu_1231.png,no_augment,,,,
SJZ_Baidu_125.png,no_augment,,,,
SJZ_Baidu_127.png,no_augment,,,,
SJZ_Baidu_133.png,no_augment,,,,
SJZ_Baidu_134.png,augment_medium,medium_dark,False,,
SJZ_Baidu_137.png,augment_medium,medium_dark,True,144.13563187238657,data/processed/lowlight_augmented/SJZ_Baidu_137_medium_dark.png
SJZ_Baidu_147.png,no_augment,,,,
SJZ_Baidu_151.png,no_augment,,,,
SJZ_Baidu_159.png,no_augment,,,,
SJZ_Baidu_164.png,augment_medium,medium_dark,True,151.4409700227149,data/processed/lowlight_augmented/SJZ_Baidu_164_medium_dark.png
SJZ_Baidu_172.png,augment_medium,medium_dark,True,156.94478004360653,data/processed/lowlight_augmented/SJZ_Baidu_172_medium_dark.png
SJZ_Baidu_177.png,no_augment,,,,
SJZ_Baidu_184.png,no_augment,,,,
SJZ_Baidu_203.png,no_augment,,,,
SJZ_Baidu_209.png,no_augment,,,,
SJZ_Baidu_223.png,augment_medium,medium_dark,True,145.61939085644815,data/processed/lowlight_augmented/SJZ_Baidu_223_medium_dark.png
SJZ_Baidu_224.png,augment_medium,medium_dark,True,144.95202642041812,data/processed/lowlight_augmented/SJZ_Baidu_224_medium_dark.png
SJZ_Baidu_225.png,augment_medium,medium_dark,False,,
SJZ_Baidu_240.png,augment_medium,medium_dark,True,140.95610170578428,data/processed/lowlight_augmented/SJZ_Baidu_240_medium_dark.png
SJZ_Baidu_243.png,augment_medium,medium_dark,True,146.29825573938695,data/processed/lowlight_augmented/SJZ_Baidu_243_medium_dark.png
SJZ_Baidu_244.png,augment_medium,medium_dark,True,139.8026993155307,data/processed/lowlight_augmented/SJZ_Baidu_244_medium_dark.png
SJZ_Baidu_249.png,augment_medium,medium_dark,True,149.5760035911248,data/processed/lowlight_augmented/SJZ_Baidu_249_medium_dark.png
SJZ_Baidu_267.png,no_augment,,,,
SJZ_Baidu_286.png,augment_medium,medium_dark,True,147.70818394902776,data/processed/lowlight_augmented/SJZ_Baidu_286_medium_dark.png
SJZ_Baidu_305.png,augment_medium,medium_dark,True,138.95540785498488,data/processed/lowlight_augmented/SJZ_Baidu_305_medium_dark.png
SJZ_Baidu_332.png,no_augment,,,,
SJZ_Baidu_333.png,augment_medium,medium_dark,True,144.84670781893004,data/processed/lowlight_augmented/SJZ_Baidu_333_medium_dark.png
SJZ_Baidu_381.png,no_augment,,,,
SJZ_Baidu_397.png,augment_medium,medium_dark,True,157.4986413043478,data/processed/lowlight_augmented/SJZ_Baidu_397_medium_dark.png
SJZ_Baidu_406.png,no_augment,,,,
SJZ_Baidu_418.png,no_augment,,,,
SJZ_Baidu_420.png,no_augment,,,,
SJZ_Baidu_421.png,no_augment,,,,
SJZ_Baidu_451.png,no_augment,,,,
SJZ_Baidu_475.png,no_augment,,,,
SJZ_Baidu_491.png,no_augment,,,,
SJZ_Baidu_550.png,augment_medium,medium_dark,True,142.65646446078432,data/processed/lowlight_augmented/SJZ_Baidu_550_medium_dark.png
SJZ_Baidu_570.png,no_augment,,,,
SJZ_Baidu_575.png,no_augment,,,,
SJZ_Baidu_593.png,augment_medium,medium_dark,True,139.8789465648855,data/processed/lowlight_augmented/SJZ_Baidu_593_medium_dark.png
SJZ_Baidu_620.png,no_augment,,,,
SJZ_Baidu_688.png,no_augment,,,,
SJZ_Baidu_716.png,no_augment,,,,
SJZ_Baidu_730.png,augment_medium,medium_dark,True,138.30373647984268,data/processed/lowlight_augmented/SJZ_Baidu_730_medium_dark.png
SJZ_Baidu_771.png,augment_medium,medium_dark,True,143.55559061286218,data/processed/lowlight_augmented/SJZ_Baidu_771_medium_dark.png
SJZ_Baidu_772.png,no_augment,,,,
SJZ_Baidu_774.png,no_augment,,,,
SJZ_Baidu_787.png,no_augment,,,,
SJZ_Baidu_790.png,no_augment,,,,
SJZ_Baidu_84.png,no_augment,,,,
SJZ_Baidu_870.png,no_augment,,,,
SJZ_Baidu_891.png,no_augment,,,,
SJZ_Baidu_892.png,augment_medium,medium_dark,False,,
SJZ_Baidu_897.png,no_augment,,,,
SJZ_Baidu_910.png,no_augment,,,,
SJZ_Baidu_924.png,no_augment,,,,
SJZ_Baidu_935.png,no_augment,,,,
SJZ_Baidu_956.png,no_augment,,,,
SJZ_Baidu_994.png,no_augment,,,,
SJZ_Bing_009.png,augment_medium,medium_dark,True,135.8976325,data/processed/lowlight_augmented/SJZ_Bing_009_medium_dark.png
SJZ_Bing_025.png,no_augment,,,,
SJZ_Bing_036.png,no_augment,,,,
SJZ_Bing_061.png,no_augment,,,,
SJZ_Bing_062.png,augment_medium,medium_dark,True,157.17141481481482,data/processed/lowlight_augmented/SJZ_Bing_062_medium_dark.png
SJZ_Bing_082.png,no_augment,,,,
SJZ_Bing_085.png,no_augment,,,,
SJZ_Bing_125.png,augment_medium,medium_dark,False,,
SJZ_Bing_146.png,augment_medium,medium_dark,True,142.01550514244815,data/processed/lowlight_augmented/SJZ_Bing_146_medium_dark.png
SJZ_Bing_181.png,no_augment,,,,
SJZ_Bing_189.png,no_augment,,,,
SJZ_Bing_196.png,no_augment,,,,
SJZ_Bing_202.png,no_augment,,,,
SJZ_Bing_236.png,augment_medium,medium_dark,True,150.45158496732026,data/processed/lowlight_augmented/SJZ_Bing_236_medium_dark.png
SJZ_Bing_246.png,augment_medium,medium_dark,True,153.47684266666667,data/processed/lowlight_augmented/SJZ_Bing_246_medium_dark.png
SJZ_Bing_297.png,no_augment,,,,
SJZ_Bing_301.png,no_augment,,,,
SJZ_Bing_377.png,no_augment,,,,
SJZ_Bing_387.png,augment_medium,medium_dark,True,144.56794092459742,data/processed/lowlight_augmented/SJZ_Bing_387_medium_dark.png
SJZ_Bing_397.png,no_augment,,,,
SJZ_Bing_410.png,no_augment,,,,
SJZ_Bing_412.png,no_augment,,,,
SJZ_Bing_461.png,augment_medium,medium_dark,True,139.6586552612215,data/processed/lowlight_augmented/SJZ_Bing_461_medium_dark.png
SJZ_Bing_492.png,no_augment,,,,
SJZ_Bing_499.png,no_augment,,,,
SJZ_Bing_556.png,no_augment,,,,
SJZ_Bing_570.png,no_augment,,,,
SJZ_Bing_587.png,no_augment,,,,
SJZ_Bing_593.png,no_augment,,,,
SJZ_Bing_623.png,augment_medium,medium_dark,True,154.47665089641436,data/processed/lowlight_augmented/SJZ_Bing_623_medium_dark.png
SJZ_Bing_666.png,no_augment,,,,
SJZ_Bing_673.png,no_augment,,,,
SJZ_Bing_683.png,no_augment,,,,
SJZ_Bing_686.png,no_augment,,,,
SJZ_Bing_695.png,augment_medium,medium_dark,True,155.59801164352888,data/processed/lowlight_augmented/SJZ_Bing_695_medium_dark.png
SJZ_Bing_703.png,augment_medium,medium_dark,True,140.03163737280295,data/processed/lowlight_augmented/SJZ_Bing_703_medium_dark.png
SJZ_Bing_704.png,no_augment,,,,
SJZ_Bing_716.png,no_augment,,,,
SJZ_Bing_752.png,no_augment,,,,
SJZ_Bing_764.png,no_augment,,,,
SJZ_Bing_794.png,no_augment,,,,
SJZ_Bing_812.png,no_augment,,,,
SJZ_Bing_819.png,augment_medium,medium_dark,True,142.6016304347826,data/processed/lowlight_augmented/SJZ_Bing_819_medium_dark.png
SJZ_Bing_824.png,no_augment,,,,
SJZ_Google_069.png,no_augment,,,,
SJZ_Google_123.png,augment_medium,medium_dark,False,,
SJZ_Google_247.png,no_augment,,,,
SJZ_Google_271.png,no_augment,,,,
SJZ_Google_282.png,augment_medium,medium_dark,True,134.40925053645262,data/processed/lowlight_augmented/SJZ_Google_282_medium_dark.png
SJZ_Google_293.png,no_augment,,,,
SJZ_Google_338.png,no_augment,,,,
SJZ_Google_339.png,augment_medium,medium_dark,True,149.0114652415599,data/processed/lowlight_augmented/SJZ_Google_339_medium_dark.png
SJZ_Google_352.png,augment_medium,medium_dark,True,144.87402468152865,data/processed/lowlight_augmented/SJZ_Google_352_medium_dark.png
SJZ_Google_361.png,augment_medium,medium_dark,True,145.28329844865797,data/processed/lowlight_augmented/SJZ_Google_361_medium_dark.png
SJZ_Google_382.png,augment_medium,medium_dark,True,142.2607269503546,data/processed/lowlight_augmented/SJZ_Google_382_medium_dark.png
SJZ_Google_400.png,no_augment,,,,
SJZ_Google_404.png,no_augment,,,,
SJZ_Google_407.png,no_augment,,,,
SJZ_Google_412.png,augment_medium,medium_dark,True,154.0534244974287,data/processed/lowlight_augmented/SJZ_Google_412_medium_dark.png
SJZ_Google_435.png,augment_medium,medium_dark,True,136.10493005595524,data/processed/lowlight_augmented/SJZ_Google_435_medium_dark.png
SJZ_Google_452.png,augment_medium,medium_dark,True,143.05963483146067,data/processed/lowlight_augmented/SJZ_Google_452_medium_dark.png
SJZ_Google_455.png,no_augment,,,,
SJZ_Google_501.png,augment_medium,medium_dark,True,145.77655888030887,data/processed/lowlight_augmented/SJZ_Google_501_medium_dark.png
SJZ_Google_505.png,no_augment,,,,
SJZ_Google_514.png,augment_medium,medium_dark,True,146.22150858429495,data/processed/lowlight_augmented/SJZ_Google_514_medium_dark.png
SJZ_Google_525.png,augment_medium,medium_dark,True,141.68026822157435,data/processed/lowlight_augmented/SJZ_Google_525_medium_dark.png
SJZ_Google_534.png,augment_medium,medium_dark,False,,
SJZ_Google_553.png,no_augment,,,,
SJZ_Google_56.png,no_augment,,,,
SY_Baidu_035.png,no_augment,,,,
SY_Baidu_044.png,no_augment,,,,
SY_Baidu_046.png,no_augment,,,,
SY_Baidu_048.png,no_augment,,,,
SY_Baidu_055.png,no_augment,,,,
SY_Baidu_056.png,augment_medium,medium_dark,True,154.18670843776107,data/processed/lowlight_augmented/SY_Baidu_056_medium_dark.png
SY_Baidu_069.png,no_augment,,,,
SY_Baidu_073.png,augment_medium,medium_dark,False,,
SY_Baidu_110.png,no_augment,,,,
SY_Baidu_111.png,no_augment,,,,
SY_Baidu_118.png,no_augment,,,,
SY_Baidu_12.png,augment_medium,medium_dark,True,136.65116384180791,data/processed/lowlight_augmented/SY_Baidu_12_medium_dark.png
SY_Baidu_128.png,no_augment,,,,
SY_Baidu_132.png,augment_medium,medium_dark,True,154.96618197278912,data/processed/lowlight_augmented/SY_Baidu_132_medium_dark.png
SY_Baidu_137.png,no_augment,,,,
SY_Baidu_140.png,augment_medium,medium_dark,True,143.6082409318269,data/processed/lowlight_augmented/SY_Baidu_140_medium_dark.png
SY_Baidu_141.png,no_augment,,,,
SY_Baidu_148.png,no_augment,,,,
SY_Baidu_156.png,no_augment,,,,
SY_Baidu_158.png,no_augment,,,,
SY_Baidu_160.png,no_augment,,,,
SY_Baidu_184.png,augment_medium,medium_dark,True,137.5569830756128,data/processed/lowlight_augmented/SY_Baidu_184_medium_dark.png
SY_Baidu_186.png,augment_medium,medium_dark,True,150.98570386579138,data/processed/lowlight_augmented/SY_Baidu_186_medium_dark.png
SY_Baidu_190.png,no_augment,,,,
SY_Baidu_196.png,augment_medium,medium_dark,True,143.3297445524146,data/processed/lowlight_augmented/SY_Baidu_196_medium_dark.png
SY_Baidu_208.png,augment_medium,medium_dark,True,140.52449810567757,data/processed/lowlight_augmented/SY_Baidu_208_medium_dark.png
SY_Baidu_227.png,no_augment,,,,
SY_Baidu_25.png,no_augment,,,,
SY_Baidu_262.png,augment_medium,medium_dark,True,154.22726053639846,data/processed/lowlight_augmented/SY_Baidu_262_medium_dark.png
SY_Baidu_292.png,no_augment,,,,
SY_Baidu_295.png,no_augment,,,,
SY_Baidu_337.png,no_augment,,,,
SY_Baidu_346.png,no_augment,,,,
SY_Baidu_367.png,augment_medium,medium_dark,True,136.01670675820412,data/processed/lowlight_augmented/SY_Baidu_367_medium_dark.png
SY_Baidu_371.png,augment_medium,medium_dark,True,147.6348575563414,data/processed/lowlight_augmented/SY_Baidu_371_medium_dark.png
SY_Baidu_374.png,no_augment,,,,
SY_Baidu_385.png,no_augment,,,,
SY_Baidu_386.png,augment_medium,medium_dark,True,134.4649481516199,data/processed/lowlight_augmented/SY_Baidu_386_medium_dark.png
SY_Baidu_398.png,no_augment,,,,
SY_Baidu_405.png,augment_medium,medium_dark,False,,
SY_Baidu_412.png,no_augment,,,,
SY_Baidu_415.png,no_augment,,,,
SY_Bing_026.png,augment_medium,medium_dark,True,155.27385617331078,data/processed/lowlight_augmented/SY_Bing_026_medium_dark.png
SY_Bing_049.png,augment_medium,medium_dark,True,145.15096269249625,data/processed/lowlight_augmented/SY_Bing_049_medium_dark.png
SY_Bing_062.png,augment_medium,medium_dark,True,142.64437456860188,data/processed/lowlight_augmented/SY_Bing_062_medium_dark.png
SY_Bing_105.png,no_augment,,,,
SY_Bing_122.png,no_augment,,,,
SY_Bing_123.png,no_augment,,,,
SY_Bing_135.png,no_augment,,,,
SY_Bing_154.png,no_augment,,,,
SY_Bing_181.png,no_augment,,,,
SY_Bing_221.png,no_augment,,,,
SY_Bing_23.png,no_augment,,,,
SY_Bing_336.png,no_augment,,,,
SY_Bing_424.png,no_augment,,,,
SY_Bing_477.png,no_augment,,,,
SY_Bing_501.png,no_augment,,,,
SY_Bing_536.png,no_augment,,,,
SY_Bing_541.png,no_augment,,,,
SY_Bing_582.png,no_augment,,,,
SY_Bing_648.png,no_augment,,,,
SY_Bing_688.png,no_augment,,,,
SY_Bing_696.png,no_augment,,,,
SY_Google_120.png,no_augment,,,,
SY_Google_125.png,no_augment,,,,
SY_Google_151.png,no_augment,,,,
SY_Google_177.png,no_augment,,,,
SY_Google_189.png,no_augment,,,,
SY_Google_259.png,augment_medium,medium_dark,False,,
SY_Google_260.png,no_augment,,,,
SY_Google_299.png,no_augment,,,,
SY_Google_314.png,no_augment,,,,
SY_Google_321.png,no_augment,,,,
SY_Google_338.png,augment_medium,medium_dark,True,140.49298141891893,data/processed/lowlight_augmented/SY_Google_338_medium_dark.png
SY_Google_363.png,no_augment,,,,
SY_Google_368.png,no_augment,,,,
SY_Google_387.png,augment_medium,medium_dark,True,148.73727040816325,data/processed/lowlight_augmented/SY_Google_387_medium_dark.png
SY_Google_391.png,augment_medium,medium_dark,True,136.79046696472926,data/processed/lowlight_augmented/SY_Google_391_medium_dark.png
SY_Google_398.png,augment_medium,medium_dark,True,135.1432624113475,data/processed/lowlight_augmented/SY_Google_398_medium_dark.png
SY_Google_428.png,no_augment,,,,
SY_Google_44.png,no_augment,,,,
SY_Google_444.png,augment_medium,medium_dark,True,152.40040462427746,data/processed/lowlight_augmented/SY_Google_444_medium_dark.png
SY_Google_475.png,augment_medium,medium_dark,True,141.1424854828851,data/processed/lowlight_augmented/SY_Google_475_medium_dark.png
SY_Google_51.png,no_augment,,,,
SY_Google_514.png,no_augment,,,,
SY_Google_525.png,no_augment,,,,
SY_Google_532.png,augment_medium,medium_dark,True,135.36591994382022,data/processed/lowlight_augmented/SY_Google_532_medium_dark.png
TJ_Baidu_034.png,no_augment,,,,
TJ_Baidu_037.png,no_augment,,,,
TJ_Baidu_074.png,augment_medium,medium_dark,True,146.2468393851047,data/processed/lowlight_augmented/TJ_Baidu_074_medium_dark.png
TJ_Baidu_077.png,no_augment,,,,
TJ_Baidu_1012.png,no_augment,,,,
TJ_Baidu_1032.png,no_augment,,,,
TJ_Baidu_108.png,augment_medium,medium_dark,True,148.96106190024253,data/processed/lowlight_augmented/TJ_Baidu_108_medium_dark.png
TJ_Baidu_1116.png,no_augment,,,,
TJ_Baidu_1152.png,no_augment,,,,
TJ_Baidu_1200.png,no_augment,,,,
TJ_Baidu_128.png,no_augment,,,,
TJ_Baidu_13.png,augment_medium,medium_dark,True,142.0625964010283,data/processed/lowlight_augmented/TJ_Baidu_13_medium_dark.png
TJ_Baidu_132.png,no_augment,,,,
TJ_Baidu_150.png,no_augment,,,,
TJ_Baidu_175.png,no_augment,,,,
TJ_Baidu_19.png,no_augment,,,,
TJ_Baidu_202.png,no_augment,,,,
TJ_Baidu_225.png,no_augment,,,,
TJ_Baidu_227.png,augment_medium,medium_dark,True,137.95912554112553,data/processed/lowlight_augmented/TJ_Baidu_227_medium_dark.png
TJ_Baidu_232.png,augment_medium,medium_dark,True,143.84502702702702,data/processed/lowlight_augmented/TJ_Baidu_232_medium_dark.png
TJ_Baidu_254.png,no_augment,,,,
TJ_Baidu_297.png,no_augment,,,,
TJ_Baidu_302.png,augment_medium,medium_dark,True,145.96617548009792,data/processed/lowlight_augmented/TJ_Baidu_302_medium_dark.png
TJ_Baidu_315.png,no_augment,,,,
TJ_Baidu_320.png,no_augment,,,,
TJ_Baidu_362.png,no_augment,,,,
TJ_Baidu_368.png,augment_medium,medium_dark,True,139.4023645630475,data/processed/lowlight_augmented/TJ_Baidu_368_medium_dark.png
TJ_Baidu_372.png,no_augment,,,,
TJ_Baidu_387.png,no_augment,,,,
TJ_Baidu_398.png,no_augment,,,,
TJ_Baidu_408.png,no_augment,,,,
TJ_Baidu_419.png,no_augment,,,,
TJ_Baidu_464.png,no_augment,,,,
TJ_Baidu_487.png,augment_medium,medium_dark,True,148.27944962686567,data/processed/lowlight_augmented/TJ_Baidu_487_medium_dark.png
TJ_Baidu_488.png,augment_medium,medium_dark,True,140.384484375,data/processed/lowlight_augmented/TJ_Baidu_488_medium_dark.png
TJ_Baidu_505.png,augment_medium,medium_dark,True,139.9473953488372,data/processed/lowlight_augmented/TJ_Baidu_505_medium_dark.png
TJ_Baidu_519.png,augment_medium,medium_dark,True,143.53133776792313,data/processed/lowlight_augmented/TJ_Baidu_519_medium_dark.png
TJ_Baidu_522.png,no_augment,,,,
TJ_Baidu_523.png,no_augment,,,,
TJ_Baidu_524.png,no_augment,,,,
TJ_Baidu_525.png,no_augment,,,,
TJ_Baidu_526.png,no_augment,,,,
TJ_Baidu_534.png,augment_medium,medium_dark,True,141.87136879432623,data/processed/lowlight_augmented/TJ_Baidu_534_medium_dark.png
TJ_Baidu_547.png,no_augment,,,,
TJ_Baidu_559.png,no_augment,,,,
TJ_Baidu_567.png,no_augment,,,,
TJ_Baidu_583.png,augment_medium,medium_dark,True,154.285625,data/processed/lowlight_augmented/TJ_Baidu_583_medium_dark.png
TJ_Baidu_711.png,augment_medium,medium_dark,True,137.66026518584218,data/processed/lowlight_augmented/TJ_Baidu_711_medium_dark.png
TJ_Baidu_811.png,no_augment,,,,
TJ_Baidu_813.png,no_augment,,,,
TJ_Baidu_843.png,no_augment,,,,
TJ_Baidu_900.png,no_augment,,,,
TJ_Baidu_944.png,augment_medium,medium_dark,True,135.49473684210525,data/processed/lowlight_augmented/TJ_Baidu_944_medium_dark.png
TJ_Bing_005.png,no_augment,,,,
TJ_Bing_066.png,augment_medium,medium_dark,True,146.32476296296295,data/processed/lowlight_augmented/TJ_Bing_066_medium_dark.png
TJ_Bing_166.png,no_augment,,,,
TJ_Bing_326.png,no_augment,,,,
TJ_Bing_338.png,no_augment,,,,
TJ_Bing_339.png,augment_medium,medium_dark,True,138.2203088418431,data/processed/lowlight_augmented/TJ_Bing_339_medium_dark.png
TJ_Bing_343.png,no_augment,,,,
TJ_Bing_349.png,no_augment,,,,
TJ_Bing_495.png,augment_medium,medium_dark,True,137.92883805470586,data/processed/lowlight_augmented/TJ_Bing_495_medium_dark.png
TJ_Bing_563.png,no_augment,,,,
TJ_Bing_659.png,no_augment,,,,
TJ_Bing_697.png,no_augment,,,,
TJ_Google_034.png,augment_medium,medium_dark,True,142.22540641312455,data/processed/lowlight_augmented/TJ_Google_034_medium_dark.png
TJ_Google_272.png,no_augment,,,,
TJ_Google_321.png,no_augment,,,,
TJ_Google_333.png,augment_medium,medium_dark,True,144.2290652818991,data/processed/lowlight_augmented/TJ_Google_333_medium_dark.png
TJ_Google_336.png,augment_medium,medium_dark,False,,
TJ_Google_390.png,augment_medium,medium_dark,True,135.31274602873236,data/processed/lowlight_augmented/TJ_Google_390_medium_dark.png
TJ_Google_395.png,no_augment,,,,
TJ_Google_411.png,augment_medium,medium_dark,False,,
TJ_Google_505.png,no_augment,,,,
TJ_Google_511.png,augment_medium,medium_dark,True,142.01707544782695,data/processed/lowlight_augmented/TJ_Google_511_medium_dark.png
TJ_Google_649.png,no_augment,,,,
TJ_Google_688.png,no_augment,,,,
TJ_Google_707.png,no_augment,,,,
TJ_Google_708.png,augment_medium,medium_dark,False,,
TKO_Bing_479.png,no_augment,,,,
TKO_Bing_519.png,augment_medium,medium_dark,True,142.90547526041667,data/processed/lowlight_augmented/TKO_Bing_519_medium_dark.png
TKO_Bing_657.png,no_augment,,,,
TKO_Google_183.png,no_augment,,,,
TKO_Google_474.png,augment_medium,medium_dark,True,139.90575484696387,data/processed/lowlight_augmented/TKO_Google_474_medium_dark.png
TKO_Google_600.png,augment_medium,medium_dark,True,150.97177593977727,data/processed/lowlight_augmented/TKO_Google_600_medium_dark.png
TKO_Google_628.png,no_augment,,,,
TKO_Google_693.png,augment_medium,medium_dark,True,152.38857346357347,data/processed/lowlight_augmented/TKO_Google_693_medium_dark.png
TKO_Google_734.png,augment_medium,medium_dark,True,136.76977255591856,data/processed/lowlight_augmented/TKO_Google_734_medium_dark.png
TKO_Google_805.png,augment_medium,medium_dark,True,153.4465632068359,data/processed/lowlight_augmented/TKO_Google_805_medium_dark.png
TKO_Google_824.png,no_augment,,,,
TS_Baidu_006.png,no_augment,,,,
TS_Baidu_025.png,no_augment,,,,
TS_Baidu_026.png,augment_medium,medium_dark,True,137.7967830729944,data/processed/lowlight_augmented/TS_Baidu_026_medium_dark.png
TS_Baidu_039.png,no_augment,,,,
TS_Baidu_046.png,no_augment,,,,
TS_Baidu_1111.png,augment_medium,medium_dark,True,139.87389748831777,data/processed/lowlight_augmented/TS_Baidu_1111_medium_dark.png
TS_Baidu_1134.png,augment_medium,medium_dark,True,134.59689656787003,data/processed/lowlight_augmented/TS_Baidu_1134_medium_dark.png
TS_Baidu_114.png,no_augment,,,,
TS_Baidu_1258.png,no_augment,,,,
TS_Baidu_160.png,no_augment,,,,
TS_Baidu_188.png,no_augment,,,,
TS_Baidu_195.png,no_augment,,,,
TS_Baidu_226.png,no_augment,,,,
TS_Baidu_351.png,augment_medium,medium_dark,True,152.14728923001948,data/processed/lowlight_augmented/TS_Baidu_351_medium_dark.png
TS_Baidu_355.png,augment_medium,medium_dark,True,140.51524998348853,data/processed/lowlight_augmented/TS_Baidu_355_medium_dark.png
TS_Baidu_374.png,augment_medium,medium_dark,True,134.3262844912146,data/processed/lowlight_augmented/TS_Baidu_374_medium_dark.png
TS_Baidu_422.png,no_augment,,,,
TS_Baidu_440.png,augment_medium,medium_dark,True,139.24707466918716,data/processed/lowlight_augmented/TS_Baidu_440_medium_dark.png
TS_Baidu_463.png,augment_medium,medium_dark,True,137.86126967285588,data/processed/lowlight_augmented/TS_Baidu_463_medium_dark.png
TS_Baidu_480.png,no_augment,,,,
TS_Baidu_486.png,augment_medium,medium_dark,True,138.3153580050639,data/processed/lowlight_augmented/TS_Baidu_486_medium_dark.png
TS_Baidu_504.png,augment_medium,medium_dark,True,147.38906084656085,data/processed/lowlight_augmented/TS_Baidu_504_medium_dark.png
TS_Baidu_506.png,augment_medium,medium_dark,True,135.66266836299366,data/processed/lowlight_augmented/TS_Baidu_506_medium_dark.png
TS_Baidu_514.png,no_augment,,,,
TS_Baidu_550.png,augment_medium,medium_dark,False,,
TS_Baidu_625.png,augment_medium,medium_dark,True,142.61233424159855,data/processed/lowlight_augmented/TS_Baidu_625_medium_dark.png
TS_Baidu_669.png,augment_medium,medium_dark,True,140.0371177423086,data/processed/lowlight_augmented/TS_Baidu_669_medium_dark.png
TS_Baidu_816.png,no_augment,,,,
TS_Baidu_848.png,no_augment,,,,
TS_Baidu_906.png,no_augment,,,,
TS_Bing_022.png,augment_medium,medium_dark,True,139.48760583389068,data/processed/lowlight_augmented/TS_Bing_022_medium_dark.png
TS_Bing_262.png,no_augment,,,,
TS_Bing_300.png,no_augment,,,,
TS_Bing_304.png,no_augment,,,,
TS_Bing_318.png,no_augment,,,,
TS_Bing_355.png,augment_medium,medium_dark,False,,
TS_Bing_541.png,no_augment,,,,
TS_Bing_57.png,no_augment,,,,
TS_Bing_62.png,no_augment,,,,
TS_Bing_622.png,no_augment,,,,
TS_Bing_632.png,augment_medium,medium_dark,True,139.10487332339792,data/processed/lowlight_augmented/TS_Bing_632_medium_dark.png
TS_Bing_643.png,no_augment,,,,
TS_Bing_686.png,no_augment,,,,
TS_Bing_697.png,no_augment,,,,
TS_Bing_702.png,no_augment,,,,
TS_Google_013.png,augment_medium,medium_dark,True,137.88669037530266,data/processed/lowlight_augmented/TS_Google_013_medium_dark.png
TS_Google_039.png,augment_medium,medium_dark,True,140.5535477453581,data/processed/lowlight_augmented/TS_Google_039_medium_dark.png
TS_Google_153.png,augment_medium,medium_dark,True,138.24729783377276,data/processed/lowlight_augmented/TS_Google_153_medium_dark.png
TS_Google_191.png,no_augment,,,,
TS_Google_198.png,no_augment,,,,
TS_Google_400.png,augment_medium,medium_dark,True,139.89687849829056,data/processed/lowlight_augmented/TS_Google_400_medium_dark.png
TS_Google_409.png,augment_medium,medium_dark,True,145.47760850694445,data/processed/lowlight_augmented/TS_Google_409_medium_dark.png
TS_Google_429.png,no_augment,,,,
TS_Google_463.png,augment_medium,medium_dark,True,139.55897950623202,data/processed/lowlight_augmented/TS_Google_463_medium_dark.png
TS_Google_519.png,no_augment,,,,
TS_Google_527.png,no_augment,,,,
TS_Google_529.png,no_augment,,,,
TS_Google_549.png,no_augment,,,,
TS_Google_579.png,no_augment,,,,
TS_Google_623.png,no_augment,,,,
WST_Bing_521.png,no_augment,,,,
WST_Google_074.png,no_augment,,,,
WST_Google_167.png,no_augment,,,,
WST_Google_197.png,no_augment,,,,
WST_Google_203.png,augment_medium,medium_dark,True,135.1457367044464,data/processed/lowlight_augmented/WST_Google_203_medium_dark.png
WST_Google_276.png,no_augment,,,,
WST_Google_354.png,augment_medium,medium_dark,False,,
WST_Google_405.png,no_augment,,,,
WST_Google_452.png,augment_medium,medium_dark,True,145.23041798384264,data/processed/lowlight_augmented/WST_Google_452_medium_dark.png
WST_Google_455.png,no_augment,,,,
WST_Google_504.png,augment_medium,medium_dark,True,156.38156696428572,data/processed/lowlight_augmented/WST_Google_504_medium_dark.png
WST_Google_54.png,no_augment,,,,
WST_Google_547.png,augment_medium,medium_dark,True,155.591262585034,data/processed/lowlight_augmented/WST_Google_547_medium_dark.png
WST_Google_599.png,augment_medium,medium_dark,True,136.19247685185186,data/processed/lowlight_augmented/WST_Google_599_medium_dark.png
WST_Google_710.png,no_augment,,,,
WST_Google_741.png,augment_medium,medium_dark,True,135.7302491283036,data/processed/lowlight_augmented/WST_Google_741_medium_dark.png
WST_Google_759.png,no_augment,,,,
WST_Google_836.png,augment_medium,medium_dark,True,149.3268753200205,data/processed/lowlight_augmented/WST_Google_836_medium_dark.png
XA_Baidu_014.png,no_augment,,,,
XA_Baidu_021.png,no_augment,,,,
XA_Baidu_034.png,no_augment,,,,
XA_Baidu_037.png,no_augment,,,,
XA_Baidu_038.png,augment_medium,medium_dark,True,143.04505992399882,data/processed/lowlight_augmented/XA_Baidu_038_medium_dark.png
XA_Baidu_043.png,no_augment,,,,
XA_Baidu_05.png,augment_medium,medium_dark,True,151.97775648584906,data/processed/lowlight_augmented/XA_Baidu_05_medium_dark.png
XA_Baidu_069.png,augment_medium,medium_dark,True,139.61380579107342,data/processed/lowlight_augmented/XA_Baidu_069_medium_dark.png
XA_Baidu_127.png,no_augment,,,,
XA_Baidu_152.png,no_augment,,,,
XA_Baidu_180.png,no_augment,,,,
XA_Baidu_208.png,no_augment,,,,
XA_Baidu_209.png,augment_medium,medium_dark,True,143.04649066666667,data/processed/lowlight_augmented/XA_Baidu_209_medium_dark.png
XA_Baidu_251.png,augment_medium,medium_dark,False,,
XA_Baidu_270.png,no_augment,,,,
XA_Baidu_342.png,no_augment,,,,
XA_Baidu_359.png,no_augment,,,,
XA_Bing_070.png,no_augment,,,,
XA_Bing_087.png,no_augment,,,,
XA_Bing_090.png,no_augment,,,,
XA_Bing_104.png,no_augment,,,,
XA_Bing_120.png,no_augment,,,,
XA_Bing_170.png,no_augment,,,,
XA_Bing_178.png,no_augment,,,,
XA_Bing_194.png,no_augment,,,,
XA_Bing_204.png,no_augment,,,,
XA_Bing_257.png,augment_medium,medium_dark,False,,
XA_Bing_260.png,no_augment,,,,
XA_Bing_264.png,no_augment,,,,
XA_Bing_282.png,no_augment,,,,
XA_Bing_288.png,augment_medium,medium_dark,True,138.08986936617563,data/processed/lowlight_augmented/XA_Bing_288_medium_dark.png
XA_Bing_298.png,no_augment,,,,
XA_Bing_304.png,no_augment,,,,
XA_Bing_321.png,no_augment,,,,
XA_Bing_387.png,no_augment,,,,
XA_Bing_394.png,no_augment,,,,
XA_Bing_471.png,no_augment,,,,
XA_Bing_733.png,no_augment,,,,
XA_Bing_734.png,no_augment,,,,
XA_Bing_767.png,no_augment,,,,
XA_Bing_800.png,no_augment,,,,
XA_Google_033.png,augment_medium,medium_dark,True,136.11276250117714,data/processed/lowlight_augmented/XA_Google_033_medium_dark.png
XA_Google_040.png,no_augment,,,,
XA_Google_082.png,no_augment,,,,
XA_Google_121.png,no_augment,,,,
XA_Google_125.png,no_augment,,,,
XA_Google_147.png,augment_medium,medium_dark,True,142.04414142657802,data/processed/lowlight_augmented/XA_Google_147_medium_dark.png
XA_Google_163.png,no_augment,,,,
XA_Google_173.png,no_augment,,,,
XA_Google_378.png,no_augment,,,,
XA_Google_381.png,no_augment,,,,
XA_Google_391.png,no_augment,,,,
XA_Google_431.png,no_augment,,,,
XA_Google_475.png,no_augment,,,,
XA_Google_481.png,augment_medium,medium_dark,True,142.25136563876652,data/processed/lowlight_augmented/XA_Google_481_medium_dark.png
XA_Google_586.png,no_augment,,,,
XA_Google_619.png,no_augment,,,,
XA_Google_625.png,no_augment,,,,
XG_Baidu_017.png,no_augment,,,,
XG_Baidu_018.png,augment_medium,medium_dark,False,,
XG_Baidu_050.png,no_augment,,,,
XG_Baidu_053.png,no_augment,,,,
XG_Baidu_1116.png,augment_medium,medium_dark,True,142.34420126279974,data/processed/lowlight_augmented/XG_Baidu_1116_medium_dark.png
XG_Baidu_1228.png,augment_medium,medium_dark,True,136.6393418560606,data/processed/lowlight_augmented/XG_Baidu_1228_medium_dark.png
XG_Baidu_175.png,no_augment,,,,
XG_Baidu_248.png,augment_medium,medium_dark,True,135.6499342577098,data/processed/lowlight_augmented/XG_Baidu_248_medium_dark.png
XG_Baidu_328.png,no_augment,,,,
XG_Baidu_409.png,augment_medium,medium_dark,True,138.49166276154068,data/processed/lowlight_augmented/XG_Baidu_409_medium_dark.png
XG_Baidu_511.png,augment_medium,medium_dark,False,,
XG_Baidu_548.png,augment_medium,medium_dark,True,136.5260540004954,data/processed/lowlight_augmented/XG_Baidu_548_medium_dark.png
XG_Baidu_575.png,augment_medium,medium_dark,True,144.27643181639138,data/processed/lowlight_augmented/XG_Baidu_575_medium_dark.png
XG_Baidu_627.png,augment_medium,medium_dark,True,136.1952741990651,data/processed/lowlight_augmented/XG_Baidu_627_medium_dark.png
XG_Baidu_634.png,augment_medium,medium_dark,True,150.27222960572115,data/processed/lowlight_augmented/XG_Baidu_634_medium_dark.png
XG_Baidu_829.png,augment_medium,medium_dark,True,139.8941483803553,data/processed/lowlight_augmented/XG_Baidu_829_medium_dark.png
XG_Baidu_981.png,no_augment,,,,
XG_Bing_106.png,no_augment,,,,
XG_Bing_135.png,augment_medium,medium_dark,True,150.53646511796208,data/processed/lowlight_augmented/XG_Bing_135_medium_dark.png
XG_Bing_140.png,no_augment,,,,
XG_Bing_176.png,augment_medium,medium_dark,True,143.8485236916549,data/processed/lowlight_augmented/XG_Bing_176_medium_dark.png
XG_Bing_198.png,no_augment,,,,
XG_Bing_346.png,augment_medium,medium_dark,True,142.82734370734372,data/processed/lowlight_augmented/XG_Bing_346_medium_dark.png
XG_Bing_412.png,no_augment,,,,
XG_Bing_419.png,no_augment,,,,
XG_Bing_497.png,no_augment,,,,
XG_Bing_529.png,no_augment,,,,
XG_Bing_582.png,augment_medium,medium_dark,True,147.24800170068028,data/processed/lowlight_augmented/XG_Bing_582_medium_dark.png
XG_Bing_679.png,augment_medium,medium_dark,False,,
XG_Google_308.png,augment_medium,medium_dark,True,146.09832962138086,data/processed/lowlight_augmented/XG_Google_308_medium_dark.png
XG_Google_528.png,no_augment,,,,
XG_Google_591.png,augment_medium,medium_dark,True,148.52744672087584,data/processed/lowlight_augmented/XG_Google_591_medium_dark.png
XG_Google_633.png,no_augment,,,,
XG_Google_646.png,no_augment,,,,
XG_Google_648.png,augment_medium,medium_dark,True,145.75171615948025,data/processed/lowlight_augmented/XG_Google_648_medium_dark.png
XG_Google_687.png,augment_medium,medium_dark,True,145.57232222222223,data/processed/lowlight_augmented/XG_Google_687_medium_dark.png
XG_Google_688.png,augment_medium,medium_dark,True,136.98681666666667,data/processed/lowlight_augmented/XG_Google_688_medium_dark.png
XR_Baidu_001.png,no_augment,,,,
XR_Baidu_002.png,augment_medium,medium_dark,True,148.2949356223176,data/processed/lowlight_augmented/XR_Baidu_002_medium_dark.png
XR_Baidu_006.png,no_augment,,,,
XR_Baidu_007.png,no_augment,,,,
XR_Baidu_012.png,no_augment,,,,
XR_Baidu_014.png,no_augment,,,,
XR_Baidu_015.png,no_augment,,,,
XR_Baidu_016.png,no_augment,,,,
XR_Baidu_017.png,no_augment,,,,
XR_Baidu_019.png,no_augment,,,,
XR_Baidu_020.png,augment_medium,medium_dark,True,141.5928201865988,data/processed/lowlight_augmented/XR_Baidu_020_medium_dark.png
XR_Baidu_023.png,augment_medium,medium_dark,True,152.27014207650274,data/processed/lowlight_augmented/XR_Baidu_023_medium_dark.png
XR_Baidu_024.png,augment_medium,medium_dark,True,141.45911198600174,data/processed/lowlight_augmented/XR_Baidu_024_medium_dark.png
XR_Baidu_027.png,no_augment,,,,
XR_Baidu_030.png,no_augment,,,,
XR_Baidu_037.png,no_augment,,,,
XR_Baidu_040.png,no_augment,,,,
XR_Baidu_043.png,no_augment,,,,
XR_Baidu_047.png,no_augment,,,,
XR_Baidu_057.png,augment_medium,medium_dark,True,155.25235057532495,data/processed/lowlight_augmented/XR_Baidu_057_medium_dark.png
XR_Baidu_058.png,augment_medium,medium_dark,True,136.89602040816325,data/processed/lowlight_augmented/XR_Baidu_058_medium_dark.png
XR_Baidu_061.png,no_augment,,,,
XR_Baidu_062.png,augment_medium,medium_dark,False,,
XR_Baidu_067.png,no_augment,,,,
XR_Baidu_068.png,no_augment,,,,
XR_Baidu_069.png,no_augment,,,,
XR_Baidu_071.png,augment_medium,medium_dark,True,139.18998208955225,data/processed/lowlight_augmented/XR_Baidu_071_medium_dark.png
XR_Baidu_073.png,augment_medium,medium_dark,True,134.9446740469843,data/processed/lowlight_augmented/XR_Baidu_073_medium_dark.png
XR_Baidu_081.png,no_augment,,,,
XR_Baidu_086.png,augment_medium,medium_dark,True,157.29461445783133,data/processed/lowlight_augmented/XR_Baidu_086_medium_dark.png
XR_Baidu_096.png,no_augment,,,,
XR_Baidu_103.png,no_augment,,,,
XR_Baidu_104.png,augment_medium,medium_dark,True,147.42342649647887,data/processed/lowlight_augmented/XR_Baidu_104_medium_dark.png
XR_Baidu_109.png,no_augment,,,,
XR_Baidu_113.png,augment_medium,medium_dark,True,148.12049588477367,data/processed/lowlight_augmented/XR_Baidu_113_medium_dark.png
XR_Baidu_120.png,no_augment,,,,
XR_Baidu_122.png,no_augment,,,,
XR_Baidu_127.png,no_augment,,,,
XR_Baidu_131.png,no_augment,,,,
XR_Baidu_132.png,no_augment,,,,
XR_Baidu_134.png,no_augment,,,,
XR_Baidu_157.png,no_augment,,,,
XR_Baidu_164.png,no_augment,,,,
XR_Baidu_182.png,no_augment,,,,
XR_Baidu_189.png,augment_medium,medium_dark,True,145.9973628194239,data/processed/lowlight_augmented/XR_Baidu_189_medium_dark.png
XR_Baidu_193.png,augment_medium,medium_dark,False,,
XR_Baidu_219.png,no_augment,,,,
XR_Baidu_221.png,augment_medium,medium_dark,True,138.26807757071563,data/processed/lowlight_augmented/XR_Baidu_221_medium_dark.png
XR_Baidu_229.png,no_augment,,,,
XR_Baidu_236.png,augment_medium,medium_dark,True,150.15732441471573,data/processed/lowlight_augmented/XR_Baidu_236_medium_dark.png
XR_Baidu_238.png,no_augment,,,,
XR_Baidu_245.png,no_augment,,,,
XR_Baidu_247.png,no_augment,,,,
XR_Baidu_255.png,no_augment,,,,
XR_Baidu_262.png,no_augment,,,,
XR_Baidu_263.png,no_augment,,,,
XR_Baidu_264.png,no_augment,,,,
XR_Baidu_269.png,augment_medium,medium_dark,True,139.09082414417193,data/processed/lowlight_augmented/XR_Baidu_269_medium_dark.png
XR_Baidu_270.png,augment_medium,medium_dark,True,146.93747338087772,data/processed/lowlight_augmented/XR_Baidu_270_medium_dark.png
XR_Baidu_272.png,no_augment,,,,
XR_Baidu_276.png,augment_medium,medium_dark,False,,
XR_Baidu_278.png,no_augment,,,,
XR_Baidu_279.png,augment_medium,medium_dark,False,,
XR_Baidu_294.png,no_augment,,,,
XR_Baidu_295.png,no_augment,,,,
XR_Baidu_299.png,no_augment,,,,
XR_Baidu_301.png,augment_medium,medium_dark,True,143.7737882938979,data/processed/lowlight_augmented/XR_Baidu_301_medium_dark.png
XR_Baidu_315.png,augment_medium,medium_dark,True,144.12525627430188,data/processed/lowlight_augmented/XR_Baidu_315_medium_dark.png
XR_Baidu_358.png,no_augment,,,,
XR_Baidu_365.png,augment_medium,medium_dark,True,136.54145200154426,data/processed/lowlight_augmented/XR_Baidu_365_medium_dark.png
XR_Baidu_375.png,augment_medium,medium_dark,True,136.41363881401617,data/processed/lowlight_augmented/XR_Baidu_375_medium_dark.png
XR_Baidu_377.png,no_augment,,,,
XR_Baidu_378.png,no_augment,,,,
XR_Baidu_380.png,no_augment,,,,
XR_Baidu_395.png,no_augment,,,,
XR_Baidu_398.png,augment_medium,medium_dark,True,151.66236849204208,data/processed/lowlight_augmented/XR_Baidu_398_medium_dark.png
XR_Baidu_402.png,augment_medium,medium_dark,True,141.71693246289973,data/processed/lowlight_augmented/XR_Baidu_402_medium_dark.png
XR_Baidu_404.png,no_augment,,,,
XR_Baidu_406.png,no_augment,,,,
XR_Baidu_415.png,augment_medium,medium_dark,False,,
XR_Baidu_431.png,no_augment,,,,
XR_Baidu_45.png,no_augment,,,,
XR_Baidu_460.png,augment_medium,medium_dark,True,153.151207985726,data/processed/lowlight_augmented/XR_Baidu_460_medium_dark.png
XR_Baidu_462.png,augment_medium,medium_dark,True,151.87850755473326,data/processed/lowlight_augmented/XR_Baidu_462_medium_dark.png
XR_Baidu_466.png,no_augment,,,,
XR_Baidu_471.png,augment_medium,medium_dark,True,146.60650614250613,data/processed/lowlight_augmented/XR_Baidu_471_medium_dark.png
XR_Baidu_479.png,augment_medium,medium_dark,True,148.25725960874115,data/processed/lowlight_augmented/XR_Baidu_479_medium_dark.png
XR_Baidu_482.png,augment_medium,medium_dark,True,143.86114545454546,data/processed/lowlight_augmented/XR_Baidu_482_medium_dark.png
XR_Baidu_499.png,no_augment,,,,
XR_Bing_010.png,augment_medium,medium_dark,True,142.448416,data/processed/lowlight_augmented/XR_Bing_010_medium_dark.png
XR_Bing_024.png,no_augment,,,,
XR_Bing_025.png,no_augment,,,,
XR_Bing_033.png,augment_medium,medium_dark,True,155.94525714285714,data/processed/lowlight_augmented/XR_Bing_033_medium_dark.png
XR_Bing_058.png,augment_medium,medium_dark,True,154.8337634989201,data/processed/lowlight_augmented/XR_Bing_058_medium_dark.png
XR_Bing_126.png,no_augment,,,,
XR_Bing_138.png,no_augment,,,,
XR_Bing_146.png,no_augment,,,,
XR_Bing_164.png,no_augment,,,,
XR_Bing_174.png,no_augment,,,,
XR_Bing_182.png,no_augment,,,,
XR_Bing_198.png,no_augment,,,,
XR_Bing_211.png,no_augment,,,,
XR_Bing_216.png,no_augment,,,,
XR_Bing_221.png,no_augment,,,,
XR_Bing_228.png,no_augment,,,,
XR_Bing_240.png,no_augment,,,,
XR_Bing_254.png,augment_medium,medium_dark,True,142.72385487528345,data/processed/lowlight_augmented/XR_Bing_254_medium_dark.png
XR_Bing_257.png,no_augment,,,,
XR_Bing_261.png,augment_medium,medium_dark,False,,
XR_Bing_264.png,augment_medium,medium_dark,True,140.0826594332995,data/processed/lowlight_augmented/XR_Bing_264_medium_dark.png
XR_Bing_289.png,no_augment,,,,
XR_Bing_346.png,no_augment,,,,
XR_Bing_347.png,augment_medium,medium_dark,True,139.5752837837838,data/processed/lowlight_augmented/XR_Bing_347_medium_dark.png
XR_Bing_348.png,augment_medium,medium_dark,True,139.83465461001694,data/processed/lowlight_augmented/XR_Bing_348_medium_dark.png
XR_Bing_362.png,augment_medium,medium_dark,True,138.75917807540603,data/processed/lowlight_augmented/XR_Bing_362_medium_dark.png
XR_Bing_381.png,augment_medium,medium_dark,True,140.28180555555556,data/processed/lowlight_augmented/XR_Bing_381_medium_dark.png
XR_Bing_385.png,no_augment,,,,
XR_Bing_40.png,no_augment,,,,
XR_Bing_444.png,no_augment,,,,
XR_Bing_45.png,no_augment,,,,
XR_Bing_463.png,no_augment,,,,
XR_Bing_475.png,no_augment,,,,
XR_Bing_495.png,no_augment,,,,
XR_Bing_497.png,no_augment,,,,
XR_Bing_499.png,no_augment,,,,
XR_Bing_500.png,no_augment,,,,
XR_Bing_590.png,no_augment,,,,
XR_Bing_593.png,augment_medium,medium_dark,True,151.8246068249258,data/processed/lowlight_augmented/XR_Bing_593_medium_dark.png
XR_Bing_604.png,no_augment,,,,
XR_Bing_632.png,no_augment,,,,
XR_Bing_637.png,no_augment,,,,
XR_Bing_638.png,no_augment,,,,
XR_Bing_640.png,augment_medium,medium_dark,False,,
XR_Bing_682.png,augment_medium,medium_dark,True,142.05503648627666,data/processed/lowlight_augmented/XR_Bing_682_medium_dark.png
XR_Bing_698.png,augment_medium,medium_dark,True,150.4977142857143,data/processed/lowlight_augmented/XR_Bing_698_medium_dark.png
XR_Bing_731.png,no_augment,,,,
XR_Bing_740.png,augment_medium,medium_dark,False,,
XR_Bing_756.png,no_augment,,,,
XR_Bing_760.png,augment_medium,medium_dark,True,134.82593172137155,data/processed/lowlight_augmented/XR_Bing_760_medium_dark.png
XR_Bing_768.png,no_augment,,,,
XR_Bing_774.png,no_augment,,,,
XR_Bing_775.png,no_augment,,,,
XR_Bing_790.png,augment_medium,medium_dark,True,140.35118258178602,data/processed/lowlight_augmented/XR_Bing_790_medium_dark.png
XR_Bing_802.png,no_augment,,,,
XR_Bing_804.png,augment_medium,medium_dark,True,146.3729663085635,data/processed/lowlight_augmented/XR_Bing_804_medium_dark.png
XR_Bing_818.png,augment_medium,medium_dark,True,137.21238109694394,data/processed/lowlight_augmented/XR_Bing_818_medium_dark.png
XR_Bing_820.png,augment_medium,medium_dark,True,149.71266233766235,data/processed/lowlight_augmented/XR_Bing_820_medium_dark.png
XR_Google_000.png,no_augment,,,,
XR_Google_022.png,augment_medium,medium_dark,False,,
XR_Google_064.png,no_augment,,,,
XR_Google_067.png,augment_medium,medium_dark,True,136.68701866666666,data/processed/lowlight_augmented/XR_Google_067_medium_dark.png
XR_Google_088.png,no_augment,,,,
XR_Google_095.png,no_augment,,,,
XR_Google_102.png,no_augment,,,,
XR_Google_105.png,no_augment,,,,
XR_Google_110.png,no_augment,,,,
XR_Google_124.png,no_augment,,,,
XR_Google_127.png,no_augment,,,,
XR_Google_137.png,augment_medium,medium_dark,False,,
XR_Google_142.png,no_augment,,,,
XR_Google_143.png,no_augment,,,,
XR_Google_146.png,no_augment,,,,
XR_Google_180.png,augment_medium,medium_dark,True,137.1223028406127,data/processed/lowlight_augmented/XR_Google_180_medium_dark.png
XR_Google_183.png,no_augment,,,,
XR_Google_187.png,augment_medium,medium_dark,True,142.68490495932414,data/processed/lowlight_augmented/XR_Google_187_medium_dark.png
XR_Google_228.png,no_augment,,,,
XR_Google_243.png,no_augment,,,,
XR_Google_252.png,no_augment,,,,
XR_Google_263.png,augment_medium,medium_dark,True,143.88818310301508,data/processed/lowlight_augmented/XR_Google_263_medium_dark.png
XR_Google_275.png,no_augment,,,,
XR_Google_276.png,no_augment,,,,
XR_Google_284.png,no_augment,,,,
XR_Google_293.png,no_augment,,,,
XR_Google_311.png,augment_medium,medium_dark,True,135.052943184205,data/processed/lowlight_augmented/XR_Google_311_medium_dark.png
XR_Google_313.png,no_augment,,,,
XR_Google_331.png,no_augment,,,,
XR_Google_338.png,no_augment,,,,
XR_Google_34.png,augment_medium,medium_dark,False,,
XR_Google_341.png,no_augment,,,,
XR_Google_355.png,augment_medium,medium_dark,True,153.92591635338346,data/processed/lowlight_augmented/XR_Google_355_medium_dark.png
XR_Google_371.png,no_augment,,,,
XR_Google_377.png,no_augment,,,,
XR_Google_403.png,no_augment,,,,
XR_Google_404.png,no_augment,,,,
XR_Google_411.png,no_augment,,,,
XR_Google_416.png,no_augment,,,,
XR_Google_427.png,no_augment,,,,
XR_Google_436.png,augment_medium,medium_dark,True,140.8267261904762,data/processed/lowlight_augmented/XR_Google_436_medium_dark.png
XR_Google_494.png,augment_medium,medium_dark,True,140.86738736749118,data/processed/lowlight_augmented/XR_Google_494_medium_dark.png
XR_Google_502.png,no_augment,,,,
XR_Google_504.png,augment_medium,medium_dark,True,142.1279309035687,data/processed/lowlight_augmented/XR_Google_504_medium_dark.png
XR_Google_515.png,no_augment,,,,
XR_Google_529.png,no_augment,,,,
XR_Google_537.png,no_augment,,,,
XR_Google_538.png,augment_medium,medium_dark,False,,
XR_Google_573.png,no_augment,,,,
XR_Google_581.png,no_augment,,,,
XR_Google_583.png,no_augment,,,,
XR_Google_626.png,augment_medium,medium_dark,False,,
XR_Google_633.png,no_augment,,,,
XR_Google_638.png,no_augment,,,,
XR_Google_659.png,no_augment,,,,
XR_Google_689.png,no_augment,,,,
XR_Google_691.png,no_augment,,,,
XR_Google_721.png,augment_medium,medium_dark,True,146.5821784007814,data/processed/lowlight_augmented/XR_Google_721_medium_dark.png
XYT_Baidu_073.png,augment_medium,medium_dark,True,152.59573209240486,data/processed/lowlight_augmented/XYT_Baidu_073_medium_dark.png
XYT_Baidu_074.png,augment_medium,medium_dark,True,145.62090258668135,data/processed/lowlight_augmented/XYT_Baidu_074_medium_dark.png
XYT_Baidu_104.png,augment_medium,medium_dark,True,136.3179656715421,data/processed/lowlight_augmented/XYT_Baidu_104_medium_dark.png
XYT_Baidu_309.png,no_augment,,,,
XYT_Google_569.png,no_augment,,,,
XYT_Google_617.png,augment_medium,medium_dark,True,135.7104802431611,data/processed/lowlight_augmented/XYT_Google_617_medium_dark.png
YC_Baidu_027.png,augment_medium,medium_dark,True,134.345,data/processed/lowlight_augmented/YC_Baidu_027_medium_dark.png
YC_Baidu_042.png,no_augment,,,,
YC_Baidu_052.png,augment_medium,medium_dark,True,137.22924812030075,data/processed/lowlight_augmented/YC_Baidu_052_medium_dark.png
YC_Baidu_084.png,no_augment,,,,
YC_Baidu_108.png,augment_medium,medium_dark,True,156.9361560150376,data/processed/lowlight_augmented/YC_Baidu_108_medium_dark.png
YC_Baidu_137.png,augment_medium,medium_dark,True,143.48265873015873,data/processed/lowlight_augmented/YC_Baidu_137_medium_dark.png
YC_Baidu_140.png,no_augment,,,,
YC_Baidu_201.png,no_augment,,,,
YC_Bing_000.png,no_augment,,,,
YC_Bing_237.png,no_augment,,,,
YC_Bing_246.png,augment_medium,medium_dark,False,,
YC_Bing_311.png,no_augment,,,,
YC_Bing_317.png,augment_medium,medium_dark,True,156.91465651135005,data/processed/lowlight_augmented/YC_Bing_317_medium_dark.png
YC_Bing_721.png,augment_medium,medium_dark,True,135.48898061116537,data/processed/lowlight_augmented/YC_Bing_721_medium_dark.png
YC_Bing_731.png,no_augment,,,,
YC_Google_062.png,no_augment,,,,
YC_Google_063.png,no_augment,,,,
YC_Google_594.png,no_augment,,,,
YC_Google_633.png,no_augment,,,,
YC_Google_758.png,no_augment,,,,
YD_Baidu_00.png,augment_medium,medium_dark,True,141.71940904772825,data/processed/lowlight_augmented/YD_Baidu_00_medium_dark.png
YD_Baidu_015.png,augment_medium,medium_dark,False,,
YD_Baidu_026.png,no_augment,,,,
YD_Baidu_029.png,augment_medium,medium_dark,False,,
YD_Baidu_030.png,no_augment,,,,
YD_Baidu_037.png,no_augment,,,,
YD_Baidu_039.png,augment_medium,medium_dark,False,,
YD_Baidu_040.png,no_augment,,,,
YD_Baidu_051.png,no_augment,,,,
YD_Baidu_053.png,augment_medium,medium_dark,True,143.7254942324756,data/processed/lowlight_augmented/YD_Baidu_053_medium_dark.png
YD_Baidu_055.png,augment_medium,medium_dark,True,142.196834690733,data/processed/lowlight_augmented/YD_Baidu_055_medium_dark.png
YD_Baidu_058.png,augment_medium,medium_dark,True,151.14088027993625,data/processed/lowlight_augmented/YD_Baidu_058_medium_dark.png
YD_Baidu_059.png,no_augment,,,,
YD_Baidu_068.png,no_augment,,,,
YD_Baidu_069.png,no_augment,,,,
YD_Baidu_070.png,no_augment,,,,
YD_Baidu_073.png,augment_medium,medium_dark,True,156.14282363977486,data/processed/lowlight_augmented/YD_Baidu_073_medium_dark.png
YD_Baidu_074.png,no_augment,,,,
YD_Baidu_082.png,augment_medium,medium_dark,True,142.597473234879,data/processed/lowlight_augmented/YD_Baidu_082_medium_dark.png
YD_Baidu_087.png,augment_medium,medium_dark,True,135.73059457267803,data/processed/lowlight_augmented/YD_Baidu_087_medium_dark.png
YD_Baidu_099.png,no_augment,,,,
YD_Baidu_171.png,no_augment,,,,
YD_Baidu_183.png,augment_medium,medium_dark,True,151.37647232909146,data/processed/lowlight_augmented/YD_Baidu_183_medium_dark.png
YD_Baidu_201.png,augment_medium,medium_dark,True,154.74571474561128,data/processed/lowlight_augmented/YD_Baidu_201_medium_dark.png
YD_Baidu_214.png,no_augment,,,,
YD_Baidu_300.png,augment_medium,medium_dark,True,139.89122314049587,data/processed/lowlight_augmented/YD_Baidu_300_medium_dark.png
YD_Bing_022.png,no_augment,,,,
YD_Bing_038.png,no_augment,,,,
YD_Bing_086.png,augment_medium,medium_dark,True,148.54627976190477,data/processed/lowlight_augmented/YD_Bing_086_medium_dark.png
YD_Bing_11.png,augment_medium,medium_dark,True,154.3231742399477,data/processed/lowlight_augmented/YD_Bing_11_medium_dark.png
YD_Bing_212.png,no_augment,,,,
YD_Bing_213.png,no_augment,,,,
YD_Bing_243.png,no_augment,,,,
YD_Bing_258.png,augment_medium,medium_dark,True,136.62389438943893,data/processed/lowlight_augmented/YD_Bing_258_medium_dark.png
YD_Bing_290.png,no_augment,,,,
YD_Bing_351.png,no_augment,,,,
YD_Bing_428.png,no_augment,,,,
YD_Bing_429.png,no_augment,,,,
YD_Bing_547.png,augment_medium,medium_dark,True,143.42262443438915,data/processed/lowlight_augmented/YD_Bing_547_medium_dark.png
YD_Bing_568.png,augment_medium,medium_dark,True,145.79088148148148,data/processed/lowlight_augmented/YD_Bing_568_medium_dark.png
YD_Bing_580.png,augment_medium,medium_dark,True,150.1459945737541,data/processed/lowlight_augmented/YD_Bing_580_medium_dark.png
YD_Bing_688.png,no_augment,,,,
YD_Bing_694.png,no_augment,,,,
YD_Google_015.png,no_augment,,,,
YD_Google_017.png,augment_medium,medium_dark,True,153.3044131736527,data/processed/lowlight_augmented/YD_Google_017_medium_dark.png
YD_Google_020.png,augment_medium,medium_dark,True,141.9326770096251,data/processed/lowlight_augmented/YD_Google_020_medium_dark.png
YD_Google_032.png,no_augment,,,,
YD_Google_056.png,no_augment,,,,
YD_Google_09.png,no_augment,,,,
YD_Google_108.png,augment_medium,medium_dark,True,141.75663699307617,data/processed/lowlight_augmented/YD_Google_108_medium_dark.png
YD_Google_133.png,augment_medium,medium_dark,True,148.1986798245614,data/processed/lowlight_augmented/YD_Google_133_medium_dark.png
YD_Google_136.png,no_augment,,,,
YD_Google_140.png,augment_medium,medium_dark,True,147.51598003038853,data/processed/lowlight_augmented/YD_Google_140_medium_dark.png
YD_Google_255.png,augment_medium,medium_dark,True,144.50608578267028,data/processed/lowlight_augmented/YD_Google_255_medium_dark.png
YD_Google_281.png,no_augment,,,,
YD_Google_297.png,no_augment,,,,
YD_Google_322.png,augment_medium,medium_dark,True,135.5123088998089,data/processed/lowlight_augmented/YD_Google_322_medium_dark.png
YD_Google_376.png,no_augment,,,,
YD_Google_447.png,no_augment,,,,
YSM_Bing_204.png,augment_medium,medium_dark,False,,
YSM_Bing_239.png,no_augment,,,,
YSM_Bing_478.png,augment_medium,medium_dark,True,146.62082082551595,data/processed/lowlight_augmented/YSM_Bing_478_medium_dark.png
YSM_Google_146.png,augment_medium,medium_dark,True,137.07917388318202,data/processed/lowlight_augmented/YSM_Google_146_medium_dark.png
YSM_Google_149.png,augment_medium,medium_dark,True,153.93322225135114,data/processed/lowlight_augmented/YSM_Google_149_medium_dark.png
YSM_Google_405.png,augment_medium,medium_dark,True,149.77555848756506,data/processed/lowlight_augmented/YSM_Google_405_medium_dark.png
YSM_Google_515.png,augment_medium,medium_dark,False,,
YSM_Google_54.png,augment_medium,medium_dark,True,148.2611945239814,data/processed/lowlight_augmented/YSM_Google_54_medium_dark.png
YSM_Google_543.png,no_augment,,,,
YSM_Google_553.png,augment_medium,medium_dark,True,140.17222029988466,data/processed/lowlight_augmented/YSM_Google_553_medium_dark.png
YSM_Google_602.png,augment_medium,medium_dark,False,,
YSM_Google_639.png,no_augment,,,,
YSM_Google_665.png,no_augment,,,,
YSM_Google_743.png,no_augment,,,,
YST_Bing_105.png,no_augment,,,,
YST_Bing_667.png,no_augment,,,,
YST_Bing_753.png,no_augment,,,,
YST_Bing_775.png,augment_medium,medium_dark,True,139.35209965132145,data/processed/lowlight_augmented/YST_Bing_775_medium_dark.png
YST_Google_245.png,augment_medium,medium_dark,True,144.18257849109654,data/processed/lowlight_augmented/YST_Google_245_medium_dark.png
YST_Google_810.png,no_augment,,,,
YST_Google_891.png,no_augment,,,,
YT_Baidu_062.png,no_augment,,,,
YT_Baidu_135.png,no_augment,,,,
YT_Bing_014.png,no_augment,,,,
YT_Bing_065.png,no_augment,,,,
YT_Bing_097.png,no_augment,,,,
YT_Bing_115.png,no_augment,,,,
YT_Bing_194.png,no_augment,,,,
YT_Bing_195.png,no_augment,,,,
YT_Bing_43.png,augment_medium,medium_dark,True,138.8687648456057,data/processed/lowlight_augmented/YT_Bing_43_medium_dark.png
YT_Bing_547.png,augment_medium,medium_dark,True,137.95787896782554,data/processed/lowlight_augmented/YT_Bing_547_medium_dark.png
YT_Bing_586.png,no_augment,,,,
YT_Bing_665.png,no_augment,,,,
YT_Bing_691.png,no_augment,,,,
YT_Bing_726.png,augment_medium,medium_dark,True,139.44982892351314,data/processed/lowlight_augmented/YT_Bing_726_medium_dark.png
YT_Bing_739.png,augment_medium,medium_dark,True,148.17851338588036,data/processed/lowlight_augmented/YT_Bing_739_medium_dark.png
YT_Google_043.png,augment_medium,medium_dark,True,143.93086198496658,data/processed/lowlight_augmented/YT_Google_043_medium_dark.png
YT_Google_057.png,no_augment,,,,
YT_Google_101.png,augment_medium,medium_dark,True,141.4404569892473,data/processed/lowlight_augmented/YT_Google_101_medium_dark.png
YT_Google_296.png,no_augment,,,,
YT_Google_298.png,no_augment,,,,
YT_Google_881.png,augment_medium,medium_dark,True,135.8106,data/processed/lowlight_augmented/YT_Google_881_medium_dark.png
YT_Google_917.png,no_augment,,,,
hv10_1.png,no_augment,,,,
hv10_122.png,no_augment,,,,
hv10_193.png,no_augment,,,,
hv10_34.png,no_augment,,,,
hv10_526.png,no_augment,,,,
hv10_718.png,no_augment,,,,
hv10_9.png,no_augment,,,,
hv11_1.png,no_augment,,,,
hv11_114.png,no_augment,,,,
hv11_193.png,no_augment,,,,
hv11_204.png,no_augment,,,,
hv11_206.png,no_augment,,,,
hv11_266.png,augment_medium,medium_dark,True,137.79084547546012,data/processed/lowlight_augmented/hv11_266_medium_dark.png
hv11_270.png,augment_medium,medium_dark,True,139.20043615797547,data/processed/lowlight_augmented/hv11_270_medium_dark.png
hv11_286.png,augment_medium,medium_dark,True,138.96170680428133,data/processed/lowlight_augmented/hv11_286_medium_dark.png
hv11_315.png,no_augment,,,,
hv11_354.png,no_augment,,,,
hv11_397.png,no_augment,,,,
hv11_406.png,no_augment,,,,
hv11_42.png,no_augment,,,,
hv11_435.png,no_augment,,,,
hv11_442.png,no_augment,,,,
hv11_475.png,no_augment,,,,
hv11_498.png,no_augment,,,,
hv11_528.png,no_augment,,,,
hv11_529.png,no_augment,,,,
hv11_542.png,no_augment,,,,
hv11_549.png,no_augment,,,,
hv11_558.png,no_augment,,,,
hv11_562.png,no_augment,,,,
hv11_643.png,no_augment,,,,
hv11_655.png,no_augment,,,,
hv11_674.png,no_augment,,,,
hv11_78.png,no_augment,,,,
hv11_86.png,no_augment,,,,
hv11_97.png,no_augment,,,,
hv12_1042.png,no_augment,,,,
hv12_1213.png,no_augment,,,,
hv12_1329.png,no_augment,,,,
hv12_1357.png,no_augment,,,,
hv12_1434.png,no_augment,,,,
hv12_1482.png,no_augment,,,,
hv12_171.png,no_augment,,,,
hv12_1774.png,no_augment,,,,
hv12_1848.png,no_augment,,,,
hv12_1862.png,no_augment,,,,
hv12_188.png,no_augment,,,,
hv12_1884.png,no_augment,,,,
hv12_189.png,no_augment,,,,
hv12_1897.png,no_augment,,,,
hv12_2022.png,no_augment,,,,
hv12_2043.png,no_augment,,,,
hv12_2077.png,no_augment,,,,
hv12_2152.png,no_augment,,,,
hv12_2202.png,no_augment,,,,
hv12_2247.png,no_augment,,,,
hv12_237.png,no_augment,,,,
hv12_267.png,no_augment,,,,
hv12_27.png,no_augment,,,,
hv12_286.png,no_augment,,,,
hv12_344.png,no_augment,,,,
hv12_382.png,no_augment,,,,
hv12_404.png,no_augment,,,,
hv12_426.png,no_augment,,,,
hv12_549.png,no_augment,,,,
hv12_678.png,no_augment,,,,
hv12_68.png,no_augment,,,,
hv12_693.png,no_augment,,,,
hv12_721.png,no_augment,,,,
hv12_759.png,no_augment,,,,
hv14_105.png,no_augment,,,,
hv14_129.png,no_augment,,,,
hv14_133.png,no_augment,,,,
hv14_136.png,no_augment,,,,
hv14_139.png,no_augment,,,,
hv14_140.png,no_augment,,,,
hv14_148.png,augment_medium,medium_dark,False,,
hv14_169.png,no_augment,,,,
hv14_170.png,no_augment,,,,
hv14_21.png,no_augment,,,,
hv14_22.png,augment_medium,medium_dark,False,,
hv14_30.png,no_augment,,,,
hv14_42.png,no_augment,,,,
hv14_43.png,no_augment,,,,
hv14_49.png,no_augment,,,,
hv14_55.png,no_augment,,,,
hv14_56.png,no_augment,,,,
hv14_64.png,no_augment,,,,
hv15_.png,no_augment,,,,
hv15_1.png,no_augment,,,,
hv15_11.png,augment_medium,medium_dark,True,141.9714449581916,data/processed/lowlight_augmented/hv15_11_medium_dark.png
hv15_111.png,no_augment,,,,
hv15_117.png,no_augment,,,,
hv15_15.png,no_augment,,,,
hv15_17.png,no_augment,,,,
hv15_2.png,no_augment,,,,
hv15_21.png,no_augment,,,,
hv15_23.png,no_augment,,,,
hv15_28.png,no_augment,,,,
hv15_29.png,no_augment,,,,
hv15_3.png,no_augment,,,,
hv15_41.png,no_augment,,,,
hv15_47.png,augment_medium,medium_dark,False,,
hv15_49.png,augment_medium,medium_dark,True,143.40081136621316,data/processed/lowlight_augmented/hv15_49_medium_dark.png
hv15_54.png,no_augment,,,,
hv15_6.png,no_augment,,,,
hv15_60.png,augment_medium,medium_dark,True,138.77095291241497,data/processed/lowlight_augmented/hv15_60_medium_dark.png
hv15_69.png,no_augment,,,,
hv15_73.png,no_augment,,,,
hv15_81.png,no_augment,,,,
hv15_86.png,no_augment,,,,
hv15_90.png,no_augment,,,,
hv16_108.png,augment_medium,medium_dark,False,,
hv16_117.png,augment_medium,medium_dark,True,143.2293438208617,data/processed/lowlight_augmented/hv16_117_medium_dark.png
hv16_127.png,augment_medium,medium_dark,False,,
hv16_241.png,no_augment,,,,
hv16_411.png,no_augment,,,,
hv16_416.png,no_augment,,,,
hv16_75.png,no_augment,,,,
hv17_1.png,no_augment,,,,
hv17_10.png,no_augment,,,,
hv17_11.png,no_augment,,,,
hv17_12.png,no_augment,,,,
hv17_22.png,no_augment,,,,
hv17_24.png,no_augment,,,,
hv17_29.png,no_augment,,,,
hv17_31.png,no_augment,,,,
hv17_32.png,no_augment,,,,
hv17_33.png,no_augment,,,,
hv17_38.png,no_augment,,,,
hv17_40.png,no_augment,,,,
hv17_42.png,no_augment,,,,
hv17_44.png,no_augment,,,,
hv17_48.png,no_augment,,,,
hv17_59.png,no_augment,,,,
hv17_6.png,no_augment,,,,
hv17_7.png,no_augment,,,,
hv17_70.png,no_augment,,,,
hv17_71.png,no_augment,,,,
hv17_72.png,no_augment,,,,
hv18_9.png,augment_medium,medium_dark,True,139.18582810728458,data/processed/lowlight_augmented/hv18_9_medium_dark.png
hv19_175.png,no_augment,,,,
hv19_225.png,no_augment,,,,
hv1_120.png,no_augment,,,,
hv1_158.png,no_augment,,,,
hv1_54.png,no_augment,,,,
hv1_61.png,no_augment,,,,
hv1_72.png,no_augment,,,,
hv1_78.png,no_augment,,,,
hv1_86.png,no_augment,,,,
hv1_9.png,no_augment,,,,
hv1_93.png,no_augment,,,,
hv20_231.png,no_augment,,,,
hv20_234.png,no_augment,,,,
hv20_369.png,no_augment,,,,
hv20_440.png,no_augment,,,,
hv20_572.png,no_augment,,,,
hv20_64.png,no_augment,,,,
hv21_171.png,no_augment,,,,
hv21_252.png,no_augment,,,,
hv21_258.png,no_augment,,,,
hv21_266.png,no_augment,,,,
hv21_292.png,no_augment,,,,
hv21_46.png,no_augment,,,,
hv21_87.png,no_augment,,,,
hv22_.png,no_augment,,,,
hv22_127.png,no_augment,,,,
hv22_28.png,no_augment,,,,
hv22_31.png,no_augment,,,,
hv22_43.png,no_augment,,,,
hv22_92.png,no_augment,,,,
hv23_160.png,no_augment,,,,
hv23_20.png,no_augment,,,,
hv23_222.png,no_augment,,,,
hv23_34.png,no_augment,,,,
hv23_36.png,no_augment,,,,
hv23_92.png,no_augment,,,,
hv24_.png,no_augment,,,,
hv24_116.png,no_augment,,,,
hv24_139.png,no_augment,,,,
hv24_21.png,no_augment,,,,
hv24_28.png,no_augment,,,,
hv24_4.png,no_augment,,,,
hv24_93.png,no_augment,,,,
hv25_108.png,augment_medium,medium_dark,True,140.39987244897958,data/processed/lowlight_augmented/hv25_108_medium_dark.png
hv25_116.png,augment_medium,medium_dark,False,,
hv25_117.png,augment_medium,medium_dark,False,,
hv25_12.png,augment_medium,medium_dark,True,134.9200104520975,data/processed/lowlight_augmented/hv25_12_medium_dark.png
hv25_121.png,augment_medium,medium_dark,False,,
hv25_156.png,augment_medium,medium_dark,True,135.06739167020976,data/processed/lowlight_augmented/hv25_156_medium_dark.png
hv25_162.png,no_augment,,,,
hv25_176.png,no_augment,,,,
hv25_4.png,augment_medium,medium_dark,False,,
hv25_6.png,augment_medium,medium_dark,False,,
hv26_133.png,no_augment,,,,
hv26_224.png,no_augment,,,,
hv26_291.png,no_augment,,,,
hv26_466.png,no_augment,,,,
hv27_237.png,no_augment,,,,
hv27_339.png,no_augment,,,,
hv27_386.png,no_augment,,,,
hv27_387.png,no_augment,,,,
hv27_75.png,no_augment,,,,
hv27_88.png,no_augment,,,,
hv28_.png,no_augment,,,,
hv28_133.png,no_augment,,,,
hv28_135.png,no_augment,,,,
hv28_157.png,augment_medium,medium_dark,False,,
hv28_195.png,no_augment,,,,
hv28_198.png,no_augment,,,,
hv28_294.png,no_augment,,,,
hv28_3.png,no_augment,,,,
hv28_96.png,no_augment,,,,
hv29_.png,no_augment,,,,
hv29_103.png,no_augment,,,,
hv29_115.png,no_augment,,,,
hv29_128.png,no_augment,,,,
hv29_142.png,no_augment,,,,
hv29_210.png,no_augment,,,,
hv29_219.png,no_augment,,,,
hv29_22.png,no_augment,,,,
hv29_243.png,no_augment,,,,
hv29_70.png,no_augment,,,,
hv29_82.png,no_augment,,,,
hv2_.png,no_augment,,,,
hv2_10.png,no_augment,,,,
hv2_16.png,no_augment,,,,
hv2_28.png,no_augment,,,,
hv2_45.png,augment_medium,medium_dark,True,138.72862583771393,data/processed/lowlight_augmented/hv2_45_medium_dark.png
hv2_49.png,augment_medium,medium_dark,True,136.72451841265516,data/processed/lowlight_augmented/hv2_49_medium_dark.png
hv2_56.png,augment_medium,medium_dark,True,137.48121414464404,data/processed/lowlight_augmented/hv2_56_medium_dark.png
hv30_110.png,no_augment,,,,
hv30_128.png,no_augment,,,,
hv30_138.png,no_augment,,,,
hv30_145.png,no_augment,,,,
hv30_148.png,no_augment,,,,
hv30_169.png,no_augment,,,,
hv30_42.png,no_augment,,,,
hv30_76.png,no_augment,,,,
hv32_108.png,no_augment,,,,
hv32_126.png,augment_medium,medium_dark,True,139.0887077487245,data/processed/lowlight_augmented/hv32_126_medium_dark.png
hv33_124.png,no_augment,,,,
hv33_183.png,no_augment,,,,
hv34_1033.png,no_augment,,,,
hv34_1270.png,no_augment,,,,
hv34_1778.png,no_augment,,,,
hv34_589.png,no_augment,,,,
hv35_121.png,no_augment,,,,
hv35_133.png,no_augment,,,,
hv35_157.png,no_augment,,,,
hv35_181.png,no_augment,,,,
hv35_24.png,no_augment,,,,
hv35_282.png,no_augment,,,,
hv35_290.png,no_augment,,,,
hv35_292.png,no_augment,,,,
hv35_327.png,no_augment,,,,
hv35_340.png,no_augment,,,,
hv35_345.png,no_augment,,,,
hv35_352.png,no_augment,,,,
hv35_38.png,no_augment,,,,
hv35_433.png,no_augment,,,,
hv35_436.png,no_augment,,,,
hv35_474.png,no_augment,,,,
hv35_496.png,no_augment,,,,
hv35_51.png,no_augment,,,,
hv35_519.png,no_augment,,,,
hv35_560.png,no_augment,,,,
hv35_60.png,no_augment,,,,
hv35_849.png,no_augment,,,,
hv36_216.png,augment_medium,medium_dark,True,148.53689457553855,data/processed/lowlight_augmented/hv36_216_medium_dark.png
hv36_219.png,augment_medium,medium_dark,True,149.55395452451813,data/processed/lowlight_augmented/hv36_219_medium_dark.png
hv36_304.png,augment_medium,medium_dark,True,146.90629871740362,data/processed/lowlight_augmented/hv36_304_medium_dark.png
hv36_306.png,augment_medium,medium_dark,True,147.85776511125283,data/processed/lowlight_augmented/hv36_306_medium_dark.png
hv36_379.png,augment_medium,medium_dark,True,137.92602040816325,data/processed/lowlight_augmented/hv36_379_medium_dark.png
hv36_510.png,augment_medium,medium_dark,True,151.53032436933105,data/processed/lowlight_augmented/hv36_510_medium_dark.png
hv36_601.png,no_augment,,,,
hv36_615.png,no_augment,,,,
hv36_630.png,no_augment,,,,
hv36_639.png,no_augment,,,,
hv36_652.png,no_augment,,,,
hv36_670.png,no_augment,,,,
hv36_675.png,no_augment,,,,
hv36_68.png,no_augment,,,,
hv36_87.png,augment_medium,medium_dark,True,144.0454577664399,data/processed/lowlight_augmented/hv36_87_medium_dark.png
hv36_92.png,no_augment,,,,
hv37_1022.png,augment_medium,medium_dark,True,140.31950905539773,data/processed/lowlight_augmented/hv37_1022_medium_dark.png
hv37_1076.png,augment_medium,medium_dark,True,136.28103249289774,data/processed/lowlight_augmented/hv37_1076_medium_dark.png
hv37_1088.png,augment_medium,medium_dark,True,136.90308061079546,data/processed/lowlight_augmented/hv37_1088_medium_dark.png
hv37_1095.png,augment_medium,medium_dark,True,135.58815696022728,data/processed/lowlight_augmented/hv37_1095_medium_dark.png
hv37_1107.png,augment_medium,medium_dark,False,,
hv37_1136.png,augment_medium,medium_dark,True,142.37765003551135,data/processed/lowlight_augmented/hv37_1136_medium_dark.png
hv37_115.png,augment_medium,medium_dark,False,,
hv37_1165.png,augment_medium,medium_dark,False,,
hv37_1200.png,augment_medium,medium_dark,True,136.38306995738637,data/processed/lowlight_augmented/hv37_1200_medium_dark.png
hv37_1222.png,augment_medium,medium_dark,True,140.01198952414774,data/processed/lowlight_augmented/hv37_1222_medium_dark.png
hv37_1246.png,augment_medium,medium_dark,True,140.42551935369318,data/processed/lowlight_augmented/hv37_1246_medium_dark.png
hv37_1260.png,no_augment,,,,
hv37_1275.png,no_augment,,,,
hv37_1294.png,no_augment,,,,
hv37_1300.png,augment_medium,medium_dark,True,140.47737038352273,data/processed/lowlight_augmented/hv37_1300_medium_dark.png
hv37_1317.png,augment_medium,medium_dark,False,,
hv37_1386.png,no_augment,,,,
hv37_1452.png,augment_medium,medium_dark,True,134.9276944247159,data/processed/lowlight_augmented/hv37_1452_medium_dark.png
hv37_1465.png,augment_medium,medium_dark,True,136.80558860085227,data/processed/lowlight_augmented/hv37_1465_medium_dark.png
hv37_1479.png,no_augment,,,,
hv37_1626.png,no_augment,,,,
hv37_1642.png,no_augment,,,,
hv37_1735.png,no_augment,,,,
hv37_1812.png,no_augment,,,,
hv37_1862.png,no_augment,,,,
hv37_1969.png,no_augment,,,,
hv37_2042.png,no_augment,,,,
hv37_2055.png,no_augment,,,,
hv37_2128.png,no_augment,,,,
hv37_2158.png,no_augment,,,,
hv37_26.png,no_augment,,,,
hv37_291.png,augment_medium,medium_dark,True,137.26596235795455,data/processed/lowlight_augmented/hv37_291_medium_dark.png
hv37_309.png,augment_medium,medium_dark,True,143.7520197088068,data/processed/lowlight_augmented/hv37_309_medium_dark.png
hv37_322.png,augment_medium,medium_dark,False,,
hv37_34.png,no_augment,,,,
hv37_358.png,augment_medium,medium_dark,True,138.17049449573864,data/processed/lowlight_augmented/hv37_358_medium_dark.png
hv37_38.png,no_augment,,,,
hv37_381.png,augment_medium,medium_dark,True,137.68573774857956,data/processed/lowlight_augmented/hv37_381_medium_dark.png
hv37_436.png,augment_medium,medium_dark,True,143.40040394176137,data/processed/lowlight_augmented/hv37_436_medium_dark.png
hv37_446.png,augment_medium,medium_dark,True,140.21229580965908,data/processed/lowlight_augmented/hv37_446_medium_dark.png
hv37_459.png,augment_medium,medium_dark,True,142.9935857599432,data/processed/lowlight_augmented/hv37_459_medium_dark.png
hv37_465.png,augment_medium,medium_dark,True,143.48258611505682,data/processed/lowlight_augmented/hv37_465_medium_dark.png
hv37_523.png,augment_medium,medium_dark,True,141.77138671875,data/processed/lowlight_augmented/hv37_523_medium_dark.png
hv37_56.png,no_augment,,,,
hv37_564.png,augment_medium,medium_dark,True,142.10361328125,data/processed/lowlight_augmented/hv37_564_medium_dark.png
hv37_571.png,augment_medium,medium_dark,True,143.4548828125,data/processed/lowlight_augmented/hv37_571_medium_dark.png
hv37_577.png,augment_medium,medium_dark,True,145.49261363636364,data/processed/lowlight_augmented/hv37_577_medium_dark.png
hv37_636.png,augment_medium,medium_dark,False,,
hv37_64.png,augment_medium,medium_dark,True,139.19547674005682,data/processed/lowlight_augmented/hv37_64_medium_dark.png
hv37_650.png,augment_medium,medium_dark,True,136.56470170454546,data/processed/lowlight_augmented/hv37_650_medium_dark.png
hv37_738.png,augment_medium,medium_dark,True,138.9229758522727,data/processed/lowlight_augmented/hv37_738_medium_dark.png
hv37_774.png,augment_medium,medium_dark,True,135.3431729403409,data/processed/lowlight_augmented/hv37_774_medium_dark.png
hv37_78.png,no_augment,,,,
hv37_781.png,augment_medium,medium_dark,True,138.89570756392047,data/processed/lowlight_augmented/hv37_781_medium_dark.png
hv37_840.png,augment_medium,medium_dark,True,136.76171431107954,data/processed/lowlight_augmented/hv37_840_medium_dark.png
hv37_870.png,augment_medium,medium_dark,False,,
hv37_888.png,no_augment,,,,
hv37_921.png,no_augment,,,,
hv38_127.png,no_augment,,,,
hv38_210.png,no_augment,,,,
hv38_72.png,no_augment,,,,
hv38_86.png,no_augment,,,,
hv38_87.png,no_augment,,,,
hv38_91.png,no_augment,,,,
hv39_.png,no_augment,,,,
hv39_10.png,no_augment,,,,
hv39_115.png,no_augment,,,,
hv39_156.png,no_augment,,,,
hv39_182.png,no_augment,,,,
hv39_21.png,no_augment,,,,
hv39_243.png,no_augment,,,,
hv39_253.png,no_augment,,,,
hv39_26.png,no_augment,,,,
hv39_264.png,no_augment,,,,
hv39_273.png,no_augment,,,,
hv39_28.png,no_augment,,,,
hv39_306.png,no_augment,,,,
hv39_312.png,no_augment,,,,
hv39_333.png,no_augment,,,,
hv39_351.png,no_augment,,,,
hv39_358.png,no_augment,,,,
hv39_368.png,no_augment,,,,
hv39_369.png,no_augment,,,,
hv39_384.png,no_augment,,,,
hv39_422.png,no_augment,,,,
hv39_426.png,no_augment,,,,
hv39_49.png,no_augment,,,,
hv39_529.png,no_augment,,,,
hv39_609.png,no_augment,,,,
hv39_614.png,no_augment,,,,
hv39_620.png,no_augment,,,,
hv39_656.png,no_augment,,,,
hv39_679.png,no_augment,,,,
hv39_684.png,no_augment,,,,
hv39_692.png,no_augment,,,,
hv39_759.png,no_augment,,,,
hv39_786.png,no_augment,,,,
hv39_834.png,no_augment,,,,
hv39_838.png,no_augment,,,,
hv39_907.png,no_augment,,,,
hv39_91.png,no_augment,,,,
hv39_931.png,no_augment,,,,
hv39_936.png,no_augment,,,,
hv3_106.png,augment_medium,medium_dark,True,144.69727088281869,data/processed/lowlight_augmented/hv3_106_medium_dark.png
hv3_117.png,no_augment,,,,
hv3_118.png,no_augment,,,,
hv3_14.png,no_augment,,,,
hv3_2.png,no_augment,,,,
hv3_33.png,no_augment,,,,
hv3_63.png,no_augment,,,,
hv3_7.png,no_augment,,,,
hv3_76.png,augment_medium,medium_dark,False,,
hv3_79.png,augment_medium,medium_dark,True,155.90388905267295,data/processed/lowlight_augmented/hv3_79_medium_dark.png
hv3_82.png,no_augment,,,,
hv3_91.png,no_augment,,,,
hv40_10.png,augment_medium,medium_dark,True,147.32620287698413,data/processed/lowlight_augmented/hv40_10_medium_dark.png
hv40_109.png,augment_medium,medium_dark,True,149.28115920847506,data/processed/lowlight_augmented/hv40_109_medium_dark.png
hv40_110.png,augment_medium,medium_dark,True,142.24530319940476,data/processed/lowlight_augmented/hv40_110_medium_dark.png
hv40_120.png,augment_medium,medium_dark,True,145.27024208120747,data/processed/lowlight_augmented/hv40_120_medium_dark.png
hv40_127.png,augment_medium,medium_dark,True,142.50141944798753,data/processed/lowlight_augmented/hv40_127_medium_dark.png
hv40_13.png,no_augment,,,,
hv40_150.png,augment_medium,medium_dark,True,142.12263277706916,data/processed/lowlight_augmented/hv40_150_medium_dark.png
hv40_155.png,augment_medium,medium_dark,True,142.32854131235828,data/processed/lowlight_augmented/hv40_155_medium_dark.png
hv40_160.png,augment_medium,medium_dark,True,144.49502639597506,data/processed/lowlight_augmented/hv40_160_medium_dark.png
hv40_165.png,augment_medium,medium_dark,True,146.13844157454648,data/processed/lowlight_augmented/hv40_165_medium_dark.png
hv40_172.png,augment_medium,medium_dark,True,140.1580857603458,data/processed/lowlight_augmented/hv40_172_medium_dark.png
hv40_176.png,augment_medium,medium_dark,True,156.6771874114229,data/processed/lowlight_augmented/hv40_176_medium_dark.png
hv40_188.png,augment_medium,medium_dark,True,155.7869920103458,data/processed/lowlight_augmented/hv40_188_medium_dark.png
hv40_193.png,augment_medium,medium_dark,True,149.13924098285148,data/processed/lowlight_augmented/hv40_193_medium_dark.png
hv40_217.png,augment_medium,medium_dark,True,141.04776077097506,data/processed/lowlight_augmented/hv40_217_medium_dark.png
hv40_225.png,augment_medium,medium_dark,True,140.5458386479592,data/processed/lowlight_augmented/hv40_225_medium_dark.png
hv40_243.png,augment_medium,medium_dark,True,137.96125194869614,data/processed/lowlight_augmented/hv40_243_medium_dark.png
hv40_255.png,augment_medium,medium_dark,True,138.67885487528343,data/processed/lowlight_augmented/hv40_255_medium_dark.png
hv40_266.png,augment_medium,medium_dark,True,154.7555958581349,data/processed/lowlight_augmented/hv40_266_medium_dark.png
hv40_275.png,augment_medium,medium_dark,True,155.84323625283446,data/processed/lowlight_augmented/hv40_275_medium_dark.png
hv40_277.png,augment_medium,medium_dark,True,156.7245207979025,data/processed/lowlight_augmented/hv40_277_medium_dark.png
hv40_28.png,augment_medium,medium_dark,True,149.7455534297052,data/processed/lowlight_augmented/hv40_28_medium_dark.png
hv40_290.png,no_augment,,,,
hv40_307.png,augment_medium,medium_dark,True,156.5850207270408,data/processed/lowlight_augmented/hv40_307_medium_dark.png
hv40_309.png,no_augment,,,,
hv40_311.png,no_augment,,,,
hv40_315.png,no_augment,,,,
hv40_337.png,no_augment,,,,
hv40_340.png,no_augment,,,,
hv40_342.png,no_augment,,,,
hv40_357.png,no_augment,,,,
hv40_37.png,augment_medium,medium_dark,True,139.46521134495464,data/processed/lowlight_augmented/hv40_37_medium_dark.png
hv40_39.png,augment_medium,medium_dark,True,134.46822960955217,data/processed/lowlight_augmented/hv40_39_medium_dark.png
hv40_404.png,augment_medium,medium_dark,True,149.40095973285148,data/processed/lowlight_augmented/hv40_404_medium_dark.png
hv40_405.png,augment_medium,medium_dark,True,143.41407800099208,data/processed/lowlight_augmented/hv40_405_medium_dark.png
hv40_411.png,augment_medium,medium_dark,True,150.9239919926304,data/processed/lowlight_augmented/hv40_411_medium_dark.png
hv40_412.png,augment_medium,medium_dark,True,157.0292791595805,data/processed/lowlight_augmented/hv40_412_medium_dark.png
hv40_42.png,augment_medium,medium_dark,False,,
hv40_423.png,augment_medium,medium_dark,True,154.74709245677437,data/processed/lowlight_augmented/hv40_423_medium_dark.png
hv40_49.png,augment_medium,medium_dark,True,135.36440175028343,data/processed/lowlight_augmented/hv40_49_medium_dark.png
hv40_5.png,no_augment,,,,
hv40_51.png,augment_medium,medium_dark,True,139.30673805980726,data/processed/lowlight_augmented/hv40_51_medium_dark.png
hv40_57.png,augment_medium,medium_dark,True,137.66673531391723,data/processed/lowlight_augmented/hv40_57_medium_dark.png
hv40_61.png,augment_medium,medium_dark,True,135.32696242559524,data/processed/lowlight_augmented/hv40_61_medium_dark.png
hv40_64.png,augment_medium,medium_dark,True,156.80565520479024,data/processed/lowlight_augmented/hv40_64_medium_dark.png
hv40_67.png,augment_medium,medium_dark,True,145.92103573200114,data/processed/lowlight_augmented/hv40_67_medium_dark.png
hv40_72.png,augment_medium,medium_dark,True,153.3782884247449,data/processed/lowlight_augmented/hv40_72_medium_dark.png
hv40_78.png,augment_medium,medium_dark,True,150.75201955782313,data/processed/lowlight_augmented/hv40_78_medium_dark.png
hv40_84.png,no_augment,,,,
hv40_87.png,no_augment,,,,
hv41_39.png,no_augment,,,,
hv41_46.png,no_augment,,,,
hv42_1005.png,no_augment,,,,
hv42_1012.png,no_augment,,,,
hv42_1021.png,no_augment,,,,
hv42_1024.png,no_augment,,,,
hv42_1028.png,no_augment,,,,
hv42_1048.png,no_augment,,,,
hv42_1054.png,no_augment,,,,
hv42_1071.png,no_augment,,,,
hv42_1077.png,no_augment,,,,
hv42_13.png,no_augment,,,,
hv42_175.png,no_augment,,,,
hv42_20.png,no_augment,,,,
hv42_236.png,no_augment,,,,
hv42_256.png,no_augment,,,,
hv42_261.png,no_augment,,,,
hv42_283.png,no_augment,,,,
hv42_297.png,no_augment,,,,
hv42_304.png,no_augment,,,,
hv42_326.png,no_augment,,,,
hv42_336.png,no_augment,,,,
hv42_350.png,no_augment,,,,
hv42_361.png,no_augment,,,,
hv42_37.png,no_augment,,,,
hv42_379.png,no_augment,,,,
hv42_394.png,no_augment,,,,
hv42_420.png,no_augment,,,,
hv42_433.png,no_augment,,,,
hv42_440.png,no_augment,,,,
hv42_450.png,no_augment,,,,
hv42_487.png,no_augment,,,,
hv42_496.png,no_augment,,,,
hv42_505.png,no_augment,,,,
hv42_525.png,no_augment,,,,
hv42_535.png,no_augment,,,,
hv42_543.png,no_augment,,,,
hv42_550.png,no_augment,,,,
hv42_555.png,no_augment,,,,
hv42_562.png,no_augment,,,,
hv42_570.png,no_augment,,,,
hv42_576.png,no_augment,,,,
hv42_582.png,no_augment,,,,
hv42_586.png,no_augment,,,,
hv42_594.png,no_augment,,,,
hv42_6.png,no_augment,,,,
hv42_60.png,no_augment,,,,
hv42_601.png,no_augment,,,,
hv42_620.png,no_augment,,,,
hv42_651.png,no_augment,,,,
hv42_658.png,no_augment,,,,
hv42_664.png,no_augment,,,,
hv42_675.png,no_augment,,,,
hv42_686.png,no_augment,,,,
hv42_716.png,no_augment,,,,
hv42_736.png,no_augment,,,,
hv42_752.png,no_augment,,,,
hv42_774.png,no_augment,,,,
hv42_796.png,no_augment,,,,
hv42_837.png,no_augment,,,,
hv42_846.png,no_augment,,,,
hv42_855.png,no_augment,,,,
hv42_861.png,no_augment,,,,
hv42_885.png,no_augment,,,,
hv42_895.png,no_augment,,,,
hv42_906.png,no_augment,,,,
hv42_916.png,no_augment,,,,
hv42_925.png,no_augment,,,,
hv42_933.png,no_augment,,,,
hv42_937.png,no_augment,,,,
hv42_943.png,no_augment,,,,
hv42_970.png,no_augment,,,,
hv42_976.png,no_augment,,,,
hv42_981.png,no_augment,,,,
hv42_986.png,no_augment,,,,
hv42_99.png,no_augment,,,,
hv42_999.png,no_augment,,,,
hv43_1038.png,no_augment,,,,
hv43_1095.png,no_augment,,,,
hv43_1212.png,augment_medium,medium_dark,False,,
hv43_1273.png,augment_medium,medium_dark,True,138.30761275864512,data/processed/lowlight_augmented/hv43_1273_medium_dark.png
hv43_1298.png,no_augment,,,,
hv43_1306.png,no_augment,,,,
hv43_1364.png,augment_medium,medium_dark,True,145.4863879145408,data/processed/lowlight_augmented/hv43_1364_medium_dark.png
hv43_324.png,no_augment,,,,
hv43_336.png,augment_medium,medium_dark,True,156.2124543827948,data/processed/lowlight_augmented/hv43_336_medium_dark.png
hv43_451.png,augment_medium,medium_dark,True,136.78648933531747,data/processed/lowlight_augmented/hv43_451_medium_dark.png
hv43_482.png,no_augment,,,,
hv43_644.png,no_augment,,,,
hv43_672.png,augment_medium,medium_dark,True,156.918909881661,data/processed/lowlight_augmented/hv43_672_medium_dark.png
hv43_685.png,augment_medium,medium_dark,True,150.07070445365648,data/processed/lowlight_augmented/hv43_685_medium_dark.png
hv43_724.png,no_augment,,,,
hv43_931.png,no_augment,,,,
hv44_1.png,no_augment,,,,
hv44_2.png,no_augment,,,,
hv44_20.png,no_augment,,,,
hv44_25.png,augment_medium,medium_dark,True,136.6010513392857,data/processed/lowlight_augmented/hv44_25_medium_dark.png
hv44_29.png,augment_medium,medium_dark,True,142.07045089285714,data/processed/lowlight_augmented/hv44_29_medium_dark.png
hv44_3.png,augment_medium,medium_dark,False,,
hv44_31.png,augment_medium,medium_dark,True,143.99472991071428,data/processed/lowlight_augmented/hv44_31_medium_dark.png
hv44_34.png,no_augment,,,,
hv44_35.png,augment_medium,medium_dark,True,138.65077901785713,data/processed/lowlight_augmented/hv44_35_medium_dark.png
hv44_38.png,augment_medium,medium_dark,True,134.9382388392857,data/processed/lowlight_augmented/hv44_38_medium_dark.png
hv44_39.png,augment_medium,medium_dark,True,136.51365401785714,data/processed/lowlight_augmented/hv44_39_medium_dark.png
hv44_4.png,no_augment,,,,
hv44_41.png,augment_medium,medium_dark,True,137.53077232142857,data/processed/lowlight_augmented/hv44_41_medium_dark.png
hv44_43.png,no_augment,,,,
hv44_44.png,no_augment,,,,
hv44_47.png,no_augment,,,,
hv44_49.png,no_augment,,,,
hv45_159.png,no_augment,,,,
hv45_31.png,no_augment,,,,
hv45_315.png,no_augment,,,,
hv45_82.png,no_augment,,,,
hv46_124.png,augment_medium,medium_dark,True,140.92633680555556,data/processed/lowlight_augmented/hv46_124_medium_dark.png
hv46_433.png,augment_medium,medium_dark,True,151.55225694444445,data/processed/lowlight_augmented/hv46_433_medium_dark.png
hv47_1003.png,no_augment,,,,
hv47_1009.png,no_augment,,,,
hv47_1065.png,no_augment,,,,
hv47_1069.png,no_augment,,,,
hv47_1086.png,no_augment,,,,
hv47_1096.png,no_augment,,,,
hv47_1115.png,no_augment,,,,
hv47_1167.png,no_augment,,,,
hv47_118.png,no_augment,,,,
hv47_1187.png,no_augment,,,,
hv47_1192.png,no_augment,,,,
hv47_153.png,no_augment,,,,
hv47_208.png,no_augment,,,,
hv47_275.png,no_augment,,,,
hv47_322.png,no_augment,,,,
hv47_37.png,augment_medium,medium_dark,True,136.57376736111112,data/processed/lowlight_augmented/hv47_37_medium_dark.png
hv47_408.png,no_augment,,,,
hv47_488.png,no_augment,,,,
hv47_547.png,no_augment,,,,
hv47_566.png,no_augment,,,,
hv47_588.png,no_augment,,,,
hv47_60.png,augment_medium,medium_dark,True,134.3245601851852,data/processed/lowlight_augmented/hv47_60_medium_dark.png
hv47_624.png,no_augment,,,,
hv47_642.png,no_augment,,,,
hv47_661.png,no_augment,,,,
hv47_674.png,no_augment,,,,
hv47_699.png,no_augment,,,,
hv47_71.png,no_augment,,,,
hv47_727.png,no_augment,,,,
hv47_729.png,no_augment,,,,
hv47_76.png,no_augment,,,,
hv47_766.png,no_augment,,,,
hv47_786.png,no_augment,,,,
hv47_80.png,no_augment,,,,
hv47_844.png,no_augment,,,,
hv47_856.png,no_augment,,,,
hv47_858.png,no_augment,,,,
hv47_871.png,no_augment,,,,
hv47_887.png,no_augment,,,,
hv47_898.png,no_augment,,,,
hv47_92.png,augment_medium,medium_dark,True,137.07450810185185,data/processed/lowlight_augmented/hv47_92_medium_dark.png
hv47_936.png,no_augment,,,,
hv47_95.png,no_augment,,,,
hv47_952.png,no_augment,,,,
hv48_.png,no_augment,,,,
hv48_104.png,no_augment,,,,
hv48_190.png,no_augment,,,,
hv48_196.png,no_augment,,,,
hv48_200.png,no_augment,,,,
hv48_255.png,augment_medium,medium_dark,False,,
hv48_4.png,augment_medium,medium_dark,True,142.44076283868935,data/processed/lowlight_augmented/hv48_4_medium_dark.png
hv48_63.png,no_augment,,,,
hv49_.png,no_augment,,,,
hv49_78.png,no_augment,,,,
hv49_82.png,no_augment,,,,
hv4_133.png,no_augment,,,,
hv4_162.png,no_augment,,,,
hv4_259.png,no_augment,,,,
hv4_267.png,no_augment,,,,
hv4_273.png,no_augment,,,,
hv4_289.png,no_augment,,,,
hv4_294.png,no_augment,,,,
hv4_304.png,no_augment,,,,
hv4_308.png,no_augment,,,,
hv4_34.png,no_augment,,,,
hv50_.png,no_augment,,,,
hv50_121.png,no_augment,,,,
hv50_186.png,no_augment,,,,
hv50_213.png,no_augment,,,,
hv50_223.png,no_augment,,,,
hv50_230.png,no_augment,,,,
hv50_241.png,no_augment,,,,
hv50_259.png,no_augment,,,,
hv50_26.png,no_augment,,,,
hv50_304.png,no_augment,,,,
hv50_319.png,no_augment,,,,
hv50_348.png,no_augment,,,,
hv50_366.png,no_augment,,,,
hv50_384.png,no_augment,,,,
hv50_392.png,no_augment,,,,
hv50_408.png,no_augment,,,,
hv50_416.png,no_augment,,,,
hv50_446.png,no_augment,,,,
hv50_465.png,no_augment,,,,
hv50_481.png,no_augment,,,,
hv50_493.png,no_augment,,,,
hv50_528.png,no_augment,,,,
hv50_57.png,no_augment,,,,
hv50_620.png,no_augment,,,,
hv50_639.png,no_augment,,,,
hv50_649.png,no_augment,,,,
hv50_696.png,no_augment,,,,
hv50_718.png,no_augment,,,,
hv50_736.png,no_augment,,,,
hv50_793.png,no_augment,,,,
hv50_81.png,no_augment,,,,
hv5_106.png,no_augment,,,,
hv5_136.png,no_augment,,,,
hv5_147.png,no_augment,,,,
hv5_22.png,augment_medium,medium_dark,True,145.9002555449263,data/processed/lowlight_augmented/hv5_22_medium_dark.png
hv5_30.png,augment_medium,medium_dark,True,145.76385124362244,data/processed/lowlight_augmented/hv5_30_medium_dark.png
hv5_34.png,augment_medium,medium_dark,True,145.49746669501133,data/processed/lowlight_augmented/hv5_34_medium_dark.png
hv5_50.png,no_augment,,,,
hv5_56.png,no_augment,,,,
hv5_70.png,no_augment,,,,
hv5_75.png,no_augment,,,,
hv5_80.png,no_augment,,,,
hv5_86.png,no_augment,,,,
hv5_94.png,no_augment,,,,
hv6_100.png,no_augment,,,,
hv6_102.png,no_augment,,,,
hv6_106.png,no_augment,,,,
hv6_13.png,augment_medium,medium_dark,True,137.2296095521542,data/processed/lowlight_augmented/hv6_13_medium_dark.png
hv6_133.png,augment_medium,medium_dark,True,135.74075255102042,data/processed/lowlight_augmented/hv6_133_medium_dark.png
hv6_139.png,augment_medium,medium_dark,True,139.53123007015307,data/processed/lowlight_augmented/hv6_139_medium_dark.png
hv6_142.png,augment_medium,medium_dark,True,138.4767152954932,data/processed/lowlight_augmented/hv6_142_medium_dark.png
hv6_144.png,augment_medium,medium_dark,False,,
hv6_147.png,no_augment,,,,
hv6_148.png,no_augment,,,,
hv6_152.png,no_augment,,,,
hv6_153.png,no_augment,,,,
hv6_154.png,no_augment,,,,
hv6_16.png,augment_medium,medium_dark,True,136.52298797123015,data/processed/lowlight_augmented/hv6_16_medium_dark.png
hv6_166.png,no_augment,,,,
hv6_20.png,augment_medium,medium_dark,True,136.60141191893425,data/processed/lowlight_augmented/hv6_20_medium_dark.png
hv6_204.png,no_augment,,,,
hv6_208.png,no_augment,,,,
hv6_217.png,no_augment,,,,
hv6_218.png,no_augment,,,,
hv6_223.png,no_augment,,,,
hv6_226.png,no_augment,,,,
hv6_24.png,augment_medium,medium_dark,True,136.68540958049886,data/processed/lowlight_augmented/hv6_24_medium_dark.png
hv6_9.png,no_augment,,,,
hv6_96.png,no_augment,,,,
hv6_97.png,no_augment,,,,
hv7_126.png,no_augment,,,,
hv7_132.png,no_augment,,,,
hv7_138.png,augment_medium,medium_dark,True,135.2794648857527,data/processed/lowlight_augmented/hv7_138_medium_dark.png
hv7_21.png,augment_medium,medium_dark,True,138.24247083333333,data/processed/lowlight_augmented/hv7_21_medium_dark.png
hv7_22.png,augment_medium,medium_dark,True,149.78984375,data/processed/lowlight_augmented/hv7_22_medium_dark.png
hv7_27.png,no_augment,,,,
hv8_120.png,no_augment,,,,
hv8_128.png,no_augment,,,,
hv8_147.png,no_augment,,,,
hv8_160.png,no_augment,,,,
hv8_169.png,no_augment,,,,
hv8_256.png,augment_medium,medium_dark,True,157.25560185185185,data/processed/lowlight_augmented/hv8_256_medium_dark.png
hv8_262.png,augment_medium,medium_dark,True,154.50987021857924,data/processed/lowlight_augmented/hv8_262_medium_dark.png
hv8_325.png,augment_medium,medium_dark,False,,
hv8_367.png,no_augment,,,,
hv8_58.png,no_augment,,,,
hv8_88.png,no_augment,,,,
hv8_99.png,augment_medium,medium_dark,True,134.75675054112554,data/processed/lowlight_augmented/hv8_99_medium_dark.png
hv9_1.png,no_augment,,,,
hv9_14.png,no_augment,,,,
hv9_182.png,no_augment,,,,
hv9_186.png,no_augment,,,,
hv9_188.png,no_augment,,,,
hv9_198.png,no_augment,,,,
hv9_202.png,no_augment,,,,
hv9_21.png,no_augment,,,,
hv9_215.png,no_augment,,,,
hv9_221.png,no_augment,,,,
hv9_223.png,no_augment,,,,
hv9_36.png,no_augment,,,,
hv9_47.png,no_augment,,,,
