filename,severity,bin,low_light_severity,low_light_bin
AM_Bing_211.png,73.98294830322266,low,125.15190609019061,high
AM_Bing_217.png,103.81173706054688,medium,166.60002104377105,low
AM_Bing_222.png,111.70518493652344,medium,151.95126302083332,medium
AM_Bing_229.png,108.59138488769533,medium,142.13680028129394,medium
AM_Bing_232.png,31.70053100585937,low,124.85024476177333,high
AM_Bing_242.png,108.35326385498048,medium,138.70305860984075,medium
AM_Bing_243.png,152.57037353515625,high,176.54011792226575,low
AM_Bing_274.png,108.63876342773438,medium,156.01290625,medium
AM_Bing_318.png,80.06981658935547,low,145.60810306831667,medium
AM_Bing_422.png,90.22447967529295,low,146.72805168986085,medium
AM_Bing_464.png,39.32201766967773,low,56.20086934156379,high
AM_Bing_536.png,169.99632263183594,high,191.98364386792454,low
AM_Bing_640.png,42.3381462097168,low,99.87104672057502,high
AM_Bing_727.png,126.8117904663086,medium,171.47877926055568,low
AM_Google_019.png,101.66808319091795,low,158.9999875018179,low
AM_Google_035.png,119.60445404052734,medium,144.99647411852962,medium
AM_Google_067.png,93.05269622802734,low,145.52161027809817,medium
AM_Google_10.png,42.63107299804688,low,161.35135759528194,low
AM_Google_228.png,152.47703552246094,high,175.34858766386108,low
AM_Google_244.png,137.94482421875,high,144.7217837837838,medium
AM_Google_246.png,106.1009750366211,medium,133.71529985007496,high
AM_Google_250.png,135.31527709960938,high,159.28027586206898,low
AM_Google_289.png,98.6444320678711,low,136.00193129520054,medium
AM_Google_309.png,160.26898193359375,high,176.60801555993865,low
AM_Google_320.png,89.73888397216797,low,121.9268438538206,high
AM_Google_359.png,148.88340759277344,high,177.25752533945305,low
AM_Google_411.png,84.26299285888672,low,116.26697288525963,high
AM_Google_494.png,122.50227355957033,medium,145.5442603550296,medium
AM_Google_525.png,44.57477951049805,low,114.4490382848392,high
AM_Google_617.png,107.75433349609376,medium,129.2257773241206,high
AM_Google_707.png,197.17547607421875,high,207.69514806181473,low
AM_Google_711.png,133.0322723388672,high,151.60683902205068,medium
AM_Google_754.png,170.62905883789062,high,194.2212705514719,low
AM_Google_768.png,128.56361389160156,high,183.7773232484642,low
AM_Google_796.png,135.8077392578125,high,157.13769177126917,medium
AM_Google_869.png,93.93468475341795,low,143.15468600335248,medium
BD_Baidu_000.png,129.83604431152344,high,143.74689021361152,medium
BD_Baidu_007.png,143.10032653808594,high,159.605501618123,low
BD_Baidu_018.png,168.139404296875,high,195.86187548840843,low
BD_Baidu_022.png,93.72693634033205,low,144.97484739915075,medium
BD_Baidu_023.png,191.20022583007807,high,197.96789873287847,low
BD_Baidu_031.png,57.760887145996094,low,66.31780571992111,high
BD_Baidu_038.png,108.45909881591795,medium,136.37262575075076,medium
BD_Baidu_039.png,105.4784164428711,medium,123.75131700505645,high
BD_Baidu_042.png,178.25172424316406,high,185.22336645907018,low
BD_Baidu_045.png,91.76570892333984,low,119.42995713963455,high
BD_Baidu_046.png,137.5447998046875,high,189.45029585798815,low
BD_Baidu_050.png,147.73379516601562,high,167.99902017140468,low
BD_Baidu_058.png,136.88031005859375,high,145.09741597796142,medium
BD_Baidu_059.png,113.22335052490234,medium,142.05090439276486,medium
BD_Baidu_062.png,65.18596649169922,low,90.62506482281763,high
BD_Baidu_065.png,71.67884063720703,low,105.60117935823754,high
BD_Baidu_074.png,145.44131469726562,high,164.4008740601504,low
BD_Baidu_076.png,157.2223663330078,high,195.60996732026143,low
BD_Baidu_078.png,123.78644561767578,medium,141.24079232435778,medium
BD_Baidu_08.png,134.35635375976562,high,147.32306544582738,medium
BD_Baidu_081.png,127.9308624267578,medium,157.3550577309237,medium
BD_Baidu_084.png,120.45281982421876,medium,152.10915302491102,medium
BD_Baidu_087.png,109.38660430908205,medium,124.49283509960347,high
BD_Baidu_088.png,147.3189239501953,high,175.49925741399764,low
BD_Baidu_095.png,119.0805206298828,medium,130.9887937433242,high
BD_Baidu_097.png,101.40766143798828,low,119.86142800634296,high
BD_Baidu_10.png,92.30538940429688,low,106.08669053685968,high
BD_Baidu_102.png,105.22745513916016,medium,142.7967351994055,medium
BD_Baidu_104.png,119.0700912475586,medium,136.00295843520783,medium
BD_Baidu_105.png,121.06175231933594,medium,140.99671648873073,medium
BD_Baidu_116.png,116.51094818115234,medium,129.2978947368421,high
BD_Baidu_117.png,148.83897399902344,high,169.42279606307545,low
BD_Baidu_129.png,150.43319702148438,high,166.9889418742586,low
BD_Baidu_133.png,156.86610412597656,high,175.68215613382898,low
BD_Baidu_134.png,189.41685485839844,high,200.80076666666668,low
BD_Baidu_137.png,130.80345153808594,high,153.24043654365437,medium
BD_Baidu_142.png,136.05332946777344,high,161.57920284697508,low
BD_Baidu_143.png,115.82919311523438,medium,164.84009174311927,low
BD_Baidu_145.png,124.14075469970705,medium,160.2051018258427,low
BD_Baidu_166.png,115.61499786376952,medium,149.61899494949495,medium
BD_Baidu_174.png,56.47727584838867,low,100.15028535980149,high
BD_Baidu_18.png,91.79593658447266,low,112.12827264239029,high
BD_Baidu_195.png,150.8504180908203,high,185.68710892878454,low
BD_Baidu_196.png,128.65859985351562,high,167.30916927899688,low
BD_Baidu_199.png,117.1413116455078,medium,122.48836407911966,high
BD_Baidu_200.png,126.59005737304688,medium,143.67199583333334,medium
BD_Baidu_201.png,148.99522399902344,high,159.03897272727272,low
BD_Baidu_208.png,124.12853240966795,medium,155.25034420289856,medium
BD_Baidu_209.png,166.14981079101562,high,177.02334072431634,low
BD_Baidu_211.png,120.98001098632812,medium,139.20151838671413,medium
BD_Baidu_216.png,45.22392272949219,low,52.64217407407408,high
BD_Baidu_222.png,118.71041107177734,medium,131.28371590909092,high
BD_Baidu_224.png,168.2490692138672,high,179.77417838714732,low
BD_Baidu_247.png,119.40047454833984,medium,146.2790961563689,medium
BD_Baidu_249.png,108.54059600830078,medium,115.67884969911997,high
BD_Baidu_250.png,142.4935302734375,high,164.9842682926829,low
BD_Baidu_254.png,127.48477172851562,medium,151.174925,medium
BD_Baidu_256.png,133.40830993652344,high,148.91689833027363,medium
BD_Baidu_277.png,146.79246520996094,high,160.55098633458232,low
BD_Baidu_281.png,132.71327209472656,high,156.67727272727274,medium
BD_Baidu_284.png,144.0738525390625,high,157.96753113961702,low
BD_Baidu_285.png,124.12366485595705,medium,151.01506578947368,medium
BD_Baidu_29.png,76.11412048339844,low,109.40294620160853,high
BD_Baidu_291.png,127.6992416381836,medium,146.9274604502586,medium
BD_Baidu_299.png,123.45314025878906,medium,153.9715503875969,medium
BD_Baidu_306.png,116.92214965820312,medium,136.24324535374043,medium
BD_Baidu_322.png,73.83658599853516,low,113.923025,high
BD_Baidu_332.png,104.0416030883789,medium,112.42210135418854,high
BD_Baidu_338.png,155.69583129882812,high,199.79651474530831,low
BD_Baidu_347.png,171.76925659179688,high,195.13421888053466,low
BD_Baidu_355.png,144.57989501953125,high,172.3117169269431,low
BD_Baidu_375.png,144.467529296875,high,171.44121227364184,low
BD_Baidu_383.png,74.61486053466797,low,95.32499758254274,high
BD_Baidu_385.png,134.6105194091797,high,163.1167978171645,low
BD_Baidu_388.png,152.072509765625,high,175.82973958333332,low
BD_Baidu_389.png,74.26210021972656,low,115.24092868445463,high
BD_Baidu_391.png,128.79270935058594,high,155.30375074183976,medium
BD_Baidu_397.png,139.97805786132812,high,155.75680996884736,medium
BD_Baidu_410.png,137.97262573242188,high,148.49925629290618,medium
BD_Baidu_424.png,129.95663452148438,high,152.7283322281167,medium
BD_Baidu_428.png,163.76828002929688,high,207.1931917211329,low
BD_Baidu_451.png,75.02720642089844,low,100.15600098619329,high
BD_Baidu_461.png,89.28350067138672,low,125.1916330027734,high
BD_Baidu_464.png,174.93846130371094,high,186.28167897893167,low
BD_Baidu_476.png,180.5450897216797,high,185.65482741617356,low
BD_Baidu_481.png,108.13018798828124,medium,117.10734098939929,high
BD_Baidu_486.png,131.74632263183594,high,156.52628228782288,medium
BD_Bing_013.png,152.49136352539062,high,175.3606331687482,low
BD_Bing_04.png,170.7476348876953,high,183.98904420374708,low
BD_Bing_042.png,113.10376739501952,medium,127.4995921184739,high
BD_Bing_068.png,142.77626037597656,high,147.94535219995868,medium
BD_Bing_080.png,122.78104400634766,medium,145.72307676261994,medium
BD_Bing_084.png,154.84608459472656,high,182.50388272155146,low
BD_Bing_091.png,153.32131958007812,high,180.20057794676805,low
BD_Bing_096.png,152.68507385253906,high,163.38318951930654,low
BD_Bing_097.png,112.0083465576172,medium,127.94284864079539,high
BD_Bing_18.png,168.2069549560547,high,176.01952866410699,low
BD_Bing_195.png,171.75340270996094,high,184.336729390681,low
BD_Bing_216.png,87.41938781738281,low,134.73130137436706,medium
BD_Bing_23.png,131.3184051513672,high,145.4618982236334,medium
BD_Bing_231.png,106.6236343383789,medium,143.40054902859276,medium
BD_Bing_232.png,118.51507568359376,medium,160.22718937211323,low
BD_Bing_237.png,146.07728576660156,high,163.4475641431739,low
BD_Bing_26.png,149.6685028076172,high,172.86248240883947,low
BD_Bing_302.png,159.664794921875,high,173.89724082146228,low
BD_Bing_303.png,176.1181182861328,high,191.94660130718955,low
BD_Bing_308.png,155.33392333984375,high,184.36117236024845,low
BD_Bing_331.png,65.81268310546875,low,111.034146567718,high
BD_Bing_358.png,53.0169677734375,low,92.29708234830575,high
BD_Bing_393.png,144.29318237304688,high,194.07388554216868,low
BD_Bing_420.png,75.19772338867188,low,115.73397786458334,high
BD_Bing_423.png,150.22750854492188,high,180.3581357234315,low
BD_Bing_463.png,141.662353515625,high,192.57654829545456,low
BD_Bing_479.png,89.38324737548828,low,138.692534742016,medium
BD_Bing_484.png,117.1803970336914,medium,133.14540887768675,high
BD_Bing_49.png,114.42839050292967,medium,149.44631892697467,medium
BD_Bing_515.png,101.60897064208984,low,142.58077568134172,medium
BD_Bing_549.png,114.04170989990234,medium,141.03518518518518,medium
BD_Bing_606.png,104.72675323486328,medium,122.18759132106564,high
BD_Bing_609.png,104.72137451171876,medium,127.59329507701601,high
BD_Bing_634.png,98.61315155029295,low,115.35879629629629,high
BD_Bing_643.png,79.95060729980469,low,87.56789112748459,high
BD_Bing_655.png,69.61234283447266,low,108.92108185053381,high
BD_Bing_660.png,79.08963775634766,low,139.35098517268227,medium
BD_Bing_664.png,135.30247497558594,high,151.43319471947194,medium
BD_Bing_695.png,134.6026611328125,high,177.4470238095238,low
BD_Bing_732.png,164.7693634033203,high,198.37097855750488,low
BD_Bing_74.png,120.5915985107422,medium,142.704750499002,medium
BD_Bing_742.png,176.93783569335938,high,203.8045326408836,low
BD_Bing_763.png,70.42919158935547,low,141.73457822583725,medium
BD_Bing_789.png,114.91265106201172,medium,130.25960666666666,high
BD_Bing_802.png,186.4004364013672,high,217.60452252252253,low
BD_Google_00.png,130.3159942626953,high,164.93922002635045,low
BD_Google_054.png,122.53186798095705,medium,143.68130058993003,medium
BD_Google_098.png,96.41297149658205,low,170.91272591682753,low
BD_Google_126.png,137.10653686523438,high,199.13878333333332,low
BD_Google_129.png,124.5786361694336,medium,130.48961400588914,high
BD_Google_249.png,165.46951293945312,high,191.3277434892304,low
BD_Google_253.png,73.32664489746094,low,125.27236285726852,high
BD_Google_329.png,150.80320739746094,high,186.39267857142858,low
BD_Google_343.png,126.29090118408205,medium,179.56378759398496,low
BD_Google_357.png,69.38895416259766,low,139.12320615034167,medium
BD_Google_360.png,93.47882080078124,low,127.78303520378992,high
BD_Google_368.png,108.60941314697266,medium,124.78045833333333,high
BD_Google_372.png,63.93186569213867,low,105.2454138327426,high
BD_Google_378.png,123.60480499267578,medium,144.20205916188812,medium
BD_Google_380.png,77.44402313232422,low,135.5192912912913,medium
BD_Google_381.png,46.71892547607422,low,84.70034593928857,high
BD_Google_396.png,67.81391143798828,low,92.18221071428572,high
BD_Google_397.png,105.25862121582033,medium,124.66078092055535,high
BD_Google_421.png,50.36048126220703,low,130.5420622895623,high
BD_Google_428.png,108.13600158691406,medium,136.1402866242038,medium
BD_Google_435.png,131.67193603515625,high,165.92783441266693,low
BD_Google_443.png,110.44546508789062,medium,126.83548148148148,high
BD_Google_466.png,166.433837890625,high,180.5522819458233,low
BD_Google_501.png,136.31346130371094,high,167.4590340349469,low
BD_Google_569.png,109.3447265625,medium,151.07072495672912,medium
BD_Google_598.png,82.82777404785156,low,112.62824973876698,high
BJ_Baidu_015.png,148.38929748535156,high,173.99146488294315,low
BJ_Baidu_02.png,68.25065612792969,low,95.28512405022472,high
BJ_Baidu_029.png,113.9631118774414,medium,139.56625947870188,medium
BJ_Baidu_04.png,67.24940490722656,low,94.89511351030819,high
BJ_Baidu_045.png,145.7572784423828,high,166.84130759005285,low
BJ_Baidu_066.png,92.1562042236328,low,111.71787857990138,high
BJ_Baidu_069.png,107.64656829833984,medium,142.20160149684457,medium
BJ_Baidu_071.png,109.79053497314452,medium,128.7865196928412,high
BJ_Baidu_072.png,58.87213134765625,low,77.66782554517134,high
BJ_Baidu_077.png,126.59271240234376,medium,154.70475193956716,medium
BJ_Baidu_080.png,119.28569793701172,medium,140.7162313322271,medium
BJ_Baidu_082.png,67.42405700683594,low,82.51490835618415,high
BJ_Baidu_093.png,86.34183502197266,low,106.54814533029004,high
BJ_Baidu_095.png,82.56636810302734,low,109.44719031993438,high
BJ_Baidu_1023.png,78.94308471679688,low,132.38388105456775,high
BJ_Baidu_1035.png,73.87532806396484,low,155.46823783610756,medium
BJ_Baidu_1039.png,111.09625244140624,medium,171.79862329599135,low
BJ_Baidu_1081.png,166.1388397216797,high,182.10584201765812,low
BJ_Baidu_1086.png,44.95254898071289,low,84.10930367018602,high
BJ_Baidu_1090.png,104.65505981445312,medium,134.286716,medium
BJ_Baidu_1099.png,73.60677337646484,low,108.55330357142857,high
BJ_Baidu_1132.png,101.0673599243164,low,124.72434933333334,high
BJ_Baidu_1153.png,101.03288269042967,low,135.17500842601956,medium
BJ_Baidu_1158.png,86.09720611572266,low,132.98670455079133,high
BJ_Baidu_1167.png,142.63832092285156,high,189.37313517338995,low
BJ_Baidu_1168.png,108.7267074584961,medium,155.2989140712871,medium
BJ_Baidu_1170.png,103.42042541503906,medium,130.88297139345912,high
BJ_Baidu_118.png,107.6912612915039,medium,119.78779790511399,high
BJ_Baidu_1184.png,64.20536804199219,low,93.51223886808157,high
BJ_Baidu_1191.png,120.49905395507812,medium,161.8311940768746,low
BJ_Baidu_1194.png,155.38607788085938,high,182.231981981982,low
BJ_Baidu_1202.png,127.4970703125,medium,154.82801391620026,medium
BJ_Baidu_1213.png,87.87999725341797,low,123.80233676975945,high
BJ_Baidu_126.png,89.97039031982422,low,106.70307843137255,high
BJ_Baidu_1269.png,113.81897735595705,medium,133.63079983249582,high
BJ_Baidu_132.png,191.59719848632807,high,206.88885467980296,low
BJ_Baidu_138.png,138.00320434570312,high,155.07091197183098,medium
BJ_Baidu_144.png,158.28407287597656,high,183.33840767128635,low
BJ_Baidu_153.png,130.9530487060547,high,142.83153518518517,medium
BJ_Baidu_156.png,84.41820526123047,low,106.85474348715213,high
BJ_Baidu_157.png,140.41831970214844,high,156.3618401405358,medium
BJ_Baidu_164.png,102.38851928710938,low,137.77968537414966,medium
BJ_Baidu_165.png,125.21636962890624,medium,150.4423475609756,medium
BJ_Baidu_168.png,110.3301773071289,medium,120.41168533333334,high
BJ_Baidu_171.png,112.4936294555664,medium,141.61339805825241,medium
BJ_Baidu_173.png,106.2726058959961,medium,124.64975091575091,high
BJ_Baidu_181.png,107.53893280029295,medium,143.25184759472117,medium
BJ_Baidu_183.png,94.04127502441406,low,159.21099641990241,low
BJ_Baidu_192.png,108.6028060913086,medium,125.52482439173369,high
BJ_Baidu_199.png,70.82318878173828,low,83.47314729973623,high
BJ_Baidu_202.png,138.01458740234375,high,168.9558898274933,low
BJ_Baidu_207.png,93.28968811035156,low,112.76597520058351,high
BJ_Baidu_21.png,133.82949829101562,high,148.91990161353797,medium
BJ_Baidu_212.png,118.95785522460938,medium,132.9488127090301,high
BJ_Baidu_217.png,109.95823669433594,medium,136.53986575179,medium
BJ_Baidu_220.png,82.31224822998047,low,122.95293924061048,high
BJ_Baidu_221.png,77.00945281982422,low,95.72438642487802,high
BJ_Baidu_232.png,148.0209197998047,high,164.92840369580668,low
BJ_Baidu_248.png,84.7536392211914,low,96.5396208515257,high
BJ_Baidu_260.png,115.00006103515624,medium,142.93144310027873,medium
BJ_Baidu_275.png,93.35507202148438,low,136.19558874829545,medium
BJ_Baidu_279.png,124.06670379638672,medium,146.56111729836536,medium
BJ_Baidu_284.png,112.15096282958984,medium,142.27944530046224,medium
BJ_Baidu_287.png,80.7501449584961,low,107.6003471520054,high
BJ_Baidu_290.png,168.66905212402344,high,185.77140186243844,low
BJ_Baidu_309.png,131.73199462890625,high,160.07162279595212,low
BJ_Baidu_320.png,111.87283325195312,medium,134.6400277777778,medium
BJ_Baidu_333.png,71.47416687011719,low,82.75455598529787,high
BJ_Baidu_363.png,141.4928436279297,high,154.90302094240838,medium
BJ_Baidu_384.png,72.0201644897461,low,89.3399749507962,high
BJ_Baidu_40.png,69.29121398925781,low,95.61151877003479,high
BJ_Baidu_41.png,75.1957778930664,low,103.13466639667915,high
BJ_Baidu_421.png,52.62699890136719,low,71.07981993736952,high
BJ_Baidu_427.png,132.1227569580078,high,157.96971677559912,low
BJ_Baidu_443.png,119.29143524169922,medium,143.77717365967365,medium
BJ_Baidu_447.png,141.41172790527344,high,161.3487474332649,low
BJ_Baidu_450.png,196.5108642578125,high,216.5124247018642,low
BJ_Baidu_459.png,96.75680541992188,low,107.35878409785933,high
BJ_Baidu_474.png,155.25975036621094,high,184.38933432013485,low
BJ_Baidu_476.png,119.43306732177734,medium,165.02373848987108,low
BJ_Baidu_478.png,94.04934692382812,low,121.16218674698796,high
BJ_Baidu_485.png,74.51315307617188,low,121.34888217522659,high
BJ_Baidu_487.png,96.3947296142578,low,130.70753366128548,high
BJ_Baidu_491.png,83.34830474853516,low,109.4260780885781,high
BJ_Baidu_512.png,101.6995849609375,low,121.59504347127208,high
BJ_Baidu_528.png,51.1527099609375,low,169.94381922675026,low
BJ_Baidu_535.png,145.25511169433594,high,170.32291043095174,low
BJ_Baidu_536.png,122.96018981933594,medium,152.26278996865204,medium
BJ_Baidu_559.png,132.12484741210938,high,157.13062896405918,medium
BJ_Baidu_571.png,86.04763793945312,low,106.07657322654462,high
BJ_Baidu_575.png,134.34742736816406,high,174.74266429350345,low
BJ_Baidu_576.png,134.318115234375,high,164.17639678030304,low
BJ_Baidu_589.png,151.4470672607422,high,178.30109294678832,low
BJ_Baidu_590.png,105.27510833740234,medium,145.79153585133037,medium
BJ_Baidu_597.png,114.3014678955078,medium,123.49293241786755,high
BJ_Baidu_613.png,134.5721435546875,high,168.59389173789174,low
BJ_Baidu_633.png,68.54630279541016,low,124.8331317204301,high
BJ_Baidu_653.png,95.84061431884766,low,141.98343934222774,medium
BJ_Baidu_657.png,53.03060531616211,low,97.60548220322131,high
BJ_Baidu_672.png,115.4826202392578,medium,147.1287795992714,medium
BJ_Baidu_683.png,153.1516571044922,high,183.70066666666668,low
BJ_Baidu_684.png,80.08027648925781,low,118.49876105031385,high
BJ_Baidu_698.png,124.480712890625,medium,149.57878727082232,medium
BJ_Baidu_704.png,125.50022888183594,medium,149.66091956474446,medium
BJ_Baidu_719.png,124.40672302246094,medium,160.42123744563867,low
BJ_Baidu_720.png,105.69921112060548,medium,138.30575989782886,medium
BJ_Baidu_748.png,51.774513244628906,low,121.51438066650331,high
BJ_Baidu_754.png,101.72197723388672,low,132.04758893280632,high
BJ_Baidu_773.png,104.38665771484376,medium,149.75789333962598,medium
BJ_Baidu_78.png,143.79396057128906,high,204.624697646064,low
BJ_Baidu_800.png,135.85606384277344,high,183.40090027563505,low
BJ_Baidu_831.png,102.70211029052734,low,129.52568330071756,high
BJ_Baidu_832.png,105.05422973632812,medium,128.62721652499008,high
BJ_Baidu_842.png,138.1315155029297,high,164.78710899758454,low
BJ_Baidu_873.png,103.16383361816406,medium,152.11977036835097,medium
BJ_Baidu_891.png,94.01753997802734,low,118.37314957908008,high
BJ_Baidu_903.png,114.14226531982422,medium,149.33858264081255,medium
BJ_Baidu_904.png,125.38583374023438,medium,137.6175607167143,medium
BJ_Baidu_909.png,90.6878662109375,low,124.88033361437617,high
BJ_Baidu_917.png,54.37012481689453,low,95.97656024096385,high
BJ_Baidu_960.png,106.7795867919922,medium,163.6642089239844,low
BJ_Baidu_966.png,16.699501037597656,low,101.3831925154321,high
BJ_Baidu_972.png,100.99958801269533,low,155.82324548885296,medium
BJ_Baidu_996.png,28.81922912597656,low,65.34854838136526,high
BJ_Bing_014.png,110.55205535888672,medium,171.58844059626887,low
BJ_Bing_031.png,116.73009490966795,medium,131.58508722632936,high
BJ_Bing_059.png,97.8840789794922,low,121.72489973905886,high
BJ_Bing_060.png,93.30432891845705,low,145.70627974819593,medium
BJ_Bing_064.png,125.64989471435548,medium,148.61485542805374,medium
BJ_Bing_066.png,127.1715087890625,medium,145.97614459885753,medium
BJ_Bing_076.png,81.39689636230469,low,113.15290373369321,high
BJ_Bing_082.png,83.81422424316406,low,102.47167091836735,high
BJ_Bing_085.png,140.5297088623047,high,168.27810098702994,low
BJ_Bing_087.png,104.54124450683594,medium,140.7263288728512,medium
BJ_Bing_102.png,77.38997650146484,low,140.2061752136752,medium
BJ_Bing_104.png,119.6134796142578,medium,145.17648158595625,medium
BJ_Bing_105.png,129.4041290283203,high,154.4150619883041,medium
BJ_Bing_116.png,113.87903594970705,medium,157.17350519584332,medium
BJ_Bing_124.png,100.40179443359376,low,118.82334854111406,high
BJ_Bing_131.png,73.24500274658203,low,111.99350552721089,high
BJ_Bing_134.png,160.84202575683594,high,179.21891450528338,low
BJ_Bing_137.png,76.35855102539062,low,112.91656103124205,high
BJ_Bing_145.png,95.99916076660156,low,139.07855342741937,medium
BJ_Bing_150.png,97.0611572265625,low,129.8717072836,high
BJ_Bing_157.png,123.58209991455078,medium,141.55421446258023,medium
BJ_Bing_164.png,137.06088256835938,high,159.63593430636234,low
BJ_Bing_174.png,91.1026382446289,low,118.2312478963193,high
BJ_Bing_185.png,89.140380859375,low,126.5837094742185,high
BJ_Bing_190.png,91.10749053955078,low,113.01463789563043,high
BJ_Bing_192.png,117.33834838867188,medium,129.9756375,high
BJ_Bing_195.png,114.81263732910156,medium,141.84054207374723,medium
BJ_Bing_206.png,128.56690979003906,high,159.44489470942153,low
BJ_Bing_213.png,63.04443359375,low,73.94772135416666,high
BJ_Bing_214.png,133.03890991210938,high,146.39304545454544,medium
BJ_Bing_217.png,64.96746063232422,low,108.96420068027211,high
BJ_Bing_224.png,121.13327026367188,medium,178.03859218263577,low
BJ_Bing_236.png,115.95796966552734,medium,136.6062274052478,medium
BJ_Bing_261.png,78.30596923828125,low,101.2128231292517,high
BJ_Bing_266.png,106.45784759521484,medium,126.32622106481482,high
BJ_Bing_271.png,144.306396484375,high,170.50273074021294,low
BJ_Bing_272.png,125.8684310913086,medium,133.8697315485334,high
BJ_Bing_284.png,144.9840545654297,high,176.7457683686177,low
BJ_Bing_319.png,114.1593780517578,medium,143.7741843553459,medium
BJ_Bing_337.png,80.0013427734375,low,105.22392575642003,high
BJ_Bing_344.png,150.89202880859375,high,180.4246486615679,low
BJ_Bing_381.png,107.1432647705078,medium,132.0735933225963,high
BJ_Bing_385.png,113.2994155883789,medium,123.44310679611651,high
BJ_Bing_392.png,135.28782653808594,high,160.47860551694092,low
BJ_Bing_406.png,72.53861236572266,low,151.0355841503268,medium
BJ_Bing_418.png,44.66597366333008,low,86.33766150244706,high
BJ_Bing_419.png,135.55654907226562,high,157.83416841332252,low
BJ_Bing_427.png,99.76614379882812,low,165.19337873080266,low
BJ_Bing_429.png,116.33869934082033,medium,154.90310283687944,medium
BJ_Bing_433.png,91.77789306640624,low,134.08007416705638,high
BJ_Bing_446.png,78.50936889648438,low,99.30048469387755,high
BJ_Bing_455.png,178.7139129638672,high,192.07472713975946,low
BJ_Bing_461.png,58.66775131225586,low,87.21826896787424,high
BJ_Bing_471.png,79.08734893798828,low,113.93872728578611,high
BJ_Bing_485.png,132.51976013183594,high,154.4089244712991,medium
BJ_Bing_494.png,128.80882263183594,high,152.02595976509414,medium
BJ_Bing_499.png,118.1383056640625,medium,153.16911020249222,medium
BJ_Bing_504.png,122.09364318847656,medium,172.60765466656406,low
BJ_Bing_507.png,37.65425491333008,low,112.61528308061526,high
BJ_Bing_523.png,93.00030517578124,low,119.33279329877112,high
BJ_Bing_529.png,150.60845947265625,high,156.68009315727863,medium
BJ_Bing_544.png,187.35829162597656,high,195.8353445945946,low
BJ_Bing_575.png,143.256591796875,high,180.2495072217502,low
BJ_Bing_576.png,126.33283996582033,medium,163.04002093125735,low
BJ_Bing_607.png,150.3645782470703,high,187.4464596273292,low
BJ_Bing_613.png,65.90843963623047,low,103.60252609769702,high
BJ_Bing_617.png,127.62871551513672,medium,155.2519560185185,medium
BJ_Bing_630.png,146.17355346679688,high,166.54740703556396,low
BJ_Bing_651.png,69.45095825195312,low,188.13335786144182,low
BJ_Bing_660.png,163.1580352783203,high,178.86997216146352,low
BJ_Bing_669.png,97.88365173339844,low,138.82332514734773,medium
BJ_Bing_672.png,173.36212158203125,high,188.8873213213213,low
BJ_Bing_682.png,135.43663024902344,high,163.58084724016044,low
BJ_Bing_696.png,80.13878631591797,low,114.30584065021357,high
BJ_Bing_698.png,48.49563980102539,low,78.27716883116884,high
BJ_Bing_699.png,44.7246208190918,low,98.07393306219586,high
BJ_Bing_701.png,79.26741027832031,low,115.80425003401255,high
BJ_Bing_706.png,106.8218994140625,medium,122.9335047944268,high
BJ_Bing_718.png,145.93310546875,high,167.14748337028826,low
BJ_Bing_719.png,133.3185272216797,high,153.27651421753828,medium
BJ_Bing_727.png,127.9600830078125,medium,150.1192816091954,medium
BJ_Bing_738.png,76.0196533203125,low,102.81523316716098,high
BJ_Bing_759.png,163.86474609375,high,192.8992849099099,low
BJ_Bing_760.png,47.58027648925781,low,65.4858164983165,high
BJ_Google_002.png,138.6206512451172,high,148.5912693498452,medium
BJ_Google_014.png,139.7864532470703,high,158.7808012741975,low
BJ_Google_022.png,123.22806549072266,medium,142.1998091533348,medium
BJ_Google_024.png,146.30152893066406,high,161.19261676646707,low
BJ_Google_038.png,75.60257720947266,low,93.73529973138928,high
BJ_Google_053.png,100.68555450439452,low,119.95214876378216,high
BJ_Google_087.png,132.4149627685547,high,150.0601128513421,medium
BJ_Google_088.png,158.69935607910156,high,180.9454983560397,low
BJ_Google_093.png,127.2283935546875,medium,155.6211372180451,medium
BJ_Google_098.png,104.6707763671875,medium,151.8232565403335,medium
BJ_Google_116.png,153.2821044921875,high,173.04593585670955,low
BJ_Google_132.png,117.46449279785156,medium,124.18138222475393,high
BJ_Google_144.png,151.6345672607422,high,176.27354201089284,low
BJ_Google_15.png,146.06927490234375,high,167.79327017809777,low
BJ_Google_162.png,133.40013122558594,high,150.48958066502186,medium
BJ_Google_165.png,139.99819946289062,high,162.49480720288116,low
BJ_Google_166.png,47.76240921020508,low,70.19576751117735,high
BJ_Google_172.png,102.16015625,low,129.5455131004367,high
BJ_Google_178.png,117.89820861816406,medium,143.2429695431472,medium
BJ_Google_19.png,74.34539031982422,low,114.05025,high
BJ_Google_203.png,98.5764617919922,low,116.70594658829953,high
BJ_Google_211.png,102.62957763671876,low,176.07725563909776,low
BJ_Google_216.png,107.1769027709961,medium,139.11051723703758,medium
BJ_Google_22.png,116.29090118408205,medium,148.13414599590834,medium
BJ_Google_222.png,148.19996643066406,high,165.546290597826,low
BJ_Google_24.png,135.89593505859375,high,158.2327726532827,low
BJ_Google_254.png,157.3292236328125,high,170.27879178405163,low
BJ_Google_261.png,79.567138671875,low,95.46989950923113,high
BJ_Google_269.png,157.9336395263672,high,172.4274568288854,low
BJ_Google_274.png,121.9144058227539,medium,152.221374900688,medium
BJ_Google_282.png,146.88302612304688,high,172.54704508856682,low
BJ_Google_287.png,145.66143798828125,high,159.2707013096747,low
BJ_Google_288.png,164.17559814453125,high,185.48289088424752,low
BJ_Google_293.png,141.5272216796875,high,147.34872043918918,medium
BJ_Google_296.png,147.294189453125,high,170.6063222356391,low
BJ_Google_303.png,108.73664855957033,medium,170.39175969698695,low
BJ_Google_309.png,97.63970947265624,low,128.3020705709385,high
BJ_Google_310.png,107.28093719482422,medium,136.31995583596213,medium
BJ_Google_326.png,136.01669311523438,high,151.79484607827084,medium
BJ_Google_33.png,120.5474090576172,medium,129.6955225454528,high
BJ_Google_331.png,163.2102508544922,high,176.97002530044276,low
BJ_Google_334.png,79.78661346435547,low,100.65559382326785,high
BJ_Google_342.png,160.22152709960938,high,171.1989196258031,low
BJ_Google_347.png,130.60804748535156,high,151.26922733516483,medium
BJ_Google_357.png,162.92477416992188,high,171.60874515648285,low
BJ_Google_359.png,131.22894287109375,high,149.39244989861217,medium
BJ_Google_374.png,127.54525756835938,medium,143.843348236463,medium
BJ_Google_389.png,162.55731201171875,high,185.1558203125,low
BJ_Google_400.png,127.36669158935548,medium,156.5904516866781,medium
BJ_Google_401.png,122.5529327392578,medium,135.9840909090909,medium
BJ_Google_408.png,173.80047607421875,high,202.77216666666666,low
BJ_Google_409.png,195.0860137939453,high,208.45345864661655,low
BJ_Google_412.png,167.49061584472656,high,184.86647922711094,low
BJ_Google_418.png,124.0947265625,medium,156.55408200445817,medium
BJ_Google_429.png,82.19561767578125,low,107.36323907455012,high
BJ_Google_436.png,146.96971130371094,high,175.6583519404572,low
BJ_Google_44.png,172.6927947998047,high,191.94750351815367,low
BJ_Google_446.png,99.26752471923828,low,117.1070351758794,high
BJ_Google_447.png,112.30332946777344,medium,134.39826804123712,medium
BJ_Google_454.png,47.76026916503906,low,106.18983609726757,high
BJ_Google_455.png,143.00131225585938,high,166.87794311394185,low
BJ_Google_457.png,103.62297058105467,medium,137.76172533310384,medium
BJ_Google_460.png,138.09934997558594,high,163.02164107901814,low
BJ_Google_471.png,147.49017333984375,high,175.384096476352,low
BJ_Google_472.png,115.56076049804688,medium,156.30880642361112,medium
BJ_Google_478.png,138.52696228027344,high,150.48524437927665,medium
BJ_Google_49.png,145.98741149902344,high,177.06552653798866,low
BJ_Google_500.png,112.34435272216795,medium,141.95631531800538,medium
BJ_Google_508.png,84.74549102783203,low,137.43354817708334,medium
BJ_Google_515.png,159.56288146972656,high,187.22832544378699,low
BJ_Google_522.png,88.70769500732422,low,111.25779939209727,high
BJ_Google_525.png,118.25298309326172,medium,136.49581761828298,medium
BJ_Google_535.png,76.9957504272461,low,97.31330371944055,high
BJ_Google_551.png,97.99334716796876,low,132.8232818181818,high
BJ_Google_560.png,125.21710968017578,medium,153.72032807570977,medium
BJ_Google_567.png,72.40644073486328,low,82.5142919648717,high
BJ_Google_571.png,114.73623657226562,medium,128.7456948798328,high
BJ_Google_576.png,113.9854507446289,medium,138.146529562982,medium
BJ_Google_579.png,148.87237548828125,high,163.41751353692874,low
BJ_Google_593.png,128.46435546875,high,151.82827083333333,medium
BJ_Google_595.png,111.66110229492188,medium,147.01630694335321,medium
BJ_Google_603.png,162.76417541503906,high,188.40875350896135,low
BJ_Google_605.png,131.98292541503906,high,141.63108317214702,medium
BJ_Google_608.png,114.78775787353516,medium,137.31966366366368,medium
BJ_Google_613.png,56.652435302734375,low,86.36633634417115,high
BJ_Google_620.png,165.3379669189453,high,195.9114411027569,low
BJ_Google_631.png,124.43326568603516,medium,170.35706588003933,low
BJ_Google_635.png,132.51637268066406,high,174.98279443641619,low
BJ_Google_637.png,120.09304809570312,medium,160.50313601492846,low
BL_Baidu_068.png,88.64344024658203,low,127.71383242610074,high
BL_Baidu_069.png,180.9355926513672,high,206.2978697952611,low
BL_Baidu_070.png,119.34268951416016,medium,129.57629537953795,high
BL_Baidu_074.png,132.82473754882812,high,169.11215159574468,low
BL_Baidu_084.png,171.29159545898438,high,184.8127750939345,low
BL_Baidu_087.png,128.63360595703125,high,182.19933322007984,low
BL_Baidu_102.png,74.47319030761719,low,85.69689506458309,high
BL_Baidu_103.png,71.52789306640625,low,122.47903381642512,high
BL_Baidu_129.png,61.24631118774414,low,115.90375976808298,high
BL_Baidu_134.png,72.41768646240234,low,111.50815833333333,high
BL_Baidu_176.png,90.03895568847656,low,142.8926898120693,medium
BL_Baidu_213.png,99.96299743652344,low,119.8316959798995,high
BL_Bing_020.png,128.24485778808594,high,165.79549403487306,low
BL_Bing_075.png,101.92552947998048,low,128.17442753372535,high
BL_Bing_092.png,79.66017150878906,low,128.4295056626875,high
BL_Bing_122.png,87.07295989990234,low,145.0421849519963,medium
BL_Bing_126.png,67.40392303466797,low,87.75081087085309,high
BL_Bing_128.png,117.3614501953125,medium,147.07776666666666,medium
BL_Bing_134.png,133.15074157714844,high,153.92737000783472,medium
BL_Bing_186.png,67.38548278808594,low,101.81208109577867,high
BL_Bing_193.png,110.6971664428711,medium,135.35061603375527,medium
BL_Bing_273.png,124.83546447753906,medium,146.59384600669537,medium
BL_Bing_314.png,122.19559478759766,medium,152.93523334448602,medium
BL_Bing_350.png,123.1258316040039,medium,156.72882317073172,medium
BL_Bing_430.png,79.90298461914062,low,105.75499408747874,high
BL_Bing_446.png,90.8892822265625,low,110.93252825222704,high
BL_Bing_591.png,74.5594711303711,low,126.91100990580699,high
BL_Bing_627.png,168.05284118652344,high,198.92895833333333,low
BL_Bing_743.png,119.64851379394533,medium,151.0068527607362,medium
BL_Google_047.png,74.04598236083984,low,119.46542106099508,high
BL_Google_065.png,57.63034057617188,low,127.93294129609545,high
BL_Google_121.png,93.67643737792967,low,125.58747212545344,high
BL_Google_127.png,90.57674407958984,low,116.20540051855895,high
BL_Google_147.png,131.67234802246094,high,158.27705649882904,low
BL_Google_173.png,119.31023406982422,medium,139.1173962000414,medium
BL_Google_178.png,133.9906005859375,high,152.83966949952784,medium
BL_Google_199.png,70.40765380859375,low,112.78241536014542,high
BL_Google_256.png,145.26412963867188,high,177.9581822051937,low
BL_Google_339.png,131.7263641357422,high,141.10236283778752,medium
BL_Google_433.png,129.5259552001953,high,167.2391703503321,low
BL_Google_440.png,79.96372985839844,low,129.97507708333333,high
BL_Google_463.png,135.5357208251953,high,151.59157006225328,medium
BL_Google_528.png,155.27342224121094,high,170.20996721311477,low
CC_Baidu_01.png,103.28694152832033,medium,120.06331400742116,high
CC_Baidu_011.png,126.10108184814452,medium,154.53752685696747,medium
CC_Baidu_016.png,107.58673858642578,medium,123.14193761814745,high
CC_Baidu_017.png,151.5579376220703,high,167.18536862003782,low
CC_Baidu_028.png,99.76508331298828,low,106.9060784549425,high
CC_Baidu_039.png,131.8082733154297,high,145.6230277252678,medium
CC_Baidu_040.png,109.2275619506836,medium,130.64728733459359,high
CC_Baidu_042.png,174.30064392089844,high,203.06842654735271,low
CC_Baidu_047.png,84.87461853027344,low,101.30582340195016,high
CC_Baidu_055.png,152.80909729003906,high,160.238125,low
CC_Baidu_066.png,132.64781188964844,high,151.57192186515437,medium
CC_Baidu_075.png,135.22579956054688,high,152.10301537684316,medium
CC_Baidu_081.png,122.49310302734376,medium,148.10928998161765,medium
CC_Baidu_083.png,163.3658447265625,high,201.81567505766088,low
CC_Baidu_086.png,109.27381134033205,medium,136.10184984984986,medium
CC_Baidu_091.png,125.05270385742188,medium,144.2759891108219,medium
CC_Baidu_095.png,101.5689926147461,low,129.4562673740053,high
CC_Baidu_102.png,190.0476531982422,high,203.77530065359477,low
CC_Baidu_108.png,135.63250732421875,high,154.61144444444443,medium
CC_Baidu_11.png,115.76018524169922,medium,145.881796875,medium
CC_Baidu_117.png,95.29381561279295,low,121.50787951807229,high
CC_Baidu_12.png,88.89116668701172,low,115.2689758411413,high
CC_Baidu_132.png,137.99276733398438,high,155.1424412811388,medium
CC_Baidu_137.png,149.42530822753906,high,165.10126526728135,low
CC_Baidu_141.png,149.66329956054688,high,157.25175412970052,medium
CC_Baidu_142.png,114.31587982177734,medium,135.4986933168061,medium
CC_Baidu_146.png,97.26234436035156,low,121.45496655932624,high
CC_Baidu_147.png,200.79867553710935,high,214.12321981424148,low
CC_Baidu_148.png,49.14897537231445,low,93.3240648556393,high
CC_Baidu_150.png,106.06592559814452,medium,135.1885569352708,medium
CC_Baidu_151.png,51.06929016113281,low,122.31493293591654,high
CC_Baidu_153.png,135.0948944091797,high,161.83939096884464,low
CC_Baidu_168.png,137.56295776367188,high,164.2343795214246,low
CC_Baidu_169.png,156.96798706054688,high,173.16193863035969,low
CC_Baidu_17.png,98.9123306274414,low,134.33220443349754,medium
CC_Baidu_174.png,133.9888458251953,high,148.0118747642399,medium
CC_Baidu_176.png,108.95509338378906,medium,148.2483371559633,medium
CC_Baidu_179.png,92.91407775878906,low,141.81252036493973,medium
CC_Baidu_189.png,125.93098449707033,medium,141.34650543362454,medium
CC_Baidu_19.png,156.46263122558594,high,179.33227319752658,low
CC_Baidu_221.png,167.7853546142578,high,187.16991910599617,low
CC_Baidu_226.png,135.66624450683594,high,161.93553078556263,low
CC_Baidu_228.png,127.39128875732422,medium,139.09251425805502,medium
CC_Baidu_229.png,123.58114624023438,medium,138.18866798291933,medium
CC_Baidu_230.png,140.32879638671875,high,156.60996385542168,medium
CC_Baidu_233.png,141.37191772460938,high,155.29291251384274,medium
CC_Baidu_236.png,92.97443389892578,low,116.51064111037674,high
CC_Baidu_237.png,113.4911880493164,medium,149.5705996131528,medium
CC_Baidu_244.png,138.82568359375,high,176.45477184610797,low
CC_Baidu_254.png,130.94337463378906,high,169.66547201336675,low
CC_Baidu_256.png,89.17668914794922,low,127.14840639912964,high
CC_Baidu_286.png,126.78923797607422,medium,146.22726190476192,medium
CC_Baidu_295.png,131.41204833984375,high,158.7941638225256,low
CC_Baidu_296.png,111.66387176513672,medium,148.41491836734693,medium
CC_Bing_001.png,146.65794372558594,high,162.65682926038414,low
CC_Bing_003.png,135.11032104492188,high,152.96505059558388,medium
CC_Bing_004.png,122.92180633544922,medium,160.32555637254902,low
CC_Bing_020.png,91.80168914794922,low,163.48668219295428,low
CC_Bing_022.png,124.9326400756836,medium,158.43140288159464,low
CC_Bing_027.png,149.69387817382812,high,179.88375716968682,low
CC_Bing_046.png,190.7128753662109,high,208.52908598930955,low
CC_Bing_052.png,130.1440887451172,high,145.18349391158452,medium
CC_Bing_062.png,98.68865966796876,low,123.41921438416239,high
CC_Bing_070.png,104.6277313232422,medium,149.4277416685434,medium
CC_Bing_081.png,144.32940673828125,high,160.23186987700308,low
CC_Bing_11.png,107.15506744384766,medium,134.50758416574178,medium
CC_Bing_112.png,10.834033012390137,low,118.59335498595506,high
CC_Bing_125.png,128.7632293701172,high,158.9587825,low
CC_Bing_134.png,159.2516632080078,high,175.6694198713143,low
CC_Bing_195.png,135.6970672607422,high,171.3929073960074,low
CC_Bing_204.png,104.61734008789062,medium,118.51083283229325,high
CC_Bing_218.png,183.2896881103516,high,197.0307004643963,low
CC_Bing_223.png,151.03662109375,high,181.8397547287466,low
CC_Bing_242.png,125.79801177978516,medium,137.98491428247047,medium
CC_Bing_26.png,78.8678970336914,low,116.1236104831543,high
CC_Bing_275.png,119.70255279541016,medium,130.8205677510359,high
CC_Bing_283.png,159.2242431640625,high,197.7567921236291,low
CC_Bing_290.png,111.88373565673828,medium,131.19215175475608,high
CC_Bing_309.png,151.98745727539062,high,170.6657591854803,low
CC_Bing_327.png,76.9375228881836,low,109.34436369427213,high
CC_Bing_336.png,117.61750793457033,medium,148.86866729678638,medium
CC_Bing_356.png,119.61312866210938,medium,133.483033105777,high
CC_Bing_357.png,77.8993148803711,low,135.33496240601505,medium
CC_Bing_371.png,148.64666748046875,high,166.03830707070708,low
CC_Bing_375.png,123.61579895019533,medium,149.90830927835052,medium
CC_Bing_384.png,123.3570556640625,medium,145.17446267300022,medium
CC_Bing_390.png,153.9771270751953,high,176.63813162612036,low
CC_Bing_409.png,120.86331939697266,medium,131.90070667682608,high
CC_Bing_434.png,148.59909057617188,high,154.93802144220297,medium
CC_Bing_436.png,152.97532653808594,high,180.51419893697798,low
CC_Bing_441.png,177.75970458984375,high,197.93056363636364,low
CC_Bing_452.png,135.8116455078125,high,170.04644605564852,low
CC_Bing_486.png,127.1984634399414,medium,149.0629436721263,medium
CC_Bing_510.png,148.53128051757812,high,160.97801829268292,low
CC_Bing_512.png,121.52733612060548,medium,134.05091466666667,high
CC_Bing_523.png,116.76805877685548,medium,181.49814868804665,low
CC_Bing_524.png,150.04690551757812,high,179.91707453859487,low
CC_Bing_547.png,112.88761138916016,medium,138.15450106422938,medium
CC_Bing_548.png,129.11273193359375,high,134.14088915001958,high
CC_Bing_572.png,161.30203247070312,high,176.97726653306614,low
CC_Bing_573.png,152.77841186523438,high,186.32832706766916,low
CC_Bing_587.png,104.81621551513672,medium,142.575,medium
CC_Bing_633.png,120.73613739013672,medium,152.58945741758242,medium
CC_Bing_637.png,164.0050811767578,high,186.48196194049854,low
CC_Bing_653.png,144.84442138671875,high,170.76492316920525,low
CC_Bing_666.png,126.2959976196289,medium,187.77657553956834,low
CC_Bing_668.png,113.75098419189452,medium,135.4585311807534,medium
CC_Bing_683.png,94.6382064819336,low,120.22319488046365,high
CC_Bing_689.png,110.63928985595705,medium,184.94560244648318,low
CC_Bing_694.png,106.20265197753906,medium,125.15731111111111,high
CC_Bing_725.png,148.62930297851562,high,171.04455625,low
CC_Bing_731.png,150.71148681640625,high,166.85333727810652,low
CC_Bing_750.png,106.48136138916016,medium,128.33623222470325,high
CC_Bing_758.png,124.98908233642578,medium,131.06052699394408,high
CC_Bing_836.png,152.3776397705078,high,173.41509745127436,low
CC_Bing_837.png,119.5361099243164,medium,152.54238081166272,medium
CC_Bing_875.png,120.3381805419922,medium,131.73290302016096,high
CC_Google_007.png,202.9508514404297,high,220.43225008667514,low
CC_Google_015.png,198.966064453125,high,214.2182755187931,low
CC_Google_033.png,126.2733917236328,medium,167.36303978706806,low
CC_Google_038.png,112.56124114990234,medium,152.45175119196472,medium
CC_Google_04.png,112.4620590209961,medium,140.8704756372488,medium
CC_Google_041.png,156.04617309570312,high,161.559692082146,low
CC_Google_058.png,171.1310577392578,high,183.70007612726917,low
CC_Google_07.png,139.19155883789062,high,165.9621410953706,low
CC_Google_074.png,82.06501770019531,low,129.0134246470227,high
CC_Google_089.png,91.50572967529295,low,130.94992994186404,high
CD_Baidu_012.png,130.6273193359375,high,155.91243684576753,medium
CD_Baidu_013.png,117.51519775390624,medium,144.6380765595463,medium
CD_Baidu_019.png,80.5996322631836,low,89.75659473430439,high
CD_Baidu_025.png,119.90218353271484,medium,135.07613333333333,medium
CD_Baidu_058.png,71.79380798339844,low,122.38143585386577,high
CD_Baidu_077.png,178.99020385742188,high,184.05434478564914,low
CD_Baidu_083.png,140.6292724609375,high,188.1550014811889,low
CD_Baidu_095.png,63.40491485595703,low,133.36767940964964,high
CD_Baidu_127.png,133.19908142089844,high,153.553205463707,medium
CD_Baidu_137.png,80.61785888671875,low,115.04896953610594,high
CD_Baidu_160.png,137.50717163085938,high,165.7095915915916,low
CD_Baidu_169.png,147.00009155273438,high,167.8365715442218,low
CD_Baidu_180.png,67.1423110961914,low,109.5833182912154,high
CD_Baidu_183.png,49.0599250793457,low,118.96057727534412,high
CD_Baidu_194.png,165.5996551513672,high,189.1423932398744,low
CD_Baidu_195.png,74.91305541992188,low,86.72524750227066,high
CD_Baidu_201.png,111.28581237792967,medium,155.60575335397317,medium
CD_Baidu_214.png,143.69212341308594,high,182.55594650205762,low
CD_Baidu_221.png,138.30770874023438,high,160.25388167388166,low
CD_Baidu_225.png,152.2058868408203,high,206.89655700746383,low
CD_Baidu_249.png,120.4060516357422,medium,145.33786204268293,medium
CD_Baidu_255.png,161.3790740966797,high,175.97814239332095,low
CD_Baidu_269.png,157.02615356445312,high,182.1656085631745,low
CD_Baidu_308.png,175.5558319091797,high,187.2908174001924,low
CD_Baidu_342.png,115.10816955566406,medium,132.9951003517484,high
CD_Baidu_352.png,114.03913879394533,medium,126.44742857142857,high
CD_Baidu_354.png,83.04350280761719,low,87.24582394894895,high
CD_Baidu_422.png,121.21591186523438,medium,161.2027874696602,low
CD_Baidu_424.png,105.46810150146484,medium,131.68833833833833,high
CD_Baidu_427.png,192.93946838378903,high,220.2391102713844,low
CD_Baidu_434.png,137.31768798828125,high,162.3368835961087,low
CD_Baidu_450.png,150.16204833984375,high,182.4620922742763,low
CD_Baidu_453.png,101.5045166015625,low,122.19070897655803,high
CD_Baidu_47.png,97.21623229980467,low,114.10696721311476,high
CD_Baidu_479.png,130.95919799804688,high,156.54419217081852,medium
CD_Baidu_489.png,116.40032196044922,medium,131.51040005846087,high
CD_Baidu_523.png,135.5721435546875,high,148.73076194244885,medium
CD_Bing_064.png,120.92767333984376,medium,142.4507603305785,medium
CD_Bing_139.png,49.61642837524414,low,141.80555105713,medium
CD_Bing_144.png,90.05915069580078,low,125.58974247477096,high
CD_Bing_176.png,82.87076568603516,low,123.78817695673311,high
CD_Bing_177.png,57.46474456787109,low,91.73844042105263,high
CD_Bing_214.png,62.79293441772461,low,86.96179519780918,high
CD_Bing_221.png,37.55604553222656,low,71.72591011018959,high
CD_Bing_256.png,131.30963134765625,high,197.21507745266783,low
CD_Bing_262.png,106.13615417480467,medium,146.4057678799074,medium
CD_Bing_270.png,173.28208923339844,high,190.70980262105377,low
CD_Bing_292.png,61.20486068725586,low,124.30720848725964,high
CD_Bing_30.png,135.0719757080078,high,200.5083168831169,low
CD_Bing_310.png,158.12730407714844,high,183.74709572490707,low
CD_Bing_338.png,117.19046020507812,medium,169.34843131451404,low
CD_Bing_390.png,127.01995086669922,medium,162.61697226783434,low
CD_Bing_402.png,99.8888931274414,low,161.61197371534666,low
CD_Bing_416.png,108.95673370361328,medium,158.16330777620098,low
CD_Bing_436.png,56.89162826538086,low,111.2877761904762,high
CD_Bing_452.png,108.42057800292967,medium,143.55522987814655,medium
CD_Bing_501.png,56.68978500366211,low,92.32265107212476,high
CD_Bing_533.png,126.79955291748048,medium,136.47575782246466,medium
CD_Bing_581.png,108.53099822998048,medium,146.60947146796138,medium
CD_Bing_662.png,48.31544494628906,low,83.14677797810853,high
CD_Bing_737.png,126.79745483398438,medium,161.35917801893328,low
CD_Bing_790.png,70.25769805908203,low,106.00938989697063,high
CD_Bing_812.png,137.5115966796875,high,162.0696914787087,low
CD_Google_04.png,105.80157470703124,medium,139.02059037900875,medium
CD_Google_065.png,109.28997802734376,medium,150.89570068359376,medium
CD_Google_078.png,92.42241668701172,low,111.62950138504155,high
CD_Google_135.png,167.63980102539062,high,190.0868,low
CD_Google_158.png,168.21188354492188,high,181.04605594956658,low
CD_Google_162.png,150.80686950683594,high,163.05450086805556,low
CD_Google_180.png,114.72315979003906,medium,136.13258,medium
CD_Google_185.png,102.23242950439452,low,133.11358072916667,high
CD_Google_199.png,82.36650085449219,low,108.315631127896,high
CD_Google_207.png,98.4989242553711,low,115.79997547516861,high
CD_Google_239.png,130.82615661621094,high,146.0254758358725,medium
CD_Google_341.png,183.69493103027344,high,207.2741189236111,low
CD_Google_367.png,126.27383422851562,medium,148.48205723124516,medium
CD_Google_372.png,60.504920959472656,low,114.01813206214689,high
CD_Google_518.png,121.2440414428711,medium,166.9659933383475,low
CD_Google_571.png,165.26268005371094,high,202.93185314685314,low
CD_Google_609.png,145.54913330078125,high,166.15018015530873,low
CD_Google_63.png,108.45230102539062,medium,123.99303765395378,high
CD_Google_630.png,112.8160400390625,medium,141.35893725490197,medium
CD_Google_631.png,64.6252670288086,low,104.56771077283372,high
CD_Google_643.png,162.64483642578125,high,193.0468996689585,low
CQ_Baidu_062.png,137.49343872070312,high,155.99757575757576,medium
CQ_Baidu_147.png,118.83000946044922,medium,159.23564552573745,low
CQ_Baidu_190.png,132.07498168945312,high,161.3429172122531,low
CQ_Baidu_199.png,122.7335433959961,medium,153.41547409220559,medium
CQ_Baidu_273.png,69.68043518066406,low,116.36234491881044,high
CQ_Baidu_286.png,155.54930114746094,high,197.59842284739983,low
CQ_Baidu_291.png,116.21711730957033,medium,138.21964237088136,medium
CQ_Baidu_316.png,75.89324188232422,low,151.1493668731704,medium
CQ_Baidu_327.png,38.73492431640625,low,110.61113890097144,high
CQ_Baidu_345.png,106.97742462158205,medium,133.20595714117,high
CQ_Baidu_373.png,161.99209594726562,high,175.8577564102564,low
CQ_Bing_162.png,88.20824432373047,low,114.67871079635786,high
CQ_Bing_190.png,112.849609375,medium,137.76749421296296,medium
CQ_Bing_221.png,101.02364349365234,low,124.7376409774436,high
CQ_Bing_318.png,86.39555358886719,low,146.57017066666666,medium
CQ_Bing_342.png,178.80087280273438,high,203.13434586098782,low
CQ_Google_019.png,165.21450805664062,high,196.06053985674478,low
CQ_Google_029.png,179.7683868408203,high,204.4988730856455,low
CQ_Google_035.png,149.72523498535156,high,165.63028706352333,low
CQ_Google_290.png,143.30862426757812,high,158.27263310687596,low
CQ_Google_35.png,128.8511505126953,high,170.05285655929038,low
CQ_Google_370.png,160.82342529296875,high,189.73833122895624,low
CQ_Google_380.png,85.55577087402344,low,112.01592818428185,high
CQ_Google_406.png,72.79292297363281,low,98.18384929906541,high
CQ_Google_446.png,146.2206268310547,high,168.9260672905526,low
CQ_Google_52.png,182.39952087402344,high,203.33317081911335,low
CQ_Google_521.png,114.61238861083984,medium,135.85702130480905,medium
CQ_Google_529.png,140.3973846435547,high,162.9329054054054,low
CQ_Google_547.png,189.4557647705078,high,213.77479070933572,low
CQ_Google_55.png,149.21209716796875,high,160.4829325918964,low
CQ_Google_615.png,140.2330780029297,high,171.60585154826958,low
CQ_Google_745.png,132.1154327392578,high,176.91201891135157,low
CQ_Google_763.png,88.51460266113281,low,149.75158496204168,medium
DJ_Baidu_023.png,100.14169311523438,low,118.53305066666667,high
DJ_Baidu_040.png,77.95926666259766,low,86.50954427083333,high
DJ_Baidu_055.png,191.1537170410156,high,227.61522479564033,low
DJ_Baidu_065.png,95.72124481201172,low,139.40777474430544,medium
DJ_Baidu_104.png,104.77523803710938,medium,192.28090231170768,low
DJ_Baidu_179.png,84.34225463867188,low,170.21596,low
DJ_Baidu_189.png,114.5573272705078,medium,136.68156428571427,medium
DJ_Baidu_206.png,99.3021240234375,low,170.47570811744387,low
DJ_Baidu_240.png,178.03773498535156,high,193.41919413919413,low
DJ_Bing_007.png,145.87481689453125,high,160.38244109632953,low
DJ_Bing_021.png,88.0426025390625,low,130.48276911655532,high
DJ_Bing_121.png,66.45440673828125,low,144.5330985426787,medium
DJ_Bing_127.png,68.56373596191406,low,93.85309244791667,high
DJ_Bing_148.png,117.89415740966795,medium,160.60957832752473,low
DJ_Bing_20.png,38.194114685058594,low,92.0721649484536,high
DJ_Bing_259.png,80.9041976928711,low,145.4873440016103,medium
DJ_Bing_271.png,91.29418182373048,low,152.09920972644377,medium
DJ_Bing_283.png,126.78041076660156,medium,139.40953703703704,medium
DJ_Bing_313.png,120.47899627685548,medium,139.82208672086722,medium
DJ_Bing_321.png,32.42270278930664,low,49.490144736842105,high
DJ_Bing_372.png,92.66742706298828,low,126.88317499310656,high
DJ_Bing_555.png,61.63692092895508,low,99.98362434725848,high
DJ_Bing_694.png,96.30728912353516,low,142.42707286238476,medium
DJ_Google_026.png,93.35942840576172,low,109.52056754221388,high
DJ_Google_154.png,133.50686645507812,high,145.6846611111111,medium
DJ_Google_157.png,121.62165069580078,medium,128.95796363636364,high
DJ_Google_199.png,133.28656005859375,high,161.49488929403282,low
DJ_Google_234.png,138.10240173339844,high,151.12255985137438,medium
DJ_Google_388.png,110.06795501708984,medium,136.30032197835695,medium
DJ_Google_398.png,65.0139389038086,low,85.93460512326733,high
DJ_Google_406.png,123.27368927001952,medium,153.77888257575756,medium
DJ_Google_425.png,180.15110778808597,high,223.0568388620725,low
DJ_Google_535.png,142.642333984375,high,168.59903134735202,low
DJ_Google_674.png,152.1779022216797,high,165.38316153846154,low
FogDr_Bing_002.png,101.55642700195312,low,113.8384043075338,high
FogDr_Bing_003.png,133.40023803710938,high,152.87072916666668,medium
FogDr_Bing_008.png,84.13404083251953,low,129.04558913308912,high
FogDr_Bing_019.png,68.5575180053711,low,137.957466367713,medium
FogDr_Bing_106.png,68.01519012451172,low,90.08584158415842,high
FogDr_Bing_125.png,131.20828247070312,high,156.22751664759508,medium
FogDr_Bing_206.png,142.5398406982422,high,155.2163894928227,medium
FogDr_Bing_217.png,68.05018615722656,low,107.32533558395627,high
FogDr_Bing_223.png,123.57916259765624,medium,171.63916463757258,low
FogDr_Bing_237.png,74.69764709472656,low,130.58576406381192,high
FogDr_Bing_256.png,105.88034057617188,medium,121.86084904790872,high
FogDr_Bing_304.png,191.43460083007807,high,215.06424546790788,low
FogDr_Bing_358.png,143.3651580810547,high,172.36379211469534,low
FogDr_Bing_367.png,73.63665008544922,low,95.55728196831406,high
FogDr_Bing_370.png,120.12110900878906,medium,147.15517893145162,medium
FogDr_Bing_394.png,184.57937622070312,high,198.95626222613458,low
FogDr_Bing_405.png,121.35037231445312,medium,141.21635814522637,medium
FogDr_Bing_410.png,120.27467346191406,medium,144.4265926850445,medium
FogDr_Bing_422.png,100.26619720458984,low,133.97281030027622,high
FogDr_Bing_443.png,49.07366180419922,low,82.80431325301205,high
FogDr_Bing_454.png,83.6355972290039,low,110.29849523923112,high
FogDr_Bing_510.png,103.07218170166016,medium,150.34209569295248,medium
FogDr_Bing_535.png,120.00377655029295,medium,156.38261848096028,medium
FogDr_Bing_557.png,108.98843383789062,medium,142.95643424036282,medium
FogDr_Bing_559.png,117.1706085205078,medium,125.07232590180361,high
FogDr_Bing_567.png,118.68074798583984,medium,133.82534064953137,high
FogDr_Bing_569.png,83.90048217773438,low,126.26944808467742,high
FogDr_Bing_635.png,113.3678970336914,medium,160.14827083333333,low
FogDr_Bing_648.png,140.55792236328125,high,165.3054006968641,low
FogDr_Bing_697.png,115.2689971923828,medium,123.39958773917422,high
FogDr_Google_003.png,46.69057846069336,low,78.85980442880795,high
FogDr_Google_004.png,140.5109405517578,high,155.56609184716928,medium
FogDr_Google_013.png,113.38775634765624,medium,150.13840773809522,medium
FogDr_Google_014.png,106.88184356689452,medium,142.6036464891041,medium
FogDr_Google_018.png,98.4576644897461,low,130.68703976435935,high
FogDr_Google_024.png,163.28953552246094,high,178.68332422088574,low
FogDr_Google_025.png,84.98841094970703,low,101.94323257905265,high
FogDr_Google_026.png,199.31614685058597,high,229.57306547619046,low
FogDr_Google_031.png,121.82166290283205,medium,141.91144965277778,medium
FogDr_Google_035.png,94.65287017822266,low,111.13407407407408,high
FogDr_Google_036.png,67.88187408447266,low,99.25127763605443,high
FogDr_Google_040.png,74.33506774902344,low,83.85653350181441,high
FogDr_Google_045.png,117.75337982177734,medium,127.4394514677523,high
FogDr_Google_050.png,110.23973846435548,medium,127.9608374537564,high
FogDr_Google_054.png,139.85501098632812,high,164.64348058269425,low
FogDr_Google_058.png,80.70448303222656,low,100.75001525878906,high
FogDr_Google_062.png,90.13060760498048,low,127.1446119747768,high
FogDr_Google_063.png,143.96157836914062,high,181.95297184241744,low
FogDr_Google_066.png,99.83822631835938,low,143.7478506455399,medium
FogDr_Google_072.png,77.14684295654297,low,121.4658782645208,high
FogDr_Google_073.png,36.19161605834961,low,93.31833333333333,high
FogDr_Google_074.png,58.903316497802734,low,85.4645516528515,high
FogDr_Google_076.png,56.975582122802734,low,135.7457795766928,medium
FogDr_Google_077.png,59.60038757324219,low,84.96376047904192,high
FogDr_Google_080.png,83.5051498413086,low,131.17727596270197,high
FogDr_Google_081.png,158.19300842285156,high,171.89313869327074,low
FogDr_Google_085.png,143.7150115966797,high,181.7690739064098,low
FogDr_Google_089.png,77.52072143554688,low,88.04581252948832,high
FogDr_Google_096.png,166.98074340820312,high,191.25609635416666,low
FogDr_Google_105.png,121.79814910888672,medium,149.55430167946557,medium
FogDr_Google_116.png,146.3582763671875,high,184.05495405179616,low
FogDr_Google_117.png,139.2917938232422,high,179.3290451388889,low
FogDr_Google_118.png,98.89913940429688,low,134.84592625195617,medium
FogDr_Google_123.png,127.75940704345705,medium,157.54062989045383,low
FogDr_Google_128.png,78.61524200439453,low,114.62032755518098,high
FogDr_Google_129.png,148.2596893310547,high,196.11621477054743,low
FogDr_Google_133.png,123.94743347167967,medium,149.1874948893172,medium
FogDr_Google_137.png,93.43280792236328,low,126.3255486542443,high
FogDr_Google_139.png,162.00621032714844,high,169.9236932938856,low
FogDr_Google_140.png,38.72576522827149,low,58.46696517148526,high
FogDr_Google_141.png,117.49759674072266,medium,136.32530565336464,medium
FogDr_Google_145.png,106.8437042236328,medium,135.5898400272294,medium
FogDr_Google_150.png,128.43504333496094,high,146.77181142410015,medium
FogDr_Google_157.png,119.3837661743164,medium,150.104796875,medium
FogDr_Google_160.png,122.7242431640625,medium,137.68714788732393,medium
FogDr_Google_167.png,124.96788024902344,medium,141.9399501173709,medium
FogDr_Google_170.png,85.48619079589844,low,124.42833755942948,high
FogDr_Google_172.png,81.12684631347656,low,115.9155736819614,high
FogDr_Google_175.png,109.78050231933594,medium,136.57108151549943,medium
FogDr_Google_187.png,79.41162872314453,low,112.052064,high
FogDr_Google_189.png,107.99406433105467,medium,144.33549768518517,medium
FogDr_Google_196.png,114.12216186523438,medium,129.69492126369326,high
FogDr_Google_214.png,83.14447784423828,low,112.69646542827657,high
FogDr_Google_215.png,155.96536254882812,high,181.37832061815337,low
FogDr_Google_222.png,209.19070434570312,high,223.62454166666666,low
FogDr_Google_223.png,110.82305145263672,medium,141.55474129499217,medium
FogDr_Google_238.png,75.51703643798828,low,102.34621087490653,high
FogDr_Google_24.png,122.00060272216795,medium,133.2432575,high
FogDr_Google_246.png,91.65884399414062,low,109.53042911210332,high
FogDr_Google_255.png,98.2984619140625,low,111.4016538453893,high
FogDr_Google_257.png,106.69619750976562,medium,128.75810023310024,high
FogDr_Google_259.png,123.18621826171876,medium,141.3837084506385,medium
FogDr_Google_261.png,103.48854064941406,medium,117.73855794270834,high
FogDr_Google_279.png,39.20382308959961,low,103.45746268656717,high
FogDr_Google_293.png,112.83045959472656,medium,141.04423828125,medium
FogDr_Google_294.png,87.61113739013672,low,164.9981925925926,low
FogDr_Google_306.png,142.79127502441406,high,162.1480389280125,low
FogDr_Google_308.png,142.45565795898438,high,168.40251374421297,low
FogDr_Google_311.png,128.47181701660156,high,145.7492772917459,medium
FogDr_Google_337.png,128.5599365234375,high,152.694908285895,medium
FogDr_Google_348.png,108.46234130859376,medium,137.39116294992175,medium
FogDr_Google_358.png,92.4445343017578,low,107.10361831376386,high
FogDr_Google_362.png,151.4779510498047,high,168.7145162470726,low
FogDr_Google_365.png,14.506003379821776,low,98.48755134976525,high
FogDr_Google_367.png,128.05169677734375,high,177.29873763736265,low
FogDr_Google_370.png,129.90269470214844,high,161.41444395539907,low
FogDr_Google_375.png,159.67567443847656,high,173.20966145833333,low
FogDr_Google_387.png,90.20735168457033,low,114.14595070422536,high
FogDr_Google_392.png,160.9185333251953,high,190.88457720588235,low
FogDr_Google_402.png,81.46538543701172,low,135.29774061032865,medium
FogDr_Google_405.png,89.35213470458984,low,116.89512269731897,high
FogDr_Google_410.png,129.5313262939453,high,190.90813877610208,low
FogDr_Google_415.png,127.14006805419922,medium,158.9380775510204,low
FogDr_Google_426.png,83.58878326416016,low,102.90585387323944,high
FogDr_Google_429.png,84.07947540283203,low,103.66896158854166,high
FogDr_Google_430.png,120.90386199951172,medium,129.43592925170068,high
FogDr_Google_431.png,172.01756286621094,high,186.61984,low
FogDr_Google_467.png,109.07286071777344,medium,147.16547518528944,medium
FogDr_Google_470.png,187.8510589599609,high,220.4942023406221,low
FogDr_Google_501.png,75.42512512207031,low,102.01911386774735,high
FogDr_Google_509.png,120.06621551513672,medium,147.68299479166666,medium
FogDr_Google_515.png,59.06194305419922,low,113.23858387799564,high
FogDr_Google_519.png,52.229774475097656,low,65.98769806338028,high
FogDr_Google_520.png,86.02208709716797,low,115.12801386330526,high
FogDr_Google_538.png,215.7649688720703,high,240.34791929382092,low
FogDr_Google_564.png,102.54011535644533,low,156.6839733918174,medium
FogDr_Google_569.png,192.5533447265625,high,229.71944872189712,low
FogDr_Google_589.png,114.16331481933594,medium,141.65677083333333,medium
FogDr_Google_590.png,98.52472686767578,low,142.96060250391236,medium
FogDr_Google_597.png,94.92619323730467,low,104.74999299719887,high
FogDr_Google_599.png,95.01557159423828,low,127.83856856416276,high
FogDr_Google_638.png,93.25779724121094,low,137.4282085298742,medium
FogDr_Google_651.png,152.05235290527344,high,180.62142006802722,low
FogDr_Google_658.png,96.70640563964844,low,153.10165552946842,medium
FogDr_Google_669.png,98.58051300048828,low,130.06941873668165,high
FogDr_Google_674.png,119.72661590576172,medium,130.50582615858843,high
FogDr_Google_678.png,108.33415222167967,medium,121.3142251538881,high
FogDr_Google_694.png,50.87115478515625,low,84.273909428795,high
FogDr_Google_700.png,128.61000061035156,high,156.9452007557781,medium
FogDr_Google_703.png,174.1517791748047,high,207.7352357198748,low
FogDr_Google_706.png,100.99813079833984,low,153.34864534428795,medium
FogDr_Google_709.png,78.40418243408203,low,94.54862669908967,high
FogDr_Google_713.png,59.41577911376953,low,138.82256549678695,medium
FogDr_Google_720.png,76.0694808959961,low,114.63980340375586,high
FogDr_Google_721.png,109.52098083496094,medium,145.23763549334552,medium
FogDr_Google_724.png,66.12045288085938,low,135.90682291666667,medium
FogDr_Google_744.png,59.018856048583984,low,75.02803333333334,high
FogDr_Google_747.png,136.1742401123047,high,156.11967188509232,medium
FogDr_Google_756.png,128.02175903320312,medium,159.72709809054513,low
FogDr_Google_757.png,93.49929809570312,low,132.97594401041667,high
FogDr_Google_765.png,126.85652923583984,medium,148.0301652892562,medium
FogDr_Google_783.png,92.70989227294922,low,126.02341796875,high
FogDr_Google_785.png,142.83706665039062,high,173.56723234953705,low
FogDr_Google_788.png,90.4918975830078,low,142.13733727329108,medium
FogDr_Google_791.png,120.07707214355467,medium,138.08821940104167,medium
FogDr_Google_792.png,136.97860717773438,high,152.67066162994502,medium
FogDr_Google_794.png,93.56600952148438,low,119.0516138953639,high
FogDr_Google_798.png,79.3452377319336,low,127.44390404929578,high
FogDr_Google_799.png,112.57138061523438,medium,138.93198790572293,medium
FogDr_Google_811.png,53.20431137084961,low,83.08908564814814,high
GRCN_Google_098.png,119.3238296508789,medium,170.0338174882629,low
GRCN_Google_108.png,131.4534912109375,high,173.6824032738095,low
GRCN_Google_152.png,135.13760375976562,high,185.87657271364318,low
GRCN_Google_207.png,105.559814453125,medium,146.81532597840106,medium
GRCN_Google_297.png,121.24620819091795,medium,155.97712890625,medium
GRCN_Google_308.png,106.82199096679688,medium,158.80777453838678,low
GRCN_Google_330.png,131.1136474609375,high,160.13656348386462,low
GRCN_Google_340.png,115.87267303466795,medium,173.97429985007497,low
GRCN_Google_346.png,95.48824310302734,low,172.95951772864382,low
GRCN_Google_385.png,141.95596313476562,high,182.2128953313253,low
GRCN_Google_482.png,88.22289276123047,low,135.2707673060884,medium
GRCN_Google_509.png,117.4809799194336,medium,162.61081409295352,low
GRCN_Google_517.png,151.04837036132812,high,186.1587733990148,low
GRCN_Google_538.png,94.6708526611328,low,119.21916810841984,high
GRCN_Google_601.png,116.76589965820312,medium,142.19502903600466,medium
GRCN_Google_696.png,110.35270690917967,medium,132.63086593671238,high
GRCN_Google_698.png,153.8795623779297,high,209.165964122183,low
GRCN_Google_713.png,55.3551139831543,low,133.7887587822014,high
GSGL_Baidu_003.png,146.3369903564453,high,157.54628811702767,low
GSGL_Baidu_005.png,131.32998657226562,high,148.59783125,medium
GSGL_Baidu_006.png,140.44705200195312,high,160.2575074829932,low
GSGL_Baidu_012.png,97.80775451660156,low,118.82091881686596,high
GSGL_Baidu_016.png,167.5203857421875,high,194.53615013006316,low
GSGL_Baidu_019.png,169.4250946044922,high,191.37640444444443,low
GSGL_Baidu_020.png,98.32553100585938,low,140.62838236111884,medium
GSGL_Baidu_028.png,98.86631774902344,low,117.18110776640577,high
GSGL_Baidu_029.png,132.7729034423828,high,156.3987969924812,medium
GSGL_Baidu_032.png,153.76971435546875,high,177.59802727272728,low
GSGL_Baidu_035.png,155.09039306640625,high,197.6773665791776,low
GSGL_Baidu_036.png,143.47669982910156,high,163.41659615384614,low
GSGL_Baidu_037.png,126.53141021728516,medium,146.4867266881029,medium
GSGL_Baidu_038.png,91.41687774658205,low,126.339736671703,high
GSGL_Baidu_045.png,173.18594360351562,high,211.30488339222615,low
GSGL_Baidu_047.png,110.93331146240234,medium,123.38969672678691,high
GSGL_Baidu_048.png,107.89691162109376,medium,134.74820788530465,medium
GSGL_Baidu_051.png,51.40658950805664,low,93.98572777777778,high
GSGL_Baidu_052.png,137.23533630371094,high,163.02501315789473,low
GSGL_Baidu_056.png,106.88731384277344,medium,125.01247557866155,high
GSGL_Baidu_058.png,66.36779022216797,low,96.45842946605141,high
GSGL_Baidu_060.png,98.67716217041016,low,120.11849882234435,high
GSGL_Baidu_065.png,127.47755432128906,medium,154.39650884744142,medium
GSGL_Baidu_071.png,146.55059814453125,high,167.98595918367346,low
GSGL_Baidu_072.png,122.23822021484376,medium,158.65575919514276,low
GSGL_Baidu_075.png,79.03430938720703,low,116.41225477707006,high
GSGL_Baidu_076.png,102.5803451538086,low,120.21344489795918,high
GSGL_Baidu_078.png,71.09003448486328,low,100.62522023809524,high
GSGL_Baidu_079.png,135.1547088623047,high,167.24016556703597,low
GSGL_Baidu_085.png,89.4931411743164,low,165.2289261083744,low
GSGL_Baidu_09.png,88.96635437011719,low,134.24097278544625,medium
GSGL_Baidu_093.png,120.4052734375,medium,135.29110465116278,medium
GSGL_Baidu_094.png,120.78069305419922,medium,140.36297707577899,medium
GSGL_Baidu_1002.png,111.83750915527344,medium,140.1141015625,medium
GSGL_Baidu_1011.png,118.82775115966795,medium,164.6774532224532,low
GSGL_Baidu_1016.png,63.51333618164063,low,112.25579473798652,high
GSGL_Baidu_1021.png,116.6051788330078,medium,187.65698828778582,low
GSGL_Baidu_1027.png,129.75465393066406,high,151.7253140794224,medium
GSGL_Baidu_1028.png,126.5810775756836,medium,136.4222013487476,medium
GSGL_Baidu_1029.png,160.67376708984375,high,187.11483516483517,low
GSGL_Baidu_1034.png,116.34052276611328,medium,136.0971111111111,medium
GSGL_Baidu_1035.png,62.775001525878906,low,122.41551351351352,high
GSGL_Baidu_1038.png,151.83370971679688,high,171.39553947197425,low
GSGL_Baidu_104.png,99.49279022216795,low,134.5765379029916,medium
GSGL_Baidu_1040.png,111.20467376708984,medium,184.39991045920686,low
GSGL_Baidu_1046.png,83.23482513427734,low,121.85167586206896,high
GSGL_Baidu_1053.png,146.37245178222656,high,165.03943925233645,low
GSGL_Baidu_1054.png,38.78269577026367,low,104.00050198643203,high
GSGL_Baidu_1059.png,177.1992950439453,high,191.72593578369245,low
GSGL_Baidu_1066.png,67.0882339477539,low,128.65186032510536,high
GSGL_Baidu_1072.png,102.77977752685548,medium,159.92525,low
GSGL_Baidu_1074.png,153.57650756835938,high,198.15334166666668,low
GSGL_Baidu_1077.png,171.2500762939453,high,194.33907559357542,low
GSGL_Baidu_1084.png,99.66650390625,low,131.73916105095782,high
GSGL_Baidu_1086.png,131.7150421142578,high,166.36686095270045,low
GSGL_Baidu_1087.png,108.8070297241211,medium,142.49183370044054,medium
GSGL_Baidu_1088.png,118.52828979492188,medium,146.94301126888675,medium
GSGL_Baidu_1089.png,112.50188446044922,medium,165.97837209302327,low
GSGL_Baidu_1102.png,189.36752319335935,high,208.14383663366337,low
GSGL_Baidu_1104.png,144.33209228515625,high,160.52812354312354,low
GSGL_Baidu_1121.png,79.01446533203125,low,111.82432782636864,high
GSGL_Baidu_1122.png,129.02301025390625,high,152.47895430840347,medium
GSGL_Baidu_113.png,167.4025115966797,high,187.64934219506304,low
GSGL_Baidu_1135.png,72.37939453125,low,132.0487015128134,high
GSGL_Baidu_1136.png,47.16945266723633,low,108.0277790383985,high
GSGL_Baidu_1138.png,119.1273193359375,medium,137.17726571917137,medium
GSGL_Baidu_1139.png,87.65895080566406,low,131.5584880952381,high
GSGL_Baidu_1142.png,135.47671508789062,high,180.84350083752093,low
GSGL_Baidu_1145.png,88.1733627319336,low,124.05988505747126,high
GSGL_Baidu_1149.png,89.91873168945312,low,114.11736707841031,high
GSGL_Baidu_1155.png,112.59174346923828,medium,145.4234317901048,medium
GSGL_Baidu_1156.png,104.99520111083984,medium,118.53426627620176,high
GSGL_Baidu_1158.png,94.6139144897461,low,150.32795950155764,medium
GSGL_Baidu_1163.png,67.1464614868164,low,129.0609298195541,high
GSGL_Baidu_1167.png,92.7205047607422,low,135.87209266409266,medium
GSGL_Baidu_1170.png,97.7598648071289,low,158.55863636363637,low
GSGL_Baidu_1171.png,113.12545013427734,medium,157.19052389705882,medium
GSGL_Baidu_1176.png,153.04190063476562,high,182.96386503067484,low
GSGL_Baidu_1177.png,140.88421630859375,high,196.56745779028435,low
GSGL_Baidu_1190.png,119.6637191772461,medium,134.16892401817117,high
GSGL_Baidu_1191.png,140.69107055664062,high,148.89578708604265,medium
GSGL_Baidu_1210.png,135.42626953125,high,179.02537829912023,low
GSGL_Baidu_1216.png,107.88948059082033,medium,130.52079710144926,high
GSGL_Baidu_1220.png,111.63727569580078,medium,195.83475316455696,low
GSGL_Baidu_1232.png,130.5996856689453,high,148.44305810397555,medium
GSGL_Baidu_1241.png,85.72135925292969,low,123.30458541458542,high
GSGL_Baidu_1249.png,93.26438903808594,low,158.02074833896725,low
GSGL_Baidu_1251.png,101.25922393798828,low,127.38041409781545,high
GSGL_Baidu_1257.png,153.03466796875,high,179.8964030612245,low
GSGL_Baidu_1259.png,90.5196762084961,low,130.46641685520362,high
GSGL_Baidu_1263.png,75.58526611328125,low,103.39051807228915,high
GSGL_Baidu_1270.png,133.95040893554688,high,148.12655737704918,medium
GSGL_Baidu_133.png,58.68361282348633,low,113.89177096619898,high
GSGL_Baidu_144.png,96.1413803100586,low,128.85042348008386,high
GSGL_Baidu_145.png,86.74222564697266,low,128.51154970760234,high
GSGL_Baidu_147.png,85.16596221923828,low,112.19751424287855,high
GSGL_Baidu_148.png,90.30525207519533,low,134.7539041322314,medium
GSGL_Baidu_149.png,88.90013885498047,low,159.4250672043011,low
GSGL_Baidu_156.png,136.56007385253906,high,184.2354802955665,low
GSGL_Baidu_163.png,120.93221282958984,medium,166.74985394352484,low
GSGL_Baidu_173.png,169.43006896972656,high,180.9670593220339,low
GSGL_Baidu_175.png,132.8271942138672,high,174.08955082742318,low
GSGL_Baidu_179.png,126.21587371826172,medium,175.7029690067426,low
GSGL_Baidu_187.png,68.67693328857422,low,116.34491335848553,high
GSGL_Baidu_196.png,103.83766174316406,medium,129.41796596865976,high
GSGL_Baidu_198.png,116.80110168457033,medium,155.9354112161138,medium
GSGL_Baidu_200.png,88.13162231445312,low,133.17132917964693,high
GSGL_Baidu_207.png,126.92452239990234,medium,148.30175475687105,medium
GSGL_Baidu_211.png,128.71041870117188,high,138.0409398587777,medium
GSGL_Baidu_217.png,130.9806671142578,high,152.65165614035087,medium
GSGL_Baidu_220.png,130.28224182128906,high,180.68287721218755,low
GSGL_Baidu_226.png,136.1410369873047,high,150.09252007123024,medium
GSGL_Baidu_229.png,99.99654388427734,low,126.43748393844315,high
GSGL_Baidu_23.png,99.83501434326172,low,142.87898479229747,medium
GSGL_Baidu_249.png,121.78042602539062,medium,148.89241061968335,medium
GSGL_Baidu_253.png,119.54766845703124,medium,146.6735690117017,medium
GSGL_Baidu_261.png,35.39497375488281,low,108.97444524625654,high
GSGL_Baidu_266.png,108.02605438232422,medium,131.82083696885803,high
GSGL_Baidu_270.png,117.4168701171875,medium,157.99732529375387,low
GSGL_Baidu_273.png,171.309814453125,high,189.58819556451613,low
GSGL_Baidu_281.png,120.13060760498048,medium,133.98692274305554,high
GSGL_Baidu_282.png,143.1842803955078,high,162.2998837485172,low
GSGL_Baidu_288.png,84.22903442382812,low,116.60356209150326,high
GSGL_Baidu_296.png,113.5398941040039,medium,131.56072717895822,high
GSGL_Baidu_300.png,59.04401016235352,low,136.93163191202407,medium
GSGL_Baidu_304.png,111.55949401855467,medium,124.44604072969831,high
GSGL_Baidu_308.png,101.04137420654295,low,141.5832474629196,medium
GSGL_Baidu_329.png,134.50494384765625,high,153.39067398330553,medium
GSGL_Baidu_330.png,100.6006088256836,low,123.36755758748022,high
GSGL_Baidu_335.png,138.41075134277344,high,177.20151005605013,low
GSGL_Baidu_35.png,106.64037322998048,medium,162.62775478574835,low
GSGL_Baidu_360.png,144.18417358398438,high,179.57018348623853,low
GSGL_Baidu_390.png,165.8681640625,high,182.89573721050618,low
GSGL_Baidu_394.png,148.5613555908203,high,188.4118109087645,low
GSGL_Baidu_399.png,116.35220336914062,medium,156.97501057183663,medium
GSGL_Baidu_407.png,174.72169494628906,high,196.17339970501476,low
GSGL_Baidu_412.png,82.35189819335938,low,114.36220473964835,high
GSGL_Baidu_418.png,131.16201782226562,high,143.32861774241084,medium
GSGL_Baidu_424.png,160.6691131591797,high,197.47148692810458,low
GSGL_Baidu_427.png,122.60384368896484,medium,145.12578947368422,medium
GSGL_Baidu_448.png,141.28970336914062,high,163.92516785359976,low
GSGL_Baidu_456.png,119.5040283203125,medium,147.45214858627952,medium
GSGL_Baidu_458.png,163.8781280517578,high,174.37735617128465,low
GSGL_Baidu_464.png,135.0261993408203,high,156.00741725207266,medium
GSGL_Baidu_465.png,105.26187896728516,medium,136.4466331244858,medium
GSGL_Baidu_474.png,139.08445739746094,high,188.5138439849624,low
GSGL_Baidu_476.png,78.2027816772461,low,127.97303889730821,high
GSGL_Baidu_478.png,63.27192306518555,low,106.14729122807017,high
GSGL_Baidu_479.png,134.63162231445312,high,153.30270467836257,medium
GSGL_Baidu_484.png,75.66114807128906,low,127.87921492921492,high
GSGL_Baidu_489.png,82.04573059082031,low,114.9262138030888,high
GSGL_Baidu_490.png,102.8582763671875,medium,139.52469950430358,medium
GSGL_Baidu_495.png,161.71243286132812,high,194.25961714285714,low
GSGL_Baidu_501.png,146.0238037109375,high,191.29332727272728,low
GSGL_Baidu_529.png,103.53377532958984,medium,148.40039463299132,medium
GSGL_Baidu_537.png,126.25221252441406,medium,166.2604929577465,low
GSGL_Baidu_559.png,59.52638626098633,low,139.36262004432405,medium
GSGL_Baidu_567.png,133.97288513183594,high,148.85390664961636,medium
GSGL_Baidu_570.png,134.05792236328125,high,159.92330399863295,low
GSGL_Baidu_587.png,108.04965209960938,medium,123.63051351351352,high
GSGL_Baidu_596.png,182.7537384033203,high,206.67255185185186,low
GSGL_Baidu_602.png,171.1813507080078,high,196.07442446043166,low
GSGL_Baidu_604.png,137.24497985839844,high,202.35057929644867,low
GSGL_Baidu_607.png,121.46833038330078,medium,152.3206373873874,medium
GSGL_Baidu_610.png,75.2325210571289,low,125.81738586616635,high
GSGL_Baidu_616.png,122.01380157470705,medium,150.24903523140566,medium
GSGL_Baidu_619.png,73.9811019897461,low,127.87660782703887,high
GSGL_Baidu_622.png,116.55355834960938,medium,147.5731991337864,medium
GSGL_Baidu_623.png,93.5126953125,low,116.95869387755101,high
GSGL_Baidu_625.png,76.2039566040039,low,184.39919206141676,low
GSGL_Baidu_627.png,146.77212524414062,high,176.96262314540058,low
GSGL_Baidu_636.png,106.25892639160156,medium,119.36075117772104,high
GSGL_Baidu_644.png,84.02643585205078,low,126.74428605369447,high
GSGL_Baidu_653.png,75.04212188720703,low,117.7869963099631,high
GSGL_Baidu_654.png,100.4053726196289,low,148.31697081826593,medium
GSGL_Baidu_656.png,108.71569061279295,medium,121.58105004101722,high
GSGL_Baidu_662.png,94.83937072753906,low,130.80456869773,high
GSGL_Baidu_663.png,87.70909118652344,low,114.68116853932584,high
GSGL_Baidu_665.png,90.71173095703124,low,136.10935538257345,medium
GSGL_Baidu_669.png,107.54273986816406,medium,151.28249526798166,medium
GSGL_Baidu_677.png,85.79591369628906,low,130.85763070786817,high
GSGL_Baidu_683.png,106.76182556152344,medium,141.2022064989518,medium
GSGL_Baidu_684.png,76.43110656738281,low,113.77582440663726,high
GSGL_Baidu_687.png,199.84695434570312,high,209.95298236092265,low
GSGL_Baidu_688.png,167.43650817871094,high,187.00439602609475,low
GSGL_Baidu_713.png,92.54361724853516,low,130.59104619708253,high
GSGL_Baidu_715.png,85.38372802734375,low,150.00368242559222,medium
GSGL_Baidu_719.png,105.27507781982422,medium,114.28588692579505,high
GSGL_Baidu_723.png,118.39229583740234,medium,185.34988816738817,low
GSGL_Baidu_726.png,153.8291015625,high,167.7975417520225,low
GSGL_Baidu_734.png,101.23861694335938,low,130.52840597014927,high
GSGL_Baidu_743.png,111.1001205444336,medium,125.43994895143487,high
GSGL_Baidu_751.png,149.9239044189453,high,178.5344441132638,low
GSGL_Baidu_768.png,149.02151489257812,high,185.23530561674008,low
GSGL_Baidu_769.png,124.29165649414062,medium,170.38979437841917,low
GSGL_Baidu_780.png,145.8733367919922,high,177.68527082673424,low
GSGL_Baidu_781.png,123.3841323852539,medium,140.07366879781088,medium
GSGL_Baidu_788.png,77.14212036132812,low,123.06321991178324,high
GSGL_Baidu_789.png,115.8638916015625,medium,146.4395532994924,medium
GSGL_Baidu_799.png,140.07778930664062,high,149.99803822620325,medium
GSGL_Baidu_808.png,129.8549346923828,high,143.45046875,medium
GSGL_Baidu_816.png,147.83053588867188,high,168.48043243243242,low
GSGL_Baidu_817.png,80.48101806640625,low,123.21250792041566,high
GSGL_Baidu_825.png,106.3548355102539,medium,123.17691176470588,high
GSGL_Baidu_829.png,168.27743530273438,high,184.99234361510085,low
GSGL_Baidu_830.png,148.46827697753906,high,174.07625800410776,low
GSGL_Baidu_845.png,73.16519165039062,low,150.45788235294117,medium
GSGL_Baidu_848.png,78.7895278930664,low,104.36164396447923,high
GSGL_Baidu_850.png,108.3545379638672,medium,140.87169820710935,medium
GSGL_Baidu_852.png,144.39678955078125,high,171.18815217391304,low
GSGL_Baidu_866.png,135.54464721679688,high,172.19429524603837,low
GSGL_Baidu_870.png,100.57913970947266,low,123.26274963077121,high
GSGL_Baidu_873.png,81.67212677001953,low,139.48610389610388,medium
GSGL_Baidu_879.png,119.75484466552734,medium,142.5905462754421,medium
GSGL_Baidu_882.png,106.72708129882812,medium,135.45594656808035,medium
GSGL_Baidu_886.png,180.10011291503906,high,217.01189579651117,low
GSGL_Baidu_894.png,127.2187042236328,medium,174.06197603383458,low
GSGL_Baidu_896.png,86.7539291381836,low,116.93127205882352,high
GSGL_Baidu_900.png,148.85818481445312,high,189.49388685617788,low
GSGL_Baidu_905.png,129.3423614501953,high,150.1323777185814,medium
GSGL_Baidu_906.png,130.3273468017578,high,153.25329537366548,medium
GSGL_Baidu_955.png,140.07940673828125,high,184.79658258258257,low
GSGL_Baidu_957.png,93.04714965820312,low,109.43148975791433,high
GSGL_Baidu_976.png,137.70361328125,high,159.1150712585495,low
GSGL_Baidu_981.png,87.09803009033203,low,130.6171573033708,high
GSGL_Bing_015.png,104.26641845703124,medium,133.67316934284355,high
GSGL_Bing_018.png,159.7742156982422,high,184.6412946607788,low
GSGL_Bing_025.png,84.32787322998047,low,134.1006955623728,high
GSGL_Bing_027.png,158.8251495361328,high,177.5706534695615,low
GSGL_Bing_034.png,131.17189025878906,high,157.56539375,low
GSGL_Bing_040.png,107.43956756591795,medium,140.47986111111112,medium
GSGL_Bing_046.png,168.7218017578125,high,200.3399945671858,low
GSGL_Bing_049.png,182.1062469482422,high,198.02976726726726,low
GSGL_Bing_059.png,104.86328125,medium,120.69523255813954,high
GSGL_Bing_083.png,80.95624542236328,low,85.11815656565656,high
GSGL_Bing_092.png,148.47935485839844,high,175.23552698481876,low
GSGL_Bing_095.png,136.4225311279297,high,156.56324813579278,medium
GSGL_Bing_113.png,146.4362030029297,high,179.6957794676806,low
GSGL_Bing_115.png,97.51039123535156,low,130.66130833333332,high
GSGL_Bing_122.png,147.5826873779297,high,176.36931404657932,low
GSGL_Bing_136.png,118.47286987304688,medium,150.3407925925926,medium
GSGL_Bing_149.png,129.109619140625,high,152.0026301369863,medium
GSGL_Bing_161.png,118.80935668945312,medium,136.68831470588236,medium
GSGL_Bing_167.png,116.50936889648438,medium,130.17159310143234,high
GSGL_Bing_171.png,135.87669372558594,high,159.86795940949452,low
GSGL_Bing_181.png,137.86048889160156,high,167.05567950693376,low
GSGL_Bing_184.png,121.88323211669922,medium,153.2584577114428,medium
GSGL_Bing_193.png,167.51275634765625,high,195.0105,low
GSGL_Bing_198.png,194.23196411132807,high,206.55652243589745,low
GSGL_Bing_210.png,73.66355895996094,low,141.68801356589148,medium
GSGL_Bing_217.png,41.38146209716797,low,174.2780202454128,low
GSGL_Bing_231.png,110.5798110961914,medium,143.95709040273852,medium
GSGL_Bing_261.png,121.12271881103516,medium,148.55993493049394,medium
GSGL_Bing_264.png,118.94081115722656,medium,139.62800675675675,medium
GSGL_Bing_267.png,88.87106323242188,low,117.38127213114754,high
GSGL_Bing_272.png,111.07949829101562,medium,136.84647741147742,medium
GSGL_Bing_274.png,94.65941619873048,low,111.14754717351222,high
GSGL_Bing_327.png,126.95915222167967,medium,156.51122916666668,medium
GSGL_Bing_333.png,148.77565002441406,high,167.8861462066452,low
GSGL_Bing_337.png,159.83203125,high,176.5608904109589,low
GSGL_Bing_341.png,137.88357543945312,high,148.90598375272438,medium
GSGL_Bing_349.png,126.43665313720705,medium,170.43951322751323,low
GSGL_Bing_354.png,126.2860336303711,medium,147.38661861861863,medium
GSGL_Bing_355.png,126.14159393310548,medium,183.08080149114633,low
GSGL_Bing_372.png,119.2878646850586,medium,138.10283943329398,medium
GSGL_Bing_378.png,167.0165557861328,high,197.1645158227848,low
GSGL_Bing_408.png,123.1910171508789,medium,161.72781287927464,low
GSGL_Bing_413.png,119.40959930419922,medium,139.83667285095856,medium
GSGL_Bing_417.png,149.8374481201172,high,164.21173076923077,low
GSGL_Bing_434.png,132.3760223388672,high,145.78343466666666,medium
GSGL_Bing_439.png,88.23536682128906,low,107.04996137007468,high
GSGL_Bing_44.png,107.28884887695312,medium,129.12637262555296,high
GSGL_Bing_446.png,138.86331176757812,high,145.95940887533877,medium
GSGL_Bing_447.png,84.43231201171875,low,105.18238941798941,high
GSGL_Bing_448.png,116.36283111572266,medium,127.57654916677836,high
GSGL_Bing_521.png,166.3720703125,high,186.75567453379952,low
GSGL_Bing_528.png,153.9059600830078,high,171.9142888036733,low
GSGL_Bing_535.png,86.00768280029297,low,114.81056912193758,high
GSGL_Bing_538.png,175.27099609375,high,190.8398288866374,low
GSGL_Bing_543.png,118.43743896484376,medium,155.15259989053092,medium
GSGL_Bing_567.png,97.19037628173828,low,123.42612731623566,high
GSGL_Bing_573.png,139.91461181640625,high,158.97206984126984,low
GSGL_Bing_597.png,158.79368591308594,high,180.3408452591136,low
GSGL_Bing_651.png,129.26934814453125,high,139.41135296242774,medium
GSGL_Bing_665.png,119.79114532470705,medium,135.0889346846847,medium
GSGL_Bing_668.png,128.2001953125,high,159.2799424064104,low
GSGL_Bing_678.png,129.98939514160156,high,175.84333938294012,low
GSGL_Bing_681.png,55.42768859863281,low,119.16509773959174,high
GSGL_Bing_686.png,176.87168884277344,high,191.3185622714591,low
GSGL_Bing_688.png,92.99337005615234,low,108.79872727272728,high
GSGL_Bing_71.png,158.24948120117188,high,195.1280188810218,low
GSGL_Bing_754.png,106.10037231445312,medium,157.72542089552238,low
GSGL_Bing_756.png,133.7464141845703,high,146.20564918851434,medium
GSGL_Bing_787.png,108.19184112548828,medium,127.61595810879034,high
GSGL_Bing_820.png,116.65534210205078,medium,173.53808641975309,low
GSGL_Google_004.png,116.05716705322266,medium,126.76862606649014,high
GSGL_Google_007.png,158.20156860351562,high,171.32814814814816,low
GSGL_Google_009.png,137.6490936279297,high,151.60690544412608,medium
GSGL_Google_013.png,123.13894653320312,medium,135.6019313304721,medium
GSGL_Google_05.png,165.64524841308594,high,189.18313419117646,low
GSGL_Google_073.png,162.7107391357422,high,180.54031772575252,low
GSGL_Google_095.png,173.63665771484375,high,185.5379287075262,low
GSGL_Google_120.png,1.0198266506195068,low,76.582097599145,high
GSGL_Google_121.png,45.661251068115234,low,173.24761666527698,low
GSGL_Google_14.png,148.71983337402344,high,163.1005155279503,low
GSGL_Google_149.png,154.13360595703125,high,188.81714215853845,low
GSGL_Google_15.png,164.63121032714844,high,174.6262686567164,low
GSGL_Google_152.png,122.60243225097656,medium,163.6269036198265,low
GSGL_Google_20.png,175.8695831298828,high,192.80880530129673,low
GSGL_Google_218.png,115.41111755371094,medium,141.23788898601399,medium
GSGL_Google_227.png,172.67172241210938,high,182.3981634558071,low
GSGL_Google_263.png,108.89825439453124,medium,141.95425531914893,medium
GSGL_Google_269.png,138.7479705810547,high,152.90694255479968,medium
GSGL_Google_328.png,148.7380828857422,high,182.45685449820039,low
GSGL_Google_335.png,115.39551544189452,medium,131.60392493912047,high
GSGL_Google_347.png,128.54617309570312,high,153.47332835573255,medium
GSGL_Google_365.png,172.2283172607422,high,177.23664772727273,low
GSGL_Google_366.png,128.02325439453125,medium,142.07226,medium
GSGL_Google_371.png,166.65541076660156,high,204.5047055214724,low
GSGL_Google_382.png,133.32298278808594,high,150.26472015172232,medium
GSGL_Google_396.png,108.50157165527344,medium,142.68877540572365,medium
GSGL_Google_402.png,173.4046630859375,high,214.89433333333332,low
GSGL_Google_418.png,116.2129898071289,medium,134.4188594762483,medium
GSGL_Google_427.png,110.03850555419922,medium,124.59761639344262,high
GSGL_Google_442.png,144.65097045898438,high,169.85235223667345,low
GSGL_Google_461.png,201.51486206054688,high,218.32018761726079,low
GSGL_Google_47.png,98.79094696044922,low,112.3354786325212,high
GSGL_Google_474.png,121.58335876464844,medium,156.03062946647088,medium
GSGL_Google_485.png,166.99851989746094,high,186.15090789473683,low
GSGL_Google_49.png,139.662841796875,high,151.41097646893053,medium
GSGL_Google_515.png,143.14321899414062,high,170.3007174744898,low
GSGL_Google_587.png,93.86585998535156,low,115.30457142857144,high
GSGL_Google_600.png,137.66392517089844,high,164.34360001116195,low
GSGL_Google_605.png,115.18595123291016,medium,150.45812652833933,medium
GSGL_Google_655.png,157.3278045654297,high,184.51147959183675,low
GSGL_Google_663.png,125.7401351928711,medium,147.07066666666665,medium
GSGL_Google_700.png,128.51318359375,high,158.0118242990654,low
GSGL_Google_708.png,118.10214233398438,medium,140.3946750377863,medium
GSGL_Google_723.png,171.17506408691406,high,193.68821428571428,low
HC_Bing_355.png,100.31034088134766,low,148.9934907325684,medium
HC_Bing_368.png,136.06039428710938,high,161.62187755102042,low
HC_Bing_388.png,182.12478637695312,high,198.33052132237873,low
HC_Bing_660.png,75.7783432006836,low,116.76322357723578,high
HC_Google_339.png,129.94125366210938,high,158.7879114053813,low
HC_Google_345.png,149.19195556640625,high,182.98871889400922,low
HC_Google_361.png,113.71668243408205,medium,153.938001271518,medium
HC_Google_364.png,74.94789123535156,low,114.15933202357564,high
HC_Google_432.png,135.70249938964844,high,181.98811682531309,low
HC_Google_450.png,108.4310073852539,medium,135.1628594483568,medium
HC_Google_465.png,137.8430633544922,high,179.048899937363,low
HC_Google_471.png,124.24497985839844,medium,164.45139554434635,low
HC_Google_524.png,97.79421997070312,low,138.99386003521127,medium
HC_Google_543.png,126.36454010009766,medium,152.40229804421767,medium
HC_Google_613.png,52.02743911743164,low,119.9754476584022,high
HC_Google_696.png,149.5527801513672,high,167.8066331868592,low
HEB_Baidu_003.png,138.01171875,high,146.138925684999,medium
HEB_Baidu_008.png,126.9382553100586,medium,148.5236623915015,medium
HEB_Baidu_012.png,127.41121673583984,medium,150.8444437380801,medium
HEB_Baidu_024.png,114.12049102783205,medium,127.400576171875,high
HEB_Baidu_036.png,185.5544891357422,high,200.47659048680788,low
HEB_Baidu_038.png,90.25211334228516,low,170.8264670846395,low
HEB_Baidu_042.png,123.04363250732422,medium,134.88603744939272,medium
HEB_Baidu_043.png,99.21009063720705,low,117.66209910358566,high
HEB_Baidu_05.png,86.72377014160156,low,165.22225245186596,low
HEB_Baidu_054.png,115.6353759765625,medium,138.53801404619819,medium
HEB_Baidu_056.png,109.52423858642578,medium,121.35985243885777,high
HEB_Baidu_058.png,114.3637924194336,medium,137.75574243825864,medium
HEB_Baidu_062.png,93.7881088256836,low,108.7059872800575,high
HEB_Baidu_068.png,105.28059387207033,medium,124.78376744186046,high
HEB_Baidu_070.png,150.89671325683594,high,181.69642524916944,low
HEB_Baidu_075.png,140.4843292236328,high,184.70984588218334,low
HEB_Baidu_089.png,111.8412628173828,medium,134.55539680189517,medium
HEB_Baidu_09.png,116.75325775146484,medium,141.34758266051517,medium
HEB_Baidu_103.png,119.00326538085938,medium,145.03509333333332,medium
HEB_Baidu_107.png,114.4871063232422,medium,151.19075388026607,medium
HEB_Baidu_109.png,194.13052368164065,high,219.4055456965395,low
HEB_Baidu_144.png,182.69097900390625,high,196.65436507936508,low
HEB_Baidu_148.png,95.83199310302734,low,111.58435616824879,high
HEB_Baidu_15.png,111.70958709716795,medium,121.96602268358323,high
HEB_Baidu_156.png,112.30358123779295,medium,121.64162909090909,high
HEB_Baidu_165.png,102.36448669433594,low,110.29239583333333,high
HEB_Baidu_169.png,136.8289031982422,high,175.25068275643062,low
HEB_Baidu_171.png,139.81964111328125,high,157.51359649122807,low
HEB_Baidu_199.png,163.7895050048828,high,179.6216861111111,low
HEB_Baidu_203.png,142.47805786132812,high,146.9155363059359,medium
HEB_Baidu_216.png,114.36148071289062,medium,161.71863875122156,low
HEB_Baidu_218.png,75.52986907958984,low,101.57633709951028,high
HEB_Baidu_228.png,114.25642395019533,medium,135.96750059463318,medium
HEB_Baidu_235.png,88.27140808105469,low,101.20885406799445,high
HEB_Baidu_238.png,104.5522232055664,medium,165.71597834112725,low
HEB_Baidu_250.png,98.80789947509766,low,112.98774727521396,high
HEB_Baidu_265.png,134.5991973876953,high,155.1616620498615,medium
HEB_Baidu_273.png,123.9910659790039,medium,161.19084337349398,low
HEB_Baidu_279.png,123.54727935791016,medium,137.5115658609602,medium
HEB_Baidu_28.png,148.8473663330078,high,170.88103394435979,low
HEB_Baidu_301.png,124.61370086669922,medium,151.9544194897084,medium
HEB_Baidu_309.png,123.00179290771484,medium,155.30009023749318,medium
HEB_Baidu_328.png,157.6425323486328,high,165.28147753885457,low
HEB_Baidu_335.png,132.55650329589844,high,171.8906697171381,low
HEB_Baidu_342.png,129.18728637695312,high,157.58629081512802,low
HEB_Baidu_369.png,154.79443359375,high,174.685355,low
HEB_Baidu_372.png,156.2434844970703,high,170.82576876505263,low
HEB_Baidu_381.png,85.30886840820312,low,101.80368023255814,high
HEB_Baidu_385.png,116.00495147705078,medium,139.39508463541668,medium
HEB_Baidu_416.png,136.68087768554688,high,150.50645659432388,medium
HEB_Baidu_432.png,135.9879913330078,high,139.65287778062716,medium
HEB_Baidu_438.png,115.508544921875,medium,130.9583764062025,high
HEB_Baidu_441.png,91.19117736816406,low,108.67118340596602,high
HEB_Baidu_453.png,98.2328643798828,low,132.46086419753087,high
HEB_Baidu_455.png,129.14666748046875,high,143.43944741532977,medium
HEB_Baidu_458.png,140.96343994140625,high,152.15044694132334,medium
HEB_Baidu_462.png,130.9314727783203,high,154.01999646518203,medium
HEB_Baidu_464.png,165.07933044433594,high,181.49287350718987,low
HEB_Baidu_468.png,138.05763244628906,high,170.22572001795095,low
HEB_Baidu_472.png,102.4820785522461,low,138.8310344827586,medium
HEB_Baidu_496.png,132.8722381591797,high,150.472750920577,medium
HEB_Baidu_497.png,94.63679504394533,low,137.60421887702185,medium
HEB_Baidu_500.png,120.20606994628906,medium,135.4778735632184,medium
HEB_Baidu_501.png,116.84300231933594,medium,129.64411468178955,high
HEB_Baidu_506.png,113.463134765625,medium,151.34145256916997,medium
HEB_Baidu_508.png,149.0020751953125,high,165.32493419539495,low
HEB_Baidu_513.png,84.11922454833984,low,105.23455395683453,high
HEB_Baidu_515.png,125.40486145019533,medium,140.01133024385075,medium
HEB_Baidu_521.png,153.06353759765625,high,163.12730135334317,low
HEB_Baidu_530.png,182.36395263671875,high,190.511217641419,low
HEB_Baidu_534.png,84.59729766845703,low,114.66951165721487,high
HEB_Baidu_554.png,118.8151626586914,medium,152.24962347257744,medium
HEB_Baidu_560.png,85.00033569335938,low,99.66138495092693,high
HEB_Baidu_569.png,137.68873596191406,high,149.38911571978653,medium
HEB_Baidu_588.png,111.40103149414062,medium,133.65075187969924,high
HEB_Baidu_589.png,122.64967346191406,medium,157.35769030602185,medium
HEB_Baidu_594.png,110.31066131591795,medium,152.53026536312848,medium
HEB_Baidu_610.png,121.8640365600586,medium,129.7573875,high
HEB_Baidu_636.png,136.6220245361328,high,145.48660256410255,medium
HEB_Baidu_669.png,113.6667251586914,medium,118.33857686453577,high
HEB_Baidu_678.png,101.4457015991211,low,116.3577898874397,high
HEB_Baidu_680.png,131.333740234375,high,160.83756842580783,low
HEB_Baidu_683.png,116.06510925292967,medium,154.62187786960513,medium
HEB_Baidu_685.png,110.3433074951172,medium,117.60982717520858,high
HEB_Baidu_693.png,117.2703857421875,medium,147.8487804307116,medium
HEB_Baidu_698.png,101.37039184570312,low,133.60076851851852,high
HEB_Baidu_706.png,142.6155242919922,high,161.17901692708332,low
HEB_Baidu_711.png,121.52135467529295,medium,133.7296996996997,high
HEB_Baidu_723.png,113.89431762695312,medium,126.3412307315722,high
HEB_Baidu_729.png,131.73507690429688,high,176.77523496240602,low
HEB_Baidu_753.png,139.76744079589844,high,162.68933207085652,low
HEB_Baidu_772.png,95.99127960205078,low,104.17528507200105,high
HEB_Baidu_782.png,95.51728057861328,low,126.07483281086729,high
HEB_Baidu_786.png,179.98681640625,high,190.93731993299832,low
HEB_Baidu_802.png,96.9089813232422,low,115.7134637605042,high
HEB_Baidu_804.png,117.9173355102539,medium,135.67604166666666,medium
HEB_Baidu_806.png,94.14224243164062,low,175.53964379256155,low
HEB_Baidu_810.png,158.48056030273438,high,185.96843984962405,low
HEB_Baidu_815.png,126.68199920654295,medium,155.52896864960672,medium
HEB_Baidu_831.png,138.9475860595703,high,169.53479194859517,low
HEB_Baidu_848.png,109.96564483642578,medium,157.1682927440426,medium
HEB_Baidu_866.png,101.10173797607422,low,112.50612612612612,high
HEB_Baidu_873.png,92.63668060302734,low,130.4894117647059,high
HEB_Baidu_878.png,159.67404174804688,high,180.104944,low
HEB_Baidu_885.png,147.3511962890625,high,165.7360453648915,low
HEB_Baidu_887.png,101.40491485595705,low,121.37832642487047,high
HEB_Bing_005.png,153.5457000732422,high,173.28397670248404,low
HEB_Bing_013.png,161.28533935546875,high,167.79395561691933,low
HEB_Bing_027.png,121.91488647460938,medium,155.30535714285713,medium
HEB_Bing_029.png,127.15435028076172,medium,144.8713122923588,medium
HEB_Bing_034.png,154.47250366210938,high,166.0962213438735,low
HEB_Bing_066.png,146.37786865234375,high,167.3859996564581,low
HEB_Bing_094.png,96.75682830810548,low,147.0436204457384,medium
HEB_Bing_108.png,65.04096221923828,low,152.58871827260884,medium
HEB_Bing_110.png,149.2962646484375,high,167.8395646837411,low
HEB_Bing_112.png,115.45420837402344,medium,198.16065767546408,low
HEB_Bing_120.png,161.117431640625,high,197.24446193609023,low
HEB_Bing_122.png,50.10309219360352,low,117.65352111229771,high
HEB_Bing_129.png,139.95819091796875,high,160.84945162835248,low
HEB_Bing_131.png,89.59867095947266,low,96.14354325095057,high
HEB_Bing_135.png,120.82398223876952,medium,148.12587040558066,medium
HEB_Bing_136.png,137.7921600341797,high,172.00241048713698,low
HEB_Bing_137.png,135.39385986328125,high,158.81251181251181,low
HEB_Bing_170.png,100.08686065673828,low,149.8740368980613,medium
HEB_Bing_181.png,107.30510711669922,medium,128.97527108596228,high
HEB_Bing_194.png,112.90325164794922,medium,128.82737948960303,high
HEB_Bing_205.png,150.51904296875,high,168.39839805825244,low
HEB_Bing_207.png,128.32504272460938,high,164.7827404629314,low
HEB_Bing_217.png,113.02339935302734,medium,149.1722299753829,medium
HEB_Bing_221.png,132.3179931640625,high,146.81163814691152,medium
HEB_Bing_232.png,108.8875732421875,medium,141.34279776351863,medium
HEB_Bing_233.png,133.50051879882812,high,150.55437231661224,medium
HEB_Bing_237.png,131.72975158691406,high,155.31615093360614,medium
HEB_Bing_254.png,107.45978546142578,medium,123.84987825136302,high
HEB_Bing_269.png,159.5760498046875,high,193.35555056710774,low
HEB_Bing_274.png,120.92363739013672,medium,158.92846750581063,low
HEB_Bing_303.png,114.12505340576172,medium,139.28167773441956,medium
HEB_Bing_308.png,109.40673065185548,medium,140.54420113946,medium
HEB_Bing_320.png,103.90779113769533,medium,140.18998516231707,medium
HEB_Bing_331.png,142.77325439453125,high,185.80522403128785,low
HEB_Bing_340.png,77.60474395751953,low,141.8907094520847,medium
HEB_Bing_35.png,80.41280364990234,low,97.02291653708733,high
HEB_Bing_365.png,72.59258270263672,low,112.6838064341714,high
HEB_Bing_39.png,170.52606201171875,high,210.92969518190756,low
HEB_Bing_396.png,103.10018157958984,medium,151.3233620689655,medium
HEB_Bing_398.png,58.91989517211914,low,119.45878048780487,high
HEB_Bing_403.png,53.3685302734375,low,99.11391352205813,high
HEB_Bing_405.png,137.4022674560547,high,142.1555507745267,medium
HEB_Bing_414.png,99.12171936035156,low,109.44097610921501,high
HEB_Bing_421.png,126.46601104736328,medium,167.22983292383293,low
HEB_Bing_437.png,129.34866333007812,high,148.57589344185612,medium
HEB_Bing_444.png,128.70692443847656,high,155.79468396054074,medium
HEB_Bing_452.png,115.1689224243164,medium,142.63682408074982,medium
HEB_Bing_463.png,97.49659729003906,low,121.60863372375978,high
HEB_Bing_465.png,102.01409912109376,low,139.1746747038038,medium
HEB_Bing_481.png,111.96644592285156,medium,153.06623410233658,medium
HEB_Bing_490.png,117.8977279663086,medium,136.81039948325548,medium
HEB_Bing_510.png,101.33511352539062,low,118.12731616550616,high
HEB_Bing_511.png,101.1591567993164,low,156.55140996744302,medium
HEB_Bing_527.png,149.21640014648438,high,156.86548565121413,medium
HEB_Bing_532.png,104.10671997070312,medium,113.64241347905282,high
HEB_Bing_546.png,92.24127197265624,low,170.79339105339105,low
HEB_Bing_548.png,155.9485321044922,high,183.60475427754366,low
HEB_Bing_549.png,153.97813415527344,high,185.80486632169038,low
HEB_Bing_550.png,80.63517761230469,low,110.07128317421889,high
HEB_Bing_560.png,66.54997253417969,low,98.64960397465438,high
HEB_Bing_587.png,106.22420501708984,medium,121.85521256084961,high
HEB_Bing_590.png,165.7938995361328,high,178.98467810249895,low
HEB_Bing_599.png,88.22096252441406,low,115.9079326923077,high
HEB_Bing_613.png,154.01625061035156,high,171.6694661530674,low
HEB_Bing_653.png,59.28736877441406,low,111.97005122172389,high
HEB_Bing_671.png,150.7598876953125,high,168.89158040329949,low
HEB_Bing_688.png,185.6945343017578,high,210.4608938547486,low
HEB_Google_014.png,92.73423767089844,low,122.15378920709136,high
HEB_Google_030.png,130.68048095703125,high,141.86137323943663,medium
HEB_Google_043.png,137.9079132080078,high,171.3590505050505,low
HEB_Google_056.png,130.3801727294922,high,176.5989404594468,low
HEB_Google_057.png,78.5359115600586,low,129.88940104166667,high
HEB_Google_102.png,44.61814498901367,low,163.50877718697953,low
HEB_Google_125.png,127.04279327392578,medium,173.46239528752128,low
HEB_Google_128.png,131.29873657226562,high,141.15966542750928,medium
HEB_Google_137.png,111.33747100830078,medium,136.70339953671927,medium
HEB_Google_139.png,109.62294006347656,medium,130.67459983741205,high
HEB_Google_154.png,147.3391571044922,high,206.28093373493977,low
HEB_Google_16.png,127.89598083496094,medium,155.67071263550739,medium
HEB_Google_171.png,86.78697967529297,low,160.20393382220135,low
HEB_Google_189.png,114.24787902832033,medium,164.83133777901665,low
HEB_Google_193.png,87.95289611816406,low,114.8789815716783,high
HEB_Google_197.png,139.8892364501953,high,167.73654610986827,low
HEB_Google_200.png,126.43756866455078,medium,140.0687293080713,medium
HEB_Google_202.png,135.99388122558594,high,167.9059113908429,low
HEB_Google_22.png,113.79935455322266,medium,159.1120452160964,low
HEB_Google_257.png,143.01449584960938,high,160.0190283018868,low
HEB_Google_258.png,108.68582916259766,medium,145.8506270679902,medium
HEB_Google_262.png,126.15023803710938,medium,146.1225390625,medium
HEB_Google_272.png,98.8559341430664,low,110.66322301485206,high
HEB_Google_282.png,123.5890655517578,medium,150.9702152170498,medium
HEB_Google_305.png,101.14800262451172,low,158.53269419448884,low
HEB_Google_315.png,121.79254913330078,medium,156.61967106224637,medium
HEB_Google_334.png,123.92327880859376,medium,146.71161409695043,medium
HEB_Google_351.png,136.926025390625,high,166.49353263777422,low
HEB_Google_376.png,146.94873046875,high,156.33198644014962,medium
HEB_Google_378.png,181.24896240234372,high,200.58017066666667,low
HEB_Google_391.png,139.8989715576172,high,173.57669198895027,low
HEB_Google_398.png,84.41433715820312,low,128.55728111748564,high
HEB_Google_399.png,78.10560607910156,low,121.53663590255259,high
HEB_Google_425.png,105.0289306640625,medium,123.3861881533101,high
HEB_Google_442.png,117.87517547607422,medium,137.17366648706897,medium
HEB_Google_471.png,150.60818481445312,high,162.6771233774491,low
HEB_Google_477.png,177.4581298828125,high,197.0265270013847,low
HEB_Google_483.png,135.07199096679688,high,163.12679561680227,low
HEB_Google_518.png,121.76219177246094,medium,144.76699016563148,medium
HEB_Google_547.png,124.04158782958984,medium,130.90228135786882,high
HEB_Google_550.png,143.3738555908203,high,188.39641261171798,low
HEB_Google_556.png,49.241092681884766,low,75.98229751475058,high
HEB_Google_558.png,88.25529479980469,low,129.74723766816143,high
HEB_Google_563.png,79.9380111694336,low,134.58571641791045,medium
HEB_Google_564.png,87.03800964355469,low,109.79452846859489,high
HEB_Google_573.png,94.10238647460938,low,155.9635225225225,medium
HEB_Google_582.png,124.96649169921876,medium,138.23231794450967,medium
HEB_Google_591.png,96.45152282714844,low,138.06356193326877,medium
HEB_Google_593.png,74.6129379272461,low,144.02636074270558,medium
HEB_Google_599.png,94.01564025878906,low,133.1818202864876,high
HEB_Google_609.png,116.80105590820312,medium,126.57752592592593,high
HEB_Google_615.png,128.26890563964844,high,138.39129245283019,medium
HEB_Google_618.png,99.16409301757812,low,130.86256428018223,high
HEB_Google_640.png,96.38275909423828,low,106.44401486988848,high
HEB_Google_644.png,120.17990112304688,medium,126.98363618601016,high
HEB_Google_651.png,102.04947662353516,low,124.11180297397769,high
HEB_Google_657.png,109.88865661621094,medium,151.89987220447284,medium
HEB_Google_664.png,80.61824798583984,low,100.77856912144703,high
HF_Baidu_013.png,128.7347869873047,high,145.85428194993412,medium
HF_Baidu_017.png,129.4039764404297,high,137.22298376923723,medium
HF_Baidu_021.png,139.33714294433594,high,170.02197715968902,low
HF_Baidu_043.png,107.98780822753906,medium,135.5668211427508,medium
HF_Baidu_045.png,121.35750579833984,medium,137.75816933446325,medium
HF_Baidu_053.png,59.648719787597656,low,76.27892655367232,high
HF_Baidu_060.png,153.23094177246094,high,176.77365841553447,low
HF_Baidu_081.png,120.95496368408205,medium,136.79867206477732,medium
HF_Baidu_086.png,154.766357421875,high,165.32191641791044,low
HF_Baidu_102.png,132.69772338867188,high,157.21439071566732,medium
HF_Baidu_116.png,126.83348846435548,medium,145.2629465129465,medium
HF_Baidu_121.png,108.0458984375,medium,135.05641341700283,medium
HF_Baidu_122.png,129.24839782714844,high,139.2059462336971,medium
HF_Baidu_124.png,86.6718521118164,low,116.20878413767302,high
HF_Baidu_128.png,123.11559295654295,medium,136.82385413477564,medium
HF_Baidu_130.png,182.3232269287109,high,195.98791338582677,low
HF_Baidu_133.png,107.8581771850586,medium,129.24881716417912,high
HF_Baidu_136.png,69.444091796875,low,106.17300851004464,high
HF_Baidu_146.png,142.03221130371094,high,165.07921291098498,low
HF_Baidu_147.png,115.12693786621094,medium,137.86319077598475,medium
HF_Baidu_148.png,147.85731506347656,high,161.12961727063706,low
HF_Baidu_15.png,123.25579833984376,medium,135.78637777777777,medium
HF_Baidu_154.png,94.1787109375,low,125.17861915367483,high
HF_Baidu_155.png,143.00331115722656,high,169.1052053777991,low
HF_Baidu_156.png,108.31071472167967,medium,135.33267045454545,medium
HF_Baidu_158.png,161.62420654296875,high,187.62440555555557,low
HF_Baidu_170.png,105.07369232177734,medium,136.86114360474065,medium
HF_Baidu_18.png,160.50784301757812,high,172.71703296703296,low
HF_Baidu_202.png,76.70924377441406,low,90.9835339742218,high
HF_Baidu_208.png,115.36488342285156,medium,135.6454343801864,medium
HF_Baidu_209.png,149.5892333984375,high,177.13009463722398,low
HF_Baidu_214.png,170.3037567138672,high,193.6982350982351,low
HF_Baidu_219.png,123.27425384521484,medium,139.89334586466165,medium
HF_Baidu_220.png,111.86095428466795,medium,128.34843034663177,high
HF_Baidu_228.png,82.26734161376953,low,149.5812108433735,medium
HF_Baidu_229.png,53.3144416809082,low,176.52926582278482,low
HF_Baidu_243.png,114.9027328491211,medium,137.69959466666666,medium
HF_Baidu_247.png,98.82295989990234,low,129.41993187747607,high
HF_Baidu_253.png,106.81395721435548,medium,153.19635531135532,medium
HF_Baidu_266.png,120.96952056884766,medium,157.28291814946618,medium
HF_Baidu_290.png,129.32827758789062,high,155.17151629072683,medium
HF_Baidu_291.png,172.7235107421875,high,180.4963923815587,low
HF_Baidu_296.png,59.465553283691406,low,88.34759770114943,high
HF_Baidu_30.png,168.28115844726562,high,179.15143133462283,low
HF_Baidu_305.png,135.83102416992188,high,150.75666254125412,medium
HF_Baidu_321.png,139.65365600585938,high,148.21198944627193,medium
HF_Baidu_341.png,114.77647399902344,medium,138.77747962962962,medium
HF_Baidu_358.png,117.13607788085938,medium,136.30935039802964,medium
HF_Baidu_368.png,129.67568969726562,high,156.66449813200498,medium
HF_Baidu_386.png,109.5329132080078,medium,138.6990263288624,medium
HF_Baidu_420.png,155.41651916503906,high,187.32574931619519,low
HF_Baidu_421.png,91.9675750732422,low,122.4938204762688,high
HF_Baidu_441.png,118.98674011230467,medium,136.38653846153846,medium
HF_Baidu_446.png,132.98049926757812,high,168.93032801232235,low
HF_Baidu_454.png,116.5770492553711,medium,136.0930877508236,medium
HF_Baidu_461.png,124.54412078857422,medium,142.7654229409292,medium
HF_Baidu_499.png,87.61788940429688,low,157.66066144939967,low
HF_Baidu_510.png,130.34422302246094,high,152.02413743218807,medium
HF_Bing_028.png,114.19097900390624,medium,140.13090020576132,medium
HF_Bing_033.png,132.13291931152344,high,158.77055767324592,low
HF_Bing_037.png,80.48572540283203,low,115.50219075520833,high
HF_Bing_038.png,41.3447151184082,low,98.34390397184515,high
HF_Bing_055.png,120.06124114990234,medium,143.74031529878138,medium
HF_Bing_100.png,93.38683319091795,low,146.95718333333335,medium
HF_Bing_11.png,185.5854949951172,high,196.08625026665717,low
HF_Bing_114.png,139.20541381835938,high,167.95039682539684,low
HF_Bing_137.png,192.2567443847656,high,196.52366262626262,low
HF_Bing_14.png,136.62164306640625,high,168.88254763040172,low
HF_Bing_141.png,29.3956241607666,low,165.39230721003136,low
HF_Bing_172.png,150.90512084960938,high,160.70452916666667,low
HF_Bing_214.png,115.90826416015624,medium,124.0864734299517,high
HF_Bing_227.png,86.28995513916016,low,117.67225188227242,high
HF_Bing_250.png,48.542579650878906,low,110.41373092513113,high
HF_Bing_256.png,150.68112182617188,high,160.3817207278481,low
HF_Bing_269.png,110.54530334472656,medium,133.96742999525392,high
HF_Bing_283.png,158.2039337158203,high,173.8654498714653,low
HF_Bing_311.png,89.38198852539062,low,188.63608777782244,low
HF_Bing_365.png,146.89462280273438,high,185.48971457369313,low
HF_Bing_366.png,154.1831512451172,high,172.2686037037037,low
HF_Bing_367.png,118.1678695678711,medium,135.19376148085348,medium
HF_Bing_401.png,119.6524658203125,medium,139.4890214436726,medium
HF_Bing_420.png,99.10025024414062,low,130.96275573852296,high
HF_Bing_451.png,82.35303497314453,low,111.01456357982325,high
HF_Bing_585.png,95.48739624023438,low,140.07084814814814,medium
HF_Bing_589.png,30.790433883666992,low,162.16047625389848,low
HF_Bing_591.png,124.31022644042967,medium,146.45966494605221,medium
HF_Bing_599.png,81.51073455810547,low,123.33632881001301,high
HF_Bing_60.png,70.06336975097656,low,127.98635868964273,high
HF_Bing_601.png,104.2428741455078,medium,130.73022899300565,high
HF_Bing_610.png,76.46483612060547,low,97.26932222222223,high
HF_Bing_627.png,116.53385162353516,medium,155.35709301440426,medium
HF_Bing_656.png,124.21683502197266,medium,144.42505929129464,medium
HF_Bing_669.png,113.46892547607422,medium,137.87966928769657,medium
HF_Bing_674.png,103.02118682861328,medium,125.10354978354978,high
HF_Bing_679.png,108.34512329101562,medium,150.72457612793076,medium
HF_Bing_685.png,166.05941772460938,high,192.8971091055837,low
HF_Bing_709.png,146.83834838867188,high,160.08221169339632,low
HF_Bing_718.png,66.48130798339844,low,77.1599263378349,high
HF_Bing_732.png,93.64612579345705,low,136.40182001239157,medium
HF_Bing_733.png,100.79639434814452,low,128.0511479405313,high
HF_Bing_735.png,104.22711181640624,medium,108.89751998578788,high
HF_Bing_737.png,120.60490417480467,medium,139.51258680555554,medium
HF_Bing_777.png,113.09374237060548,medium,162.9472112428634,low
HF_Bing_826.png,169.01763916015625,high,194.71177777777777,low
HF_Bing_836.png,201.63999938964844,high,211.5105904775604,low
HF_Bing_890.png,140.32472229003906,high,150.9421294117647,medium
HF_Google_016.png,136.45745849609375,high,143.97714904143476,medium
HF_Google_025.png,115.64552307128906,medium,156.6849114692278,medium
HF_Google_027.png,166.4316864013672,high,195.32861940298508,low
HF_Google_045.png,102.86144256591795,medium,136.5921361989323,medium
HF_Google_047.png,170.3571319580078,high,182.81257692307693,low
HF_Google_057.png,142.8491668701172,high,175.62573431132844,low
HF_Google_085.png,125.88711547851562,medium,160.48909166666667,low
HF_Google_091.png,138.97113037109375,high,158.5241832942097,low
HF_Google_094.png,140.52694702148438,high,172.53328761083623,low
HF_Google_102.png,118.58112335205078,medium,138.4219525032297,medium
HF_Google_103.png,87.1285629272461,low,122.27176251956182,high
HF_Google_116.png,140.22793579101562,high,179.67672413793105,low
HF_Google_121.png,122.94674682617188,medium,147.8403118000811,medium
HF_Google_122.png,129.5821990966797,high,167.4294685990338,low
HF_Google_133.png,155.7078857421875,high,178.5389246803569,low
HF_Google_136.png,97.37102508544922,low,150.2755520282187,medium
HF_Google_142.png,94.07588958740234,low,133.98628102975928,high
HF_Google_153.png,98.84172821044922,low,130.46498883928572,high
HF_Google_160.png,131.7923583984375,high,162.45780886188967,low
HF_Google_161.png,90.46087646484376,low,134.4342997685185,medium
HF_Google_177.png,121.79295349121094,medium,155.08738125262715,medium
HF_Google_179.png,58.24213790893555,low,87.536423873661,high
HF_Google_193.png,119.40840911865234,medium,134.07372535738676,high
HF_Google_194.png,80.93968200683594,low,127.0697712674291,high
HF_Google_231.png,66.39067077636719,low,108.55836023082942,high
HF_Google_246.png,75.23204803466797,low,96.12616545265348,high
HF_Google_272.png,150.18218994140625,high,200.6016389244558,low
HF_Google_283.png,143.3834228515625,high,173.15497143918637,low
HF_Google_312.png,100.41542053222656,low,158.94712974595197,low
HF_Google_313.png,180.70249938964844,high,213.2904273315681,low
HF_Google_328.png,112.67916870117188,medium,144.10852864583333,medium
HF_Google_331.png,82.74516296386719,low,101.81359575935568,high
HF_Google_337.png,87.85863494873047,low,132.4748434065934,high
HF_Google_339.png,180.15968322753903,high,208.03748044195817,low
HF_Google_340.png,98.29367065429688,low,135.3389787830867,medium
HF_Google_381.png,118.41827392578124,medium,142.5878504986861,medium
HF_Google_396.png,74.83325958251953,low,114.56262623152709,high
HF_Google_406.png,101.84822082519533,low,162.25280325090182,low
HF_Google_427.png,92.15142059326172,low,109.28137403506578,high
HF_Google_443.png,161.70962524414062,high,188.8593918914545,low
HF_Google_447.png,192.05056762695312,high,208.37300912428464,low
HF_Google_472.png,137.11627197265625,high,156.1411710526316,medium
HF_Google_501.png,108.91007232666016,medium,171.26304449897006,low
HF_Google_504.png,97.53218841552734,low,114.44491781722552,high
HF_Google_511.png,118.16588592529295,medium,132.07706982712048,high
HF_Google_527.png,127.5077667236328,medium,161.2974158368895,low
HF_Google_531.png,75.0377197265625,low,93.86217447916667,high
HF_Google_533.png,132.35238647460938,high,155.71776905829597,medium
HF_Google_556.png,85.96556854248047,low,123.66717833452114,high
HF_Google_559.png,85.06497955322266,low,133.76094166666667,high
HF_Google_570.png,123.20064544677734,medium,140.4925512214342,medium
HF_Google_571.png,84.61019134521484,low,109.53860842953821,high
HF_Google_576.png,83.99659729003906,low,132.28001851851852,high
HF_Google_610.png,123.01223754882812,medium,144.22062304381848,medium
HF_Google_623.png,148.76962280273438,high,171.16095042218637,low
HF_Google_649.png,97.69053649902344,low,169.6193051844867,low
HF_Google_665.png,110.16526794433594,medium,136.72026475694443,medium
HF_Google_668.png,138.12567138671875,high,146.54550984251446,medium
HF_Google_677.png,90.53003692626952,low,105.59420875420875,high
HF_Google_702.png,73.15470886230469,low,124.123316686316,high
HF_Google_725.png,127.8214340209961,medium,170.93047715053763,low
HF_Google_747.png,95.8556137084961,low,114.14151355556885,high
HF_Google_759.png,89.80267333984375,low,126.55815208333334,high
HF_Google_807.png,127.2471923828125,medium,168.78737373737374,low
HF_Google_860.png,96.30982208251952,low,129.9252139695032,high
HF_Google_861.png,107.9255599975586,medium,144.82071354368364,medium
HazeDr_Bing_178.png,147.80267333984375,high,204.66980401100557,low
HazeDr_Bing_233.png,151.7577362060547,high,170.81774145416796,low
HazeDr_Bing_252.png,112.22969818115234,medium,157.15059593551777,medium
HazeDr_Bing_330.png,123.49371337890624,medium,178.20564762720156,low
HazeDr_Bing_337.png,73.7821044921875,low,98.88881551246537,high
HazeDr_Bing_418.png,48.7712287902832,low,96.19417777777778,high
HazeDr_Bing_453.png,132.62796020507812,high,164.1112777777778,low
HazeDr_Bing_460.png,140.8633575439453,high,160.45251889168765,low
HazeDr_Bing_549.png,117.13587188720705,medium,169.48773079662502,low
HazeDr_Bing_647.png,108.03085327148438,medium,119.11207708333333,high
HazeDr_Bing_655.png,150.21701049804688,high,183.45241936176487,low
HazeDr_Bing_763.png,123.27703094482422,medium,166.0106640625,low
HazeDr_Google_123.png,75.62749481201172,low,128.99803799269696,high
HazeDr_Google_125.png,90.2787857055664,low,121.27325520833334,high
HazeDr_Google_130.png,120.0288314819336,medium,157.1194480776785,medium
HazeDr_Google_146.png,113.20468139648438,medium,125.76396067700415,high
HazeDr_Google_183.png,125.07193756103516,medium,167.22181640625,low
HazeDr_Google_192.png,169.88819885253906,high,198.94465438596492,low
HazeDr_Google_212.png,69.40289306640625,low,112.22212221382507,high
HazeDr_Google_213.png,52.94660949707031,low,100.28185795095652,high
HazeDr_Google_241.png,119.13756561279295,medium,143.33067048122066,medium
HazeDr_Google_273.png,96.40916442871094,low,114.46064127550804,high
HazeDr_Google_293.png,93.00658416748048,low,112.572568549899,high
HazeDr_Google_328.png,145.39646911621094,high,166.3046626164917,low
HazeDr_Google_355.png,143.73402404785156,high,165.52037624782986,low
HazeDr_Google_365.png,134.36691284179688,high,148.07443515258217,medium
HazeDr_Google_375.png,103.23291015625,medium,122.08446269132654,high
HazeDr_Google_381.png,115.69140625,medium,134.10029817727118,high
HazeDr_Google_402.png,142.7053985595703,high,157.11263741856678,medium
HazeDr_Google_404.png,94.19612121582033,low,167.5641543656141,low
HazeDr_Google_415.png,149.00193786621094,high,186.03957363652515,low
HazeDr_Google_421.png,158.67669677734375,high,187.81608714788732,low
HazeDr_Google_432.png,98.03874206542967,low,124.05137368421053,high
HazeDr_Google_433.png,124.47676849365234,medium,134.81251956181535,medium
HazeDr_Google_434.png,124.9065399169922,medium,142.1584665415885,medium
HazeDr_Google_450.png,180.29656982421875,high,193.66636225104418,low
HazeDr_Google_510.png,143.3304901123047,high,171.8371692656128,low
HazeDr_Google_512.png,97.7705078125,low,119.80583644610459,high
HazeDr_Google_551.png,113.50231170654295,medium,127.53225422246587,high
HazeDr_Google_554.png,133.44244384765625,high,145.8945495892019,medium
HazeDr_Google_560.png,138.859619140625,high,165.0294725878517,low
HazeDr_Google_568.png,119.9795913696289,medium,136.77990687049729,medium
HazeDr_Google_569.png,112.97762298583984,medium,137.25260613703236,medium
HazeDr_Google_582.png,67.54356384277344,low,102.66594779915948,high
HazeDr_Google_584.png,125.69681549072266,medium,156.78876495361328,medium
HazeDr_Google_590.png,86.8387451171875,low,139.366625,medium
HazeDr_Google_593.png,106.1164779663086,medium,127.79220164609053,high
HazeDr_Google_594.png,103.76175689697266,medium,121.71528511345853,high
HazeDr_Google_597.png,102.69993591308594,low,130.74750043607187,high
HazeDr_Google_603.png,114.37203216552734,medium,136.37211955914427,medium
HazeDr_Google_614.png,130.58407592773438,high,137.6622139084507,medium
HazeDr_Google_625.png,85.02958679199219,low,102.27511393229166,high
HazeDr_Google_63.png,157.64266967773438,high,187.58422505142025,low
HazeDr_Google_630.png,14.226269721984863,low,193.0622258064516,low
HazeDr_Google_633.png,106.03929901123048,medium,123.68563050948752,high
HazeDr_Google_636.png,110.80784606933594,medium,126.69389937443191,high
HazeDr_Google_637.png,113.38162231445312,medium,138.07813703703704,medium
HazeDr_Google_640.png,43.28784942626953,low,130.16166442609307,high
HazeDr_Google_646.png,124.47591400146484,medium,161.35026808910507,low
HazeDr_Google_648.png,130.59657287597656,high,158.2666299882629,low
HazeDr_Google_649.png,112.76244354248048,medium,131.34459273182958,high
HazeDr_Google_651.png,118.2492904663086,medium,140.40644102564102,medium
HazeDr_Google_657.png,194.36428833007807,high,205.4646877618972,low
HazeDr_Google_667.png,74.5940933227539,low,151.7812265917603,medium
HazeDr_Google_673.png,91.79405212402344,low,163.89092227654677,low
HazeDr_Google_692.png,142.36041259765625,high,159.46704078638498,low
HazeDr_Google_693.png,131.05108642578125,high,185.5378269675926,low
HazeDr_Google_703.png,108.04196166992188,medium,143.39324677129557,medium
HazeDr_Google_704.png,128.34532165527344,high,185.08788246268657,low
HazeDr_Google_709.png,82.39656829833984,low,100.65940609286402,high
HazeDr_Google_719.png,158.47665405273438,high,178.643138,low
HazeDr_Google_724.png,163.29676818847656,high,193.88714535137495,low
HazeDr_Google_726.png,131.19126892089844,high,167.49991452991452,low
HazeDr_Google_740.png,129.4571075439453,high,176.4595325203252,low
HazeDr_Google_75.png,135.68466186523438,high,159.31385011385012,low
HazeDr_Google_760.png,173.99630737304688,high,216.73271175726927,low
HazeDr_Google_766.png,137.3245391845703,high,174.37014646564836,low
HazeDr_Google_767.png,117.1303482055664,medium,138.25922342274544,medium
HazeDr_Google_772.png,128.685791015625,high,145.94802922173403,medium
HazeDr_Google_787.png,133.10763549804688,high,172.49756043956043,low
HazeDr_Google_802.png,109.30215454101562,medium,133.1861935474228,high
HazeDr_Google_809.png,88.08597564697266,low,156.26792351330204,medium
HazeDr_Google_813.png,121.24104309082033,medium,155.2857542706654,medium
HazeDr_Google_838.png,116.03292083740234,medium,129.59674541947928,high
HazeDr_Google_845.png,59.210819244384766,low,84.72762152777777,high
HazyDr_Bing_089.png,28.670747756958008,low,97.01765046296296,high
HazyDr_Bing_126.png,113.6089096069336,medium,185.05371754227053,low
HazyDr_Bing_132.png,100.50023651123048,low,136.517505186722,medium
HazyDr_Bing_158.png,130.84544372558594,high,156.41035353535352,medium
HazyDr_Bing_194.png,77.13921356201172,low,89.88649138572536,high
HazyDr_Bing_228.png,62.65869903564453,low,105.29772900934915,high
HazyDr_Bing_296.png,82.68340301513672,low,130.06322424892704,high
HazyDr_Bing_300.png,105.310791015625,medium,137.85307464711366,medium
HazyDr_Bing_320.png,121.71652221679688,medium,144.46020148669797,medium
HazyDr_Bing_376.png,112.00341796875,medium,146.74964320422046,medium
HazyDr_Bing_420.png,136.92649841308594,high,164.50318802608297,low
HazyDr_Bing_543.png,104.53016662597656,medium,146.19680524409176,medium
HazyDr_Bing_557.png,104.91448974609376,medium,149.6563764836346,medium
HazyDr_Bing_569.png,148.5667266845703,high,195.6808611111111,low
HazyDr_Bing_780.png,96.71451568603516,low,147.61775328621033,medium
HazyDr_Bing_800.png,74.99066162109375,low,138.68931878306879,medium
HazyDr_Bing_820.png,96.18907928466795,low,157.89712533333332,low
HazyDr_Google_054.png,145.65127563476562,high,166.43501809467918,low
HazyDr_Google_057.png,161.38629150390625,high,179.15986881188118,low
HazyDr_Google_059.png,120.90379333496094,medium,146.14474276212832,medium
HazyDr_Google_060.png,148.41384887695312,high,160.6719899256651,low
HazyDr_Google_118.png,107.51820373535156,medium,114.41460289514868,high
HazyDr_Google_138.png,95.7084503173828,low,153.7007480134986,medium
HazyDr_Google_140.png,106.3781280517578,medium,137.0126295970266,medium
HazyDr_Google_153.png,80.53998565673828,low,90.26387678449649,high
HazyDr_Google_165.png,68.88578033447266,low,112.79487621753246,high
HazyDr_Google_185.png,73.85903930664062,low,130.67516933333334,high
HazyDr_Google_188.png,110.88895416259766,medium,142.75241343896712,medium
HazyDr_Google_240.png,80.5358657836914,low,111.1429186228482,high
HazyDr_Google_277.png,154.2691192626953,high,174.8976146788991,low
HazyDr_Google_289.png,47.06202697753906,low,71.06068132464712,high
HazyDr_Google_298.png,133.25430297851562,high,143.55827567657346,medium
HazyDr_Google_324.png,106.01848602294922,medium,131.69019583333332,high
HazyDr_Google_359.png,102.941162109375,medium,150.40469135802468,medium
HazyDr_Google_384.png,102.6375503540039,low,141.90794943270737,medium
HazyDr_Google_475.png,91.14436340332033,low,107.5062,high
HazyDr_Google_476.png,154.10560607910156,high,168.60405628632608,low
HazyDr_Google_602.png,65.22980499267578,low,98.72629352503913,high
HazyDr_Google_622.png,59.83805465698242,low,94.87789508095523,high
HazyDr_Google_647.png,170.40110778808594,high,210.3746709584146,low
HazyDr_Google_678.png,78.6106185913086,low,113.3371556712963,high
HazyDr_Google_753.png,132.9179229736328,high,155.23989400375004,medium
HazyDr_Google_798.png,77.6350326538086,low,142.5835336356765,medium
IRQ_Bing_005.png,44.348052978515625,low,133.57406001097203,high
IRQ_Bing_007.png,87.83585357666016,low,139.60774746192894,medium
IRQ_Bing_017.png,43.2240104675293,low,180.498796686747,low
IRQ_Bing_018.png,57.59866714477539,low,119.94897419197264,high
IRQ_Bing_078.png,132.44479370117188,high,180.62108843537416,low
IRQ_Bing_101.png,105.77943420410156,medium,159.5021472114464,low
IRQ_Bing_113.png,17.908113479614258,low,179.31762084909627,low
IRQ_Bing_146.png,118.9820327758789,medium,176.6107657954462,low
IRQ_Bing_228.png,118.17646026611328,medium,145.4978467005076,medium
IRQ_Bing_250.png,71.11193084716797,low,157.2759520807062,medium
IRQ_Bing_257.png,67.18855285644531,low,138.39109365558912,medium
IRQ_Bing_263.png,162.2570037841797,high,176.30769230769232,low
IRQ_Bing_29.png,82.02473449707031,low,144.85446360153256,medium
IRQ_Bing_399.png,38.94953536987305,low,154.7119335347432,medium
IRQ_Bing_460.png,63.12119674682617,low,153.79405206987968,medium
IRQ_Bing_516.png,103.19515991210938,medium,160.6913074352548,low
IRQ_Bing_674.png,66.55135345458984,low,107.60617426181942,high
IRQ_Bing_775.png,73.3492202758789,low,140.35310146650812,medium
IRQ_Google_010.png,29.98891830444336,low,123.45852305896089,high
IRQ_Google_027.png,133.4302215576172,high,164.76272210210865,low
IRQ_Google_030.png,63.05027770996094,low,156.3296931818182,medium
IRQ_Google_077.png,112.38096618652344,medium,122.76989814314044,high
IRQ_Google_084.png,167.25831604003906,high,193.67893413173653,low
IRQ_Google_109.png,179.53248596191406,high,213.3714992967651,low
IRQ_Google_115.png,51.41150665283203,low,205.7520455246722,low
IRQ_Google_121.png,107.04572296142578,medium,140.80831877673984,medium
IRQ_Google_136.png,107.76400756835938,medium,151.71394059715936,medium
IRQ_Google_147.png,45.74635696411133,low,101.42114372074883,high
IRQ_Google_148.png,22.490821838378903,low,220.0380698107798,low
IRQ_Google_161.png,178.73638916015625,high,214.96583333333334,low
IRQ_Google_210.png,109.11682891845705,medium,129.3409913003663,high
IRQ_Google_211.png,66.14763641357422,low,220.6304623049906,low
IRQ_Google_243.png,145.69570922851562,high,162.13310333963454,low
IRQ_Google_250.png,51.1014404296875,low,158.38978333333333,low
IRQ_Google_260.png,40.013763427734375,low,213.18947272727272,low
IRQ_Google_314.png,159.8227996826172,high,171.8021036585366,low
IRQ_Google_323.png,114.75511932373048,medium,168.35540674603175,low
IRQ_Google_327.png,31.675146102905277,low,161.57980319831378,low
IRQ_Google_422.png,116.22391510009766,medium,142.2832091010189,medium
IRQ_Google_46.png,40.83418273925781,low,206.53504228186094,low
IRQ_Google_464.png,45.50231170654297,low,147.05547122074637,medium
IRQ_Google_468.png,105.16374206542967,medium,145.81595755086073,medium
IRQ_Google_470.png,119.45903778076172,medium,174.98962622549018,low
IRQ_Google_476.png,81.49076080322266,low,108.17450899757512,high
IRQ_Google_484.png,96.61048889160156,low,144.295085553814,medium
IRQ_Google_490.png,107.96260833740234,medium,173.77231504571904,low
IRQ_Google_494.png,93.04918670654295,low,113.50409295872355,high
IRQ_Google_495.png,127.35161590576172,medium,140.98409379890452,medium
IRQ_Google_508.png,100.7249755859375,low,185.4150187617261,low
IRQ_Google_510.png,114.53292083740234,medium,171.94457244756433,low
IRQ_Google_523.png,105.22399139404295,medium,150.52564064945227,medium
IRQ_Google_525.png,95.80542755126952,low,140.23175038231665,medium
IRQ_Google_533.png,114.01506805419922,medium,135.83276666666666,medium
IRQ_Google_540.png,102.31816864013672,low,135.89436609191537,medium
IRQ_Google_658.png,116.12007904052734,medium,167.28348931004777,low
JL_Baidu_000.png,109.89768981933594,medium,154.8380087485736,medium
JL_Baidu_014.png,151.87606811523438,high,162.73130555443834,low
JL_Baidu_016.png,175.67111206054688,high,184.47762696727665,low
JL_Baidu_057.png,90.0135498046875,low,103.83816797345713,high
JL_Baidu_089.png,149.30384826660156,high,174.52113282497882,low
JL_Baidu_093.png,96.48026275634766,low,106.85065838954452,high
JL_Baidu_110.png,127.40752410888672,medium,145.21321727917473,medium
JL_Baidu_138.png,139.2006378173828,high,167.96445034480215,low
JL_Baidu_145.png,84.00762176513672,low,101.34290178818738,high
JL_Baidu_146.png,141.85604858398438,high,149.05141991953434,medium
JL_Baidu_150.png,105.09552001953124,medium,121.40114969775986,high
JL_Baidu_153.png,106.80591583251952,medium,131.06760330578513,high
JL_Baidu_198.png,121.11367797851562,medium,150.53088325451043,medium
JL_Baidu_230.png,160.59275817871094,high,179.73285953177256,low
JL_Baidu_231.png,125.276611328125,medium,139.4317568947906,medium
JL_Baidu_232.png,177.51515197753906,high,206.35254074074075,low
JL_Bing_002.png,117.51808166503906,medium,132.0587940841866,high
JL_Bing_014.png,121.66898345947266,medium,137.91963118580765,medium
JL_Bing_05.png,83.59375762939453,low,126.4449661216674,high
JL_Bing_055.png,77.66145324707031,low,116.819338854075,high
JL_Bing_064.png,136.00389099121094,high,148.55898537192655,medium
JL_Bing_081.png,151.32347106933594,high,163.84320833333334,low
JL_Bing_169.png,186.66636657714844,high,206.02297706441044,low
JL_Bing_196.png,93.13544464111328,low,116.88854078648033,high
JL_Bing_224.png,82.88619232177734,low,106.72762489981298,high
JL_Bing_225.png,51.2291374206543,low,94.12937961847528,high
JL_Bing_238.png,120.853759765625,medium,135.08049717514123,medium
JL_Bing_257.png,182.26515197753903,high,203.52750370151023,low
JL_Bing_282.png,98.52404022216795,low,153.99593478858608,medium
JL_Bing_429.png,146.41253662109375,high,174.61794493608653,low
JL_Bing_431.png,107.2495574951172,medium,152.4678835698697,medium
JL_Bing_568.png,107.76266479492188,medium,143.79472104519775,medium
JL_Bing_61.png,107.0338134765625,medium,126.88828126460635,high
JL_Bing_627.png,84.47817993164062,low,120.70188793103448,high
JL_Bing_674.png,93.12310791015624,low,149.27098308184728,medium
JL_Bing_683.png,101.52395629882812,low,143.0751773970232,medium
JL_Bing_684.png,146.3617706298828,high,162.26592481203008,low
JL_Bing_708.png,116.62383270263672,medium,143.63974278149036,medium
JL_Bing_730.png,100.65814208984376,low,140.62726227795193,medium
JL_Bing_751.png,111.90184020996094,medium,144.15137407407408,medium
JL_Bing_767.png,77.27908325195312,low,105.18254104071679,high
JL_Bing_786.png,160.4124298095703,high,184.68863730290923,low
JL_Bing_804.png,91.20228576660156,low,127.85390186225244,high
JL_Google_011.png,160.1359100341797,high,172.15059274927444,low
JL_Google_038.png,89.66970825195312,low,128.6739380952381,high
JL_Google_095.png,156.6013946533203,high,184.86882768655164,low
JL_Google_104.png,122.8759307861328,medium,157.53529681674792,low
JL_Google_115.png,165.33575439453125,high,184.07251352815618,low
JL_Google_116.png,131.56288146972656,high,167.80992510241003,low
JL_Google_137.png,56.01686477661133,low,103.04115596863201,high
JL_Google_143.png,121.70819091796876,medium,125.52672574797671,high
JL_Google_145.png,171.82232666015625,high,181.84433716465915,low
JL_Google_152.png,69.96040344238281,low,121.72303115111632,high
JL_Google_177.png,124.6697769165039,medium,157.03114338235295,medium
JL_Google_179.png,152.53890991210938,high,164.27506308411216,low
JL_Google_227.png,69.31668090820312,low,123.02433776297025,high
JL_Google_237.png,137.85108947753906,high,145.8785509088725,medium
JL_Google_24.png,57.53356170654297,low,100.84053791887125,high
JL_Google_254.png,116.13763427734376,medium,139.71954694485842,medium
JL_Google_255.png,146.19927978515625,high,171.2549747463784,low
JL_Google_263.png,102.47618865966795,low,110.77065314643603,high
JL_Google_288.png,104.4801788330078,medium,129.71535175879396,high
JL_Google_289.png,124.23159790039062,medium,165.73435888934935,low
JL_Google_290.png,147.2694549560547,high,191.72840740740742,low
JL_Google_299.png,133.52532958984375,high,145.33502732240436,medium
JL_Google_327.png,166.8265380859375,high,182.65497337390642,low
JL_Google_354.png,17.240354537963867,low,163.65213675213676,low
JL_Google_397.png,148.63394165039062,high,172.24748901443817,low
JL_Google_407.png,102.33538055419922,low,137.3928402266768,medium
JL_Google_412.png,148.49139404296875,high,172.89257309941522,low
JL_Google_413.png,142.2423095703125,high,167.20465867613692,low
JL_Google_421.png,99.3770523071289,low,182.284279082986,low
JL_Google_423.png,54.26309585571289,low,81.20387459714154,high
JL_Google_463.png,117.3271942138672,medium,146.6588887931777,medium
JL_Google_464.png,100.06615447998048,low,141.79531828703705,medium
JL_Google_497.png,154.155029296875,high,199.34910224438903,low
JL_Google_498.png,111.16830444335938,medium,165.73632822213014,low
JL_Google_502.png,133.37913513183594,high,147.25342452445256,medium
JL_Google_505.png,138.322265625,high,163.84255048240738,low
JL_Google_538.png,143.76904296875,high,176.91581070490065,low
JL_Google_588.png,121.73584747314452,medium,150.25289672544082,medium
JL_Google_589.png,140.47689819335938,high,159.7552309985097,low
JL_Google_592.png,114.78040313720705,medium,148.5293112745098,medium
JL_Google_595.png,120.87338256835938,medium,141.84689508506617,medium
JL_Google_614.png,123.60855102539062,medium,151.3094875,medium
JL_Google_620.png,58.4487419128418,low,162.34294478068074,low
JL_Google_621.png,126.61027526855467,medium,154.59015873015872,medium
JL_Google_627.png,130.1005859375,high,152.22082397003746,medium
JL_Google_641.png,72.54950714111328,low,147.00972222222222,medium
JL_Google_66.png,144.7344970703125,high,159.8251898200225,low
JL_Google_674.png,125.4779281616211,medium,162.38757339219882,low
JL_Google_713.png,88.78854370117188,low,111.7775652734501,high
JL_Google_752.png,65.95738220214844,low,141.9612673611111,medium
JL_Google_753.png,54.87327575683594,low,108.4231,high
JL_Google_781.png,95.55233764648438,low,155.01644624293516,medium
KRO_Google_003.png,97.92337799072266,low,134.24592192192193,medium
KRO_Google_014.png,141.49671936035156,high,176.27599078341015,low
KRO_Google_015.png,156.7461395263672,high,176.2135873015873,low
KRO_Google_017.png,105.1014404296875,medium,143.67371144278607,medium
KRO_Google_034.png,116.08861541748048,medium,126.48164906467868,high
KRO_Google_036.png,151.16342163085938,high,176.01174576276122,low
KRO_Google_060.png,117.6815948486328,medium,177.588438538206,low
KRO_Google_079.png,78.16085052490234,low,86.67707592592592,high
KRO_Google_113.png,120.5947494506836,medium,147.4825598229872,medium
KRO_Google_142.png,76.9173355102539,low,95.65751758915009,high
KRO_Google_162.png,91.3791275024414,low,127.86527484143764,high
KRO_Google_20.png,100.46003723144533,low,148.2781372034738,medium
KRO_Google_293.png,102.49868774414062,low,157.65804750402577,low
KRO_Google_307.png,100.51502227783205,low,140.02393097720196,medium
KRO_Google_311.png,101.46983337402344,low,124.80282790545897,high
KRO_Google_317.png,127.41140747070312,medium,142.9530231292517,medium
KRO_Google_344.png,66.51240539550781,low,102.24685570987654,high
KRO_Google_348.png,111.63040161132812,medium,130.8479508998435,high
KRO_Google_371.png,115.27771759033205,medium,142.516911827957,medium
KRO_Google_375.png,142.1251220703125,high,176.1450309065934,low
KRO_Google_380.png,117.78218841552734,medium,137.0491392801252,medium
KRO_Google_419.png,161.6234893798828,high,175.1683608815427,low
KRO_Google_452.png,76.45535278320312,low,122.39249804381846,high
KRO_Google_461.png,139.03445434570312,high,183.52442042032877,low
KRO_Google_465.png,124.40619659423828,medium,134.271347335215,medium
KRO_Google_480.png,120.40737915039062,medium,132.0477654155077,high
KRO_Google_490.png,134.33116149902344,high,158.42072627314815,low
KRO_Google_495.png,131.66622924804688,high,175.57613068352904,low
KRO_Google_499.png,120.5783920288086,medium,152.36971844293274,medium
KRO_Google_523.png,92.51683044433594,low,124.04805747922438,high
KRO_Google_539.png,182.1870574951172,high,209.30347234545994,low
KRO_Google_546.png,96.46533966064452,low,131.1178868348983,high
KRO_Google_554.png,88.12265014648438,low,143.07354367513878,medium
KRO_Google_571.png,146.1673126220703,high,185.20198695628144,low
KRO_Google_576.png,179.6861114501953,high,192.40848085097892,low
KRO_Google_58.png,72.56695556640625,low,96.44794753895752,high
KRO_Google_616.png,111.48484802246094,medium,149.45818030050083,medium
LSJ_Baidu_065.png,130.35296630859375,high,149.9489864864865,medium
LSJ_Baidu_1078.png,153.6984100341797,high,180.54958425554824,low
LSJ_Baidu_110.png,121.33865356445312,medium,130.79522084195997,high
LSJ_Baidu_1140.png,157.7755889892578,high,164.32026960784313,low
LSJ_Baidu_1141.png,149.2432861328125,high,186.31948269581056,low
LSJ_Baidu_1193.png,85.70374298095703,low,119.43301411057136,high
LSJ_Baidu_1218.png,119.27796173095705,medium,192.60514936130028,low
LSJ_Baidu_1263.png,99.41271209716795,low,173.54633333333334,low
LSJ_Baidu_165.png,167.9733123779297,high,183.96654420146257,low
LSJ_Baidu_206.png,141.56719970703125,high,158.984126984127,low
LSJ_Baidu_240.png,127.58235931396484,medium,140.4584456140351,medium
LSJ_Baidu_351.png,62.38330078125,low,97.66087912087912,high
LSJ_Baidu_518.png,179.21823120117188,high,198.5177532145274,low
LSJ_Baidu_596.png,117.58434295654295,medium,148.8598074074074,medium
LSJ_Baidu_670.png,40.15779113769531,low,109.34932084309133,high
LSJ_Baidu_736.png,133.5299072265625,high,157.30471269588918,medium
LSJ_Baidu_810.png,62.720924377441406,low,87.76820861921098,high
LSJ_Baidu_830.png,154.6016082763672,high,168.9455104712042,low
LSJ_Baidu_869.png,143.3296661376953,high,159.91602752701152,low
LSJ_Baidu_879.png,115.12248229980467,medium,142.46451263537907,medium
LSJ_Baidu_882.png,167.29307556152344,high,182.5921750512609,low
LSJ_Baidu_890.png,132.103271484375,high,154.69483139323,medium
LSJ_Baidu_900.png,152.64210510253906,high,193.07150793650794,low
LSJ_Baidu_905.png,65.69568634033203,low,102.18458771929825,high
LSJ_Baidu_946.png,80.40068817138672,low,134.1459599582627,high
LSJ_Baidu_954.png,50.25101852416992,low,86.9443848114853,high
LSJ_Baidu_975.png,121.56813049316406,medium,152.70465148743267,medium
LSJ_Baidu_990.png,131.77096557617188,high,158.7524894723805,low
LSJ_Baidu_999.png,89.7981185913086,low,111.8388876146789,high
LSJ_Bing_095.png,174.80140686035156,high,217.20714696309125,low
LSJ_Bing_130.png,137.759765625,high,167.21140255106116,low
LSJ_Bing_150.png,124.85531616210938,medium,140.65688636494005,medium
LSJ_Bing_197.png,107.74341583251952,medium,164.53495059288537,low
LSJ_Bing_226.png,60.394290924072266,low,110.73903771254868,high
LSJ_Bing_234.png,149.05523681640625,high,180.6422120765832,low
LSJ_Bing_267.png,145.52597045898438,high,168.7615451155854,low
LSJ_Bing_313.png,146.55978393554688,high,183.90662914691944,low
LSJ_Bing_381.png,113.9453353881836,medium,143.9074546259407,medium
LSJ_Bing_453.png,82.73750305175781,low,123.89923628428927,high
LSJ_Bing_523.png,86.57020568847656,low,120.85462012987013,high
LSJ_Bing_552.png,160.00131225585938,high,172.00851834356794,low
LSJ_Google_03.png,159.01036071777344,high,181.18163883735312,low
LSJ_Google_232.png,108.26115417480467,medium,141.0611442608459,medium
LSJ_Google_233.png,74.42311096191406,low,97.82022950819672,high
LSJ_Google_260.png,100.5258331298828,low,149.61531117824774,medium
LZ_Baidu_059.png,57.67032623291016,low,173.6008810287306,low
LZ_Baidu_094.png,91.5479507446289,low,141.01225563909773,medium
LZ_Baidu_121.png,85.04037475585938,low,180.65580803755688,low
LZ_Baidu_130.png,83.40831756591797,low,88.79499060150376,high
LZ_Baidu_159.png,107.3543472290039,medium,148.63825043630018,medium
LZ_Baidu_173.png,137.32293701171875,high,184.46658898305085,low
LZ_Baidu_175.png,135.23123168945312,high,151.55829858045925,medium
LZ_Baidu_182.png,103.01071166992188,medium,170.67080184331797,low
LZ_Baidu_194.png,115.77129364013672,medium,135.42958944281526,medium
LZ_Baidu_204.png,132.50454711914062,high,165.34779746523932,low
LZ_Baidu_221.png,90.27642822265624,low,138.57396770753428,medium
LZ_Baidu_230.png,113.22032165527344,medium,125.04330152671756,high
LZ_Bing_019.png,20.112207412719727,low,102.76782608695652,high
LZ_Bing_030.png,104.36844635009766,medium,139.21406828703704,medium
LZ_Bing_044.png,73.46991729736328,low,131.65171768707484,high
LZ_Bing_060.png,98.07442474365234,low,140.91634210526317,medium
LZ_Bing_070.png,108.57987213134766,medium,162.1937687969925,low
LZ_Bing_081.png,117.90187072753906,medium,169.28522309631563,low
LZ_Bing_085.png,160.75558471679688,high,196.71320933593026,low
LZ_Bing_088.png,90.4758529663086,low,149.33993783993785,medium
LZ_Bing_111.png,103.01937866210938,medium,140.91562969924811,medium
LZ_Bing_15.png,129.89849853515625,high,138.53532714817982,medium
LZ_Bing_279.png,171.1917266845703,high,179.52632692307694,low
LZ_Bing_287.png,169.3948211669922,high,204.32379606879607,low
LZ_Bing_291.png,117.01860809326172,medium,159.480110701107,low
LZ_Bing_313.png,129.69540405273438,high,141.36730531070154,medium
LZ_Bing_323.png,120.45542907714844,medium,162.41012213427948,low
LZ_Bing_332.png,105.41240692138672,medium,126.75406881535491,high
LZ_Bing_34.png,159.9097137451172,high,178.46926096997692,low
LZ_Bing_349.png,99.11804962158205,low,129.00398491642886,high
LZ_Bing_454.png,91.88436889648438,low,134.84061976841517,medium
LZ_Bing_573.png,129.05406188964844,high,155.06990267515923,medium
LZ_Bing_658.png,100.48731231689452,low,125.34175909494232,high
LZ_Bing_813.png,130.81944274902344,high,182.77212101665643,low
LZ_Bing_871.png,87.53263092041016,low,144.73942537313434,medium
LZ_Google_014.png,123.27974700927734,medium,149.77504365079366,medium
LZ_Google_352.png,124.78163146972656,medium,166.00974845467033,low
LZ_Google_355.png,179.4105682373047,high,197.5308146067416,low
LZ_Google_411.png,73.9081802368164,low,126.29956363636363,high
LZ_Google_416.png,62.12994003295898,low,151.87579103795153,medium
LZ_Google_438.png,160.06134033203125,high,177.00980434782608,low
MLS_Bing_019.png,89.25487518310547,low,133.1704012345679,high
MLS_Bing_034.png,112.48058319091795,medium,148.16054245868582,medium
MLS_Bing_036.png,140.2969207763672,high,154.1673023090481,medium
MLS_Bing_046.png,58.82117462158203,low,117.93419089271931,high
MLS_Bing_068.png,167.3923797607422,high,201.85233024691357,low
MLS_Bing_085.png,118.75218200683594,medium,142.6227878637924,medium
MLS_Bing_095.png,194.48727416992188,high,225.058563660256,low
MLS_Bing_108.png,82.33788299560547,low,104.721171875,high
MLS_Bing_115.png,143.7870330810547,high,179.64317708333334,low
MLS_Bing_118.png,154.36671447753906,high,166.25904122652582,low
MLS_Bing_123.png,85.49304962158203,low,140.69340631859734,medium
MLS_Bing_130.png,149.02297973632812,high,173.25740019692088,low
MLS_Bing_132.png,112.37678527832033,medium,138.35845258307057,medium
MLS_Bing_141.png,148.75421142578125,high,179.21061686197916,low
MLS_Bing_168.png,116.35343933105467,medium,154.30245762711866,medium
MLS_Bing_174.png,118.6560516357422,medium,155.48605975604573,medium
MLS_Bing_176.png,86.9248275756836,low,150.58155198365026,medium
MLS_Bing_194.png,91.54381561279295,low,147.90208772458095,medium
MLS_Bing_200.png,108.4674072265625,medium,132.57168935454268,high
MLS_Bing_215.png,187.81320190429688,high,221.32067898272552,low
MLS_Bing_242.png,112.63882446289062,medium,146.13788055555557,medium
MLS_Bing_265.png,118.43502807617188,medium,157.30796052631578,medium
MLS_Bing_326.png,149.86390686035156,high,192.31330440900564,low
MLS_Bing_335.png,145.61279296875,high,191.29057457786115,low
MLS_Bing_343.png,81.43737030029297,low,142.98856530612244,medium
MLS_Bing_386.png,132.9016571044922,high,169.4014871621543,low
MLS_Bing_388.png,46.82527160644531,low,92.11170084635417,high
MLS_Bing_395.png,138.8379669189453,high,176.91840994371483,low
MLS_Bing_432.png,151.82310485839844,high,170.76840210457036,low
MLS_Bing_435.png,96.09446716308594,low,124.45075586140435,high
MLS_Bing_456.png,87.64894104003906,low,131.6256446991404,high
MLS_Bing_507.png,106.33431243896484,medium,183.3794888888889,low
MLS_Bing_517.png,100.95494079589844,low,126.99850478468899,high
MLS_Bing_518.png,97.89363861083984,low,146.48856184549498,medium
MLS_Bing_550.png,126.3831787109375,medium,164.31111008411128,low
MLS_Bing_552.png,57.884952545166016,low,94.68666044195456,high
MLS_Bing_594.png,111.55455780029295,medium,157.62495591025075,low
MLS_Bing_600.png,94.90570831298828,low,155.47703450520834,medium
MLS_Bing_637.png,93.3353271484375,low,108.65583865238874,high
MLS_Bing_667.png,51.03786087036133,low,86.66880469042738,high
MLS_Bing_686.png,112.75466918945312,medium,172.0408787094321,low
MLS_Bing_688.png,83.8287582397461,low,132.16449313030006,high
MLS_Bing_711.png,128.63658142089844,high,156.116728515625,medium
MLS_Bing_737.png,34.618709564208984,low,114.90546356322737,high
MLS_Bing_747.png,80.11056518554688,low,117.954,high
MLS_Bing_770.png,105.12162017822266,medium,142.27211523315577,medium
MLS_Google_001.png,87.72494506835938,low,114.6449764500597,high
MLS_Google_010.png,182.7279510498047,high,190.76357694592988,low
MLS_Google_022.png,167.61590576171875,high,190.7733002901354,low
MLS_Google_033.png,115.8905258178711,medium,148.42768508477917,medium
MLS_Google_036.png,140.06329345703125,high,156.48388589398024,medium
MLS_Google_037.png,133.99530029296875,high,167.70802304147466,low
MLS_Google_042.png,114.25397491455078,medium,131.8772701754386,high
MLS_Google_059.png,137.9636993408203,high,169.604247157778,low
MLS_Google_06.png,127.88743591308594,medium,160.48492398561774,low
MLS_Google_060.png,88.31300354003906,low,137.78026608956097,medium
MLS_Google_068.png,96.3043212890625,low,146.22495899398578,medium
MLS_Google_069.png,107.41736602783205,medium,119.03727389000548,high
MLS_Google_076.png,136.02655029296875,high,166.46277621722845,low
MLS_Google_078.png,101.60275268554688,low,120.62966188666685,high
MLS_Google_081.png,102.42247009277344,low,121.25923113059818,high
MLS_Google_091.png,112.3431396484375,medium,124.54990823299293,high
MLS_Google_105.png,91.53426361083984,low,126.40609440888076,high
MLS_Google_124.png,106.18736267089844,medium,141.41370404797524,medium
MLS_Google_139.png,101.30272674560548,low,147.74046448712087,medium
MLS_Google_142.png,142.99090576171875,high,171.93593164794007,low
MLS_Google_143.png,201.35743713378903,high,217.28683539863553,low
MLS_Google_162.png,121.26429748535156,medium,171.12320175438597,low
MLS_Google_163.png,139.88101196289062,high,176.59274488132925,low
MLS_Google_171.png,141.76800537109375,high,164.62808146994135,low
MLS_Google_200.png,108.26209259033205,medium,127.88243827131733,high
MLS_Google_201.png,156.89891052246094,high,186.97274083546463,low
MLS_Google_203.png,203.0774383544922,high,216.71836033950618,low
MLS_Google_24.png,112.79422760009766,medium,138.95237037037037,medium
MLS_Google_253.png,141.05154418945312,high,189.73890956382553,low
MLS_Google_254.png,101.3665008544922,low,132.51705839567748,high
MLS_Google_267.png,166.69937133789062,high,201.28163248697916,low
MLS_Google_271.png,97.3360824584961,low,154.9027063969382,medium
MLS_Google_303.png,109.7325439453125,medium,158.789435763498,low
MLS_Google_308.png,49.56425476074219,low,110.08146650365215,high
MLS_Google_314.png,84.26338195800781,low,103.53843576944571,high
MLS_Google_322.png,138.3754119873047,high,161.95586393039358,low
MLS_Google_356.png,192.42013549804688,high,215.50282392026577,low
MLS_Google_387.png,116.49769592285156,medium,171.8932017746557,low
MLS_Google_392.png,122.080322265625,medium,165.96035599681522,low
MLS_Google_401.png,144.53741455078125,high,194.21054750402575,low
MLS_Google_406.png,137.09182739257812,high,177.40229831144464,low
MLS_Google_419.png,102.51748657226562,low,140.1861506181376,medium
MLS_Google_443.png,126.51856231689452,medium,189.21950710108604,low
MLS_Google_468.png,127.71421813964844,medium,158.56755816367405,low
MLS_Google_489.png,93.60951232910156,low,121.35459461461535,high
MLS_Google_499.png,122.08375549316406,medium,159.80326686656673,low
MLS_Google_516.png,39.24515151977539,low,112.76275216138329,high
MLS_Google_573.png,134.9107666015625,high,167.53036666666668,low
MLS_Google_595.png,93.97483825683594,low,140.49190827740492,medium
MLS_Google_596.png,143.4241943359375,high,168.68261267006804,low
MLS_Google_633.png,73.85472869873047,low,125.5642056451613,high
MLS_Google_634.png,122.0204086303711,medium,139.44450042517008,medium
MLS_Google_637.png,79.40391540527344,low,134.453309505497,medium
MLS_Google_653.png,148.9853515625,high,195.23977966101694,low
MLS_Google_706.png,69.65242004394531,low,81.19857792048286,high
MSK_Baidu_036.png,110.44828033447266,medium,164.25161111111112,low
MSK_Baidu_196.png,87.44832611083984,low,179.8643517092701,low
MSK_Bing_035.png,81.01390075683594,low,134.22974835638178,high
MSK_Bing_04.png,145.1177978515625,high,168.17527476278244,low
MSK_Bing_044.png,133.58348083496094,high,149.92105324074075,medium
MSK_Bing_045.png,96.87403869628906,low,124.63781471004243,high
MSK_Bing_047.png,145.93043518066406,high,177.88419243986255,low
MSK_Bing_098.png,135.6486358642578,high,155.5901728925916,medium
MSK_Bing_100.png,42.230506896972656,low,101.1390084832249,high
MSK_Bing_104.png,71.7192153930664,low,149.8326437982005,medium
MSK_Bing_119.png,131.615966796875,high,160.1694512944132,low
MSK_Bing_120.png,67.35893249511719,low,119.19654253133815,high
MSK_Bing_128.png,163.41650390625,high,211.54894736842104,low
MSK_Bing_136.png,91.70246124267578,low,104.77492400925271,high
MSK_Bing_160.png,36.73956298828125,low,87.12541613415237,high
MSK_Bing_168.png,78.6519546508789,low,87.67360631885263,high
MSK_Bing_191.png,77.82581329345703,low,117.81120689655172,high
MSK_Bing_212.png,102.87589263916016,medium,141.67849900638606,medium
MSK_Bing_227.png,68.6286849975586,low,112.95419063975956,high
MSK_Bing_231.png,81.91480255126953,low,115.3798828492019,high
MSK_Bing_255.png,66.01283264160156,low,135.82294644161155,medium
MSK_Bing_267.png,129.32936096191406,high,164.17488656987297,low
MSK_Bing_293.png,127.46368408203124,medium,156.47228800787377,medium
MSK_Bing_305.png,99.7553482055664,low,125.5219040200391,high
MSK_Bing_314.png,50.69517517089844,low,90.36764351586721,high
MSK_Bing_321.png,53.47682189941406,low,102.51170881226054,high
MSK_Bing_327.png,110.0557632446289,medium,142.00487959928188,medium
MSK_Bing_338.png,166.1680908203125,high,194.43407419786095,low
MSK_Bing_352.png,41.12374877929688,low,76.84526479007634,high
MSK_Bing_384.png,107.80914306640624,medium,151.28102854828913,medium
MSK_Bing_422.png,157.11643981933594,high,173.63659434856274,low
MSK_Bing_423.png,177.6491241455078,high,191.01225657270408,low
MSK_Bing_442.png,153.87408447265625,high,185.581796875,low
MSK_Bing_445.png,136.05392456054688,high,167.52637797039128,low
MSK_Bing_556.png,69.58782196044922,low,121.82845645645645,high
MSK_Bing_610.png,97.38146209716795,low,151.25615259030224,medium
MSK_Bing_612.png,101.7379913330078,low,141.48052137870854,medium
MSK_Bing_616.png,127.70899200439452,medium,143.97489966611582,medium
NW_Bing_142.png,81.10393524169922,low,134.68892387218045,medium
NW_Bing_407.png,73.3025894165039,low,166.27870305980528,low
NW_Google_035.png,131.41932678222656,high,143.8090118061944,medium
NW_Google_046.png,201.1533966064453,high,224.36288888888888,low
NW_Google_055.png,187.2265167236328,high,219.891867219917,low
NW_Google_061.png,148.74217224121094,high,185.020813771518,low
NW_Google_110.png,64.37552642822266,low,93.21972803202871,high
NW_Google_117.png,131.80874633789062,high,153.98800398947458,medium
NW_Google_125.png,115.6980972290039,medium,137.4458586837693,medium
NW_Google_136.png,88.23294067382812,low,127.05964397496088,high
NW_Google_142.png,112.0626449584961,medium,165.62682644333572,low
NW_Google_198.png,66.02322387695312,low,130.05604133333333,high
NW_Google_204.png,127.44432067871094,medium,150.02914854923839,medium
NW_Google_219.png,117.8723602294922,medium,138.30214911935897,medium
NW_Google_221.png,149.7225799560547,high,164.50139783372364,low
NW_Google_224.png,163.78720092773438,high,182.92629926945665,low
NW_Google_242.png,149.07510375976562,high,184.1766102106254,low
NW_Google_247.png,165.5831756591797,high,221.0621854232487,low
NW_Google_397.png,142.17984008789062,high,191.0586316510172,low
NW_Google_405.png,126.41607666015624,medium,167.23958822378717,low
NW_Google_603.png,119.74566650390624,medium,139.81707406323184,medium
NW_Google_708.png,100.35701751708984,low,117.66147820228132,high
NW_Google_722.png,134.8929443359375,high,157.672675,low
NW_Google_734.png,131.3289794921875,high,151.67085,medium
NY_Baidu_073.png,89.49334716796875,low,133.4144489381265,high
NY_Baidu_1036.png,74.56409454345703,low,141.32805916432585,medium
NY_Baidu_1051.png,78.41093444824219,low,116.86119583333333,high
NY_Baidu_112.png,72.41786193847656,low,119.46552218430034,high
NY_Baidu_138.png,66.31558227539062,low,97.89093940151704,high
NY_Baidu_253.png,124.1337661743164,medium,155.44402243492044,medium
NY_Baidu_316.png,117.64813995361328,medium,157.55519435068672,low
NY_Baidu_383.png,109.37474060058594,medium,134.19011842105263,high
NY_Baidu_486.png,130.4654083251953,high,142.05279998031,medium
NY_Baidu_505.png,135.34413146972656,high,157.39178240740742,medium
NY_Baidu_538.png,153.37771606445312,high,161.95318136501774,low
NY_Baidu_558.png,114.69496154785156,medium,144.95852242744064,medium
NY_Baidu_562.png,138.92794799804688,high,155.10799415204679,medium
NY_Baidu_594.png,139.161376953125,high,151.9975193026152,medium
NY_Baidu_649.png,113.82510375976562,medium,145.92435185185184,medium
NY_Baidu_653.png,119.85582733154295,medium,125.79847878601342,high
NY_Baidu_657.png,113.5361785888672,medium,150.42050925925926,medium
NY_Baidu_700.png,147.0398406982422,high,173.61792878338278,low
NY_Baidu_726.png,86.16895294189453,low,119.7001944984718,high
NY_Baidu_828.png,129.2516326904297,high,143.91485764741353,medium
NY_Bing_048.png,159.4474639892578,high,171.8760225340136,low
NY_Bing_077.png,134.10635375976562,high,154.03724924924924,medium
NY_Bing_110.png,121.88697052001952,medium,186.00772905156538,low
NY_Bing_129.png,82.6591796875,low,111.66432176656151,high
NY_Bing_192.png,104.1527328491211,medium,127.72124276594475,high
NY_Bing_29.png,71.42982482910156,low,159.30256652237244,low
NY_Bing_311.png,118.20125579833984,medium,140.76583318723704,medium
NY_Bing_339.png,118.3484344482422,medium,170.1714503715499,low
NY_Bing_407.png,50.45126724243164,low,86.58754503723537,high
NY_Bing_444.png,130.6004638671875,high,174.5128202878203,low
NY_Google_023.png,109.7646484375,medium,121.17105534105534,high
NY_Google_027.png,106.62157440185548,medium,140.62922936893204,medium
NY_Google_111.png,99.65129089355467,low,132.4718716122038,high
NY_Google_283.png,94.38823699951172,low,110.65575070557227,high
NY_Google_450.png,119.80512237548828,medium,138.26469293118228,medium
NZL_Bing_017.png,123.33150482177734,medium,158.11012486049108,low
NZL_Bing_053.png,77.93074798583984,low,112.68547136784196,high
NZL_Bing_054.png,132.49630737304688,high,163.3444755244755,low
NZL_Bing_157.png,85.48576354980469,low,177.6254510673449,low
NZL_Bing_230.png,57.77925491333008,low,150.26947960618847,medium
NZL_Bing_359.png,55.92903900146485,low,185.55399463022565,low
NZL_Bing_617.png,128.33811950683594,high,168.18458333333334,low
NZL_Bing_707.png,110.51109313964844,medium,155.98803460058176,medium
NZL_Google_003.png,89.77568054199219,low,126.58389358347506,high
NZL_Google_012.png,103.37848663330078,medium,145.21704971857412,medium
NZL_Google_032.png,124.4915771484375,medium,156.24144790668902,medium
NZL_Google_064.png,115.9744110107422,medium,137.65962962962962,medium
NZL_Google_121.png,115.08607482910156,medium,126.83247581774214,high
NZL_Google_164.png,144.2560577392578,high,195.38485598487762,low
NZL_Google_179.png,79.41810607910156,low,108.61466145833333,high
NZL_Google_196.png,121.76140594482422,medium,135.4545639390013,medium
NZL_Google_209.png,84.2830810546875,low,150.24236661790746,medium
NZL_Google_240.png,148.86427307128906,high,165.81947331212442,low
NZL_Google_247.png,119.8540496826172,medium,156.61018234076496,medium
NZL_Google_275.png,110.56790924072266,medium,142.26466770508827,medium
NZL_Google_277.png,145.60792541503906,high,170.11227736131934,low
NZL_Google_280.png,126.16098022460938,medium,145.02670625689225,medium
NZL_Google_294.png,107.63899993896484,medium,123.82381944444444,high
NZL_Google_327.png,138.2278594970703,high,230.9873314157878,low
NZL_Google_357.png,92.07521057128906,low,114.72248779029204,high
NZL_Google_371.png,168.53758239746094,high,184.5054224230527,low
NZL_Google_394.png,116.7398681640625,medium,128.89107839249124,high
NZL_Google_416.png,90.62580871582033,low,115.91400454715124,high
NZL_Google_425.png,105.3757553100586,medium,121.39081417929553,high
NZL_Google_446.png,128.1227569580078,high,157.4155177384344,medium
NZL_Google_447.png,178.85137939453125,high,195.82819565400953,low
NZL_Google_458.png,43.12891006469727,low,179.31317919195712,low
NZL_Google_459.png,84.26065826416016,low,95.95811184939092,high
NZL_Google_463.png,177.68951416015625,high,212.33693061224488,low
NZL_Google_464.png,106.94442749023438,medium,142.00185546875,medium
NZL_Google_473.png,123.94530487060548,medium,165.70848397435898,low
NZL_Google_474.png,60.91063690185547,low,127.7996428810945,high
NZL_Google_512.png,87.11066436767578,low,158.9911368116398,low
NZL_Google_565.png,95.41273498535156,low,134.67659733333332,medium
NZL_Google_576.png,141.56488037109375,high,167.06731360420756,low
NZL_Google_609.png,83.24525451660156,low,102.58054856983183,high
NZL_Google_635.png,137.53575134277344,high,171.05210941915146,low
NZL_Google_676.png,91.0481414794922,low,164.18056190621348,low
NZL_Google_711.png,124.0565185546875,medium,159.15143703703703,low
NZL_Google_735.png,141.90794372558594,high,156.166780159731,medium
NZL_Google_768.png,126.33921813964844,medium,152.01028656162345,medium
NZL_Google_791.png,105.94967651367188,medium,148.91917869364678,medium
NZL_Google_831.png,43.34024429321289,low,85.19528501055595,high
OLD_Google_021.png,127.91442108154295,medium,151.99798882757867,medium
OLD_Google_038.png,127.80947875976562,medium,147.17054721977053,medium
OLD_Google_049.png,108.35321807861328,medium,128.732452536303,high
OLD_Google_071.png,176.8408966064453,high,183.1324483153517,low
OLD_Google_157.png,111.75200653076172,medium,140.8903825136612,medium
OLD_Google_158.png,121.47106170654295,medium,140.7442791107198,medium
OLD_Google_192.png,75.30717468261719,low,130.53098191829244,high
OLD_Google_216.png,127.05370330810548,medium,135.8078130827842,medium
OLD_Google_244.png,115.48291778564452,medium,145.30894607843138,medium
OLD_Google_317.png,130.1648712158203,high,150.46833117443867,medium
OLD_Google_344.png,67.40182495117188,low,88.64715918367347,high
OLD_Google_417.png,124.1839370727539,medium,145.05057037037037,medium
OLD_Google_452.png,104.1890869140625,medium,126.75936875,high
OLD_Google_474.png,141.89508056640625,high,162.01905559015884,low
OLD_Google_605.png,74.46260070800781,low,92.47434583333333,high
PL_Bing_046.png,51.63546752929688,low,138.35836791147995,medium
PL_Bing_114.png,147.4916229248047,high,201.03741333333335,low
PL_Bing_244.png,107.64215850830078,medium,165.44767571329157,low
PL_Google_124.png,115.34934997558594,medium,154.9905078125,medium
PL_Google_148.png,98.6604232788086,low,131.29932973537603,high
PL_Google_202.png,101.80331420898438,low,149.94702611367128,medium
PL_Google_225.png,89.02125549316406,low,129.23742908841942,high
PL_Google_227.png,102.82168579101562,medium,180.62957321358294,low
PL_Google_313.png,139.2080841064453,high,157.74403120109545,low
PL_Google_350.png,129.51776123046875,high,157.7969590295915,low
PL_Google_368.png,145.529541015625,high,161.86141431924884,low
PL_Google_394.png,153.92872619628906,high,191.45090808823528,low
PL_Google_467.png,180.11257934570312,high,192.1794553040695,low
PL_Google_512.png,80.19703674316406,low,151.77145,medium
PL_Google_527.png,86.8736572265625,low,106.52199970657277,high
PL_Google_569.png,135.9254150390625,high,163.84088134765625,low
PL_Google_635.png,65.41938781738281,low,155.437175,medium
PL_Google_665.png,115.91544342041016,medium,142.33107460035524,medium
PL_Google_753.png,137.2134552001953,high,188.36583719135803,low
PL_Google_756.png,98.43709564208984,low,114.86208933333333,high
PL_Google_839.png,103.57854461669922,medium,137.05946619217082,medium
PL_Google_849.png,68.7079849243164,low,113.8366500673369,high
PL_Google_913.png,105.87356567382812,medium,145.67610149253733,medium
QC_Baidu_00.png,120.2313995361328,medium,137.73682358605873,medium
QC_Baidu_002.png,161.8307647705078,high,172.18882996632996,low
QC_Baidu_003.png,186.4793701171875,high,206.9004979174555,low
QC_Baidu_004.png,123.04087829589844,medium,181.01540266666666,low
QC_Baidu_01.png,183.26742553710935,high,210.20428109676993,low
QC_Baidu_012.png,142.2028045654297,high,162.69528063869495,low
QC_Baidu_014.png,119.61485290527344,medium,132.3517113095238,high
QC_Baidu_017.png,121.6327667236328,medium,135.29129995851196,medium
QC_Baidu_024.png,110.14437103271484,medium,137.2336608382733,medium
QC_Baidu_028.png,130.11654663085938,high,150.566999503229,medium
QC_Baidu_030.png,156.33726501464844,high,172.0764612251586,low
QC_Baidu_031.png,134.1295623779297,high,152.18577498701666,medium
QC_Baidu_035.png,111.67228698730467,medium,117.38776458951533,high
QC_Baidu_043.png,119.83589935302734,medium,135.91607939230582,medium
QC_Baidu_049.png,120.05265045166016,medium,136.6321635049684,medium
QC_Baidu_050.png,158.69552612304688,high,190.2556,low
QC_Baidu_080.png,93.82647705078124,low,129.31550752670086,high
QC_Baidu_092.png,201.37579345703125,high,223.11771368824606,low
QC_Baidu_233.png,94.73346710205078,low,118.3214888888889,high
QC_Baidu_242.png,162.22567749023438,high,167.95192097415506,low
QC_Baidu_289.png,154.01675415039062,high,168.27575922714888,low
QC_Baidu_313.png,170.3657989501953,high,178.77329545454546,low
QC_Baidu_33.png,124.40437316894533,medium,135.0620840840841,medium
QC_Baidu_334.png,128.02835083007812,high,185.64439805149618,low
QC_Baidu_345.png,68.48783874511719,low,83.97298797409806,high
QC_Baidu_348.png,143.6233673095703,high,160.35385260370697,low
QC_Baidu_350.png,55.6588134765625,low,86.96996697651663,high
QC_Baidu_367.png,97.06969451904295,low,148.69744624786253,medium
QC_Baidu_368.png,108.74224853515624,medium,126.5654535194713,high
QC_Baidu_375.png,106.3086929321289,medium,157.1605738803969,medium
QC_Baidu_421.png,114.10967254638672,medium,140.7788596491228,medium
QC_Baidu_525.png,88.17848205566406,low,107.97344868735084,high
QC_Baidu_526.png,96.4306411743164,low,122.0264,high
QC_Baidu_536.png,83.72908782958984,low,111.93243333333334,high
QC_Baidu_544.png,131.34884643554688,high,160.90863473767885,low
QC_Baidu_565.png,151.37754821777344,high,192.33958065208066,low
QC_Baidu_572.png,82.0186767578125,low,132.49448264571055,high
QC_Bing_003.png,92.89187622070312,low,112.85438467907217,high
QC_Bing_209.png,138.72463989257812,high,176.86346666666665,low
QC_Bing_235.png,131.1763153076172,high,167.61178041543027,low
QC_Bing_236.png,67.34049224853516,low,135.5841922077922,medium
QC_Bing_247.png,112.32451629638672,medium,162.7755915915916,low
QC_Bing_251.png,126.3918228149414,medium,155.1979937737807,medium
QC_Bing_266.png,65.36787414550781,low,186.07970518867924,low
QC_Bing_304.png,172.01356506347656,high,186.24859837568772,low
QC_Bing_312.png,131.0684356689453,high,141.08116666666666,medium
QC_Bing_34.png,124.5807647705078,medium,138.89198497017222,medium
QC_Bing_380.png,118.31513214111328,medium,146.8695876800795,medium
QC_Bing_445.png,82.07499694824219,low,184.37477907567293,low
QC_Bing_454.png,148.18011474609375,high,165.69820247933885,low
QC_Bing_502.png,172.69346618652344,high,205.46295928030304,low
QC_Bing_515.png,146.0649871826172,high,190.86991156462585,low
QC_Bing_528.png,179.87606811523438,high,195.22011666666666,low
QC_Bing_555.png,99.7910385131836,low,109.23191320874248,high
QC_Bing_564.png,99.4879913330078,low,146.1463581443064,medium
QC_Bing_589.png,144.98497009277344,high,174.89819188191882,low
QC_Bing_602.png,133.0194549560547,high,194.34266666666667,low
QC_Bing_618.png,122.34294128417967,medium,140.2908604845447,medium
QC_Bing_794.png,155.63253784179688,high,159.69068208746705,low
QC_Bing_812.png,121.7824935913086,medium,144.5946986166008,medium
QC_Bing_857.png,29.39505958557129,low,69.2708451133052,high
QC_Bing_867.png,124.9813461303711,medium,180.4527108433735,low
QC_Bing_938.png,127.04376983642578,medium,163.68381040036815,low
QC_Google_002.png,155.0696258544922,high,177.5347197231834,low
QC_Google_004.png,112.2622528076172,medium,140.75148395061728,medium
QC_Google_168.png,124.10714721679688,medium,163.03959856005235,low
QC_Google_223.png,133.35499572753906,high,156.44826396603946,medium
QC_Google_257.png,86.32252502441406,low,125.25398851528989,high
QC_Google_314.png,163.17225646972656,high,198.59322185061316,low
QC_Google_324.png,58.58918762207031,low,104.71846975088968,high
QC_Google_372.png,154.75181579589844,high,176.4139841137124,low
QC_Google_432.png,138.11195373535156,high,147.2812893081761,medium
QC_Google_474.png,113.24687957763672,medium,135.72775997150998,medium
QC_Google_520.png,135.02883911132812,high,151.29119395590786,medium
QC_Google_541.png,82.95638275146484,low,105.30830053667263,high
QC_Google_644.png,149.9827117919922,high,179.2957037251907,low
QC_Google_650.png,94.3819580078125,low,123.67745906432748,high
QC_Google_802.png,128.57254028320312,high,192.93737310088918,low
QD_Baidu_017.png,115.37020874023438,medium,137.34210288065844,medium
QD_Baidu_021.png,131.81427001953125,high,148.0655988967691,medium
QD_Baidu_036.png,51.782806396484375,low,69.00284985167818,high
QD_Baidu_065.png,162.7292022705078,high,171.26092274678112,low
QD_Baidu_071.png,104.96897888183594,medium,129.97344966972295,high
QD_Baidu_087.png,134.5082244873047,high,156.5104137392662,medium
QD_Baidu_088.png,120.88786315917967,medium,145.60830715178543,medium
QD_Baidu_091.png,131.9846649169922,high,144.8491352549889,medium
QD_Baidu_098.png,110.24187469482422,medium,129.64105394338614,high
QD_Baidu_111.png,117.5112762451172,medium,127.96049295774648,high
QD_Baidu_118.png,118.27538299560548,medium,166.20981423583729,low
QD_Baidu_13.png,128.9452362060547,high,142.386658436214,medium
QD_Baidu_131.png,89.44632720947266,low,123.05792700179195,high
QD_Baidu_133.png,147.37844848632812,high,161.83868175141419,low
QD_Baidu_134.png,111.82999420166016,medium,144.78136164475902,medium
QD_Baidu_139.png,58.41842269897461,low,76.56495817646832,high
QD_Baidu_146.png,52.88862991333008,low,92.00598765432099,high
QD_Baidu_149.png,160.43934631347656,high,173.71982037509906,low
QD_Baidu_169.png,123.75882720947266,medium,164.17980631276902,low
QD_Baidu_181.png,125.06434631347656,medium,169.50579316712836,low
QD_Baidu_182.png,130.13523864746094,high,141.18531822975135,medium
QD_Baidu_192.png,139.26512145996094,high,156.4582225433526,medium
QD_Baidu_245.png,156.2904815673828,high,166.64574925703613,low
QD_Baidu_249.png,117.63929748535156,medium,155.3072371585868,medium
QD_Baidu_260.png,109.10860443115234,medium,139.16220481927712,medium
QD_Baidu_274.png,93.32195281982422,low,109.38866666666667,high
QD_Baidu_280.png,102.1615753173828,low,116.41567083333334,high
QD_Baidu_282.png,114.8816146850586,medium,138.40313057040999,medium
QD_Baidu_291.png,111.05388641357422,medium,138.30896403650027,medium
QD_Baidu_294.png,138.1577911376953,high,154.6051947167756,medium
QD_Baidu_302.png,100.42545318603516,low,105.28589248971194,high
QD_Bing_051.png,144.4502716064453,high,199.68695977749252,low
QD_Bing_075.png,68.25476837158203,low,164.05941509652064,low
QD_Bing_101.png,135.49147033691406,high,166.03761194029852,low
QD_Bing_109.png,129.43276977539062,high,152.50382943143813,medium
QD_Bing_110.png,112.0050048828125,medium,158.9872371535135,low
QD_Bing_112.png,104.0514907836914,medium,128.78690998987534,high
QD_Bing_114.png,92.80387878417967,low,133.8074370503597,high
QD_Bing_119.png,100.594482421875,low,152.75931424531638,medium
QD_Bing_120.png,117.94996643066406,medium,148.74074112453627,medium
QD_Bing_124.png,131.73558044433594,high,182.7768503971371,low
QD_Bing_143.png,179.0836944580078,high,212.75572907527638,low
QD_Bing_144.png,127.95596313476562,medium,164.00775092014823,low
QD_Bing_165.png,146.36654663085938,high,180.08268292682928,low
QD_Bing_174.png,107.6792449951172,medium,134.23923561452088,medium
QD_Bing_179.png,92.1396484375,low,141.66091954022988,medium
QD_Bing_192.png,139.64215087890625,high,157.8505970548862,low
QD_Bing_200.png,125.11348724365234,medium,142.7588638037873,medium
QD_Bing_271.png,114.51490020751952,medium,126.78763319946452,high
QD_Bing_313.png,99.99724578857422,low,141.82880017452007,medium
QD_Bing_351.png,103.51355743408205,medium,143.94491226419532,medium
QD_Bing_416.png,98.39289855957033,low,131.47171733276645,high
QD_Bing_439.png,43.27574157714844,low,112.03811717171718,high
QD_Bing_500.png,96.29593658447266,low,127.22210729919577,high
QD_Bing_516.png,100.72608184814452,low,154.02739668978975,medium
QD_Bing_525.png,72.57746124267578,low,174.4788888888889,low
QD_Bing_533.png,46.376373291015625,low,98.19959893431117,high
QD_Bing_635.png,119.2610855102539,medium,138.29594176084944,medium
QD_Bing_742.png,111.39673614501952,medium,143.46716638513513,medium
QD_Bing_824.png,145.76419067382812,high,212.93824711873492,low
QD_Bing_849.png,101.31163024902344,low,128.7947576072576,high
QD_Bing_850.png,119.01895904541016,medium,178.3745186136072,low
QD_Bing_851.png,86.33638000488281,low,157.40272689768977,medium
QD_Bing_857.png,119.14202880859376,medium,140.96880991735537,medium
QD_Bing_860.png,135.82913208007812,high,168.46916776444183,low
QD_Bing_870.png,145.67958068847656,high,195.94755056437288,low
QD_Bing_871.png,168.52523803710938,high,213.11183450324407,low
QD_Bing_873.png,80.18710327148438,low,140.5994200626959,medium
QD_Bing_878.png,100.11176300048828,low,168.4378225205071,low
QD_Google_019.png,148.6755828857422,high,177.75704274891774,low
QD_Google_043.png,87.79662322998047,low,127.83535463723477,high
QD_Google_045.png,149.2227020263672,high,179.1339184769442,low
QD_Google_073.png,146.2535858154297,high,181.97832996632997,low
QD_Google_080.png,77.22673797607422,low,138.28001368873913,medium
QD_Google_095.png,123.97267150878906,medium,174.60498484848486,low
SFC_Bing_300.png,148.97125244140625,high,197.76607142857142,low
SFC_Bing_448.png,61.24260711669922,low,129.07485605272285,high
SFC_Google_069.png,68.5877914428711,low,122.94265625,high
SFC_Google_165.png,144.94581604003906,high,187.93811145129504,low
SFC_Google_178.png,118.86979675292967,medium,150.3563554637799,medium
SFC_Google_182.png,109.63661193847656,medium,136.77711345567573,medium
SFC_Google_197.png,114.02871704101562,medium,139.75690375524337,medium
SFC_Google_20.png,31.67470359802246,low,72.92180383492465,high
SFC_Google_206.png,147.4396209716797,high,181.25804992672698,low
SFC_Google_209.png,114.90540313720705,medium,152.7254549662272,medium
SFC_Google_225.png,159.3022003173828,high,186.21640089511183,low
SFC_Google_285.png,98.31726837158205,low,145.5276547851109,medium
SFC_Google_305.png,102.98287200927734,medium,151.28505987130865,medium
SFC_Google_332.png,139.8155975341797,high,163.7172203898051,low
SFC_Google_409.png,121.74527740478516,medium,150.4608369534644,medium
SFC_Google_426.png,119.06019592285156,medium,148.92875895127926,medium
SFC_Google_462.png,120.45323181152344,medium,135.47866211604097,medium
SFC_Google_473.png,119.1235580444336,medium,152.97193984962405,medium
SFC_Google_474.png,126.570556640625,medium,148.39195352323839,medium
SFC_Google_481.png,178.60972595214844,high,222.99589149239944,low
SFC_Google_486.png,187.9180908203125,high,210.89708979591836,low
SFC_Google_531.png,112.75958251953124,medium,142.43466962524656,medium
SFC_Google_668.png,188.2645568847656,high,221.1397528193489,low
SFC_Google_672.png,164.20535278320312,high,189.9576913265306,low
SFC_Google_679.png,80.24317932128906,low,126.97255424063117,high
SFC_Google_703.png,194.23895263671875,high,224.657568359375,low
SGP_Bing_018.png,64.03055572509766,low,94.84845617127321,high
SGP_Bing_019.png,112.34100341796876,medium,153.63643808202238,medium
SGP_Bing_027.png,57.0622444152832,low,105.58354374682688,high
SGP_Bing_035.png,105.6783218383789,medium,156.8461569472656,medium
SGP_Bing_041.png,143.06678771972656,high,177.87420233463035,low
SGP_Bing_052.png,120.54271697998048,medium,158.10803786933,low
SGP_Bing_072.png,141.89285278320312,high,169.82812898101105,low
SGP_Bing_078.png,63.38920593261719,low,92.59400360823166,high
SGP_Bing_080.png,102.9875717163086,medium,149.4642061781609,medium
SGP_Bing_082.png,81.6029281616211,low,137.15020463885764,medium
SGP_Bing_083.png,83.4361572265625,low,121.47059981535789,high
SGP_Bing_090.png,115.24382019042967,medium,163.86210930442638,low
SGP_Bing_092.png,81.8537826538086,low,134.24386281588448,medium
SGP_Bing_097.png,150.47030639648438,high,178.43901809954752,low
SGP_Bing_103.png,50.39035415649414,low,99.89205579501916,high
SGP_Bing_109.png,45.00584411621094,low,85.52512172284644,high
SGP_Bing_116.png,104.10230255126952,medium,122.87353148862796,high
SGP_Bing_120.png,139.8848876953125,high,161.54955879954824,low
SGP_Bing_125.png,69.80593872070312,low,102.08620244354935,high
SGP_Bing_141.png,121.18302154541016,medium,133.61386261380946,high
SGP_Bing_148.png,63.66928482055664,low,108.29357556608741,high
SGP_Bing_167.png,48.26900100708008,low,120.46019804526749,high
SGP_Bing_171.png,184.26736450195312,high,211.16251111111112,low
SGP_Bing_179.png,36.97759628295898,low,84.45372200263505,high
SGP_Bing_181.png,105.38823699951172,medium,150.43326374745416,medium
SGP_Bing_191.png,188.36903381347656,high,212.38408951933098,low
SGP_Bing_192.png,123.57563018798828,medium,173.80330602938693,low
SGP_Bing_196.png,160.50975036621094,high,207.2672397080625,low
SGP_Bing_209.png,27.614444732666016,low,65.24191211685823,high
SGP_Bing_225.png,154.08290100097656,high,165.9768587886658,low
SGP_Bing_231.png,76.44881439208984,low,158.7919494628906,low
SGP_Bing_264.png,128.27908325195312,high,158.22378538611792,low
SGP_Bing_286.png,154.10525512695312,high,170.8527585339363,low
SGP_Bing_295.png,183.2118682861328,high,206.54406915394762,low
SGP_Bing_309.png,55.51217269897461,low,109.76485931402752,high
SGP_Bing_414.png,66.63729858398438,low,114.07890152985557,high
SGP_Bing_421.png,136.25904846191406,high,155.17995801033592,medium
SGP_Bing_445.png,72.92420959472656,low,139.3302706866197,medium
SGP_Bing_538.png,151.6064453125,high,188.88977891156463,low
SGP_Bing_551.png,106.24769592285156,medium,125.0462875583035,high
SGP_Bing_557.png,148.91888427734375,high,180.9532277199074,low
SGP_Bing_562.png,148.26492309570312,high,181.59635767790263,low
SGP_Bing_566.png,152.3485107421875,high,182.2106746712407,low
SGP_Bing_572.png,99.73665618896484,low,134.6731313131313,medium
SGP_Bing_58.png,137.12840270996094,high,195.65021048061314,low
SGP_Bing_583.png,130.3638153076172,high,172.53937083333332,low
SGP_Bing_623.png,57.1182975769043,low,94.32777037037037,high
SGP_Bing_628.png,63.43873977661133,low,104.24933888888889,high
SGP_Bing_684.png,130.87725830078125,high,153.19915224192792,medium
SGP_Bing_695.png,97.1434555053711,low,147.51896961063628,medium
SGP_Bing_723.png,124.09337615966795,medium,167.45221827352975,low
SGP_Bing_727.png,86.0406723022461,low,157.23655082212258,medium
SGP_Google_002.png,153.0167999267578,high,168.41459238297796,low
SGP_Google_015.png,127.49662017822266,medium,148.32780452533376,medium
SGP_Google_024.png,159.8368377685547,high,177.34765471993734,low
SGP_Google_067.png,110.78944396972656,medium,119.711120980636,high
SGP_Google_073.png,154.6124267578125,high,205.13597944701078,low
SGP_Google_075.png,159.48284912109375,high,189.73736854138087,low
SGP_Google_080.png,117.33566284179688,medium,158.60475448746476,low
SGP_Google_092.png,43.01613235473633,low,141.66497668442477,medium
SGP_Google_109.png,152.46505737304688,high,172.36774089211679,low
SGP_Google_117.png,153.21905517578125,high,177.40534101382488,low
SGP_Google_119.png,161.05645751953125,high,180.6974027772849,low
SGP_Google_127.png,135.25286865234375,high,169.07034055295446,low
SGP_Google_161.png,92.3300552368164,low,157.70594273081377,low
SGP_Google_170.png,105.8321304321289,medium,160.97391765285997,low
SGP_Google_21.png,127.87214660644533,medium,171.06516073391714,low
SGP_Google_213.png,116.82284545898438,medium,162.9556097252121,low
SGP_Google_214.png,92.583740234375,low,130.39362939368124,high
SGP_Google_223.png,127.23928833007812,medium,156.47302330768372,medium
SGP_Google_244.png,147.58370971679688,high,192.62227403982428,low
SGP_Google_263.png,117.91563415527344,medium,151.77087623762375,medium
SGP_Google_329.png,108.69883728027344,medium,143.04368779031188,medium
SGP_Google_345.png,161.8358154296875,high,188.8203088418431,low
SGP_Google_389.png,87.1807632446289,low,135.98158649280444,medium
SGP_Google_414.png,132.71929931640625,high,171.86386749913285,low
SGP_Google_419.png,64.59613037109375,low,87.24287160270491,high
SGP_Google_421.png,136.42007446289062,high,161.3337072072072,low
SGP_Google_429.png,135.3358612060547,high,167.17987284757652,low
SGP_Google_433.png,113.1304702758789,medium,156.11262172284646,medium
SGP_Google_441.png,91.32349395751952,low,139.37023569250778,medium
SGP_Google_450.png,122.1531219482422,medium,170.3881901724007,low
SGP_Google_451.png,212.24737548828125,high,234.2133553118482,low
SGP_Google_460.png,124.9727783203125,medium,143.1334047919294,medium
SGP_Google_461.png,133.86366271972656,high,179.42393305958635,low
SGP_Google_518.png,124.8322982788086,medium,156.9145207111437,medium
SGP_Google_558.png,127.86517333984376,medium,152.00913838715562,medium
SGP_Google_564.png,194.49627685546875,high,216.13900287356321,low
SH_Baidu_01.png,148.333984375,high,172.8700650574816,low
SH_Baidu_011.png,128.4888458251953,high,135.1400404040404,medium
SH_Baidu_032.png,161.13429260253906,high,168.6684334625323,low
SH_Baidu_040.png,196.63009643554688,high,209.13551851851852,low
SH_Baidu_059.png,113.07217407226562,medium,143.20532653061224,medium
SH_Baidu_086.png,188.83090209960935,high,218.9159096385542,low
SH_Baidu_088.png,83.41571807861328,low,106.51684641088336,high
SH_Baidu_099.png,158.10162353515625,high,174.90193725126264,low
SH_Baidu_112.png,130.1768798828125,high,149.90582513385473,medium
SH_Baidu_126.png,138.97030639648438,high,149.1118328484528,medium
SH_Baidu_146.png,52.8785285949707,low,115.35265146503183,high
SH_Baidu_150.png,118.1399383544922,medium,139.85744023904383,medium
SH_Baidu_161.png,124.98827362060548,medium,145.58676923076922,medium
SH_Baidu_169.png,108.77198028564452,medium,152.38107421875,medium
SH_Baidu_179.png,110.33311462402344,medium,149.3840619925125,medium
SH_Baidu_188.png,148.1669158935547,high,171.687597387818,low
SH_Baidu_226.png,149.97608947753906,high,163.442499929919,low
SH_Baidu_251.png,117.90892791748048,medium,143.20249056603774,medium
SH_Baidu_252.png,127.2476806640625,medium,134.54499955771783,medium
SH_Bing_121.png,124.71066284179688,medium,152.79567755255255,medium
SH_Bing_123.png,74.18877410888672,low,118.36312666346699,high
SH_Bing_139.png,63.25475692749024,low,131.864651934848,high
SH_Bing_156.png,107.4525909423828,medium,130.62588019823315,high
SH_Bing_203.png,89.29558563232422,low,158.583444015444,low
SH_Bing_228.png,185.74659729003903,high,212.94934852613326,low
SH_Bing_252.png,141.27865600585938,high,175.88063896336016,low
SH_Bing_274.png,185.9893341064453,high,196.88043958333333,low
SH_Bing_279.png,101.81282806396484,low,127.90664798206278,high
SH_Bing_297.png,106.53118133544922,medium,132.7987317941079,high
SH_Bing_352.png,115.19159698486328,medium,136.16040618448636,medium
SH_Bing_353.png,125.599365234375,medium,156.77539868667918,medium
SH_Bing_44.png,89.26074981689453,low,151.55207317073172,medium
SH_Bing_453.png,139.03158569335938,high,178.64239902400766,low
SH_Bing_455.png,109.31560516357422,medium,163.41929362880887,low
SH_Bing_465.png,130.17247009277344,high,167.3232701754386,low
SH_Bing_503.png,96.96080017089844,low,136.73060568086885,medium
SH_Bing_523.png,166.66522216796875,high,176.95568363844393,low
SH_Bing_548.png,144.4373016357422,high,163.98786596256892,low
SH_Bing_554.png,116.87857055664062,medium,136.97105899419728,medium
SH_Bing_721.png,137.11187744140625,high,163.84166210400255,low
SH_Bing_765.png,156.43788146972656,high,178.22559184763261,low
SH_Google_075.png,149.79934692382812,high,170.8000912408759,low
SH_Google_130.png,109.7308120727539,medium,131.09871279761904,high
SH_Google_139.png,118.904052734375,medium,142.79653093639448,medium
SH_Google_161.png,114.50479125976562,medium,133.9325855654762,high
SH_Google_267.png,158.50648498535156,high,175.25761904761904,low
SH_Google_298.png,140.1747589111328,high,168.92588831112556,low
SH_Google_302.png,106.84490203857422,medium,117.80164884135472,high
SH_Google_353.png,59.25420379638672,low,109.08832477992927,high
SH_Google_383.png,86.20521545410156,low,123.06080930955952,high
SH_Google_411.png,86.42003631591797,low,131.34517071838295,high
SH_Google_413.png,118.80279541015624,medium,128.94568585009762,high
SH_Google_418.png,136.69827270507812,high,154.3100195281264,medium
SH_Google_470.png,53.40456771850586,low,78.7699676823638,high
SH_Google_477.png,83.65314483642578,low,112.3048167293233,high
SH_Google_516.png,128.14697265625,high,157.31818110850898,medium
SH_Google_53.png,63.78082275390625,low,113.76398243911092,high
SJZ_Baidu_003.png,134.15948486328125,high,147.3432462006079,medium
SJZ_Baidu_011.png,108.04750061035156,medium,131.81238703703704,high
SJZ_Baidu_017.png,178.0175018310547,high,198.01518954918032,low
SJZ_Baidu_023.png,121.99974822998048,medium,154.0388907103825,medium
SJZ_Baidu_024.png,99.00381469726562,low,164.00519564772029,low
SJZ_Baidu_029.png,104.66582489013672,medium,120.47766932860101,high
SJZ_Baidu_040.png,141.77781677246094,high,158.68410858927575,low
SJZ_Baidu_042.png,121.962158203125,medium,150.47521333333333,medium
SJZ_Baidu_068.png,143.40420532226562,high,164.186,low
SJZ_Baidu_075.png,140.65240478515625,high,167.16338318624008,low
SJZ_Baidu_088.png,159.1957244873047,high,173.39630710371884,low
SJZ_Baidu_097.png,132.19288635253906,high,150.3635971802188,medium
SJZ_Baidu_099.png,167.22779846191406,high,181.2791291436687,low
SJZ_Baidu_1074.png,78.14606475830078,low,144.53863247863248,medium
SJZ_Baidu_1110.png,100.24396514892578,low,137.40543296089385,medium
SJZ_Baidu_1114.png,70.87442779541016,low,105.96212765957446,high
SJZ_Baidu_114.png,117.990966796875,medium,183.7972079392285,low
SJZ_Baidu_116.png,108.83845520019533,medium,128.34653573439672,high
SJZ_Baidu_118.png,160.03109741210938,high,171.24336851618733,low
SJZ_Baidu_1195.png,59.58721160888672,low,110.62721262239496,high
SJZ_Baidu_120.png,112.37213897705078,medium,130.16677560827762,high
SJZ_Baidu_1218.png,112.5961685180664,medium,126.44748414376322,high
SJZ_Baidu_1231.png,98.37638092041016,low,120.997381370826,high
SJZ_Baidu_125.png,88.81864166259766,low,143.67664952181948,medium
SJZ_Baidu_127.png,112.68968200683594,medium,134.71441411077407,medium
SJZ_Baidu_133.png,99.58634948730467,low,125.85099209833187,high
SJZ_Baidu_134.png,118.99259185791016,medium,158.56687775677378,low
SJZ_Baidu_137.png,155.38987731933594,high,170.13563187238657,low
SJZ_Baidu_147.png,103.9416732788086,medium,152.3028749920316,medium
SJZ_Baidu_151.png,107.67108917236328,medium,136.51541501976286,medium
SJZ_Baidu_159.png,100.22899627685548,low,119.17433624816998,high
SJZ_Baidu_164.png,152.6591033935547,high,177.43538087468406,low
SJZ_Baidu_172.png,164.3888397216797,high,182.94478004360653,low
SJZ_Baidu_177.png,109.8886947631836,medium,132.98076167076167,high
SJZ_Baidu_184.png,142.7674560546875,high,157.4818976365029,medium
SJZ_Baidu_203.png,125.61185455322266,medium,142.2576715123329,medium
SJZ_Baidu_209.png,90.90675354003906,low,109.48376610305958,high
SJZ_Baidu_223.png,162.83743286132812,high,171.61939085644815,low
SJZ_Baidu_224.png,164.33741760253906,high,170.95202642041812,low
SJZ_Baidu_225.png,169.50344848632812,high,183.85244384459654,low
SJZ_Baidu_240.png,155.13998413085938,high,166.95610170578428,low
SJZ_Baidu_243.png,165.7244873046875,high,172.29825573938695,low
SJZ_Baidu_244.png,157.95755004882812,high,165.8026993155307,low
SJZ_Baidu_249.png,163.6382598876953,high,175.5760035911248,low
SJZ_Baidu_267.png,135.15469360351562,high,144.7357575757576,medium
SJZ_Baidu_286.png,164.7147979736328,high,173.70784061272326,low
SJZ_Baidu_305.png,146.06997680664062,high,164.95540785498488,low
SJZ_Baidu_332.png,100.47748565673828,low,117.2880843373494,high
SJZ_Baidu_333.png,143.8822784423828,high,170.8235596707819,low
SJZ_Baidu_381.png,142.301025390625,high,150.91003003003004,medium
SJZ_Baidu_397.png,158.8642578125,high,183.49020186335403,low
SJZ_Baidu_406.png,97.58184051513672,low,106.60935714285715,high
SJZ_Baidu_418.png,115.6125259399414,medium,136.4285309973046,medium
SJZ_Baidu_420.png,93.8630599975586,low,135.28865646258504,medium
SJZ_Baidu_421.png,94.855712890625,low,108.29792862266858,high
SJZ_Baidu_451.png,99.85684967041016,low,124.7002037037037,high
SJZ_Baidu_475.png,104.59608459472656,medium,117.29677083333333,high
SJZ_Baidu_491.png,85.45291137695312,low,120.91819457735247,high
SJZ_Baidu_550.png,144.65293884277344,high,193.6513174019608,low
SJZ_Baidu_570.png,75.17611694335938,low,105.40548888888888,high
SJZ_Baidu_575.png,120.37614440917967,medium,134.91486734693876,medium
SJZ_Baidu_593.png,112.87813568115234,medium,165.8789465648855,low
SJZ_Baidu_620.png,125.76825714111328,medium,145.80031085043987,medium
SJZ_Baidu_688.png,130.9897918701172,high,142.4782890108344,medium
SJZ_Baidu_716.png,76.37100982666016,low,108.54982142857143,high
SJZ_Baidu_730.png,126.2818374633789,medium,189.30267039279616,low
SJZ_Baidu_771.png,111.1010971069336,medium,169.54551586826673,low
SJZ_Baidu_772.png,96.33482360839844,low,144.17094017094018,medium
SJZ_Baidu_774.png,78.49129486083984,low,110.35169531513313,high
SJZ_Baidu_787.png,61.90850067138672,low,134.44727891156464,medium
SJZ_Baidu_790.png,81.23677062988281,low,124.5525650429305,high
SJZ_Baidu_84.png,102.428955078125,low,126.76004489337822,high
SJZ_Baidu_870.png,69.4718017578125,low,106.21357142857143,high
SJZ_Baidu_891.png,61.89576721191406,low,123.95161996779387,high
SJZ_Baidu_892.png,122.61629486083984,medium,157.59514028857535,low
SJZ_Baidu_897.png,131.69448852539062,high,154.16573472307377,medium
SJZ_Baidu_910.png,73.13138580322266,low,126.87699735449735,high
SJZ_Baidu_924.png,56.39946746826172,low,118.46743801652893,high
SJZ_Baidu_935.png,94.24676513671876,low,149.9623309637073,medium
SJZ_Baidu_956.png,97.2613296508789,low,138.81494136445346,medium
SJZ_Baidu_994.png,48.93571472167969,low,92.6467641250613,high
SJZ_Bing_009.png,143.2587432861328,high,161.8889,low
SJZ_Bing_025.png,135.9701385498047,high,148.76675675675676,medium
SJZ_Bing_036.png,133.51756286621094,high,156.12070186517514,medium
SJZ_Bing_061.png,141.81333923339844,high,153.39374478297162,medium
SJZ_Bing_062.png,184.13656616210935,high,207.6963037037037,low
SJZ_Bing_082.png,73.75961303710938,low,109.49305507246376,high
SJZ_Bing_085.png,104.6574478149414,medium,112.87182382834557,high
SJZ_Bing_125.png,135.8321533203125,high,183.75613472858078,low
SJZ_Bing_146.png,108.02533721923828,medium,166.94705067762064,low
SJZ_Bing_181.png,81.3763198852539,low,122.26874574829932,high
SJZ_Bing_189.png,90.87770080566406,low,111.44278610000916,high
SJZ_Bing_196.png,65.36618041992188,low,105.99336947278911,high
SJZ_Bing_202.png,86.28654479980469,low,127.85017431972788,high
SJZ_Bing_236.png,108.30103302001952,medium,176.45153594771242,low
SJZ_Bing_246.png,120.27597045898438,medium,179.41034666666667,low
SJZ_Bing_297.png,106.3441925048828,medium,131.9713448534936,high
SJZ_Bing_301.png,98.13217163085938,low,128.86050882899627,high
SJZ_Bing_377.png,66.48904418945312,low,100.0017972681524,high
SJZ_Bing_387.png,163.60879516601562,high,170.56794092459742,low
SJZ_Bing_397.png,139.35751342773438,high,146.93015873015872,medium
SJZ_Bing_410.png,80.91834259033203,low,115.08103624535316,high
SJZ_Bing_412.png,143.63919067382812,high,156.98036866359448,medium
SJZ_Bing_461.png,135.11329650878906,high,165.62833333333333,low
SJZ_Bing_492.png,86.86490631103516,low,102.20436813186814,high
SJZ_Bing_499.png,100.47216796875,low,137.41646437186506,medium
SJZ_Bing_556.png,114.5305633544922,medium,143.00750264434475,medium
SJZ_Bing_570.png,69.14430236816406,low,126.17937153181056,high
SJZ_Bing_587.png,78.67265319824219,low,136.11686714782144,medium
SJZ_Bing_593.png,129.1302490234375,high,154.66698034769465,medium
SJZ_Bing_623.png,160.7703094482422,high,180.47665089641436,low
SJZ_Bing_666.png,76.72911071777344,low,150.18417045970872,medium
SJZ_Bing_673.png,55.39497375488281,low,108.08566849184804,high
SJZ_Bing_683.png,116.36213684082033,medium,133.53908423493044,high
SJZ_Bing_686.png,113.64588928222656,medium,150.77992437182675,medium
SJZ_Bing_695.png,150.7550506591797,high,181.55540826989102,low
SJZ_Bing_703.png,133.52806091308594,high,165.62454698808293,low
SJZ_Bing_704.png,105.95944213867188,medium,133.09606027656045,high
SJZ_Bing_716.png,118.2777328491211,medium,148.77863715277778,medium
SJZ_Bing_752.png,62.36939239501953,low,106.56534581096626,high
SJZ_Bing_764.png,140.58428955078125,high,150.65417643229168,medium
SJZ_Bing_794.png,99.36046600341795,low,129.17210229363425,high
SJZ_Bing_812.png,64.65697479248047,low,107.49618818681319,high
SJZ_Bing_819.png,155.19448852539062,high,193.60146739130434,low
SJZ_Bing_824.png,66.69669342041016,low,94.08714024071168,high
SJZ_Google_069.png,129.85733032226562,high,140.69603298969074,medium
SJZ_Google_123.png,96.18566131591795,low,158.20094039351852,low
SJZ_Google_247.png,100.3276824951172,low,154.50501124929139,medium
SJZ_Google_271.png,76.95634460449219,low,96.40345259315848,high
SJZ_Google_282.png,138.92868041992188,high,160.10017794525567,low
SJZ_Google_293.png,120.62615966796876,medium,137.84474329365784,medium
SJZ_Google_338.png,94.53485870361328,low,104.07249583333333,high
SJZ_Google_339.png,151.57809448242188,high,174.92057605219668,low
SJZ_Google_352.png,150.380126953125,high,170.8736265923567,low
SJZ_Google_361.png,144.5447540283203,high,171.28329844865797,low
SJZ_Google_382.png,111.87238311767578,medium,168.2607269503546,low
SJZ_Google_400.png,122.6679916381836,medium,154.77704618281226,medium
SJZ_Google_404.png,91.59895324707033,low,152.943858283397,medium
SJZ_Google_407.png,118.55653381347656,medium,135.7412909922105,medium
SJZ_Google_412.png,133.1936492919922,high,180.05340696587191,low
SJZ_Google_435.png,165.1709442138672,high,187.0670723421263,low
SJZ_Google_452.png,158.92706298828125,high,194.04775280898878,low
SJZ_Google_455.png,100.22278594970705,low,116.52103939811961,high
SJZ_Google_501.png,126.9837646484375,medium,171.68055984555986,low
SJZ_Google_505.png,125.5401382446289,medium,151.9006369988318,medium
SJZ_Google_514.png,171.61451721191406,high,197.17983675766956,low
SJZ_Google_525.png,159.4111785888672,high,167.68026822157435,low
SJZ_Google_534.png,124.40448760986328,medium,157.74745220057721,low
SJZ_Google_553.png,105.20952606201172,medium,118.60963283476997,high
SJZ_Google_56.png,84.4235610961914,low,144.21825407481003,medium
SY_Baidu_035.png,88.5126953125,low,123.33119879518073,high
SY_Baidu_044.png,116.89347839355467,medium,128.8842624330988,high
SY_Baidu_046.png,127.93399047851562,medium,142.62400906295852,medium
SY_Baidu_048.png,121.53328704833984,medium,149.30369978734154,medium
SY_Baidu_055.png,106.0705337524414,medium,121.19809745333094,high
SY_Baidu_056.png,150.76890563964844,high,180.1694695071011,low
SY_Baidu_069.png,125.94821166992188,medium,151.42184625957594,medium
SY_Baidu_073.png,133.0318603515625,high,158.97045029796539,low
SY_Baidu_110.png,111.3105239868164,medium,130.74211268554956,high
SY_Baidu_111.png,94.3803482055664,low,121.18448015122874,high
SY_Baidu_118.png,104.75601959228516,medium,141.3799476190476,medium
SY_Baidu_12.png,134.58743286132812,high,162.6408361581921,low
SY_Baidu_128.png,100.72740936279295,low,131.80591503267974,high
SY_Baidu_132.png,181.9084014892578,high,205.96618197278912,low
SY_Baidu_137.png,109.59725189208984,medium,137.86919393939394,medium
SY_Baidu_140.png,158.0315399169922,high,169.6082409318269,low
SY_Baidu_141.png,123.86527252197266,medium,140.77188616343398,medium
SY_Baidu_148.png,121.64442443847656,medium,141.22341730558597,medium
SY_Baidu_156.png,122.32722473144533,medium,142.68024032042723,medium
SY_Baidu_158.png,112.31521606445312,medium,125.98538166513933,high
SY_Baidu_160.png,130.93563842773438,high,156.87877868676657,medium
SY_Baidu_184.png,177.66885375976562,high,188.5569830756128,low
SY_Baidu_186.png,161.91146850585938,high,176.97838074398248,low
SY_Baidu_190.png,74.19329833984375,low,100.75067758328628,high
SY_Baidu_196.png,165.9170684814453,high,194.3297445524146,low
SY_Baidu_208.png,152.98654174804688,high,190.40195814064276,low
SY_Baidu_227.png,103.43373107910156,medium,137.1578624078624,medium
SY_Baidu_25.png,120.5799560546875,medium,141.33418264813963,medium
SY_Baidu_262.png,157.7686767578125,high,180.2241068007663,low
SY_Baidu_292.png,125.0291519165039,medium,146.38810837621676,medium
SY_Baidu_295.png,94.48880004882812,low,129.3289191716767,high
SY_Baidu_337.png,112.1525650024414,medium,140.5827939919404,medium
SY_Baidu_346.png,112.88297271728516,medium,146.1615,medium
SY_Baidu_367.png,141.4041748046875,high,162.01437735208563,low
SY_Baidu_371.png,160.32688903808594,high,173.63482254356174,low
SY_Baidu_374.png,141.94847106933594,high,155.60025714285715,medium
SY_Baidu_385.png,127.2623519897461,medium,146.31603428639932,medium
SY_Baidu_386.png,141.22862243652344,high,160.46246997480813,low
SY_Baidu_398.png,107.41868591308594,medium,149.31570488721803,medium
SY_Baidu_405.png,141.89280700683594,high,159.8433105405754,low
SY_Baidu_412.png,104.1015625,medium,146.7213097877732,medium
SY_Baidu_415.png,52.29981231689453,low,81.68566555431961,high
SY_Bing_026.png,139.4958953857422,high,180.73003074950333,low
SY_Bing_049.png,159.5848846435547,high,196.15095001436853,low
SY_Bing_062.png,161.58045959472656,high,168.64437456860188,low
SY_Bing_105.png,87.65560913085938,low,131.24983348968104,high
SY_Bing_122.png,107.9426498413086,medium,118.99350694444445,high
SY_Bing_123.png,93.77603149414062,low,124.78155475619505,high
SY_Bing_135.png,65.54000854492188,low,107.80506332082551,high
SY_Bing_154.png,135.22213745117188,high,152.9527536231884,medium
SY_Bing_181.png,126.61801147460938,medium,146.8485821149269,medium
SY_Bing_221.png,88.27924346923828,low,118.30283110119048,high
SY_Bing_23.png,109.83179473876952,medium,148.14207142857143,medium
SY_Bing_336.png,110.17096710205078,medium,152.083945656663,medium
SY_Bing_424.png,74.51973724365234,low,109.06108522018856,high
SY_Bing_477.png,108.59806823730467,medium,128.77999311294766,high
SY_Bing_501.png,114.75728607177734,medium,144.3681797681403,medium
SY_Bing_536.png,110.36033630371094,medium,144.66690370690586,medium
SY_Bing_541.png,68.0518569946289,low,124.48559805817926,high
SY_Bing_582.png,56.995487213134766,low,140.90217706364209,medium
SY_Bing_648.png,107.00270080566406,medium,124.50277050007323,high
SY_Bing_688.png,95.4343490600586,low,149.3483912680993,medium
SY_Bing_696.png,97.08708190917967,low,135.56147885939038,medium
SY_Google_120.png,83.74784088134766,low,119.98662037037037,high
SY_Google_125.png,128.8548583984375,high,152.78137630741395,medium
SY_Google_151.png,107.5056381225586,medium,126.7592277486911,high
SY_Google_177.png,119.1052474975586,medium,138.70517040149394,medium
SY_Google_189.png,93.19947814941406,low,101.61853640924404,high
SY_Google_259.png,143.3541259765625,high,184.21217285945073,low
SY_Google_260.png,97.42145538330078,low,121.6584037037037,high
SY_Google_299.png,46.20697021484375,low,113.7567780320366,high
SY_Google_314.png,111.97088623046876,medium,152.21866115094042,medium
SY_Google_321.png,126.2525863647461,medium,139.5851978114478,medium
SY_Google_338.png,116.2435531616211,medium,166.19889780405404,low
SY_Google_363.png,33.75699996948242,low,52.88354474097331,high
SY_Google_368.png,113.58211517333984,medium,152.79157262731482,medium
SY_Google_387.png,157.09304809570312,high,174.73727040816325,low
SY_Google_391.png,188.3248443603516,high,213.39389468455042,low
SY_Google_398.png,139.13333129882812,high,161.0458713272543,low
SY_Google_428.png,118.38201904296876,medium,154.5024148606811,medium
SY_Google_44.png,130.5978240966797,high,151.8265604249668,medium
SY_Google_444.png,170.50180053710938,high,203.3974513925381,low
SY_Google_475.png,125.09158325195312,medium,167.1424854828851,low
SY_Google_51.png,107.2105484008789,medium,127.54699429866969,high
SY_Google_514.png,91.1274185180664,low,150.7097192982456,medium
SY_Google_525.png,111.38833618164062,medium,151.14275449101797,medium
SY_Google_532.png,137.13760375976562,high,161.36591994382022,low
TJ_Baidu_034.png,125.11465454101562,medium,139.45673866666667,medium
TJ_Baidu_037.png,110.05328369140624,medium,148.43421223958333,medium
TJ_Baidu_074.png,179.96092224121094,high,195.83429631592898,low
TJ_Baidu_077.png,139.2914581298828,high,145.83810661764707,medium
TJ_Baidu_1012.png,105.99143981933594,medium,139.50221851851853,medium
TJ_Baidu_1032.png,70.71534729003906,low,104.64106224279836,high
TJ_Baidu_108.png,183.30567932128903,high,199.96106190024253,low
TJ_Baidu_1116.png,98.01034545898438,low,124.97661603009259,high
TJ_Baidu_1152.png,106.12313079833984,medium,134.20204866972108,high
TJ_Baidu_1200.png,77.22586822509766,low,111.73388569360094,high
TJ_Baidu_128.png,82.6114273071289,low,129.162540766022,high
TJ_Baidu_13.png,136.15621948242188,high,167.92163667523565,low
TJ_Baidu_132.png,99.63015747070312,low,139.39622485207101,medium
TJ_Baidu_150.png,137.25344848632812,high,150.41112227499696,medium
TJ_Baidu_175.png,44.91091537475586,low,82.09380259807519,high
TJ_Baidu_19.png,108.68022918701172,medium,136.51198689332793,medium
TJ_Baidu_202.png,98.1471939086914,low,115.75374092450873,high
TJ_Baidu_225.png,50.71661758422852,low,92.45861496040725,high
TJ_Baidu_227.png,130.2685089111328,high,163.8595844155844,low
TJ_Baidu_232.png,136.08229064941406,high,169.7847087087087,low
TJ_Baidu_254.png,111.84333801269533,medium,155.50328727272728,medium
TJ_Baidu_297.png,118.42948150634766,medium,135.2619940411629,medium
TJ_Baidu_302.png,162.72293090820312,high,196.8615231711925,low
TJ_Baidu_315.png,108.09974670410156,medium,148.5009194628991,medium
TJ_Baidu_320.png,114.87240600585938,medium,152.85512759279476,medium
TJ_Baidu_362.png,115.39754486083984,medium,129.10687265178677,high
TJ_Baidu_368.png,144.51551818847656,high,165.19111248224488,low
TJ_Baidu_372.png,132.366455078125,high,144.92040338103607,medium
TJ_Baidu_387.png,116.68313598632812,medium,135.8105593607306,medium
TJ_Baidu_398.png,104.17516326904295,medium,111.99431744356018,high
TJ_Baidu_408.png,100.10913848876952,low,145.15842050209204,medium
TJ_Baidu_419.png,119.52667999267578,medium,156.19134027777778,medium
TJ_Baidu_464.png,125.5568389892578,medium,134.98282803783653,medium
TJ_Baidu_487.png,141.4203338623047,high,174.17965485074626,low
TJ_Baidu_488.png,133.43624877929688,high,189.1735375,low
TJ_Baidu_505.png,188.6034393310547,high,216.33171511627907,low
TJ_Baidu_519.png,159.49490356445312,high,194.47236757822122,low
TJ_Baidu_522.png,123.33969116210938,medium,155.60375401069518,medium
TJ_Baidu_523.png,109.0467529296875,medium,151.47045970058974,medium
TJ_Baidu_524.png,98.17057037353516,low,137.4809302668436,medium
TJ_Baidu_525.png,74.18160247802734,low,114.43513478889479,high
TJ_Baidu_526.png,86.73135375976562,low,125.52903159486418,high
TJ_Baidu_534.png,147.3313751220703,high,167.87136170212767,low
TJ_Baidu_547.png,117.46598052978516,medium,138.62680834470657,medium
TJ_Baidu_559.png,82.95198822021484,low,144.82736805555555,medium
TJ_Baidu_567.png,112.9632797241211,medium,138.81504557291666,medium
TJ_Baidu_583.png,134.69764709472656,high,179.64563333333334,low
TJ_Baidu_711.png,131.68051147460938,high,163.6594842823079,low
TJ_Baidu_811.png,69.02653503417969,low,98.4948037745833,high
TJ_Baidu_813.png,74.02591705322266,low,109.12976222169289,high
TJ_Baidu_843.png,82.48915100097656,low,137.91478361893698,medium
TJ_Baidu_900.png,38.88027191162109,low,87.71781994047619,high
TJ_Baidu_944.png,108.53087615966795,medium,161.24322400203408,low
TJ_Bing_005.png,140.6956329345703,high,157.01735951834863,medium
TJ_Bing_066.png,204.2868804931641,high,222.5331111111111,low
TJ_Bing_166.png,80.01020050048828,low,102.93136166839442,high
TJ_Bing_326.png,114.5838623046875,medium,143.45835816357555,medium
TJ_Bing_338.png,124.08822631835938,medium,141.26190833333334,medium
TJ_Bing_339.png,143.75131225585938,high,188.80428393524284,low
TJ_Bing_343.png,137.3323974609375,high,156.85002291666666,medium
TJ_Bing_349.png,126.4385757446289,medium,153.72502916666667,medium
TJ_Bing_495.png,143.04583740234375,high,162.7226226891874,low
TJ_Bing_563.png,49.14236068725586,low,92.73786427457098,high
TJ_Bing_659.png,122.89320373535156,medium,138.40627066798942,medium
TJ_Bing_697.png,117.10212707519533,medium,143.63427279841832,medium
TJ_Google_034.png,150.23304748535156,high,167.97800149142432,low
TJ_Google_272.png,79.95021057128906,low,97.21039330279577,high
TJ_Google_321.png,113.14385986328124,medium,149.30207870619947,medium
TJ_Google_333.png,145.8881072998047,high,170.2290652818991,low
TJ_Google_336.png,142.4048309326172,high,159.14698345621292,low
TJ_Google_390.png,50.00706100463867,low,161.31274602873236,low
TJ_Google_395.png,111.9201202392578,medium,133.49817560369317,high
TJ_Google_411.png,149.93946838378906,high,184.7447691015953,low
TJ_Google_505.png,61.449520111083984,low,93.31209375,high
TJ_Google_511.png,121.5931167602539,medium,167.82254156887038,low
TJ_Google_649.png,120.03395080566406,medium,137.7128399324411,medium
TJ_Google_688.png,112.16779327392578,medium,141.55193965517242,medium
TJ_Google_707.png,76.515625,low,130.8616159933361,high
TJ_Google_708.png,119.97357940673828,medium,158.99618309859156,low
TKO_Bing_479.png,135.08120727539062,high,147.27223140121765,medium
TKO_Bing_519.png,150.07240295410156,high,193.90331380208335,low
TKO_Bing_657.png,26.015605926513672,low,106.72964296899468,high
TKO_Google_183.png,119.55048370361328,medium,157.12209319219593,medium
TKO_Google_474.png,173.94180297851562,high,189.90866767269188,low
TKO_Google_600.png,139.2074432373047,high,176.84543865183198,low
TKO_Google_628.png,136.5429229736328,high,149.02818331957062,medium
TKO_Google_693.png,157.54873657226562,high,201.52798254985754,low
TKO_Google_734.png,157.1851043701172,high,187.76977255591856,low
TKO_Google_805.png,173.39942932128906,high,204.4465632068359,low
TKO_Google_824.png,97.46307373046876,low,126.62990824381511,high
TS_Baidu_006.png,102.0640869140625,low,117.17757957957959,high
TS_Baidu_025.png,121.86502075195312,medium,134.41159467628958,medium
TS_Baidu_026.png,147.8208770751953,high,163.7545716844095,low
TS_Baidu_039.png,110.67244720458984,medium,134.3810320179106,medium
TS_Baidu_046.png,108.04478454589844,medium,128.51550999365483,high
TS_Baidu_1111.png,128.33311462402344,high,165.80661507009347,low
TS_Baidu_1134.png,125.97760009765624,medium,160.59689656787003,low
TS_Baidu_114.png,111.96607208251952,medium,120.10965185185185,high
TS_Baidu_1258.png,102.05613708496094,low,150.7523430232558,medium
TS_Baidu_160.png,107.2818374633789,medium,132.15871279761905,high
TS_Baidu_188.png,96.31591796875,low,122.49460953015333,high
TS_Baidu_195.png,57.030738830566406,low,146.38833129691045,medium
TS_Baidu_226.png,115.87784576416016,medium,152.24563327032135,medium
TS_Baidu_351.png,130.03952026367188,high,178.14728923001948,low
TS_Baidu_355.png,144.59654235839844,high,166.49709398322435,low
TS_Baidu_374.png,124.12088775634766,medium,160.29759734305696,low
TS_Baidu_422.png,121.12421417236328,medium,141.37079748962387,medium
TS_Baidu_440.png,149.33021545410156,high,165.2420179584121,low
TS_Baidu_463.png,140.43084716796875,high,187.03751370468612,low
TS_Baidu_480.png,103.87500762939452,medium,136.88302668408286,medium
TS_Baidu_486.png,144.00515747070312,high,164.3153580050639,low
TS_Baidu_504.png,189.79473876953125,high,198.38906084656085,low
TS_Baidu_506.png,130.677734375,high,161.66266836299366,low
TS_Baidu_514.png,136.4440460205078,high,144.44084835655104,medium
TS_Baidu_550.png,128.37599182128906,high,157.66123429416112,low
TS_Baidu_625.png,136.5369873046875,high,168.61233424159855,low
TS_Baidu_669.png,143.25294494628906,high,191.0371177423086,low
TS_Baidu_816.png,61.76036834716797,low,105.15634583333333,high
TS_Baidu_848.png,92.59774017333984,low,149.3110437017995,medium
TS_Baidu_906.png,113.01764678955078,medium,154.0596256684492,medium
TS_Bing_022.png,138.06246948242188,high,165.48581968445558,low
TS_Bing_262.png,76.9462890625,low,119.43025876588578,high
TS_Bing_300.png,121.98657989501952,medium,127.20218249820832,high
TS_Bing_304.png,93.89986419677734,low,119.7638122605364,high
TS_Bing_318.png,114.1873550415039,medium,151.74256393442624,medium
TS_Bing_355.png,123.24012756347656,medium,159.1466047566573,low
TS_Bing_541.png,96.20936584472656,low,133.3523174047567,high
TS_Bing_57.png,64.095947265625,low,99.43473953767132,high
TS_Bing_62.png,121.50312042236328,medium,149.76815245478036,medium
TS_Bing_622.png,122.60965728759766,medium,146.45677154893434,medium
TS_Bing_632.png,99.89875793457033,low,165.10487332339792,low
TS_Bing_643.png,51.39890670776367,low,143.3073865388389,medium
TS_Bing_686.png,72.2102279663086,low,97.57240515779813,high
TS_Bing_697.png,108.1293716430664,medium,125.6166177660866,high
TS_Bing_702.png,109.11604309082033,medium,125.81124855901392,high
TS_Google_013.png,134.66555786132812,high,188.88669037530266,low
TS_Google_039.png,152.7073211669922,high,166.5535477453581,low
TS_Google_153.png,142.4384307861328,high,164.24729783377276,low
TS_Google_191.png,132.19447326660156,high,155.16611875,medium
TS_Google_198.png,117.26597595214844,medium,143.13265700864486,medium
TS_Google_400.png,142.33888244628906,high,165.89687417607828,low
TS_Google_409.png,146.80514526367188,high,171.47739149305556,low
TS_Google_429.png,109.28563690185548,medium,143.00613406614977,medium
TS_Google_463.png,146.27151489257812,high,165.55897950623202,low
TS_Google_519.png,109.1801528930664,medium,137.3644830385132,medium
TS_Google_527.png,117.8378677368164,medium,142.27150525388726,medium
TS_Google_529.png,52.87750244140625,low,107.98265465465465,high
TS_Google_549.png,49.05061721801758,low,112.80703375527426,high
TS_Google_579.png,79.1302261352539,low,142.25999802361775,medium
TS_Google_623.png,70.18780517578125,low,104.69189039454571,high
WST_Bing_521.png,87.34956359863281,low,121.91607031990328,high
WST_Google_074.png,83.08702850341797,low,131.76838811238608,high
WST_Google_167.png,91.41371154785156,low,119.29813277868648,high
WST_Google_197.png,103.87297058105467,medium,146.32299213182898,medium
WST_Google_203.png,103.12942504882812,medium,161.12231473408892,low
WST_Google_276.png,76.0431900024414,low,119.03302453468697,high
WST_Google_354.png,112.25082397460938,medium,159.366801965392,low
WST_Google_405.png,81.57601165771484,low,114.69431712962962,high
WST_Google_452.png,160.88714599609375,high,196.215086055497,low
WST_Google_455.png,116.99685668945312,medium,156.63274452478072,medium
WST_Google_504.png,146.65122985839844,high,206.13972767857143,low
WST_Google_54.png,116.1718292236328,medium,145.94853752116438,medium
WST_Google_547.png,223.27474975585935,high,232.591262585034,low
WST_Google_599.png,150.7223663330078,high,162.19044270833334,low
WST_Google_710.png,78.39366149902344,low,136.39641651031894,medium
WST_Google_741.png,143.9107208251953,high,161.7302491283036,low
WST_Google_759.png,92.91927337646484,low,124.56252707581227,high
WST_Google_836.png,130.08743286132812,high,175.18531959378734,low
XA_Baidu_014.png,133.59222412109375,high,154.19211197339246,medium
XA_Baidu_021.png,118.5840835571289,medium,128.6095376344086,high
XA_Baidu_034.png,74.53173828125,low,101.05997164461247,high
XA_Baidu_037.png,104.53240203857422,medium,142.75219914220838,medium
XA_Baidu_038.png,182.0452423095703,high,194.04505992399882,low
XA_Baidu_043.png,131.033203125,high,141.82009003976646,medium
XA_Baidu_05.png,153.3284912109375,high,177.97775648584906,low
XA_Baidu_069.png,155.73887634277344,high,165.61380579107342,low
XA_Baidu_127.png,109.88922119140624,medium,129.33609929078014,high
XA_Baidu_152.png,77.46682739257812,low,133.25471498198772,high
XA_Baidu_180.png,102.77558135986328,medium,138.64813723081963,medium
XA_Baidu_208.png,89.02984619140625,low,144.55264332916593,medium
XA_Baidu_209.png,144.23458862304688,high,168.773872,low
XA_Baidu_251.png,131.54795837402344,high,184.09295852232106,low
XA_Baidu_270.png,102.94165802001952,medium,136.47044689575742,medium
XA_Baidu_342.png,110.54558563232422,medium,155.45117075272935,medium
XA_Baidu_359.png,95.0277099609375,low,130.80086355785838,high
XA_Bing_070.png,138.03741455078125,high,154.8195498783455,medium
XA_Bing_087.png,69.46656036376953,low,87.22901461574729,high
XA_Bing_090.png,91.0971221923828,low,128.44500987436948,high
XA_Bing_104.png,42.449981689453125,low,65.99269761904762,high
XA_Bing_120.png,97.99484252929688,low,121.66768290099236,high
XA_Bing_170.png,90.84628295898438,low,118.87503293281705,high
XA_Bing_178.png,111.1747817993164,medium,139.6006428459978,medium
XA_Bing_194.png,62.57993316650391,low,103.86959166666666,high
XA_Bing_204.png,103.74053192138672,medium,145.46310536442115,medium
XA_Bing_257.png,130.4185028076172,high,158.56364944826484,low
XA_Bing_260.png,116.27571868896484,medium,127.81000884848973,high
XA_Bing_264.png,119.45748138427734,medium,132.67982778091474,high
XA_Bing_282.png,87.19216918945312,low,152.3695971790581,medium
XA_Bing_288.png,157.00381469726562,high,188.3273977660642,low
XA_Bing_298.png,114.67355346679688,medium,148.01863008222932,medium
XA_Bing_304.png,58.32099151611328,low,112.52952554329275,high
XA_Bing_321.png,99.4377670288086,low,139.67793057083486,medium
XA_Bing_387.png,102.78136444091795,medium,138.2588514190317,medium
XA_Bing_394.png,75.23259735107422,low,124.55756833709324,high
XA_Bing_471.png,58.58418273925781,low,113.71699818681704,high
XA_Bing_733.png,74.3511734008789,low,121.38630965005302,high
XA_Bing_734.png,87.65564727783203,low,121.76073912365507,high
XA_Bing_767.png,95.6741180419922,low,142.84045584045583,medium
XA_Bing_800.png,99.84361267089844,low,152.86227863046045,medium
XA_Google_033.png,131.2445068359375,high,162.05480506639043,low
XA_Google_040.png,109.4465560913086,medium,138.4655990934574,medium
XA_Google_082.png,112.5761947631836,medium,123.39154404145077,high
XA_Google_121.png,108.56566619873048,medium,130.5621658051867,high
XA_Google_125.png,102.78379821777344,medium,114.33817592592592,high
XA_Google_147.png,138.1020965576172,high,168.04414142657802,low
XA_Google_163.png,94.28558349609376,low,117.21141762452108,high
XA_Google_173.png,53.93172836303711,low,98.7167105263158,high
XA_Google_378.png,87.93949890136719,low,108.61295792673172,high
XA_Google_381.png,41.718936920166016,low,110.0323480451703,high
XA_Google_391.png,125.92912292480467,medium,152.1264041007486,medium
XA_Google_431.png,91.1700668334961,low,114.46062031835206,high
XA_Google_475.png,139.81492614746094,high,155.95966884215616,medium
XA_Google_481.png,168.26210021972656,high,191.94264717661193,low
XA_Google_586.png,63.85087585449219,low,110.8716501722011,high
XA_Google_619.png,84.40263366699219,low,104.57576760987357,high
XA_Google_625.png,104.90576171875,medium,149.12952319309602,medium
XG_Baidu_017.png,116.59957122802734,medium,142.99839122517693,medium
XG_Baidu_018.png,91.6249542236328,low,157.81013950505104,low
XG_Baidu_050.png,121.80799865722656,medium,128.8407865635653,high
XG_Baidu_053.png,143.31698608398438,high,148.45370844104553,medium
XG_Baidu_1116.png,150.81887817382812,high,168.34420126279974,low
XG_Baidu_1228.png,149.58758544921875,high,185.72237058080808,low
XG_Baidu_175.png,93.97671508789062,low,128.37195726551604,high
XG_Baidu_248.png,151.97743225097656,high,161.6499342577098,low
XG_Baidu_328.png,103.62212371826172,medium,136.60968582718462,medium
XG_Baidu_409.png,162.66990661621094,high,188.51924199449172,low
XG_Baidu_511.png,173.88267517089844,high,184.67590643274855,low
XG_Baidu_548.png,109.80558013916016,medium,162.5260540004954,low
XG_Baidu_575.png,142.26611328125,high,170.27643181639138,low
XG_Baidu_627.png,107.14862823486328,medium,161.42425607114353,low
XG_Baidu_634.png,171.96131896972656,high,200.65154104170622,low
XG_Baidu_829.png,125.3583526611328,medium,165.89330721003134,low
XG_Baidu_981.png,118.4780731201172,medium,147.77830286794833,medium
XG_Bing_106.png,83.24638366699219,low,128.30033303057826,high
XG_Bing_135.png,132.04180908203125,high,176.2586360785449,low
XG_Bing_140.png,114.49261474609376,medium,134.88190296495958,medium
XG_Bing_176.png,162.7412872314453,high,193.51322489391796,low
XG_Bing_198.png,103.63516998291016,medium,120.6116401179941,high
XG_Bing_346.png,157.08792114257812,high,193.82734370734372,low
XG_Bing_412.png,143.38417053222656,high,155.11812201143857,medium
XG_Bing_419.png,120.55697631835938,medium,154.24945631264555,medium
XG_Bing_497.png,88.8484115600586,low,126.55993744414656,high
XG_Bing_529.png,115.48338317871094,medium,155.14698237222734,medium
XG_Bing_582.png,143.66712951660156,high,173.2479974489796,low
XG_Bing_679.png,159.66490173339844,high,185.01010841836734,low
XG_Google_308.png,145.81517028808594,high,172.09832962138086,low
XG_Google_528.png,83.15870666503906,low,101.95740055884286,high
XG_Google_591.png,129.8612518310547,high,174.52713448660714,low
XG_Google_633.png,93.13761138916016,low,135.85017916666666,medium
XG_Google_646.png,122.1157684326172,medium,147.95906542773767,medium
XG_Google_648.png,125.32485961914062,medium,171.19080782078393,low
XG_Google_687.png,120.43624114990234,medium,171.3537851851852,low
XG_Google_688.png,125.87336730957033,medium,162.93966666666665,low
XR_Baidu_001.png,105.00508880615234,medium,134.95989960959287,medium
XR_Baidu_002.png,135.68991088867188,high,173.5133782955242,low
XR_Baidu_006.png,133.44676208496094,high,152.80094420077972,medium
XR_Baidu_007.png,70.99931335449219,low,88.25585924713585,high
XR_Baidu_012.png,117.79385375976562,medium,130.6908670886076,high
XR_Baidu_014.png,111.99313354492188,medium,147.28327353200265,medium
XR_Baidu_015.png,109.40766143798828,medium,141.08787535410764,medium
XR_Baidu_016.png,92.23533630371094,low,98.15653780068729,high
XR_Baidu_017.png,129.49940490722656,high,135.01356632237113,medium
XR_Baidu_019.png,119.5640106201172,medium,134.8725171339564,medium
XR_Baidu_020.png,160.20851135253906,high,167.5928201865988,low
XR_Baidu_023.png,127.13853454589844,medium,177.5505136612022,low
XR_Baidu_024.png,152.57620239257812,high,167.45911198600174,low
XR_Baidu_027.png,92.6810073852539,low,107.64216312056737,high
XR_Baidu_030.png,137.3211212158203,high,143.49165718080062,medium
XR_Baidu_037.png,113.6374282836914,medium,120.39689824092629,high
XR_Baidu_040.png,135.86622619628906,high,148.18768253968253,medium
XR_Baidu_043.png,68.57005310058594,low,122.45709521583295,high
XR_Baidu_047.png,84.42414093017578,low,114.53205216197667,high
XR_Baidu_057.png,176.08697509765625,high,181.25235057532495,low
XR_Baidu_058.png,150.03619384765625,high,213.8879387755102,low
XR_Baidu_061.png,131.23765563964844,high,137.26415562913908,medium
XR_Baidu_062.png,173.52474975585938,high,184.67841437632134,low
XR_Baidu_067.png,137.5231475830078,high,153.21779009823948,medium
XR_Baidu_068.png,30.70290946960449,low,146.05034245728555,medium
XR_Baidu_069.png,112.01414489746094,medium,139.7655893292292,medium
XR_Baidu_071.png,165.1979522705078,high,216.18998208955225,low
XR_Baidu_073.png,148.25611877441406,high,160.94310812462626,low
XR_Baidu_081.png,115.55307006835938,medium,157.17925673558898,medium
XR_Baidu_086.png,154.7003173828125,high,183.29461445783133,low
XR_Baidu_096.png,82.27714538574219,low,125.8508313253012,high
XR_Baidu_103.png,50.50032424926758,low,117.66084449404762,high
XR_Baidu_104.png,181.41635131835935,high,198.42342649647887,low
XR_Baidu_109.png,99.54578399658205,low,145.97849056603775,medium
XR_Baidu_113.png,153.33660888671875,high,174.12049588477367,low
XR_Baidu_120.png,68.98356628417969,low,125.34350182632261,high
XR_Baidu_122.png,65.24614715576172,low,128.5150305706522,high
XR_Baidu_127.png,90.17044830322266,low,122.70593285635663,high
XR_Baidu_131.png,44.51264190673828,low,103.92118717923888,high
XR_Baidu_132.png,76.57549285888672,low,120.7691248125937,high
XR_Baidu_134.png,86.1527328491211,low,149.22851995055103,medium
XR_Baidu_157.png,85.78250122070312,low,128.66183451641527,high
XR_Baidu_164.png,103.55801391601562,medium,129.25884339383705,high
XR_Baidu_182.png,70.36742401123047,low,90.20162793150733,high
XR_Baidu_189.png,145.5269775390625,high,171.99731039038662,low
XR_Baidu_193.png,150.0019073486328,high,158.15748027613412,low
XR_Baidu_219.png,131.91812133789062,high,148.5431732062095,medium
XR_Baidu_221.png,138.8075714111328,high,163.4345100052648,low
XR_Baidu_229.png,112.1748275756836,medium,138.27100701402804,medium
XR_Baidu_236.png,152.53404235839844,high,176.15732441471573,low
XR_Baidu_238.png,95.93416595458984,low,112.32197705207415,high
XR_Baidu_245.png,144.29835510253906,high,156.95930752807945,medium
XR_Baidu_247.png,131.1683807373047,high,139.87569010416667,medium
XR_Baidu_255.png,106.5004653930664,medium,122.15245543334176,high
XR_Baidu_262.png,90.45925903320312,low,128.95271371086466,high
XR_Baidu_263.png,95.03162384033205,low,130.85830185917143,high
XR_Baidu_264.png,86.8750991821289,low,123.7343376352249,high
XR_Baidu_269.png,151.89845275878906,high,165.09082414417193,low
XR_Baidu_270.png,162.661865234375,high,172.93747338087772,low
XR_Baidu_272.png,93.04764556884766,low,116.15535797411786,high
XR_Baidu_276.png,136.22288513183594,high,157.53592069892474,low
XR_Baidu_278.png,136.9274444580078,high,148.3835440407708,medium
XR_Baidu_279.png,111.23751068115234,medium,157.97715581559726,low
XR_Baidu_294.png,125.71317291259766,medium,134.23240784811466,high
XR_Baidu_295.png,104.79335021972656,medium,116.94099215654565,high
XR_Baidu_299.png,149.0396728515625,high,156.3636422136422,medium
XR_Baidu_301.png,150.8943328857422,high,169.7737882938979,low
XR_Baidu_315.png,141.00120544433594,high,170.12525627430188,low
XR_Baidu_358.png,124.98419952392578,medium,150.52158514492754,medium
XR_Baidu_365.png,152.34312438964844,high,162.54145200154426,low
XR_Baidu_375.png,146.7976837158203,high,187.30370619946092,low
XR_Baidu_377.png,83.94271087646484,low,94.27030514675315,high
XR_Baidu_378.png,143.986328125,high,153.41651016349977,medium
XR_Baidu_380.png,101.39238739013672,low,121.71363036963037,high
XR_Baidu_395.png,128.4738006591797,high,142.05177192803455,medium
XR_Baidu_398.png,160.86183166503906,high,177.66236849204208,low
XR_Baidu_402.png,185.71495056152344,high,192.71693246289973,low
XR_Baidu_404.png,111.70425415039062,medium,135.46272419259583,medium
XR_Baidu_406.png,91.39599609375,low,119.6198905109489,high
XR_Baidu_415.png,138.38021850585938,high,157.5766270783848,low
XR_Baidu_431.png,101.51364135742188,low,116.9780590362459,high
XR_Baidu_45.png,140.52183532714844,high,152.56509559434747,medium
XR_Baidu_460.png,143.0223388671875,high,178.30004340068476,low
XR_Baidu_462.png,169.28335571289062,high,177.87850755473326,low
XR_Baidu_466.png,85.57335662841797,low,110.0674430641822,high
XR_Baidu_471.png,152.47024536132812,high,172.60650614250613,low
XR_Baidu_479.png,150.4120635986328,high,174.19795388593877,low
XR_Baidu_482.png,147.57362365722656,high,169.86114545454546,low
XR_Baidu_499.png,104.52594757080078,medium,126.42972537313433,high
XR_Bing_010.png,135.49659729003906,high,168.40477866666666,low
XR_Bing_024.png,75.06706237792969,low,114.21869546589757,high
XR_Bing_025.png,106.5575714111328,medium,134.08566501023094,high
XR_Bing_033.png,139.15786743164062,high,181.94525142857142,low
XR_Bing_058.png,151.85604858398438,high,180.8337634989201,low
XR_Bing_126.png,101.7257843017578,low,131.79176057191324,high
XR_Bing_138.png,135.85789489746094,high,145.03533045668954,medium
XR_Bing_146.png,53.8923454284668,low,69.89975651017073,high
XR_Bing_164.png,84.9832763671875,low,121.64065237088492,high
XR_Bing_174.png,86.48493194580078,low,115.90723099850969,high
XR_Bing_182.png,73.75396728515625,low,101.28886489018424,high
XR_Bing_198.png,118.3572769165039,medium,138.56136734693877,medium
XR_Bing_211.png,99.71115112304688,low,133.8071617632088,high
XR_Bing_216.png,70.4424819946289,low,110.45680288714665,high
XR_Bing_221.png,91.29393768310548,low,103.46287213114753,high
XR_Bing_228.png,54.17776870727539,low,114.23984211313977,high
XR_Bing_240.png,65.49124145507812,low,134.28233067789884,medium
XR_Bing_254.png,22.705615997314453,low,168.72385487528345,low
XR_Bing_257.png,114.9037094116211,medium,141.5189,medium
XR_Bing_261.png,90.1694107055664,low,157.76218592643713,low
XR_Bing_264.png,158.64443969726562,high,166.0826594332995,low
XR_Bing_289.png,93.10590362548828,low,152.73279009889401,medium
XR_Bing_346.png,140.64532470703125,high,151.1070238970588,medium
XR_Bing_347.png,175.04661560058594,high,190.5752837837838,low
XR_Bing_348.png,94.23324584960938,low,165.66529951232044,low
XR_Bing_362.png,107.23561096191406,medium,164.75774462999772,low
XR_Bing_381.png,148.99798583984375,high,191.28180555555556,low
XR_Bing_385.png,113.3118896484375,medium,145.49776217091147,medium
XR_Bing_40.png,71.48204040527344,low,108.66243407707911,high
XR_Bing_444.png,115.36595153808594,medium,157.33469909703012,medium
XR_Bing_45.png,68.46919250488281,low,145.45166023877937,medium
XR_Bing_463.png,34.19477081298828,low,141.52880465614692,medium
XR_Bing_475.png,44.22037124633789,low,95.696175,high
XR_Bing_495.png,62.787628173828125,low,95.94706469648563,high
XR_Bing_497.png,74.4143295288086,low,107.99417401175214,high
XR_Bing_499.png,118.68244934082033,medium,138.29028221512246,medium
XR_Bing_500.png,124.90721130371094,medium,137.88629447565543,medium
XR_Bing_590.png,82.4183578491211,low,94.88408462867012,high
XR_Bing_593.png,145.11175537109375,high,177.82416913946588,low
XR_Bing_604.png,57.14800262451172,low,103.51802110102406,high
XR_Bing_632.png,125.57237243652344,medium,154.78361163227018,medium
XR_Bing_637.png,66.17010498046875,low,112.31405405405405,high
XR_Bing_638.png,42.85369110107422,low,136.9465565077995,medium
XR_Bing_640.png,128.63832092285156,high,159.57355611827296,low
XR_Bing_682.png,47.81123733520508,low,167.6885831593838,low
XR_Bing_698.png,162.5118865966797,high,176.4977142857143,low
XR_Bing_731.png,76.81629180908203,low,151.37648786856707,medium
XR_Bing_740.png,144.4663543701172,high,183.67090852870075,low
XR_Bing_756.png,87.91326904296875,low,110.64002032520325,high
XR_Bing_760.png,167.3793182373047,high,185.62164226370106,low
XR_Bing_768.png,75.10777282714844,low,117.91118421052632,high
XR_Bing_774.png,83.81451416015625,low,108.42055933484505,high
XR_Bing_775.png,71.57588195800781,low,119.56462691100536,high
XR_Bing_790.png,132.22190856933594,high,165.29126449061795,low
XR_Bing_802.png,80.68611907958984,low,145.24977272727273,medium
XR_Bing_804.png,154.6656036376953,high,172.37264413962305,low
XR_Bing_818.png,190.90530395507807,high,214.21238109694394,low
XR_Bing_820.png,39.77582931518555,low,200.71266233766235,low
XR_Google_000.png,108.9235610961914,medium,141.1503041825095,medium
XR_Google_022.png,122.46478271484376,medium,159.64324143692565,low
XR_Google_064.png,99.51649475097656,low,117.49815258696287,high
XR_Google_067.png,149.55999755859375,high,162.68701866666666,low
XR_Google_088.png,98.15972900390624,low,119.40703656462586,high
XR_Google_095.png,102.80458068847656,medium,135.97481333333334,medium
XR_Google_102.png,71.67530822753906,low,117.19922876602564,high
XR_Google_105.png,114.67943572998048,medium,152.22661330822348,medium
XR_Google_110.png,87.61224365234375,low,107.39151666666666,high
XR_Google_124.png,86.5782470703125,low,148.511692582473,medium
XR_Google_127.png,91.2684326171875,low,127.25053222853242,high
XR_Google_137.png,173.6154327392578,high,209.06361532899493,low
XR_Google_142.png,41.88344192504883,low,107.27332939787485,high
XR_Google_143.png,83.81104278564453,low,116.00545076854405,high
XR_Google_146.png,91.5809326171875,low,112.70541797283177,high
XR_Google_180.png,127.79906463623048,medium,162.55205706230035,low
XR_Google_183.png,111.48634338378906,medium,119.59133397930187,high
XR_Google_187.png,145.28814697265625,high,168.68490495932414,low
XR_Google_228.png,119.28876495361328,medium,149.909932045917,medium
XR_Google_243.png,129.57296752929688,high,147.14745242585292,medium
XR_Google_252.png,100.39498901367188,low,117.56085081585081,high
XR_Google_263.png,133.36843872070312,high,169.85027873743718,low
XR_Google_275.png,69.2901382446289,low,115.68925533703144,high
XR_Google_276.png,73.10820007324219,low,117.27821133412043,high
XR_Google_284.png,122.61338806152344,medium,136.53485516145344,medium
XR_Google_293.png,69.3939437866211,low,82.48890841725252,high
XR_Google_311.png,141.09683227539062,high,160.61004122033185,low
XR_Google_313.png,106.87418365478516,medium,136.01112630208334,medium
XR_Google_331.png,93.91292572021484,low,147.91460099825605,medium
XR_Google_338.png,59.88908767700195,low,119.00671650340837,high
XR_Google_34.png,93.2282485961914,low,159.59544889717304,low
XR_Google_341.png,54.63125991821289,low,87.60201755968488,high
XR_Google_355.png,207.53875732421875,high,230.92591635338346,low
XR_Google_371.png,104.68480682373048,medium,154.42704305467308,medium
XR_Google_377.png,79.66960906982422,low,125.47492518242039,high
XR_Google_403.png,27.12178039550781,low,90.73579458657305,high
XR_Google_404.png,120.47150421142578,medium,145.06749344405594,medium
XR_Google_411.png,80.6419448852539,low,132.5591510003016,high
XR_Google_416.png,104.71894073486328,medium,112.26438350340136,high
XR_Google_427.png,70.21056365966797,low,124.37681041181041,high
XR_Google_436.png,109.4813232421875,medium,166.77856930272108,low
XR_Google_494.png,167.81459045410156,high,191.51773189045937,low
XR_Google_502.png,130.1222381591797,high,139.65109433962263,medium
XR_Google_504.png,149.89170837402344,high,168.1279309035687,low
XR_Google_515.png,54.30340194702149,low,87.79253994360903,high
XR_Google_529.png,84.10811614990234,low,138.40598692810457,medium
XR_Google_537.png,97.27664947509766,low,118.94910919312693,high
XR_Google_538.png,99.6410903930664,low,158.65073505784062,low
XR_Google_573.png,103.30999755859376,medium,131.3190852328293,high
XR_Google_581.png,111.55819702148438,medium,146.7345113778055,medium
XR_Google_583.png,105.46408081054688,medium,117.18919392523364,high
XR_Google_626.png,129.2176513671875,high,159.8063925925926,low
XR_Google_633.png,86.46702575683594,low,124.56923413293353,high
XR_Google_638.png,42.47676849365234,low,81.10836666666667,high
XR_Google_659.png,77.87057495117188,low,125.97685161564625,high
XR_Google_689.png,126.97509002685548,medium,141.3840449866565,medium
XR_Google_691.png,124.92686462402344,medium,142.15702306937172,medium
XR_Google_721.png,134.60458374023438,high,172.5821784007814,low
XYT_Baidu_073.png,129.15626525878906,high,178.59571214891142,low
XYT_Baidu_074.png,142.242431640625,high,171.62088791047515,low
XYT_Baidu_104.png,109.4029541015625,medium,161.92541574834704,low
XYT_Baidu_309.png,71.75946807861328,low,99.7421996242751,high
XYT_Google_569.png,76.99443054199219,low,106.78672039564063,high
XYT_Google_617.png,152.17422485351562,high,161.7104802431611,low
YC_Baidu_027.png,104.1692123413086,medium,160.32737410071942,low
YC_Baidu_042.png,125.38502502441406,medium,143.22300772921108,medium
YC_Baidu_052.png,142.64541625976562,high,187.65448308270678,low
YC_Baidu_084.png,102.41986083984376,low,135.60577546296295,medium
YC_Baidu_108.png,153.0859832763672,high,182.9361560150376,low
YC_Baidu_137.png,141.21621704101562,high,169.48265873015873,low
YC_Baidu_140.png,89.06328582763672,low,133.63951365152994,high
YC_Baidu_201.png,53.09788131713867,low,140.8490139176784,medium
YC_Bing_000.png,48.65233612060547,low,74.28764431006047,high
YC_Bing_237.png,91.35851287841795,low,136.34913238361514,medium
YC_Bing_246.png,96.9423370361328,low,159.56002506265665,low
YC_Bing_311.png,63.95053863525391,low,89.91465326546829,high
YC_Bing_317.png,128.74600219726562,high,182.9145340501792,low
YC_Bing_721.png,116.79517364501952,medium,161.48898061116537,low
YC_Bing_731.png,96.15674591064452,low,147.1523957913902,medium
YC_Google_062.png,118.4411392211914,medium,140.31812279929576,medium
YC_Google_063.png,110.70369720458984,medium,146.71899207746478,medium
YC_Google_594.png,122.72256469726562,medium,155.14302530530026,medium
YC_Google_633.png,92.15576934814452,low,122.60642545101528,high
YC_Google_758.png,82.86311340332031,low,131.1823025788262,high
YD_Baidu_00.png,130.82467651367188,high,167.71056114259508,low
YD_Baidu_015.png,143.18447875976562,high,183.6638760173957,low
YD_Baidu_026.png,77.6713638305664,low,94.127525,high
YD_Baidu_029.png,93.5744857788086,low,157.57880593958012,low
YD_Baidu_030.png,104.2790985107422,medium,123.32238910816334,high
YD_Baidu_037.png,76.96540069580078,low,92.48114124293785,high
YD_Baidu_039.png,132.49948120117188,high,158.31493832702708,low
YD_Baidu_040.png,117.70443725585938,medium,128.00301181082972,high
YD_Baidu_051.png,93.3189926147461,low,145.65245661593397,medium
YD_Baidu_053.png,177.48513793945312,high,194.66418456078082,low
YD_Baidu_055.png,101.96166229248048,low,192.75314549856924,low
YD_Baidu_058.png,138.7314453125,high,177.14088027993625,low
YD_Baidu_059.png,89.95272827148438,low,140.3098262195122,medium
YD_Baidu_068.png,87.40980529785156,low,146.83773112556673,medium
YD_Baidu_069.png,93.31488800048828,low,139.66762,medium
YD_Baidu_070.png,17.478042602539062,low,50.09442706766917,high
YD_Baidu_073.png,117.71241760253906,medium,181.81868667917448,low
YD_Baidu_074.png,119.62197875976562,medium,147.9661426418885,medium
YD_Baidu_082.png,133.11349487304688,high,168.5962546042893,low
YD_Baidu_087.png,119.68238067626952,medium,161.73059457267803,low
YD_Baidu_099.png,88.01053619384766,low,146.0550702811245,medium
YD_Baidu_171.png,99.00447845458984,low,131.23520227790706,high
YD_Baidu_183.png,218.41661071777344,high,228.37647232909146,low
YD_Baidu_201.png,125.7309112548828,medium,180.18136694523284,low
YD_Baidu_214.png,104.33023834228516,medium,133.03474988933155,high
YD_Baidu_300.png,132.1040496826172,high,165.89122314049587,low
YD_Bing_022.png,100.75082397460938,low,136.21060827041867,medium
YD_Bing_038.png,94.86785125732422,low,112.598266609967,high
YD_Bing_086.png,125.10506439208984,medium,174.54627976190477,low
YD_Bing_11.png,173.15853881835938,high,180.3231742399477,low
YD_Bing_212.png,134.55416870117188,high,147.47835483836195,medium
YD_Bing_213.png,86.37661743164062,low,127.51372258184925,high
YD_Bing_243.png,81.8645248413086,low,131.78866368604074,high
YD_Bing_258.png,115.60697174072266,medium,162.62389438943893,low
YD_Bing_290.png,106.87583923339844,medium,142.77562268346924,medium
YD_Bing_351.png,110.63815307617188,medium,133.7991103202847,high
YD_Bing_428.png,108.25090026855467,medium,133.0354010618065,high
YD_Bing_429.png,111.70281982421876,medium,126.09032051282051,high
YD_Bing_547.png,151.625,high,169.42262443438915,low
YD_Bing_568.png,120.87015533447266,medium,170.52788148148147,low
YD_Bing_580.png,157.64767456054688,high,176.10520848207912,low
YD_Bing_688.png,91.51026916503906,low,130.60145795523292,high
YD_Bing_694.png,112.96907043457033,medium,143.46826984126983,medium
YD_Google_015.png,93.2944793701172,low,120.8292739864602,high
YD_Google_017.png,151.6858367919922,high,179.29714371257484,low
YD_Google_020.png,148.98141479492188,high,167.80019997362984,low
YD_Google_032.png,116.81976318359376,medium,122.02623331529581,high
YD_Google_056.png,74.92146301269531,low,143.68756094858156,medium
YD_Google_09.png,93.15734100341795,low,138.68517872477457,medium
YD_Google_108.png,157.64227294921875,high,192.75663699307617,low
YD_Google_133.png,155.55670166015625,high,174.1986798245614,low
YD_Google_136.png,118.97845458984376,medium,130.31645289694825,high
YD_Google_140.png,146.5684356689453,high,173.51598003038853,low
YD_Google_255.png,117.5685806274414,medium,170.50150756892853,low
YD_Google_281.png,73.11710357666016,low,119.83219135802469,high
YD_Google_297.png,109.0800323486328,medium,139.45305761455526,medium
YD_Google_322.png,140.046875,high,161.50737271362271,low
YD_Google_376.png,92.43321990966795,low,126.30089262820513,high
YD_Google_447.png,120.27965545654295,medium,137.35246200607904,medium
YSM_Bing_204.png,158.16038513183594,high,184.3978008298755,low
YSM_Bing_239.png,112.60540008544922,medium,134.19159830729166,high
YSM_Bing_478.png,89.8264389038086,low,172.5797490619137,low
YSM_Google_146.png,130.24307250976562,high,163.07405264572384,low
YSM_Google_149.png,165.9561767578125,high,204.3612517141244,low
YSM_Google_405.png,99.7509994506836,low,175.77305523423945,low
YSM_Google_515.png,82.60266876220703,low,159.5441910631741,low
YSM_Google_54.png,132.46490478515625,high,199.25131740656224,low
YSM_Google_543.png,17.921123504638672,low,115.21713859910581,high
YSM_Google_553.png,107.24403381347656,medium,166.09704728950405,low
YSM_Google_602.png,152.88478088378906,high,208.94075607279544,low
YSM_Google_639.png,71.02920532226562,low,119.29880786113328,high
YSM_Google_665.png,97.0544662475586,low,143.61874918396657,medium
YSM_Google_743.png,113.67767333984376,medium,150.23056083749304,medium
YST_Bing_105.png,50.986419677734375,low,116.61728041862285,high
YST_Bing_667.png,102.58173370361328,low,128.5486828926282,high
YST_Bing_753.png,69.73475646972656,low,123.05391729323308,high
YST_Bing_775.png,125.84109497070312,medium,164.07123907221182,low
YST_Google_245.png,210.2455139160156,high,220.9782696813496,low
YST_Google_810.png,26.51328659057617,low,142.64549729614825,medium
YST_Google_891.png,68.78375244140625,low,143.878903125,medium
YT_Baidu_062.png,88.29571533203125,low,103.3147859312075,high
YT_Baidu_135.png,71.83997344970703,low,123.37724677985949,high
YT_Bing_014.png,140.35394287109375,high,154.08394109772422,medium
YT_Bing_065.png,85.4266357421875,low,120.49315838342375,high
YT_Bing_097.png,135.70309448242188,high,150.33117581159337,medium
YT_Bing_115.png,119.63433074951172,medium,125.82305833333334,high
YT_Bing_194.png,101.67029571533205,low,118.72619757635198,high
YT_Bing_195.png,77.64515686035156,low,123.80722559293987,high
YT_Bing_43.png,131.18231201171875,high,164.8687648456057,low
YT_Bing_547.png,110.05742645263672,medium,163.831434895271,low
YT_Bing_586.png,106.80125427246094,medium,131.76675389876436,high
YT_Bing_665.png,108.37860107421876,medium,139.13665545087483,medium
YT_Bing_691.png,124.87181091308594,medium,145.1373620288678,medium
YT_Bing_726.png,125.24063873291016,medium,165.44982210771684,low
YT_Bing_739.png,172.23301696777344,high,199.17851338588036,low
YT_Google_043.png,152.64022827148438,high,169.93086198496658,low
YT_Google_057.png,144.74122619628906,high,156.31257794676807,medium
YT_Google_101.png,155.84323120117188,high,192.4404569892473,low
YT_Google_296.png,67.58927917480469,low,138.67824588477367,medium
YT_Google_298.png,79.92562103271484,low,124.08212973898345,high
YT_Google_881.png,174.73439025878906,high,186.8106,low
YT_Google_917.png,77.74678802490234,low,115.70960306140897,high
hv10_1.png,79.79688262939453,low,117.00968237704917,high
hv10_122.png,82.87714385986328,low,127.43154713114754,high
hv10_193.png,80.69564819335938,low,133.17037397540983,high
hv10_34.png,85.71061706542969,low,132.67343237704918,high
hv10_526.png,70.29241180419922,low,120.72978962418301,high
hv10_718.png,81.94440460205078,low,122.92788342927632,high
hv10_9.png,89.60343933105469,low,129.72271516393442,high
hv11_1.png,95.7540054321289,low,123.27705676020408,high
hv11_114.png,132.47914123535156,high,147.85121846330276,medium
hv11_193.png,137.849365234375,high,150.99919724770643,medium
hv11_204.png,132.5520782470703,high,148.83198332055215,medium
hv11_206.png,133.60464477539062,high,151.00082438650307,medium
hv11_266.png,145.8602294921875,high,163.79080713190183,low
hv11_270.png,147.4390869140625,high,165.20043615797547,low
hv11_286.png,146.35560607910156,high,164.96170680428133,low
hv11_315.png,126.29315948486328,medium,147.94733991564416,medium
hv11_354.png,111.36126708984376,medium,136.7930615234375,medium
hv11_397.png,111.14229583740234,medium,137.81304472477063,medium
hv11_406.png,113.70577239990234,medium,141.4833972392638,medium
hv11_42.png,132.51019287109375,high,151.06266724006116,medium
hv11_435.png,111.9122543334961,medium,138.451624617737,medium
hv11_442.png,115.02677917480467,medium,136.19330904907974,medium
hv11_475.png,122.28546905517578,medium,145.42894938650306,medium
hv11_498.png,126.32125854492188,medium,147.13365384615383,medium
hv11_528.png,125.14981079101562,medium,145.687265625,medium
hv11_529.png,122.38717651367188,medium,141.74332211538461,medium
hv11_542.png,109.73726654052734,medium,133.07079624613004,high
hv11_549.png,125.92910766601562,medium,147.89031153549382,medium
hv11_558.png,118.25946044921876,medium,141.82973076923076,medium
hv11_562.png,124.59532928466795,medium,143.42140865384616,medium
hv11_643.png,127.6217041015625,medium,147.03244823619633,medium
hv11_655.png,116.09280395507812,medium,139.18540384615383,medium
hv11_674.png,108.93537139892578,medium,148.42014474693252,medium
hv11_78.png,138.6184844970703,high,153.87532692307693,medium
hv11_86.png,123.6689224243164,medium,141.74600747699387,medium
hv11_97.png,134.06271362304688,high,150.06417307692308,medium
hv12_1042.png,81.40898895263672,low,127.8001102784864,high
hv12_1213.png,65.45919036865234,low,130.55546254960316,high
hv12_1329.png,92.33332824707033,low,137.31381094104307,medium
hv12_1357.png,71.71048736572266,low,111.31916985544218,high
hv12_1434.png,90.83060455322266,low,139.71359924178006,medium
hv12_1482.png,82.82095336914062,low,146.44253782242063,medium
hv12_171.png,81.97249603271484,low,134.5042472718254,medium
hv12_1774.png,61.8409423828125,low,137.00305148100907,medium
hv12_1848.png,61.69842529296875,low,123.9786042020975,high
hv12_1862.png,58.30276107788086,low,124.00397489725057,high
hv12_188.png,87.28775024414062,low,138.93599640376985,medium
hv12_1884.png,61.2366943359375,low,123.64418579931973,high
hv12_189.png,86.46491241455078,low,139.009942779195,medium
hv12_1897.png,56.178348541259766,low,118.26413911918934,high
hv12_2022.png,54.3133544921875,low,106.919957305839,high
hv12_2043.png,53.0637321472168,low,110.59302145337301,high
hv12_2077.png,69.04557800292969,low,147.0343280541383,medium
hv12_2152.png,69.04082489013672,low,120.55687313988095,high
hv12_2202.png,59.48109817504883,low,116.38688261763039,high
hv12_2247.png,69.3717041015625,low,109.50018379747732,high
hv12_237.png,86.32069396972656,low,136.7200321534864,medium
hv12_267.png,79.5786361694336,low,127.50688022604875,high
hv12_27.png,82.72748565673828,low,117.61305316397392,high
hv12_286.png,79.32225036621094,low,127.50233622094672,high
hv12_344.png,103.6874008178711,medium,154.51974604946145,medium
hv12_382.png,88.38688659667969,low,135.41470911281178,medium
hv12_404.png,80.28690338134766,low,128.80432433390024,high
hv12_426.png,79.95066833496094,low,127.66629021400227,high
hv12_549.png,63.27597427368164,low,114.09717793367346,high
hv12_678.png,80.09146118164062,low,115.46508069373583,high
hv12_68.png,59.129669189453125,low,108.28214905753968,high
hv12_693.png,93.88681030273438,low,132.42473825467687,high
hv12_721.png,97.55216979980467,low,134.83280408517572,medium
hv12_759.png,83.530517578125,low,127.4210512329932,high
hv14_105.png,122.3374252319336,medium,147.33547468466554,medium
hv14_129.png,100.31111907958984,low,133.3403796414399,high
hv14_133.png,76.84150695800781,low,107.53204497945012,high
hv14_136.png,81.07707214355469,low,110.80079675099206,high
hv14_139.png,109.51979064941406,medium,135.64752737032313,medium
hv14_140.png,108.81558227539062,medium,137.72632334183675,medium
hv14_148.png,125.30580139160156,medium,158.28739503613946,low
hv14_169.png,100.32787322998048,low,142.61167800453515,medium
hv14_170.png,112.10667419433594,medium,156.09746138038548,medium
hv14_21.png,116.45256042480467,medium,135.38544766865078,medium
hv14_22.png,136.02532958984375,high,158.20931653911563,low
hv14_30.png,122.69540405273438,medium,149.23148738662132,medium
hv14_42.png,111.77767181396484,medium,136.05163823341837,medium
hv14_43.png,98.95921325683594,low,123.63947571215986,high
hv14_49.png,104.73666381835938,medium,132.24001957553855,high
hv14_55.png,120.74697875976562,medium,142.66791781816895,medium
hv14_56.png,106.78675842285156,medium,137.18930918721657,medium
hv14_64.png,115.79598999023438,medium,142.32607444019274,medium
hv15_.png,114.67652893066406,medium,135.76490531108277,medium
hv15_1.png,120.75353240966795,medium,139.61617107780611,medium
hv15_11.png,128.18202209472656,high,167.95438500921202,low
hv15_111.png,117.52590942382812,medium,136.15571632298753,medium
hv15_117.png,108.51951599121094,medium,131.05170245181407,high
hv15_15.png,116.74617004394533,medium,130.66685267857142,high
hv15_17.png,100.00715637207033,low,118.44631120677438,high
hv15_2.png,117.2308349609375,medium,135.82137542517006,medium
hv15_21.png,113.7380828857422,medium,131.1382422760771,high
hv15_23.png,132.49993896484375,high,150.06818664965985,medium
hv15_28.png,126.71328735351562,medium,139.99604946145124,medium
hv15_29.png,106.87958526611328,medium,126.86626629818593,high
hv15_3.png,117.18270111083984,medium,138.51769770408163,medium
hv15_41.png,117.01547241210938,medium,134.64107452876985,medium
hv15_47.png,132.4600372314453,high,158.37714799461452,low
hv15_49.png,180.3305511474609,high,194.40081136621316,low
hv15_54.png,122.069580078125,medium,141.30671370110545,medium
hv15_6.png,104.38199615478516,medium,125.79993755314626,high
hv15_60.png,144.140380859375,high,164.65548380810657,low
hv15_69.png,113.8987808227539,medium,136.7347403805272,medium
hv15_73.png,140.00611877441406,high,156.11142998866214,medium
hv15_81.png,124.40518951416016,medium,145.9786639916383,medium
hv15_86.png,116.09049987792967,medium,138.06130863803855,medium
hv15_90.png,115.64651489257812,medium,132.63953771612813,high
hv16_108.png,124.49758911132812,medium,157.816441680839,low
hv16_117.png,165.29930114746094,high,194.19121359481292,low
hv16_127.png,133.10333251953125,high,158.3889486784297,low
hv16_241.png,126.04469299316406,medium,147.36458997661563,medium
hv16_411.png,67.72655487060547,low,104.09233055201247,high
hv16_416.png,60.40235137939453,low,92.47991735756803,high
hv16_75.png,124.73299407958984,medium,156.37320188492063,medium
hv17_1.png,109.68761444091795,medium,129.13797654478458,high
hv17_10.png,117.2198715209961,medium,138.3912538973923,medium
hv17_11.png,113.94447326660156,medium,134.65152219742063,medium
hv17_12.png,108.82725524902344,medium,128.0001705109127,high
hv17_22.png,109.59334564208984,medium,133.92304421768708,high
hv17_24.png,106.8360824584961,medium,131.79291338931407,high
hv17_29.png,105.55132293701172,medium,125.91345131802721,high
hv17_31.png,101.50747680664062,low,126.41441016510771,high
hv17_32.png,105.51371002197266,medium,126.56901705994898,high
hv17_33.png,119.55750274658205,medium,139.20192920918367,medium
hv17_38.png,135.509033203125,high,152.9090944006651,medium
hv17_40.png,127.35979461669922,medium,145.08499693980414,medium
hv17_42.png,126.25763702392578,medium,146.74369827961672,medium
hv17_44.png,126.65296936035156,medium,147.6815232603458,medium
hv17_48.png,84.48076629638672,low,119.56304917800453,high
hv17_59.png,115.00138854980467,medium,150.66355761054422,medium
hv17_6.png,119.23307037353516,medium,135.56025678500566,medium
hv17_7.png,118.01373291015624,medium,133.08014012896825,high
hv17_70.png,122.46063995361328,medium,151.53026015093536,medium
hv17_71.png,119.70787048339844,medium,149.13011311295352,medium
hv17_72.png,124.88854217529295,medium,149.65437880881518,medium
hv18_9.png,131.7201690673828,high,163.71124751984127,low
hv19_175.png,90.66991424560548,low,121.37304036458333,high
hv19_225.png,99.75779724121094,low,124.72111653645834,high
hv1_120.png,63.39965057373047,low,101.89841706320536,high
hv1_158.png,94.39336395263672,low,127.59624877852868,high
hv1_54.png,116.6803207397461,medium,146.84738871341466,medium
hv1_61.png,41.23574066162109,low,99.46549312786868,high
hv1_72.png,31.35175132751465,low,69.15859210319333,high
hv1_78.png,66.41189575195312,low,97.33773968396476,high
hv1_86.png,87.52058410644531,low,126.73348471752966,high
hv1_9.png,106.31218719482422,medium,121.05857955703246,high
hv1_93.png,59.493282318115234,low,97.9626935139255,high
hv20_231.png,127.43987274169922,medium,150.6639097045068,medium
hv20_234.png,129.70465087890625,high,153.56895505598072,medium
hv20_369.png,115.24126434326172,medium,140.6132347470238,medium
hv20_440.png,123.38460540771484,medium,154.7417645443594,medium
hv20_572.png,86.2454833984375,low,115.70150625354309,high
hv20_64.png,112.192138671875,medium,128.1002737032313,high
hv21_171.png,116.36510467529295,medium,134.05243055555556,high
hv21_252.png,118.25003051757812,medium,150.19357005758158,medium
hv21_258.png,112.41465759277344,medium,141.7126926100629,medium
hv21_266.png,110.59129333496094,medium,138.86970352564103,medium
hv21_292.png,113.2944564819336,medium,146.36768456907478,medium
hv21_46.png,118.24081420898438,medium,140.01254998400512,medium
hv21_87.png,115.93350219726562,medium,134.27065104166667,medium
hv22_.png,93.91677856445312,low,116.40334250710227,high
hv22_127.png,118.97834014892578,medium,140.0296875,medium
hv22_28.png,94.3662109375,low,115.46646839488636,high
hv22_31.png,83.76463317871094,low,106.14488636363636,high
hv22_43.png,90.82894134521484,low,110.73809481534092,high
hv22_92.png,118.25640869140624,medium,137.29663529829546,medium
hv23_160.png,101.1720199584961,low,121.90799939767574,high
hv23_20.png,103.66658020019533,medium,123.7336863130669,high
hv23_222.png,101.36001586914062,low,120.73237758645125,high
hv23_34.png,115.85411071777344,medium,137.48535377692744,medium
hv23_36.png,120.95179748535156,medium,141.88247369260205,medium
hv23_92.png,96.96467590332033,low,122.88098559736395,high
hv24_.png,135.88803100585938,high,145.28587593891723,medium
hv24_116.png,122.27790069580078,medium,133.4838346797052,high
hv24_139.png,125.33663177490234,medium,138.67971407312925,medium
hv24_21.png,140.8575897216797,high,150.6614317602041,medium
hv24_28.png,144.97731018066406,high,155.10426631590136,medium
hv24_4.png,143.62054443359375,high,152.3690808354592,medium
hv24_93.png,132.8060302734375,high,147.0632772640306,medium
hv25_108.png,136.3914337158203,high,166.2350393282313,low
hv25_116.png,126.1570053100586,medium,159.18434886975623,low
hv25_117.png,130.4241180419922,high,158.82249813988096,low
hv25_12.png,133.60816955566406,high,160.7350038973923,low
hv25_121.png,131.3819122314453,high,157.9484946322279,low
hv25_156.png,134.33389282226562,high,160.930416046627,low
hv25_162.png,123.06112670898438,medium,147.12553146258503,medium
hv25_176.png,122.30632019042967,medium,146.92051312712584,medium
hv25_4.png,131.2405242919922,high,159.29956110048187,low
hv25_6.png,132.35684204101562,high,159.59338683390024,low
hv26_133.png,140.5838165283203,high,157.39000038735668,medium
hv26_224.png,120.73596954345705,medium,145.32014266304347,medium
hv26_291.png,127.1230010986328,medium,147.10636645962734,medium
hv26_466.png,130.24508666992188,high,151.18568094851577,medium
hv27_237.png,111.92285919189452,medium,140.17384141156464,medium
hv27_339.png,104.75086975097656,medium,139.9934762967687,medium
hv27_386.png,129.30641174316406,high,156.18189528415533,medium
hv27_387.png,121.9659423828125,medium,148.00680936437075,medium
hv27_75.png,110.7540054321289,medium,136.13111403415533,medium
hv27_88.png,119.54924774169922,medium,146.1939351261338,medium
hv28_.png,139.52987670898438,high,151.29992426658163,medium
hv28_133.png,133.2537384033203,high,142.2282808956916,medium
hv28_135.png,139.1568145751953,high,148.88248697916666,medium
hv28_157.png,148.39739990234375,high,160.1931999362245,low
hv28_195.png,132.21136474609375,high,146.05571942318593,medium
hv28_198.png,143.05123901367188,high,153.7469108737245,medium
hv28_294.png,144.9180908203125,high,152.6143331030329,medium
hv28_3.png,139.36949157714844,high,149.09375664328232,medium
hv28_96.png,133.11749267578125,high,147.3335835636338,medium
hv29_.png,96.72876739501952,low,112.95905311853002,high
hv29_103.png,105.33926391601562,medium,117.97206019725408,high
hv29_115.png,104.29566192626952,medium,117.24688959270149,high
hv29_128.png,102.72877502441406,low,117.38935648954704,high
hv29_142.png,103.51715850830078,medium,117.31990217962185,high
hv29_210.png,106.544677734375,medium,118.3737002018252,high
hv29_219.png,107.42332458496094,medium,119.5908820511701,high
hv29_22.png,99.95919799804688,low,113.07180792575652,high
hv29_243.png,106.44147491455078,medium,119.89118985766679,high
hv29_70.png,102.15288543701172,low,115.38521885888501,high
hv29_82.png,102.11070251464844,low,114.34257116660845,high
hv2_.png,116.88156127929688,medium,133.73790378114435,high
hv2_10.png,111.65381622314452,medium,128.24570800627944,high
hv2_16.png,112.90026092529295,medium,130.56918637873545,high
hv2_28.png,94.61831665039062,low,114.28685715367719,high
hv2_45.png,166.2523956298828,high,189.72862583771393,low
hv2_49.png,163.31224060058594,high,187.72451841265516,low
hv2_56.png,164.1342315673828,high,188.48121414464404,low
hv30_110.png,130.3411865234375,high,147.04955439814816,medium
hv30_128.png,117.98925018310548,medium,142.49575810185186,medium
hv30_138.png,127.36384582519533,medium,145.52026041666667,medium
hv30_145.png,126.47571563720705,medium,147.56561921296296,medium
hv30_148.png,130.31515502929688,high,150.19973958333333,medium
hv30_169.png,123.60469818115234,medium,147.03783564814816,medium
hv30_42.png,127.33333587646484,medium,148.3888599537037,medium
hv30_76.png,125.88890838623048,medium,145.00383101851853,medium
hv32_108.png,137.29736328125,high,149.1450959289966,medium
hv32_126.png,153.2325439453125,high,165.0887077487245,low
hv33_124.png,37.11248016357422,low,46.9704617524093,high
hv33_183.png,50.07364273071289,low,62.35747945011338,high
hv34_1033.png,37.767520904541016,low,66.96596867913833,high
hv34_1270.png,29.21104431152344,low,38.947146045918366,high
hv34_1778.png,24.953697204589844,low,35.4349821960034,high
hv34_589.png,17.549644470214844,low,27.284314767573697,high
hv35_121.png,113.59231567382812,medium,125.40165949192176,high
hv35_133.png,100.8361358642578,low,114.04014314058956,high
hv35_157.png,122.29450225830078,medium,133.17819276147958,high
hv35_181.png,132.7116241455078,high,143.86475605867346,medium
hv35_24.png,108.20299530029295,medium,118.58967988236961,high
hv35_282.png,116.78587341308594,medium,127.5287499114229,high
hv35_290.png,121.61572265625,medium,134.03815901360545,high
hv35_292.png,119.7945327758789,medium,133.48690609056123,high
hv35_327.png,110.23079681396484,medium,119.65926605017007,high
hv35_340.png,106.81015014648438,medium,123.04122378117914,high
hv35_345.png,102.50043487548828,low,113.09235933956916,high
hv35_352.png,110.9609603881836,medium,122.58419474560658,high
hv35_38.png,117.11300659179688,medium,128.2748790922619,high
hv35_433.png,112.06246185302734,medium,124.67525200184241,high
hv35_436.png,107.02156066894533,medium,120.21438757794785,high
hv35_474.png,105.69673919677734,medium,115.54274287840136,high
hv35_496.png,105.17232513427734,medium,114.54949466765873,high
hv35_51.png,115.06666564941406,medium,127.56510859552154,high
hv35_519.png,111.09822845458984,medium,121.32454648526077,high
hv35_560.png,111.014404296875,medium,118.96636063279479,high
hv35_60.png,117.10735321044922,medium,128.69870500283446,high
hv35_849.png,106.51811981201172,medium,117.02754304846938,high
hv36_216.png,149.1392822265625,high,173.65216881023244,low
hv36_219.png,148.667724609375,high,174.64284828514738,low
hv36_304.png,147.75096130371094,high,171.98991992630386,low
hv36_306.png,149.2391815185547,high,173.01978148030045,low
hv36_379.png,138.1054229736328,high,163.22338258219955,low
hv36_510.png,154.08030700683594,high,176.84180130385488,low
hv36_601.png,123.86290740966795,medium,146.72244587939343,medium
hv36_615.png,123.89659881591795,medium,147.13422087585033,medium
hv36_630.png,110.2901611328125,medium,133.70432079081633,high
hv36_639.png,89.14344024658203,low,112.35023827239229,high
hv36_652.png,84.36316680908203,low,111.74638605442176,high
hv36_670.png,111.93848419189452,medium,135.6748290462018,medium
hv36_675.png,105.76727294921876,medium,133.56716801303855,high
hv36_68.png,125.7748565673828,medium,153.50270381590136,medium
hv36_87.png,145.32139587402344,high,169.28142272534015,low
hv36_92.png,129.1206512451172,high,152.90018689767572,medium
hv37_1022.png,145.35501098632812,high,165.55731090198864,low
hv37_1076.png,139.30523681640625,high,161.50212180397727,low
hv37_1088.png,139.975341796875,high,162.09262251420455,low
hv37_1095.png,138.61256408691406,high,160.76698330965908,low
hv37_1107.png,137.16015625,high,158.1787109375,low
hv37_1136.png,145.0576171875,high,167.6488680752841,low
hv37_115.png,139.26100158691406,high,157.62923473011364,low
hv37_1165.png,140.35690307617188,high,158.76301935369318,low
hv37_1200.png,139.1050567626953,high,161.55936168323865,low
hv37_1222.png,144.08987426757812,high,165.16104847301136,low
hv37_1246.png,140.87644958496094,high,165.65781693892046,low
hv37_1260.png,123.92424011230467,medium,151.86391157670454,medium
hv37_1275.png,134.45980834960938,high,157.1128240411932,medium
hv37_1294.png,122.36155700683594,medium,147.721728515625,medium
hv37_1300.png,141.5816650390625,high,165.43025124289773,low
hv37_1317.png,136.72300720214844,high,158.4075372869318,low
hv37_1386.png,129.85739135742188,high,150.12100053267045,medium
hv37_1452.png,140.02516174316406,high,159.87173295454545,low
hv37_1465.png,139.65748596191406,high,161.7341974431818,low
hv37_1479.png,130.25714111328125,high,149.9474520596591,medium
hv37_1626.png,89.58991241455078,low,112.17164417613637,high
hv37_1642.png,93.80489349365234,low,122.89906782670455,high
hv37_1735.png,87.2912826538086,low,115.42614968039773,high
hv37_1812.png,124.25299835205078,medium,153.26780007102272,medium
hv37_1862.png,96.1060028076172,low,134.31408025568183,medium
hv37_1969.png,94.10257720947266,low,126.35037730823863,high
hv37_2042.png,105.23251342773438,medium,135.8633700284091,medium
hv37_2055.png,106.3995590209961,medium,138.79343483664772,medium
hv37_2128.png,63.79182434082031,low,106.48946644176137,high
hv37_2158.png,105.87677001953124,medium,140.42072531960227,medium
hv37_26.png,128.54086303710938,high,155.52503107244317,medium
hv37_291.png,145.6582794189453,high,162.33039772727273,low
hv37_309.png,147.50857543945312,high,168.90680042613636,low
hv37_322.png,141.9034423828125,high,159.16177201704545,low
hv37_34.png,121.17151641845705,medium,148.73863192471592,medium
hv37_358.png,145.76954650878906,high,163.23857421875,low
hv37_38.png,118.90699005126952,medium,145.45872691761363,medium
hv37_381.png,146.2731475830078,high,162.7233575994318,low
hv37_436.png,151.92088317871094,high,168.54173029119318,low
hv37_446.png,148.66278076171875,high,165.30184215198864,low
hv37_459.png,151.6451416015625,high,168.1101384943182,low
hv37_465.png,152.67198181152344,high,168.59641335227272,low
hv37_523.png,150.15933227539062,high,166.8913174715909,low
hv37_56.png,117.06771850585938,medium,148.88587979403408,medium
hv37_564.png,149.76280212402344,high,167.22308238636364,low
hv37_571.png,150.12648010253906,high,168.5751065340909,low
hv37_577.png,153.60223388671875,high,170.61603781960227,low
hv37_636.png,138.80030822753906,high,158.81533647017045,low
hv37_64.png,133.7324981689453,high,164.45766157670454,low
hv37_650.png,141.90785217285156,high,161.77781871448863,low
hv37_738.png,141.0301971435547,high,164.0129483309659,low
hv37_774.png,138.1643524169922,high,160.48037553267045,low
hv37_78.png,131.04794311523438,high,156.43173828125,medium
hv37_781.png,145.91580200195312,high,164.0337579900568,low
hv37_840.png,138.92906188964844,high,161.88340731534092,low
hv37_870.png,141.54299926757812,high,159.02071644176135,low
hv37_888.png,134.718505859375,high,151.45750177556818,medium
hv37_921.png,138.83876037597656,high,155.3447665127841,medium
hv38_127.png,122.50411987304688,medium,139.66389641794217,medium
hv38_210.png,138.646484375,high,155.6160514987245,medium
hv38_72.png,128.12306213378906,high,142.16396063633786,medium
hv38_86.png,117.41322326660156,medium,133.3216256554705,high
hv38_87.png,108.3413314819336,medium,124.61420466624149,high
hv38_91.png,114.09825134277344,medium,131.07275058460885,high
hv39_.png,83.8929672241211,low,108.6051565157313,high
hv39_10.png,89.51803588867188,low,115.35670661493764,high
hv39_115.png,77.11123657226562,low,100.49350065547053,high
hv39_156.png,86.3800048828125,low,110.7530293367347,high
hv39_182.png,100.16702270507812,low,118.52909979095806,high
hv39_21.png,96.48143768310548,low,127.80591650722789,high
hv39_243.png,90.43192291259766,low,119.16373476473923,high
hv39_253.png,94.94860076904295,low,118.45423442814626,high
hv39_26.png,98.30634307861328,low,124.58446269132654,high
hv39_264.png,88.62581634521484,low,110.36316167091837,high
hv39_273.png,91.98802947998048,low,121.90418172477324,high
hv39_28.png,98.85991668701172,low,122.74742019203515,high
hv39_306.png,87.38665771484375,low,110.53217784509637,high
hv39_312.png,86.00923919677734,low,108.67380155187075,high
hv39_333.png,88.62168884277344,low,116.10925320649093,high
hv39_351.png,83.94293212890625,low,116.07518202593538,high
hv39_358.png,92.98090362548828,low,126.9764384920635,high
hv39_368.png,93.17242431640624,low,119.51179625496032,high
hv39_369.png,93.6294937133789,low,120.00170510912699,high
hv39_384.png,99.55638122558594,low,121.3380611359127,high
hv39_422.png,88.41806030273438,low,118.39205109126983,high
hv39_426.png,85.7913589477539,low,110.47816574546485,high
hv39_49.png,65.66057586669922,low,105.37189315830499,high
hv39_529.png,90.29735565185548,low,117.23823474702381,high
hv39_609.png,86.97997283935547,low,122.56608072916667,high
hv39_614.png,83.46073150634766,low,121.40956721230158,high
hv39_620.png,93.76809692382812,low,122.64292357568027,high
hv39_656.png,80.77075958251953,low,117.52110570790816,high
hv39_679.png,82.61296844482422,low,117.00834396258503,high
hv39_684.png,81.21730041503906,low,116.4578195861678,high
hv39_692.png,82.62523651123047,low,118.34235712514172,high
hv39_759.png,94.2249755859375,low,125.36537609835601,high
hv39_786.png,78.41873931884766,low,102.38021276218821,high
hv39_834.png,82.98147583007812,low,118.42895231009071,high
hv39_838.png,77.14189910888672,low,112.32308053429705,high
hv39_907.png,70.6251449584961,low,98.55916950113378,high
hv39_91.png,93.39325714111328,low,116.30257050736961,high
hv39_931.png,76.2846450805664,low,113.57218812003968,high
hv39_936.png,73.01387786865234,low,116.22657578656462,high
hv3_106.png,161.95156860351562,high,195.69727088281869,low
hv3_117.png,91.98399353027344,low,125.52852263856363,high
hv3_118.png,92.5407485961914,low,126.26553229898516,high
hv3_14.png,126.03643798828124,medium,147.98541422716627,medium
hv3_2.png,91.45233917236328,low,123.55783079625293,high
hv3_33.png,90.52989959716795,low,143.15586943793912,medium
hv3_63.png,82.0758285522461,low,118.118950039032,high
hv3_7.png,91.44268035888672,low,123.09151541764247,high
hv3_76.png,155.68563842773438,high,184.53981262327417,low
hv3_79.png,152.1526336669922,high,181.90388905267295,low
hv3_82.png,125.26370239257812,medium,154.17406422379827,medium
hv3_91.png,127.71446228027344,medium,151.87131353427895,medium
hv40_10.png,156.03298950195312,high,173.2024717439059,low
hv40_109.png,188.73985290527344,high,199.93776573129253,low
hv40_110.png,182.8007049560547,high,193.15013375141723,low
hv40_120.png,181.10731506347656,high,196.030060852466,low
hv40_127.png,181.95880126953125,high,193.3647870606576,low
hv40_13.png,81.41809844970703,low,109.2945520656179,high
hv40_150.png,180.2100982666016,high,192.96740584254536,low
hv40_155.png,175.8665008544922,high,193.0644354095805,low
hv40_160.png,178.3770751953125,high,195.4728799071712,low
hv40_165.png,182.8303680419922,high,197.00117364654196,low
hv40_172.png,140.15078735351562,high,166.01442699475623,low
hv40_176.png,163.51124572753906,high,182.60373706774377,low
hv40_188.png,160.47117614746094,high,181.71660643424036,low
hv40_193.png,148.4384002685547,high,175.0489454896542,low
hv40_217.png,148.3874969482422,high,166.82052729946145,low
hv40_225.png,146.24012756347656,high,166.48688837514172,low
hv40_243.png,174.2047882080078,high,188.2266798646542,low
hv40_255.png,173.9632568359375,high,189.15571632298753,low
hv40_266.png,164.8727264404297,high,180.58671254960316,low
hv40_275.png,161.0579071044922,high,181.64140004960316,low
hv40_277.png,162.96554565429688,high,182.61570161918934,low
hv40_28.png,148.42857360839844,high,175.63206845238096,low
hv40_290.png,110.04053497314452,medium,143.66713391085602,medium
hv40_307.png,162.3972930908203,high,182.5850207270408,low
hv40_309.png,104.59494018554688,medium,134.1425891971372,high
hv40_311.png,107.15290832519533,medium,138.44140403557256,medium
hv40_315.png,118.45175170898438,medium,143.17648322349774,medium
hv40_337.png,126.11883544921876,medium,150.59067637471657,medium
hv40_340.png,130.8112030029297,high,152.87149013251133,medium
hv40_342.png,120.90472412109376,medium,145.23618197278913,medium
hv40_357.png,132.6859893798828,high,155.15429466057256,medium
hv40_37.png,139.18475341796875,high,165.31979210955217,low
hv40_39.png,136.1070098876953,high,160.32585742630386,low
hv40_404.png,159.73757934570312,high,175.15232160572563,low
hv40_405.png,146.42446899414062,high,168.9862395479025,low
hv40_411.png,157.15774536132812,high,176.8453665320295,low
hv40_412.png,166.96368408203125,high,182.7944701318027,low
hv40_42.png,136.37777709960938,high,159.6361009247449,low
hv40_423.png,164.11575317382812,high,180.41525386196145,low
hv40_49.png,167.88368225097656,high,185.77284181901928,low
hv40_5.png,63.37019348144531,low,96.94134867488663,high
hv40_51.png,169.59120178222656,high,189.88419208829364,low
hv40_57.png,172.75131225585938,high,188.3362895939626,low
hv40_61.png,167.98667907714844,high,186.04400288761337,low
hv40_64.png,163.48533630371094,high,182.72228865504536,low
hv40_67.png,148.77561950683594,high,171.85533145549886,low
hv40_72.png,158.88534545898438,high,179.26230557327096,low
hv40_78.png,153.52413940429688,high,176.723809966695,low
hv40_84.png,130.97242736816406,high,156.39256926729024,medium
hv40_87.png,126.83746337890624,medium,153.4527596194728,medium
hv41_39.png,92.46852111816406,low,119.09496793509071,high
hv41_46.png,79.36203002929688,low,109.88715942106009,high
hv42_1005.png,112.41436004638672,medium,135.4736779835391,medium
hv42_1012.png,101.21536254882812,low,124.64263888888888,high
hv42_1021.png,105.4925537109375,medium,127.10861625514403,high
hv42_1024.png,99.273681640625,low,122.37570987654321,high
hv42_1028.png,88.16136932373047,low,113.90281378600822,high
hv42_1048.png,118.54872131347656,medium,146.19186728395061,medium
hv42_1054.png,97.51919555664062,low,125.90807098765433,high
hv42_1071.png,83.60301208496094,low,107.46060185185185,high
hv42_1077.png,109.4515609741211,medium,130.68502572016462,high
hv42_13.png,97.33414459228516,low,120.27463477366256,high
hv42_175.png,122.14523315429688,medium,137.92314300411522,medium
hv42_20.png,77.8114013671875,low,108.44163065843621,high
hv42_236.png,99.15998840332033,low,125.04282407407408,high
hv42_256.png,107.09497833251952,medium,131.32003086419752,high
hv42_261.png,117.42557525634766,medium,137.93343621399177,medium
hv42_283.png,104.582275390625,medium,127.65104423868313,high
hv42_297.png,108.844482421875,medium,131.96825617283952,high
hv42_304.png,99.59220123291016,low,126.51996913580247,high
hv42_326.png,102.88264465332033,medium,121.14359053497942,high
hv42_336.png,117.97203826904295,medium,131.9063888888889,high
hv42_350.png,83.37676239013672,low,110.6916255144033,high
hv42_361.png,92.88945770263672,low,113.47331790123457,high
hv42_37.png,90.29747772216795,low,115.59865226337449,high
hv42_379.png,104.29253387451172,medium,125.54374485596708,high
hv42_394.png,107.05715942382812,medium,125.6171244855967,high
hv42_420.png,93.32501983642578,low,118.68358024691358,high
hv42_433.png,88.10442352294922,low,115.4839403292181,high
hv42_440.png,111.07479095458984,medium,132.35125514403293,high
hv42_450.png,112.23989868164062,medium,133.19331790123456,high
hv42_487.png,125.36186981201172,medium,145.20466563786007,medium
hv42_496.png,105.72662353515624,medium,123.42948559670782,high
hv42_505.png,103.44717407226562,medium,123.04324588477367,high
hv42_525.png,107.98592376708984,medium,124.20565329218107,high
hv42_535.png,116.24637603759766,medium,130.8059670781893,high
hv42_543.png,98.74838256835938,low,118.80275720164609,high
hv42_550.png,101.705322265625,low,125.59210390946502,high
hv42_555.png,92.6655044555664,low,114.99001543209877,high
hv42_562.png,100.45135498046876,low,123.70993312757201,high
hv42_570.png,109.2224578857422,medium,128.96654320987653,high
hv42_576.png,104.90977478027344,medium,124.30873971193415,high
hv42_582.png,91.52957153320312,low,118.13863168724279,high
hv42_586.png,111.84294128417967,medium,132.4118672839506,high
hv42_594.png,100.02385711669922,low,120.96372427983539,high
hv42_6.png,108.3078384399414,medium,128.01888374485597,high
hv42_60.png,86.64676666259766,low,110.54368312757201,high
hv42_601.png,109.0166015625,medium,133.90331790123457,high
hv42_620.png,119.41075897216795,medium,141.574079218107,medium
hv42_651.png,98.9701919555664,low,129.16977880658436,high
hv42_658.png,103.03944396972656,medium,127.80342078189301,high
hv42_664.png,96.12648010253906,low,118.0279218106996,high
hv42_675.png,107.0869369506836,medium,124.76651234567902,high
hv42_686.png,114.16877746582033,medium,132.13593621399178,high
hv42_716.png,98.33768463134766,low,113.70672839506173,high
hv42_736.png,119.37943267822266,medium,133.94425411522633,high
hv42_752.png,95.75991821289062,low,112.55506687242799,high
hv42_774.png,109.653076171875,medium,125.12468621399177,high
hv42_796.png,123.299072265625,medium,144.26663580246912,medium
hv42_837.png,118.98941040039062,medium,144.8603755144033,medium
hv42_846.png,93.32897186279295,low,114.65021604938272,high
hv42_855.png,109.29691314697266,medium,127.15959362139918,high
hv42_861.png,118.55915832519533,medium,133.43127057613168,high
hv42_885.png,104.60059356689452,medium,124.38861111111112,high
hv42_895.png,108.20465087890624,medium,124.95798868312757,high
hv42_906.png,120.31693267822266,medium,144.10093106995885,medium
hv42_916.png,110.56522369384766,medium,134.64977880658435,medium
hv42_925.png,110.00474548339844,medium,130.70145576131688,high
hv42_933.png,65.70518493652344,low,96.23765432098766,high
hv42_937.png,100.26121520996094,low,127.49315329218108,high
hv42_943.png,116.26286315917967,medium,136.3942695473251,medium
hv42_970.png,82.22254943847656,low,111.1261574074074,high
hv42_976.png,86.56423950195312,low,114.85941358024691,high
hv42_981.png,75.67969512939453,low,103.38484053497942,high
hv42_986.png,89.313232421875,low,109.82979938271605,high
hv42_99.png,102.54736328125,low,121.08905864197531,high
hv42_999.png,105.9006805419922,medium,139.21244341563786,medium
hv43_1038.png,104.51775360107422,medium,149.48304412910997,medium
hv43_1095.png,134.45144653320312,high,153.43646586238663,medium
hv43_1212.png,132.57955932617188,high,159.64451132015307,low
hv43_1273.png,118.84584045410156,medium,164.18661422902494,low
hv43_1298.png,75.20275115966797,low,115.56476093041383,high
hv43_1306.png,59.24512100219727,low,98.4624964569161,high
hv43_1364.png,129.1287841796875,high,171.18797831632654,low
hv43_324.png,116.36671447753906,medium,150.36544917446145,medium
hv43_336.png,134.2776641845703,high,182.20212850765307,low
hv43_451.png,136.07374572753906,high,162.78648933531747,low
hv43_482.png,128.0680389404297,high,149.66779381023244,medium
hv43_644.png,125.66275787353516,medium,148.0568642821712,medium
hv43_672.png,150.14141845703125,high,182.75576415462018,low
hv43_685.png,143.40567016601562,high,176.07070445365648,low
hv43_724.png,111.54920196533205,medium,154.16621713789684,medium
hv43_931.png,48.5595932006836,low,72.5147303713152,high
hv44_1.png,99.74726104736328,low,139.64427901785714,medium
hv44_2.png,100.8504409790039,low,140.31139285714286,medium
hv44_20.png,121.77059936523438,medium,151.01966294642858,medium
hv44_25.png,117.02027893066406,medium,162.593859375,low
hv44_29.png,113.61463928222656,medium,168.06353348214284,low
hv44_3.png,113.74705505371094,medium,159.33057589285715,low
hv44_31.png,100.85250091552734,low,169.99077678571427,low
hv44_34.png,106.242431640625,medium,150.49018973214285,medium
hv44_35.png,113.46466064453124,medium,164.62484375,low
hv44_38.png,111.1144790649414,medium,160.9180111607143,low
hv44_39.png,117.83680725097656,medium,162.49436607142857,low
hv44_4.png,108.15576171875,medium,154.14591294642858,medium
hv44_41.png,120.23392486572266,medium,163.510328125,low
hv44_43.png,106.24375915527344,medium,150.00185267857142,medium
hv44_44.png,96.8981704711914,low,132.99,high
hv44_47.png,83.41606903076172,low,111.23454017857142,high
hv44_49.png,94.51447296142578,low,121.78694866071429,high
hv45_159.png,11.365532875061035,low,102.90425347222222,high
hv45_31.png,13.83773708343506,low,110.52580439814815,high
hv45_315.png,4.002731323242188,low,151.10680555555555,medium
hv45_82.png,16.11798667907715,low,101.91504050925926,high
hv46_124.png,150.47134399414062,high,166.36981481481482,low
hv46_433.png,159.44183349609375,high,177.54829282407408,low
hv47_1003.png,113.24752044677734,medium,140.48988425925927,medium
hv47_1009.png,113.65110778808594,medium,145.29587384259258,medium
hv47_1065.png,111.72340393066406,medium,146.99923611111112,medium
hv47_1069.png,121.1362762451172,medium,148.81202546296296,medium
hv47_1086.png,118.83335876464844,medium,146.97213541666667,medium
hv47_1096.png,112.28803253173828,medium,139.7609837962963,medium
hv47_1115.png,124.28015899658205,medium,155.28232060185186,medium
hv47_1167.png,110.9274444580078,medium,140.9630150462963,medium
hv47_118.png,104.94041442871094,medium,151.434375,medium
hv47_1187.png,112.64356231689452,medium,147.37703703703704,medium
hv47_1192.png,113.52330780029295,medium,147.6361574074074,medium
hv47_153.png,112.00355529785156,medium,155.56077546296297,medium
hv47_208.png,100.82655334472656,low,143.28430555555556,medium
hv47_275.png,113.55876159667967,medium,133.90977430555554,high
hv47_322.png,113.37705993652344,medium,150.24016782407406,medium
hv47_37.png,104.8588638305664,medium,160.48409143518518,low
hv47_408.png,111.81525421142578,medium,151.13841435185185,medium
hv47_488.png,125.60559844970705,medium,149.80944444444444,medium
hv47_547.png,122.40582275390624,medium,150.31341435185186,medium
hv47_566.png,119.26817321777344,medium,142.83732060185184,medium
hv47_588.png,118.25358581542967,medium,138.83087384259258,medium
hv47_60.png,101.9289321899414,low,158.1917303240741,low
hv47_624.png,99.92664337158205,low,128.71515046296295,high
hv47_642.png,121.65650177001952,medium,135.95722800925927,medium
hv47_661.png,123.18260192871094,medium,145.9524363425926,medium
hv47_674.png,115.51526641845705,medium,140.2693402777778,medium
hv47_699.png,90.32791137695312,low,123.76818287037037,high
hv47_71.png,93.73204803466795,low,141.57735532407406,medium
hv47_727.png,108.22029876708984,medium,135.70695023148147,medium
hv47_729.png,116.02388763427734,medium,142.41609953703704,medium
hv47_76.png,103.65660095214844,medium,153.64889467592593,medium
hv47_766.png,115.62863159179688,medium,140.70889467592593,medium
hv47_786.png,108.14069366455078,medium,134.09889467592592,high
hv47_80.png,106.84814453125,medium,156.55255208333332,medium
hv47_844.png,106.89752197265624,medium,136.04105902777778,medium
hv47_856.png,115.34326171875,medium,144.8030787037037,medium
hv47_858.png,90.20752716064452,low,127.63237847222223,high
hv47_871.png,115.00743103027344,medium,143.29037037037037,medium
hv47_887.png,116.04981231689452,medium,144.7036226851852,medium
hv47_898.png,118.6740493774414,medium,146.81214699074073,medium
hv47_92.png,108.1584014892578,medium,160.91927083333334,low
hv47_936.png,116.67118072509766,medium,148.00510416666665,medium
hv47_95.png,97.8978042602539,low,146.32648726851852,medium
hv47_952.png,105.35758972167967,medium,138.22086805555554,medium
hv48_.png,116.35693359375,medium,146.1089649409204,medium
hv48_104.png,106.1822280883789,medium,133.5923802182163,high
hv48_190.png,107.6607894897461,medium,132.35154671717171,high
hv48_196.png,122.26319885253906,medium,143.33825987251242,medium
hv48_200.png,125.41477966308594,medium,146.50135436210132,medium
hv48_255.png,129.54421997070312,high,159.27714670468947,low
hv48_4.png,145.50082397460938,high,168.43878780718336,low
hv48_63.png,135.35763549804688,high,156.4013782051282,medium
hv49_.png,107.10853576660156,medium,132.69247581845238,high
hv49_78.png,106.9162139892578,medium,134.91076964640024,medium
hv49_82.png,98.9136962890625,low,129.07292330994898,high
hv4_133.png,76.80419921875,low,106.981643081761,high
hv4_162.png,78.61650085449219,low,107.04883461047254,high
hv4_259.png,92.4253921508789,low,116.42329282407407,high
hv4_267.png,43.18650436401367,low,73.19159990711715,high
hv4_273.png,31.13614654541016,low,57.197214958158995,high
hv4_289.png,73.97136688232422,low,93.86056194793119,high
hv4_294.png,56.42149353027344,low,76.24645724258289,high
hv4_304.png,75.64818572998047,low,96.6574654591896,high
hv4_308.png,115.54972076416016,medium,133.82405989674996,high
hv4_34.png,105.10225677490234,medium,134.02757357200787,high
hv50_.png,80.41905975341797,low,105.69572881235828,high
hv50_121.png,106.67339324951172,medium,132.51977705144557,high
hv50_186.png,89.53885650634766,low,119.34944329294218,high
hv50_213.png,95.53543853759766,low,124.97395390447846,high
hv50_223.png,85.44255828857422,low,112.33680998441044,high
hv50_230.png,97.4279327392578,low,131.80239113874717,high
hv50_241.png,94.29043579101562,low,122.65584033092404,high
hv50_259.png,94.278076171875,low,125.08470406391723,high
hv50_26.png,78.7928466796875,low,111.72676401289682,high
hv50_304.png,95.40338134765624,low,123.87332589285714,high
hv50_319.png,98.7365264892578,low,135.26789257369614,medium
hv50_348.png,107.21587371826172,medium,145.6076211734694,medium
hv50_366.png,103.19461822509766,medium,132.39006917871316,high
hv50_384.png,100.34148406982422,low,129.26604352678572,high
hv50_392.png,103.08583068847656,medium,136.02554784934807,medium
hv50_408.png,105.17420196533205,medium,138.08059851544783,medium
hv50_416.png,103.67654418945312,medium,138.6683452026644,medium
hv50_446.png,103.8306655883789,medium,134.80627745890024,medium
hv50_465.png,105.40885162353516,medium,133.0881785005669,high
hv50_481.png,106.37017059326172,medium,135.23210078302154,medium
hv50_493.png,95.9261474609375,low,124.81211026077098,high
hv50_528.png,108.90435791015624,medium,141.00636647888322,medium
hv50_57.png,86.932861328125,low,116.67625070861678,high
hv50_620.png,108.26622009277344,medium,138.79451884920636,medium
hv50_639.png,107.03125,medium,133.57572234623015,high
hv50_649.png,93.21589660644533,low,120.29016085600907,high
hv50_696.png,98.97380828857422,low,129.3576211734694,high
hv50_718.png,82.17737579345703,low,120.43610269628685,high
hv50_736.png,88.59004211425781,low,134.54858453798187,medium
hv50_793.png,94.14746856689452,low,120.97730876204649,high
hv50_81.png,92.90933227539062,low,123.8762821534864,high
hv5_106.png,116.91063690185548,medium,157.08874096513605,medium
hv5_136.png,120.99920654296876,medium,138.01151059382087,medium
hv5_147.png,120.2292251586914,medium,138.3203235721372,medium
hv5_22.png,183.39675903320312,high,196.9002555449263,low
hv5_30.png,182.953369140625,high,196.76385124362244,low
hv5_34.png,182.6934051513672,high,196.49746669501133,low
hv5_50.png,112.91438293457033,medium,147.03144044075964,medium
hv5_56.png,114.6279754638672,medium,149.93803146258503,medium
hv5_70.png,36.74837112426758,low,119.59968687996032,high
hv5_75.png,38.16135025024414,low,122.6108099489796,high
hv5_80.png,78.78653717041016,low,131.3475809594671,high
hv5_86.png,65.72183227539062,low,123.291885894983,high
hv5_94.png,61.8586311340332,low,114.33114769345238,high
hv6_100.png,91.30712127685548,low,119.50419633999434,high
hv6_102.png,91.00251770019533,low,121.22201185161565,high
hv6_106.png,104.3340301513672,medium,130.6258281958617,high
hv6_13.png,127.99757385253906,medium,163.22960069444446,low
hv6_133.png,129.37789916992188,high,161.7407459077381,low
hv6_139.png,134.8007354736328,high,165.5295736784297,low
hv6_142.png,133.73228454589844,high,164.46408198696145,low
hv6_144.png,110.36720275878906,medium,158.1839591305272,low
hv6_147.png,104.471435546875,medium,153.46825175382654,medium
hv6_148.png,108.19153594970705,medium,154.57735659367913,medium
hv6_152.png,106.58414459228516,medium,154.02155080782313,medium
hv6_153.png,108.97335052490234,medium,155.740998352466,medium
hv6_154.png,131.28050231933594,high,155.41130553784015,medium
hv6_16.png,126.90933990478516,medium,162.5229857568027,low
hv6_166.png,56.693450927734375,low,119.5366089143991,high
hv6_20.png,126.6481475830078,medium,162.60140084679705,low
hv6_204.png,84.43948364257812,low,129.54704993976756,high
hv6_208.png,91.1581802368164,low,148.21543057327096,medium
hv6_217.png,107.70040893554688,medium,133.2514283056973,high
hv6_218.png,107.21015167236328,medium,134.04926215277777,high
hv6_223.png,104.16154479980467,medium,131.46551029265873,high
hv6_226.png,100.81497192382812,low,127.6629331420068,high
hv6_24.png,126.71092224121094,medium,162.6853985083617,low
hv6_9.png,128.5642852783203,high,155.83193602962018,medium
hv6_96.png,46.76904296875,low,111.15990601969955,high
hv6_97.png,96.00472259521484,low,126.36355362457483,high
hv7_126.png,120.24130249023438,medium,149.67366851478494,medium
hv7_132.png,116.08952331542967,medium,148.8590616644385,medium
hv7_138.png,128.5659637451172,high,161.2794648857527,low
hv7_21.png,116.09440612792967,medium,164.24247083333333,low
hv7_22.png,127.16964721679688,medium,175.78984375,low
hv7_27.png,72.92420959472656,low,131.98145945040216,high
hv8_120.png,121.96497344970705,medium,157.42035300925926,medium
hv8_128.png,105.14507293701172,medium,131.81017915309445,high
hv8_147.png,115.1417999267578,medium,155.28619535519127,medium
hv8_160.png,112.70201110839844,medium,122.20183823529412,high
hv8_169.png,106.61682891845705,medium,125.03722766884532,high
hv8_256.png,176.0026092529297,high,208.25560185185185,low
hv8_262.png,182.17076110839844,high,205.50987021857924,low
hv8_325.png,117.1738052368164,medium,160.09807274701413,low
hv8_367.png,111.30562591552734,medium,157.10314196525516,medium
hv8_58.png,70.53943634033203,low,119.31875683060109,high
hv8_88.png,100.61244201660156,low,132.1699239956569,high
hv8_99.png,123.5756378173828,medium,160.70117694805194,low
hv9_1.png,134.43109130859375,high,144.32665929729473,medium
hv9_14.png,123.56484985351562,medium,153.21805462925911,medium
hv9_182.png,136.87445068359375,high,150.13155654771464,medium
hv9_186.png,137.80740356445312,high,151.17306827583008,medium
hv9_188.png,137.48899841308594,high,150.88170922271445,medium
hv9_198.png,116.25921630859376,medium,142.35240539305747,medium
hv9_202.png,121.78231811523438,medium,148.35053441516646,medium
hv9_21.png,130.51600646972656,high,149.1546065874424,medium
hv9_215.png,137.0740966796875,high,151.45965797260132,medium
hv9_221.png,133.5333709716797,high,147.8672012830794,medium
hv9_223.png,132.02369689941406,high,145.1063130120996,medium
hv9_36.png,111.58980560302734,medium,134.7464665415885,medium
hv9_47.png,121.40350341796876,medium,144.36290763290762,medium
