filename,severity,bin
AM_Bing_211.png,73.98294830322266,low
AM_Bing_217.png,103.81173706054688,medium
AM_Bing_222.png,111.70518493652344,medium
AM_Bing_229.png,108.59138488769531,medium
AM_Bing_232.png,31.700531005859375,low
AM_Bing_242.png,108.35326385498047,medium
AM_Bing_243.png,152.57037353515625,high
AM_Bing_274.png,108.63876342773438,medium
AM_Bing_318.png,80.06981658935547,low
AM_Bing_422.png,90.22447967529297,low
AM_Bing_464.png,39.322017669677734,low
AM_Bing_536.png,169.99632263183594,high
AM_Bing_640.png,42.3381462097168,low
AM_Bing_727.png,126.8117904663086,medium
AM_Google_019.png,101.66808319091797,low
AM_Google_035.png,119.60445404052734,medium
AM_Google_067.png,93.05269622802734,low
AM_Google_10.png,42.631072998046875,low
AM_Google_228.png,152.47703552246094,high
AM_Google_244.png,137.94482421875,high
AM_Google_246.png,106.1009750366211,medium
AM_Google_250.png,135.31527709960938,high
AM_Google_289.png,98.6444320678711,low
AM_Google_309.png,160.26898193359375,high
AM_Google_320.png,89.73888397216797,low
AM_Google_359.png,148.88340759277344,high
AM_Google_411.png,84.26299285888672,low
AM_Google_494.png,122.50227355957031,medium
AM_Google_525.png,44.57477951049805,low
AM_Google_617.png,107.75433349609375,medium
AM_Google_707.png,197.17547607421875,high
AM_Google_711.png,133.0322723388672,high
AM_Google_754.png,170.62905883789062,high
AM_Google_768.png,128.56361389160156,high
AM_Google_796.png,135.8077392578125,high
AM_Google_869.png,93.93468475341797,low
BD_Baidu_000.png,129.83604431152344,high
BD_Baidu_007.png,143.10032653808594,high
BD_Baidu_018.png,168.139404296875,high
BD_Baidu_022.png,93.72693634033203,low
BD_Baidu_023.png,191.20022583007812,high
BD_Baidu_031.png,57.760887145996094,low
BD_Baidu_038.png,108.45909881591797,medium
BD_Baidu_039.png,105.4784164428711,medium
BD_Baidu_042.png,178.25172424316406,high
BD_Baidu_045.png,91.76570892333984,low
BD_Baidu_046.png,137.5447998046875,high
BD_Baidu_050.png,147.73379516601562,high
BD_Baidu_058.png,136.88031005859375,high
BD_Baidu_059.png,113.22335052490234,medium
BD_Baidu_062.png,65.18596649169922,low
BD_Baidu_065.png,71.67884063720703,low
BD_Baidu_074.png,145.44131469726562,high
BD_Baidu_076.png,157.2223663330078,high
BD_Baidu_078.png,123.78644561767578,medium
BD_Baidu_08.png,134.35635375976562,high
BD_Baidu_081.png,127.93086242675781,medium
BD_Baidu_084.png,120.45281982421875,medium
BD_Baidu_087.png,109.38660430908203,medium
BD_Baidu_088.png,147.3189239501953,high
BD_Baidu_095.png,119.08052062988281,medium
BD_Baidu_097.png,101.40766143798828,low
BD_Baidu_10.png,92.30538940429688,low
BD_Baidu_102.png,105.22745513916016,medium
BD_Baidu_104.png,119.0700912475586,medium
BD_Baidu_105.png,121.06175231933594,medium
BD_Baidu_116.png,116.51094818115234,medium
BD_Baidu_117.png,148.83897399902344,high
BD_Baidu_129.png,150.43319702148438,high
BD_Baidu_133.png,156.86610412597656,high
BD_Baidu_134.png,189.41685485839844,high
BD_Baidu_137.png,130.80345153808594,high
BD_Baidu_142.png,136.05332946777344,high
BD_Baidu_143.png,115.82919311523438,medium
BD_Baidu_145.png,124.14075469970703,medium
BD_Baidu_166.png,115.61499786376953,medium
BD_Baidu_174.png,56.47727584838867,low
BD_Baidu_18.png,91.79593658447266,low
BD_Baidu_195.png,150.8504180908203,high
BD_Baidu_196.png,128.65859985351562,high
BD_Baidu_199.png,117.14131164550781,medium
BD_Baidu_200.png,126.59005737304688,medium
BD_Baidu_201.png,148.99522399902344,high
BD_Baidu_208.png,124.12853240966797,medium
BD_Baidu_209.png,166.14981079101562,high
BD_Baidu_211.png,120.98001098632812,medium
BD_Baidu_216.png,45.22392272949219,low
BD_Baidu_222.png,118.71041107177734,medium
BD_Baidu_224.png,168.2490692138672,high
BD_Baidu_247.png,119.40047454833984,medium
BD_Baidu_249.png,108.54059600830078,medium
BD_Baidu_250.png,142.4935302734375,high
BD_Baidu_254.png,127.48477172851562,medium
BD_Baidu_256.png,133.40830993652344,high
BD_Baidu_277.png,146.79246520996094,high
BD_Baidu_281.png,132.71327209472656,high
BD_Baidu_284.png,144.0738525390625,high
BD_Baidu_285.png,124.12366485595703,medium
BD_Baidu_29.png,76.11412048339844,low
BD_Baidu_291.png,127.6992416381836,medium
BD_Baidu_299.png,123.45314025878906,medium
BD_Baidu_306.png,116.92214965820312,medium
BD_Baidu_322.png,73.83658599853516,low
BD_Baidu_332.png,104.0416030883789,medium
BD_Baidu_338.png,155.69583129882812,high
BD_Baidu_347.png,171.76925659179688,high
BD_Baidu_355.png,144.57989501953125,high
BD_Baidu_375.png,144.467529296875,high
BD_Baidu_383.png,74.61486053466797,low
BD_Baidu_385.png,134.6105194091797,high
BD_Baidu_388.png,152.072509765625,high
BD_Baidu_389.png,74.26210021972656,low
BD_Baidu_391.png,128.79270935058594,high
BD_Baidu_397.png,139.97805786132812,high
BD_Baidu_410.png,137.97262573242188,high
BD_Baidu_424.png,129.95663452148438,high
BD_Baidu_428.png,163.76828002929688,high
BD_Baidu_451.png,75.02720642089844,low
BD_Baidu_461.png,89.28350067138672,low
BD_Baidu_464.png,174.93846130371094,high
BD_Baidu_476.png,180.5450897216797,high
BD_Baidu_481.png,108.13018798828125,medium
BD_Baidu_486.png,131.74632263183594,high
BD_Bing_013.png,152.49136352539062,high
BD_Bing_04.png,170.7476348876953,high
BD_Bing_042.png,113.10376739501953,medium
BD_Bing_068.png,142.77626037597656,high
BD_Bing_080.png,122.78104400634766,medium
BD_Bing_084.png,154.84608459472656,high
BD_Bing_091.png,153.32131958007812,high
BD_Bing_096.png,152.68507385253906,high
BD_Bing_097.png,112.00834655761719,medium
BD_Bing_18.png,168.2069549560547,high
BD_Bing_195.png,171.75340270996094,high
BD_Bing_216.png,87.41938781738281,low
BD_Bing_23.png,131.3184051513672,high
BD_Bing_231.png,106.6236343383789,medium
BD_Bing_232.png,118.51507568359375,medium
BD_Bing_237.png,146.07728576660156,high
BD_Bing_26.png,149.6685028076172,high
BD_Bing_302.png,159.664794921875,high
BD_Bing_303.png,176.1181182861328,high
BD_Bing_308.png,155.33392333984375,high
BD_Bing_331.png,65.81268310546875,low
BD_Bing_358.png,53.0169677734375,low
BD_Bing_393.png,144.29318237304688,high
BD_Bing_420.png,75.19772338867188,low
BD_Bing_423.png,150.22750854492188,high
BD_Bing_463.png,141.662353515625,high
BD_Bing_479.png,89.38324737548828,low
BD_Bing_484.png,117.1803970336914,medium
BD_Bing_49.png,114.42839050292969,medium
BD_Bing_515.png,101.60897064208984,low
BD_Bing_549.png,114.04170989990234,medium
BD_Bing_606.png,104.72675323486328,medium
BD_Bing_609.png,104.72137451171875,medium
BD_Bing_634.png,98.61315155029297,low
BD_Bing_643.png,79.95060729980469,low
BD_Bing_655.png,69.61234283447266,low
BD_Bing_660.png,79.08963775634766,low
BD_Bing_664.png,135.30247497558594,high
BD_Bing_695.png,134.6026611328125,high
BD_Bing_732.png,164.7693634033203,high
BD_Bing_74.png,120.59159851074219,medium
BD_Bing_742.png,176.93783569335938,high
BD_Bing_763.png,70.42919158935547,low
BD_Bing_789.png,114.91265106201172,medium
BD_Bing_802.png,186.4004364013672,high
BD_Google_00.png,130.3159942626953,high
BD_Google_054.png,122.53186798095703,medium
BD_Google_098.png,96.41297149658203,low
BD_Google_126.png,137.10653686523438,high
BD_Google_129.png,124.5786361694336,medium
BD_Google_249.png,165.46951293945312,high
BD_Google_253.png,73.32664489746094,low
BD_Google_329.png,150.80320739746094,high
BD_Google_343.png,126.29090118408203,medium
BD_Google_357.png,69.38895416259766,low
BD_Google_360.png,93.47882080078125,low
BD_Google_368.png,108.60941314697266,medium
BD_Google_372.png,63.93186569213867,low
BD_Google_378.png,123.60480499267578,medium
BD_Google_380.png,77.44402313232422,low
BD_Google_381.png,46.71892547607422,low
BD_Google_396.png,67.81391143798828,low
BD_Google_397.png,105.25862121582031,medium
BD_Google_421.png,50.36048126220703,low
BD_Google_428.png,108.13600158691406,medium
BD_Google_435.png,131.67193603515625,high
BD_Google_443.png,110.44546508789062,medium
BD_Google_466.png,166.433837890625,high
BD_Google_501.png,136.31346130371094,high
BD_Google_569.png,109.3447265625,medium
BD_Google_598.png,82.82777404785156,low
BJ_Baidu_015.png,148.38929748535156,high
BJ_Baidu_02.png,68.25065612792969,low
BJ_Baidu_029.png,113.9631118774414,medium
BJ_Baidu_04.png,67.24940490722656,low
BJ_Baidu_045.png,145.7572784423828,high
BJ_Baidu_066.png,92.15620422363281,low
BJ_Baidu_069.png,107.64656829833984,medium
BJ_Baidu_071.png,109.79053497314453,medium
BJ_Baidu_072.png,58.87213134765625,low
BJ_Baidu_077.png,126.59271240234375,medium
BJ_Baidu_080.png,119.28569793701172,medium
BJ_Baidu_082.png,67.42405700683594,low
BJ_Baidu_093.png,86.34183502197266,low
BJ_Baidu_095.png,82.56636810302734,low
BJ_Baidu_1023.png,78.94308471679688,low
BJ_Baidu_1035.png,73.87532806396484,low
BJ_Baidu_1039.png,111.09625244140625,medium
BJ_Baidu_1081.png,166.1388397216797,high
BJ_Baidu_1086.png,44.95254898071289,low
BJ_Baidu_1090.png,104.65505981445312,medium
BJ_Baidu_1099.png,73.60677337646484,low
BJ_Baidu_1132.png,101.0673599243164,low
BJ_Baidu_1153.png,101.03288269042969,low
BJ_Baidu_1158.png,86.09720611572266,low
BJ_Baidu_1167.png,142.63832092285156,high
BJ_Baidu_1168.png,108.7267074584961,medium
BJ_Baidu_1170.png,103.42042541503906,medium
BJ_Baidu_118.png,107.6912612915039,medium
BJ_Baidu_1184.png,64.20536804199219,low
BJ_Baidu_1191.png,120.49905395507812,medium
BJ_Baidu_1194.png,155.38607788085938,high
BJ_Baidu_1202.png,127.4970703125,medium
BJ_Baidu_1213.png,87.87999725341797,low
BJ_Baidu_126.png,89.97039031982422,low
BJ_Baidu_1269.png,113.81897735595703,medium
BJ_Baidu_132.png,191.59719848632812,high
BJ_Baidu_138.png,138.00320434570312,high
BJ_Baidu_144.png,158.28407287597656,high
BJ_Baidu_153.png,130.9530487060547,high
BJ_Baidu_156.png,84.41820526123047,low
BJ_Baidu_157.png,140.41831970214844,high
BJ_Baidu_164.png,102.38851928710938,low
BJ_Baidu_165.png,125.21636962890625,medium
BJ_Baidu_168.png,110.3301773071289,medium
BJ_Baidu_171.png,112.4936294555664,medium
BJ_Baidu_173.png,106.2726058959961,medium
BJ_Baidu_181.png,107.53893280029297,medium
BJ_Baidu_183.png,94.04127502441406,low
BJ_Baidu_192.png,108.6028060913086,medium
BJ_Baidu_199.png,70.82318878173828,low
BJ_Baidu_202.png,138.01458740234375,high
BJ_Baidu_207.png,93.28968811035156,low
BJ_Baidu_21.png,133.82949829101562,high
BJ_Baidu_212.png,118.95785522460938,medium
BJ_Baidu_217.png,109.95823669433594,medium
BJ_Baidu_220.png,82.31224822998047,low
BJ_Baidu_221.png,77.00945281982422,low
BJ_Baidu_232.png,148.0209197998047,high
BJ_Baidu_248.png,84.7536392211914,low
BJ_Baidu_260.png,115.00006103515625,medium
BJ_Baidu_275.png,93.35507202148438,low
BJ_Baidu_279.png,124.06670379638672,medium
BJ_Baidu_284.png,112.15096282958984,medium
BJ_Baidu_287.png,80.7501449584961,low
BJ_Baidu_290.png,168.66905212402344,high
BJ_Baidu_309.png,131.73199462890625,high
BJ_Baidu_320.png,111.87283325195312,medium
BJ_Baidu_333.png,71.47416687011719,low
BJ_Baidu_363.png,141.4928436279297,high
BJ_Baidu_384.png,72.0201644897461,low
BJ_Baidu_40.png,69.29121398925781,low
BJ_Baidu_41.png,75.1957778930664,low
BJ_Baidu_421.png,52.62699890136719,low
BJ_Baidu_427.png,132.1227569580078,high
BJ_Baidu_443.png,119.29143524169922,medium
BJ_Baidu_447.png,141.41172790527344,high
BJ_Baidu_450.png,196.5108642578125,high
BJ_Baidu_459.png,96.75680541992188,low
BJ_Baidu_474.png,155.25975036621094,high
BJ_Baidu_476.png,119.43306732177734,medium
BJ_Baidu_478.png,94.04934692382812,low
BJ_Baidu_485.png,74.51315307617188,low
BJ_Baidu_487.png,96.39472961425781,low
BJ_Baidu_491.png,83.34830474853516,low
BJ_Baidu_512.png,101.6995849609375,low
BJ_Baidu_528.png,51.1527099609375,low
BJ_Baidu_535.png,145.25511169433594,high
BJ_Baidu_536.png,122.96018981933594,medium
BJ_Baidu_559.png,132.12484741210938,high
BJ_Baidu_571.png,86.04763793945312,low
BJ_Baidu_575.png,134.34742736816406,high
BJ_Baidu_576.png,134.318115234375,high
BJ_Baidu_589.png,151.4470672607422,high
BJ_Baidu_590.png,105.27510833740234,medium
BJ_Baidu_597.png,114.30146789550781,medium
BJ_Baidu_613.png,134.5721435546875,high
BJ_Baidu_633.png,68.54630279541016,low
BJ_Baidu_653.png,95.84061431884766,low
BJ_Baidu_657.png,53.03060531616211,low
BJ_Baidu_672.png,115.48262023925781,medium
BJ_Baidu_683.png,153.1516571044922,high
BJ_Baidu_684.png,80.08027648925781,low
BJ_Baidu_698.png,124.480712890625,medium
BJ_Baidu_704.png,125.50022888183594,medium
BJ_Baidu_719.png,124.40672302246094,medium
BJ_Baidu_720.png,105.69921112060547,medium
BJ_Baidu_748.png,51.774513244628906,low
BJ_Baidu_754.png,101.72197723388672,low
BJ_Baidu_773.png,104.38665771484375,medium
BJ_Baidu_78.png,143.79396057128906,high
BJ_Baidu_800.png,135.85606384277344,high
BJ_Baidu_831.png,102.70211029052734,low
BJ_Baidu_832.png,105.05422973632812,medium
BJ_Baidu_842.png,138.1315155029297,high
BJ_Baidu_873.png,103.16383361816406,medium
BJ_Baidu_891.png,94.01753997802734,low
BJ_Baidu_903.png,114.14226531982422,medium
BJ_Baidu_904.png,125.38583374023438,medium
BJ_Baidu_909.png,90.6878662109375,low
BJ_Baidu_917.png,54.37012481689453,low
BJ_Baidu_960.png,106.77958679199219,medium
BJ_Baidu_966.png,16.699501037597656,low
BJ_Baidu_972.png,100.99958801269531,low
BJ_Baidu_996.png,28.819229125976562,low
BJ_Bing_014.png,110.55205535888672,medium
BJ_Bing_031.png,116.73009490966797,medium
BJ_Bing_059.png,97.88407897949219,low
BJ_Bing_060.png,93.30432891845703,low
BJ_Bing_064.png,125.64989471435547,medium
BJ_Bing_066.png,127.1715087890625,medium
BJ_Bing_076.png,81.39689636230469,low
BJ_Bing_082.png,83.81422424316406,low
BJ_Bing_085.png,140.5297088623047,high
BJ_Bing_087.png,104.54124450683594,medium
BJ_Bing_102.png,77.38997650146484,low
BJ_Bing_104.png,119.61347961425781,medium
BJ_Bing_105.png,129.4041290283203,high
BJ_Bing_116.png,113.87903594970703,medium
BJ_Bing_124.png,100.40179443359375,low
BJ_Bing_131.png,73.24500274658203,low
BJ_Bing_134.png,160.84202575683594,high
BJ_Bing_137.png,76.35855102539062,low
BJ_Bing_145.png,95.99916076660156,low
BJ_Bing_150.png,97.0611572265625,low
BJ_Bing_157.png,123.58209991455078,medium
BJ_Bing_164.png,137.06088256835938,high
BJ_Bing_174.png,91.1026382446289,low
BJ_Bing_185.png,89.140380859375,low
BJ_Bing_190.png,91.10749053955078,low
BJ_Bing_192.png,117.33834838867188,medium
BJ_Bing_195.png,114.81263732910156,medium
BJ_Bing_206.png,128.56690979003906,high
BJ_Bing_213.png,63.04443359375,low
BJ_Bing_214.png,133.03890991210938,high
BJ_Bing_217.png,64.96746063232422,low
BJ_Bing_224.png,121.13327026367188,medium
BJ_Bing_236.png,115.95796966552734,medium
BJ_Bing_261.png,78.30596923828125,low
BJ_Bing_266.png,106.45784759521484,medium
BJ_Bing_271.png,144.306396484375,high
BJ_Bing_272.png,125.8684310913086,medium
BJ_Bing_284.png,144.9840545654297,high
BJ_Bing_319.png,114.15937805175781,medium
BJ_Bing_337.png,80.0013427734375,low
BJ_Bing_344.png,150.89202880859375,high
BJ_Bing_381.png,107.14326477050781,medium
BJ_Bing_385.png,113.2994155883789,medium
BJ_Bing_392.png,135.28782653808594,high
BJ_Bing_406.png,72.53861236572266,low
BJ_Bing_418.png,44.66597366333008,low
BJ_Bing_419.png,135.55654907226562,high
BJ_Bing_427.png,99.76614379882812,low
BJ_Bing_429.png,116.33869934082031,medium
BJ_Bing_433.png,91.77789306640625,low
BJ_Bing_446.png,78.50936889648438,low
BJ_Bing_455.png,178.7139129638672,high
BJ_Bing_461.png,58.66775131225586,low
BJ_Bing_471.png,79.08734893798828,low
BJ_Bing_485.png,132.51976013183594,high
BJ_Bing_494.png,128.80882263183594,high
BJ_Bing_499.png,118.1383056640625,medium
BJ_Bing_504.png,122.09364318847656,medium
BJ_Bing_507.png,37.65425491333008,low
BJ_Bing_523.png,93.00030517578125,low
BJ_Bing_529.png,150.60845947265625,high
BJ_Bing_544.png,187.35829162597656,high
BJ_Bing_575.png,143.256591796875,high
BJ_Bing_576.png,126.33283996582031,medium
BJ_Bing_607.png,150.3645782470703,high
BJ_Bing_613.png,65.90843963623047,low
BJ_Bing_617.png,127.62871551513672,medium
BJ_Bing_630.png,146.17355346679688,high
BJ_Bing_651.png,69.45095825195312,low
BJ_Bing_660.png,163.1580352783203,high
BJ_Bing_669.png,97.88365173339844,low
BJ_Bing_672.png,173.36212158203125,high
BJ_Bing_682.png,135.43663024902344,high
BJ_Bing_696.png,80.13878631591797,low
BJ_Bing_698.png,48.49563980102539,low
BJ_Bing_699.png,44.7246208190918,low
BJ_Bing_701.png,79.26741027832031,low
BJ_Bing_706.png,106.8218994140625,medium
BJ_Bing_718.png,145.93310546875,high
BJ_Bing_719.png,133.3185272216797,high
BJ_Bing_727.png,127.9600830078125,medium
BJ_Bing_738.png,76.0196533203125,low
BJ_Bing_759.png,163.86474609375,high
BJ_Bing_760.png,47.58027648925781,low
BJ_Google_002.png,138.6206512451172,high
BJ_Google_014.png,139.7864532470703,high
BJ_Google_022.png,123.22806549072266,medium
BJ_Google_024.png,146.30152893066406,high
BJ_Google_038.png,75.60257720947266,low
BJ_Google_053.png,100.68555450439453,low
BJ_Google_087.png,132.4149627685547,high
BJ_Google_088.png,158.69935607910156,high
BJ_Google_093.png,127.2283935546875,medium
BJ_Google_098.png,104.6707763671875,medium
BJ_Google_116.png,153.2821044921875,high
BJ_Google_132.png,117.46449279785156,medium
BJ_Google_144.png,151.6345672607422,high
BJ_Google_15.png,146.06927490234375,high
BJ_Google_162.png,133.40013122558594,high
BJ_Google_165.png,139.99819946289062,high
BJ_Google_166.png,47.76240921020508,low
BJ_Google_172.png,102.16015625,low
BJ_Google_178.png,117.89820861816406,medium
BJ_Google_19.png,74.34539031982422,low
BJ_Google_203.png,98.57646179199219,low
BJ_Google_211.png,102.62957763671875,low
BJ_Google_216.png,107.1769027709961,medium
BJ_Google_22.png,116.29090118408203,medium
BJ_Google_222.png,148.19996643066406,high
BJ_Google_24.png,135.89593505859375,high
BJ_Google_254.png,157.3292236328125,high
BJ_Google_261.png,79.567138671875,low
BJ_Google_269.png,157.9336395263672,high
BJ_Google_274.png,121.9144058227539,medium
BJ_Google_282.png,146.88302612304688,high
BJ_Google_287.png,145.66143798828125,high
BJ_Google_288.png,164.17559814453125,high
BJ_Google_293.png,141.5272216796875,high
BJ_Google_296.png,147.294189453125,high
BJ_Google_303.png,108.73664855957031,medium
BJ_Google_309.png,97.63970947265625,low
BJ_Google_310.png,107.28093719482422,medium
BJ_Google_326.png,136.01669311523438,high
BJ_Google_33.png,120.54740905761719,medium
BJ_Google_331.png,163.2102508544922,high
BJ_Google_334.png,79.78661346435547,low
BJ_Google_342.png,160.22152709960938,high
BJ_Google_347.png,130.60804748535156,high
BJ_Google_357.png,162.92477416992188,high
BJ_Google_359.png,131.22894287109375,high
BJ_Google_374.png,127.54525756835938,medium
BJ_Google_389.png,162.55731201171875,high
BJ_Google_400.png,127.36669158935547,medium
BJ_Google_401.png,122.55293273925781,medium
BJ_Google_408.png,173.80047607421875,high
BJ_Google_409.png,195.0860137939453,high
BJ_Google_412.png,167.49061584472656,high
BJ_Google_418.png,124.0947265625,medium
BJ_Google_429.png,82.19561767578125,low
BJ_Google_436.png,146.96971130371094,high
BJ_Google_44.png,172.6927947998047,high
BJ_Google_446.png,99.26752471923828,low
BJ_Google_447.png,112.30332946777344,medium
BJ_Google_454.png,47.76026916503906,low
BJ_Google_455.png,143.00131225585938,high
BJ_Google_457.png,103.62297058105469,medium
BJ_Google_460.png,138.09934997558594,high
BJ_Google_471.png,147.49017333984375,high
BJ_Google_472.png,115.56076049804688,medium
BJ_Google_478.png,138.52696228027344,high
BJ_Google_49.png,145.98741149902344,high
BJ_Google_500.png,112.34435272216797,medium
BJ_Google_508.png,84.74549102783203,low
BJ_Google_515.png,159.56288146972656,high
BJ_Google_522.png,88.70769500732422,low
BJ_Google_525.png,118.25298309326172,medium
BJ_Google_535.png,76.9957504272461,low
BJ_Google_551.png,97.99334716796875,low
BJ_Google_560.png,125.21710968017578,medium
BJ_Google_567.png,72.40644073486328,low
BJ_Google_571.png,114.73623657226562,medium
BJ_Google_576.png,113.9854507446289,medium
BJ_Google_579.png,148.87237548828125,high
BJ_Google_593.png,128.46435546875,high
BJ_Google_595.png,111.66110229492188,medium
BJ_Google_603.png,162.76417541503906,high
BJ_Google_605.png,131.98292541503906,high
BJ_Google_608.png,114.78775787353516,medium
BJ_Google_613.png,56.652435302734375,low
BJ_Google_620.png,165.3379669189453,high
BJ_Google_631.png,124.43326568603516,medium
BJ_Google_635.png,132.51637268066406,high
BJ_Google_637.png,120.09304809570312,medium
BL_Baidu_068.png,88.64344024658203,low
BL_Baidu_069.png,180.9355926513672,high
BL_Baidu_070.png,119.34268951416016,medium
BL_Baidu_074.png,132.82473754882812,high
BL_Baidu_084.png,171.29159545898438,high
BL_Baidu_087.png,128.63360595703125,high
BL_Baidu_102.png,74.47319030761719,low
BL_Baidu_103.png,71.52789306640625,low
BL_Baidu_129.png,61.24631118774414,low
BL_Baidu_134.png,72.41768646240234,low
BL_Baidu_176.png,90.03895568847656,low
BL_Baidu_213.png,99.96299743652344,low
BL_Bing_020.png,128.24485778808594,high
BL_Bing_075.png,101.92552947998047,low
BL_Bing_092.png,79.66017150878906,low
BL_Bing_122.png,87.07295989990234,low
BL_Bing_126.png,67.40392303466797,low
BL_Bing_128.png,117.3614501953125,medium
BL_Bing_134.png,133.15074157714844,high
BL_Bing_186.png,67.38548278808594,low
BL_Bing_193.png,110.6971664428711,medium
BL_Bing_273.png,124.83546447753906,medium
BL_Bing_314.png,122.19559478759766,medium
BL_Bing_350.png,123.1258316040039,medium
BL_Bing_430.png,79.90298461914062,low
BL_Bing_446.png,90.8892822265625,low
BL_Bing_591.png,74.5594711303711,low
BL_Bing_627.png,168.05284118652344,high
BL_Bing_743.png,119.64851379394531,medium
BL_Google_047.png,74.04598236083984,low
BL_Google_065.png,57.630340576171875,low
BL_Google_121.png,93.67643737792969,low
BL_Google_127.png,90.57674407958984,low
BL_Google_147.png,131.67234802246094,high
BL_Google_173.png,119.31023406982422,medium
BL_Google_178.png,133.9906005859375,high
BL_Google_199.png,70.40765380859375,low
BL_Google_256.png,145.26412963867188,high
BL_Google_339.png,131.7263641357422,high
BL_Google_433.png,129.5259552001953,high
BL_Google_440.png,79.96372985839844,low
BL_Google_463.png,135.5357208251953,high
BL_Google_528.png,155.27342224121094,high
CC_Baidu_01.png,103.28694152832031,medium
CC_Baidu_011.png,126.10108184814453,medium
CC_Baidu_016.png,107.58673858642578,medium
CC_Baidu_017.png,151.5579376220703,high
CC_Baidu_028.png,99.76508331298828,low
CC_Baidu_039.png,131.8082733154297,high
CC_Baidu_040.png,109.2275619506836,medium
CC_Baidu_042.png,174.30064392089844,high
CC_Baidu_047.png,84.87461853027344,low
CC_Baidu_055.png,152.80909729003906,high
CC_Baidu_066.png,132.64781188964844,high
CC_Baidu_075.png,135.22579956054688,high
CC_Baidu_081.png,122.49310302734375,medium
CC_Baidu_083.png,163.3658447265625,high
CC_Baidu_086.png,109.27381134033203,medium
CC_Baidu_091.png,125.05270385742188,medium
CC_Baidu_095.png,101.5689926147461,low
CC_Baidu_102.png,190.0476531982422,high
CC_Baidu_108.png,135.63250732421875,high
CC_Baidu_11.png,115.76018524169922,medium
CC_Baidu_117.png,95.29381561279297,low
CC_Baidu_12.png,88.89116668701172,low
CC_Baidu_132.png,137.99276733398438,high
CC_Baidu_137.png,149.42530822753906,high
CC_Baidu_141.png,149.66329956054688,high
CC_Baidu_142.png,114.31587982177734,medium
CC_Baidu_146.png,97.26234436035156,low
CC_Baidu_147.png,200.79867553710938,high
CC_Baidu_148.png,49.14897537231445,low
CC_Baidu_150.png,106.06592559814453,medium
CC_Baidu_151.png,51.06929016113281,low
CC_Baidu_153.png,135.0948944091797,high
CC_Baidu_168.png,137.56295776367188,high
CC_Baidu_169.png,156.96798706054688,high
CC_Baidu_17.png,98.9123306274414,low
CC_Baidu_174.png,133.9888458251953,high
CC_Baidu_176.png,108.95509338378906,medium
CC_Baidu_179.png,92.91407775878906,low
CC_Baidu_189.png,125.93098449707031,medium
CC_Baidu_19.png,156.46263122558594,high
CC_Baidu_221.png,167.7853546142578,high
CC_Baidu_226.png,135.66624450683594,high
CC_Baidu_228.png,127.39128875732422,medium
CC_Baidu_229.png,123.58114624023438,medium
CC_Baidu_230.png,140.32879638671875,high
CC_Baidu_233.png,141.37191772460938,high
CC_Baidu_236.png,92.97443389892578,low
CC_Baidu_237.png,113.4911880493164,medium
CC_Baidu_244.png,138.82568359375,high
CC_Baidu_254.png,130.94337463378906,high
CC_Baidu_256.png,89.17668914794922,low
CC_Baidu_286.png,126.78923797607422,medium
CC_Baidu_295.png,131.41204833984375,high
CC_Baidu_296.png,111.66387176513672,medium
CC_Bing_001.png,146.65794372558594,high
CC_Bing_003.png,135.11032104492188,high
CC_Bing_004.png,122.92180633544922,medium
CC_Bing_020.png,91.80168914794922,low
CC_Bing_022.png,124.9326400756836,medium
CC_Bing_027.png,149.69387817382812,high
CC_Bing_046.png,190.71287536621094,high
CC_Bing_052.png,130.1440887451172,high
CC_Bing_062.png,98.68865966796875,low
CC_Bing_070.png,104.62773132324219,medium
CC_Bing_081.png,144.32940673828125,high
CC_Bing_11.png,107.15506744384766,medium
CC_Bing_112.png,10.834033012390137,low
CC_Bing_125.png,128.7632293701172,high
CC_Bing_134.png,159.2516632080078,high
CC_Bing_195.png,135.6970672607422,high
CC_Bing_204.png,104.61734008789062,medium
CC_Bing_218.png,183.28968811035156,high
CC_Bing_223.png,151.03662109375,high
CC_Bing_242.png,125.79801177978516,medium
CC_Bing_26.png,78.8678970336914,low
CC_Bing_275.png,119.70255279541016,medium
CC_Bing_283.png,159.2242431640625,high
CC_Bing_290.png,111.88373565673828,medium
CC_Bing_309.png,151.98745727539062,high
CC_Bing_327.png,76.9375228881836,low
CC_Bing_336.png,117.61750793457031,medium
CC_Bing_356.png,119.61312866210938,medium
CC_Bing_357.png,77.8993148803711,low
CC_Bing_371.png,148.64666748046875,high
CC_Bing_375.png,123.61579895019531,medium
CC_Bing_384.png,123.3570556640625,medium
CC_Bing_390.png,153.9771270751953,high
CC_Bing_409.png,120.86331939697266,medium
CC_Bing_434.png,148.59909057617188,high
CC_Bing_436.png,152.97532653808594,high
CC_Bing_441.png,177.75970458984375,high
CC_Bing_452.png,135.8116455078125,high
CC_Bing_486.png,127.1984634399414,medium
CC_Bing_510.png,148.53128051757812,high
CC_Bing_512.png,121.52733612060547,medium
CC_Bing_523.png,116.76805877685547,medium
CC_Bing_524.png,150.04690551757812,high
CC_Bing_547.png,112.88761138916016,medium
CC_Bing_548.png,129.11273193359375,high
CC_Bing_572.png,161.30203247070312,high
CC_Bing_573.png,152.77841186523438,high
CC_Bing_587.png,104.81621551513672,medium
CC_Bing_633.png,120.73613739013672,medium
CC_Bing_637.png,164.0050811767578,high
CC_Bing_653.png,144.84442138671875,high
CC_Bing_666.png,126.2959976196289,medium
CC_Bing_668.png,113.75098419189453,medium
CC_Bing_683.png,94.6382064819336,low
CC_Bing_689.png,110.63928985595703,medium
CC_Bing_694.png,106.20265197753906,medium
CC_Bing_725.png,148.62930297851562,high
CC_Bing_731.png,150.71148681640625,high
CC_Bing_750.png,106.48136138916016,medium
CC_Bing_758.png,124.98908233642578,medium
CC_Bing_836.png,152.3776397705078,high
CC_Bing_837.png,119.5361099243164,medium
CC_Bing_875.png,120.33818054199219,medium
CC_Google_007.png,202.9508514404297,high
CC_Google_015.png,198.966064453125,high
CC_Google_033.png,126.27339172363281,medium
CC_Google_038.png,112.56124114990234,medium
CC_Google_04.png,112.4620590209961,medium
CC_Google_041.png,156.04617309570312,high
CC_Google_058.png,171.1310577392578,high
CC_Google_07.png,139.19155883789062,high
CC_Google_074.png,82.06501770019531,low
CC_Google_089.png,91.50572967529297,low
CD_Baidu_012.png,130.6273193359375,high
CD_Baidu_013.png,117.51519775390625,medium
CD_Baidu_019.png,80.5996322631836,low
CD_Baidu_025.png,119.90218353271484,medium
CD_Baidu_058.png,71.79380798339844,low
CD_Baidu_077.png,178.99020385742188,high
CD_Baidu_083.png,140.6292724609375,high
CD_Baidu_095.png,63.40491485595703,low
CD_Baidu_127.png,133.19908142089844,high
CD_Baidu_137.png,80.61785888671875,low
CD_Baidu_160.png,137.50717163085938,high
CD_Baidu_169.png,147.00009155273438,high
CD_Baidu_180.png,67.1423110961914,low
CD_Baidu_183.png,49.0599250793457,low
CD_Baidu_194.png,165.5996551513672,high
CD_Baidu_195.png,74.91305541992188,low
CD_Baidu_201.png,111.28581237792969,medium
CD_Baidu_214.png,143.69212341308594,high
CD_Baidu_221.png,138.30770874023438,high
CD_Baidu_225.png,152.2058868408203,high
CD_Baidu_249.png,120.40605163574219,medium
CD_Baidu_255.png,161.3790740966797,high
CD_Baidu_269.png,157.02615356445312,high
CD_Baidu_308.png,175.5558319091797,high
CD_Baidu_342.png,115.10816955566406,medium
CD_Baidu_352.png,114.03913879394531,medium
CD_Baidu_354.png,83.04350280761719,low
CD_Baidu_422.png,121.21591186523438,medium
CD_Baidu_424.png,105.46810150146484,medium
CD_Baidu_427.png,192.93946838378906,high
CD_Baidu_434.png,137.31768798828125,high
CD_Baidu_450.png,150.16204833984375,high
CD_Baidu_453.png,101.5045166015625,low
CD_Baidu_47.png,97.21623229980469,low
CD_Baidu_479.png,130.95919799804688,high
CD_Baidu_489.png,116.40032196044922,medium
CD_Baidu_523.png,135.5721435546875,high
CD_Bing_064.png,120.92767333984375,medium
CD_Bing_139.png,49.61642837524414,low
CD_Bing_144.png,90.05915069580078,low
CD_Bing_176.png,82.87076568603516,low
CD_Bing_177.png,57.464744567871094,low
CD_Bing_214.png,62.79293441772461,low
CD_Bing_221.png,37.55604553222656,low
CD_Bing_256.png,131.30963134765625,high
CD_Bing_262.png,106.13615417480469,medium
CD_Bing_270.png,173.28208923339844,high
CD_Bing_292.png,61.20486068725586,low
CD_Bing_30.png,135.0719757080078,high
CD_Bing_310.png,158.12730407714844,high
CD_Bing_338.png,117.19046020507812,medium
CD_Bing_390.png,127.01995086669922,medium
CD_Bing_402.png,99.8888931274414,low
CD_Bing_416.png,108.95673370361328,medium
CD_Bing_436.png,56.89162826538086,low
CD_Bing_452.png,108.42057800292969,medium
CD_Bing_501.png,56.68978500366211,low
CD_Bing_533.png,126.79955291748047,medium
CD_Bing_581.png,108.53099822998047,medium
CD_Bing_662.png,48.31544494628906,low
CD_Bing_737.png,126.79745483398438,medium
CD_Bing_790.png,70.25769805908203,low
CD_Bing_812.png,137.5115966796875,high
CD_Google_04.png,105.80157470703125,medium
CD_Google_065.png,109.28997802734375,medium
CD_Google_078.png,92.42241668701172,low
CD_Google_135.png,167.63980102539062,high
CD_Google_158.png,168.21188354492188,high
CD_Google_162.png,150.80686950683594,high
CD_Google_180.png,114.72315979003906,medium
CD_Google_185.png,102.23242950439453,low
CD_Google_199.png,82.36650085449219,low
CD_Google_207.png,98.4989242553711,low
CD_Google_239.png,130.82615661621094,high
CD_Google_341.png,183.69493103027344,high
CD_Google_367.png,126.27383422851562,medium
CD_Google_372.png,60.504920959472656,low
CD_Google_518.png,121.2440414428711,medium
CD_Google_571.png,165.26268005371094,high
CD_Google_609.png,145.54913330078125,high
CD_Google_63.png,108.45230102539062,medium
CD_Google_630.png,112.8160400390625,medium
CD_Google_631.png,64.6252670288086,low
CD_Google_643.png,162.64483642578125,high
CQ_Baidu_062.png,137.49343872070312,high
CQ_Baidu_147.png,118.83000946044922,medium
CQ_Baidu_190.png,132.07498168945312,high
CQ_Baidu_199.png,122.7335433959961,medium
CQ_Baidu_273.png,69.68043518066406,low
CQ_Baidu_286.png,155.54930114746094,high
CQ_Baidu_291.png,116.21711730957031,medium
CQ_Baidu_316.png,75.89324188232422,low
CQ_Baidu_327.png,38.73492431640625,low
CQ_Baidu_345.png,106.97742462158203,medium
CQ_Baidu_373.png,161.99209594726562,high
CQ_Bing_162.png,88.20824432373047,low
CQ_Bing_190.png,112.849609375,medium
CQ_Bing_221.png,101.02364349365234,low
CQ_Bing_318.png,86.39555358886719,low
CQ_Bing_342.png,178.80087280273438,high
CQ_Google_019.png,165.21450805664062,high
CQ_Google_029.png,179.7683868408203,high
CQ_Google_035.png,149.72523498535156,high
CQ_Google_290.png,143.30862426757812,high
CQ_Google_35.png,128.8511505126953,high
CQ_Google_370.png,160.82342529296875,high
CQ_Google_380.png,85.55577087402344,low
CQ_Google_406.png,72.79292297363281,low
CQ_Google_446.png,146.2206268310547,high
CQ_Google_52.png,182.39952087402344,high
CQ_Google_521.png,114.61238861083984,medium
CQ_Google_529.png,140.3973846435547,high
CQ_Google_547.png,189.4557647705078,high
CQ_Google_55.png,149.21209716796875,high
CQ_Google_615.png,140.2330780029297,high
CQ_Google_745.png,132.1154327392578,high
CQ_Google_763.png,88.51460266113281,low
DJ_Baidu_023.png,100.14169311523438,low
DJ_Baidu_040.png,77.95926666259766,low
DJ_Baidu_055.png,191.15371704101562,high
DJ_Baidu_065.png,95.72124481201172,low
DJ_Baidu_104.png,104.77523803710938,medium
DJ_Baidu_179.png,84.34225463867188,low
DJ_Baidu_189.png,114.55732727050781,medium
DJ_Baidu_206.png,99.3021240234375,low
DJ_Baidu_240.png,178.03773498535156,high
DJ_Bing_007.png,145.87481689453125,high
DJ_Bing_021.png,88.0426025390625,low
DJ_Bing_121.png,66.45440673828125,low
DJ_Bing_127.png,68.56373596191406,low
DJ_Bing_148.png,117.89415740966797,medium
DJ_Bing_20.png,38.194114685058594,low
DJ_Bing_259.png,80.9041976928711,low
DJ_Bing_271.png,91.29418182373047,low
DJ_Bing_283.png,126.78041076660156,medium
DJ_Bing_313.png,120.47899627685547,medium
DJ_Bing_321.png,32.42270278930664,low
DJ_Bing_372.png,92.66742706298828,low
DJ_Bing_555.png,61.63692092895508,low
DJ_Bing_694.png,96.30728912353516,low
DJ_Google_026.png,93.35942840576172,low
DJ_Google_154.png,133.50686645507812,high
DJ_Google_157.png,121.62165069580078,medium
DJ_Google_199.png,133.28656005859375,high
DJ_Google_234.png,138.10240173339844,high
DJ_Google_388.png,110.06795501708984,medium
DJ_Google_398.png,65.0139389038086,low
DJ_Google_406.png,123.27368927001953,medium
DJ_Google_425.png,180.15110778808594,high
DJ_Google_535.png,142.642333984375,high
DJ_Google_674.png,152.1779022216797,high
FogDr_Bing_002.png,101.55642700195312,low
FogDr_Bing_003.png,133.40023803710938,high
FogDr_Bing_008.png,84.13404083251953,low
FogDr_Bing_019.png,68.5575180053711,low
FogDr_Bing_106.png,68.01519012451172,low
FogDr_Bing_125.png,131.20828247070312,high
FogDr_Bing_206.png,142.5398406982422,high
FogDr_Bing_217.png,68.05018615722656,low
FogDr_Bing_223.png,123.57916259765625,medium
FogDr_Bing_237.png,74.69764709472656,low
FogDr_Bing_256.png,105.88034057617188,medium
FogDr_Bing_304.png,191.43460083007812,high
FogDr_Bing_358.png,143.3651580810547,high
FogDr_Bing_367.png,73.63665008544922,low
FogDr_Bing_370.png,120.12110900878906,medium
FogDr_Bing_394.png,184.57937622070312,high
FogDr_Bing_405.png,121.35037231445312,medium
FogDr_Bing_410.png,120.27467346191406,medium
FogDr_Bing_422.png,100.26619720458984,low
FogDr_Bing_443.png,49.07366180419922,low
FogDr_Bing_454.png,83.6355972290039,low
FogDr_Bing_510.png,103.07218170166016,medium
FogDr_Bing_535.png,120.00377655029297,medium
FogDr_Bing_557.png,108.98843383789062,medium
FogDr_Bing_559.png,117.17060852050781,medium
FogDr_Bing_567.png,118.68074798583984,medium
FogDr_Bing_569.png,83.90048217773438,low
FogDr_Bing_635.png,113.3678970336914,medium
FogDr_Bing_648.png,140.55792236328125,high
FogDr_Bing_697.png,115.26899719238281,medium
FogDr_Google_003.png,46.69057846069336,low
FogDr_Google_004.png,140.5109405517578,high
FogDr_Google_013.png,113.38775634765625,medium
FogDr_Google_014.png,106.88184356689453,medium
FogDr_Google_018.png,98.4576644897461,low
FogDr_Google_024.png,163.28953552246094,high
FogDr_Google_025.png,84.98841094970703,low
FogDr_Google_026.png,199.31614685058594,high
FogDr_Google_031.png,121.82166290283203,medium
FogDr_Google_035.png,94.65287017822266,low
FogDr_Google_036.png,67.88187408447266,low
FogDr_Google_040.png,74.33506774902344,low
FogDr_Google_045.png,117.75337982177734,medium
FogDr_Google_050.png,110.23973846435547,medium
FogDr_Google_054.png,139.85501098632812,high
FogDr_Google_058.png,80.70448303222656,low
FogDr_Google_062.png,90.13060760498047,low
FogDr_Google_063.png,143.96157836914062,high
FogDr_Google_066.png,99.83822631835938,low
FogDr_Google_072.png,77.14684295654297,low
FogDr_Google_073.png,36.19161605834961,low
FogDr_Google_074.png,58.903316497802734,low
FogDr_Google_076.png,56.975582122802734,low
FogDr_Google_077.png,59.60038757324219,low
FogDr_Google_080.png,83.5051498413086,low
FogDr_Google_081.png,158.19300842285156,high
FogDr_Google_085.png,143.7150115966797,high
FogDr_Google_089.png,77.52072143554688,low
FogDr_Google_096.png,166.98074340820312,high
FogDr_Google_105.png,121.79814910888672,medium
FogDr_Google_116.png,146.3582763671875,high
FogDr_Google_117.png,139.2917938232422,high
FogDr_Google_118.png,98.89913940429688,low
FogDr_Google_123.png,127.75940704345703,medium
FogDr_Google_128.png,78.61524200439453,low
FogDr_Google_129.png,148.2596893310547,high
FogDr_Google_133.png,123.94743347167969,medium
FogDr_Google_137.png,93.43280792236328,low
FogDr_Google_139.png,162.00621032714844,high
FogDr_Google_140.png,38.725765228271484,low
FogDr_Google_141.png,117.49759674072266,medium
FogDr_Google_145.png,106.84370422363281,medium
FogDr_Google_150.png,128.43504333496094,high
FogDr_Google_157.png,119.3837661743164,medium
FogDr_Google_160.png,122.7242431640625,medium
FogDr_Google_167.png,124.96788024902344,medium
FogDr_Google_170.png,85.48619079589844,low
FogDr_Google_172.png,81.12684631347656,low
FogDr_Google_175.png,109.78050231933594,medium
FogDr_Google_187.png,79.41162872314453,low
FogDr_Google_189.png,107.99406433105469,medium
FogDr_Google_196.png,114.12216186523438,medium
FogDr_Google_214.png,83.14447784423828,low
FogDr_Google_215.png,155.96536254882812,high
FogDr_Google_222.png,209.19070434570312,high
FogDr_Google_223.png,110.82305145263672,medium
FogDr_Google_238.png,75.51703643798828,low
FogDr_Google_24.png,122.00060272216797,medium
FogDr_Google_246.png,91.65884399414062,low
FogDr_Google_255.png,98.2984619140625,low
FogDr_Google_257.png,106.69619750976562,medium
FogDr_Google_259.png,123.18621826171875,medium
FogDr_Google_261.png,103.48854064941406,medium
FogDr_Google_279.png,39.20382308959961,low
FogDr_Google_293.png,112.83045959472656,medium
FogDr_Google_294.png,87.61113739013672,low
FogDr_Google_306.png,142.79127502441406,high
FogDr_Google_308.png,142.45565795898438,high
FogDr_Google_311.png,128.47181701660156,high
FogDr_Google_337.png,128.5599365234375,high
FogDr_Google_348.png,108.46234130859375,medium
FogDr_Google_358.png,92.44453430175781,low
FogDr_Google_362.png,151.4779510498047,high
FogDr_Google_365.png,14.506003379821777,low
FogDr_Google_367.png,128.05169677734375,high
FogDr_Google_370.png,129.90269470214844,high
FogDr_Google_375.png,159.67567443847656,high
FogDr_Google_387.png,90.20735168457031,low
FogDr_Google_392.png,160.9185333251953,high
FogDr_Google_402.png,81.46538543701172,low
FogDr_Google_405.png,89.35213470458984,low
FogDr_Google_410.png,129.5313262939453,high
FogDr_Google_415.png,127.14006805419922,medium
FogDr_Google_426.png,83.58878326416016,low
FogDr_Google_429.png,84.07947540283203,low
FogDr_Google_430.png,120.90386199951172,medium
FogDr_Google_431.png,172.01756286621094,high
FogDr_Google_467.png,109.07286071777344,medium
FogDr_Google_470.png,187.85105895996094,high
FogDr_Google_501.png,75.42512512207031,low
FogDr_Google_509.png,120.06621551513672,medium
FogDr_Google_515.png,59.06194305419922,low
FogDr_Google_519.png,52.229774475097656,low
FogDr_Google_520.png,86.02208709716797,low
FogDr_Google_538.png,215.7649688720703,high
FogDr_Google_564.png,102.54011535644531,low
FogDr_Google_569.png,192.5533447265625,high
FogDr_Google_589.png,114.16331481933594,medium
FogDr_Google_590.png,98.52472686767578,low
FogDr_Google_597.png,94.92619323730469,low
FogDr_Google_599.png,95.01557159423828,low
FogDr_Google_638.png,93.25779724121094,low
FogDr_Google_651.png,152.05235290527344,high
FogDr_Google_658.png,96.70640563964844,low
FogDr_Google_669.png,98.58051300048828,low
FogDr_Google_674.png,119.72661590576172,medium
FogDr_Google_678.png,108.33415222167969,medium
FogDr_Google_694.png,50.87115478515625,low
FogDr_Google_700.png,128.61000061035156,high
FogDr_Google_703.png,174.1517791748047,high
FogDr_Google_706.png,100.99813079833984,low
FogDr_Google_709.png,78.40418243408203,low
FogDr_Google_713.png,59.41577911376953,low
FogDr_Google_720.png,76.0694808959961,low
FogDr_Google_721.png,109.52098083496094,medium
FogDr_Google_724.png,66.12045288085938,low
FogDr_Google_744.png,59.018856048583984,low
FogDr_Google_747.png,136.1742401123047,high
FogDr_Google_756.png,128.02175903320312,medium
FogDr_Google_757.png,93.49929809570312,low
FogDr_Google_765.png,126.85652923583984,medium
FogDr_Google_783.png,92.70989227294922,low
FogDr_Google_785.png,142.83706665039062,high
FogDr_Google_788.png,90.49189758300781,low
FogDr_Google_791.png,120.07707214355469,medium
FogDr_Google_792.png,136.97860717773438,high
FogDr_Google_794.png,93.56600952148438,low
FogDr_Google_798.png,79.3452377319336,low
FogDr_Google_799.png,112.57138061523438,medium
FogDr_Google_811.png,53.20431137084961,low
GRCN_Google_098.png,119.3238296508789,medium
GRCN_Google_108.png,131.4534912109375,high
GRCN_Google_152.png,135.13760375976562,high
GRCN_Google_207.png,105.559814453125,medium
GRCN_Google_297.png,121.24620819091797,medium
GRCN_Google_308.png,106.82199096679688,medium
GRCN_Google_330.png,131.1136474609375,high
GRCN_Google_340.png,115.87267303466797,medium
GRCN_Google_346.png,95.48824310302734,low
GRCN_Google_385.png,141.95596313476562,high
GRCN_Google_482.png,88.22289276123047,low
GRCN_Google_509.png,117.4809799194336,medium
GRCN_Google_517.png,151.04837036132812,high
GRCN_Google_538.png,94.67085266113281,low
GRCN_Google_601.png,116.76589965820312,medium
GRCN_Google_696.png,110.35270690917969,medium
GRCN_Google_698.png,153.8795623779297,high
GRCN_Google_713.png,55.3551139831543,low
GSGL_Baidu_003.png,146.3369903564453,high
GSGL_Baidu_005.png,131.32998657226562,high
GSGL_Baidu_006.png,140.44705200195312,high
GSGL_Baidu_012.png,97.80775451660156,low
GSGL_Baidu_016.png,167.5203857421875,high
GSGL_Baidu_019.png,169.4250946044922,high
GSGL_Baidu_020.png,98.32553100585938,low
GSGL_Baidu_028.png,98.86631774902344,low
GSGL_Baidu_029.png,132.7729034423828,high
GSGL_Baidu_032.png,153.76971435546875,high
GSGL_Baidu_035.png,155.09039306640625,high
GSGL_Baidu_036.png,143.47669982910156,high
GSGL_Baidu_037.png,126.53141021728516,medium
GSGL_Baidu_038.png,91.41687774658203,low
GSGL_Baidu_045.png,173.18594360351562,high
GSGL_Baidu_047.png,110.93331146240234,medium
GSGL_Baidu_048.png,107.89691162109375,medium
GSGL_Baidu_051.png,51.40658950805664,low
GSGL_Baidu_052.png,137.23533630371094,high
GSGL_Baidu_056.png,106.88731384277344,medium
GSGL_Baidu_058.png,66.36779022216797,low
GSGL_Baidu_060.png,98.67716217041016,low
GSGL_Baidu_065.png,127.47755432128906,medium
GSGL_Baidu_071.png,146.55059814453125,high
GSGL_Baidu_072.png,122.23822021484375,medium
GSGL_Baidu_075.png,79.03430938720703,low
GSGL_Baidu_076.png,102.5803451538086,low
GSGL_Baidu_078.png,71.09003448486328,low
GSGL_Baidu_079.png,135.1547088623047,high
GSGL_Baidu_085.png,89.4931411743164,low
GSGL_Baidu_09.png,88.96635437011719,low
GSGL_Baidu_093.png,120.4052734375,medium
GSGL_Baidu_094.png,120.78069305419922,medium
GSGL_Baidu_1002.png,111.83750915527344,medium
GSGL_Baidu_1011.png,118.82775115966797,medium
GSGL_Baidu_1016.png,63.513336181640625,low
GSGL_Baidu_1021.png,116.60517883300781,medium
GSGL_Baidu_1027.png,129.75465393066406,high
GSGL_Baidu_1028.png,126.5810775756836,medium
GSGL_Baidu_1029.png,160.67376708984375,high
GSGL_Baidu_1034.png,116.34052276611328,medium
GSGL_Baidu_1035.png,62.775001525878906,low
GSGL_Baidu_1038.png,151.83370971679688,high
GSGL_Baidu_104.png,99.49279022216797,low
GSGL_Baidu_1040.png,111.20467376708984,medium
GSGL_Baidu_1046.png,83.23482513427734,low
GSGL_Baidu_1053.png,146.37245178222656,high
GSGL_Baidu_1054.png,38.78269577026367,low
GSGL_Baidu_1059.png,177.1992950439453,high
GSGL_Baidu_1066.png,67.0882339477539,low
GSGL_Baidu_1072.png,102.77977752685547,medium
GSGL_Baidu_1074.png,153.57650756835938,high
GSGL_Baidu_1077.png,171.2500762939453,high
GSGL_Baidu_1084.png,99.66650390625,low
GSGL_Baidu_1086.png,131.7150421142578,high
GSGL_Baidu_1087.png,108.8070297241211,medium
GSGL_Baidu_1088.png,118.52828979492188,medium
GSGL_Baidu_1089.png,112.50188446044922,medium
GSGL_Baidu_1102.png,189.36752319335938,high
GSGL_Baidu_1104.png,144.33209228515625,high
GSGL_Baidu_1121.png,79.01446533203125,low
GSGL_Baidu_1122.png,129.02301025390625,high
GSGL_Baidu_113.png,167.4025115966797,high
GSGL_Baidu_1135.png,72.37939453125,low
GSGL_Baidu_1136.png,47.16945266723633,low
GSGL_Baidu_1138.png,119.1273193359375,medium
GSGL_Baidu_1139.png,87.65895080566406,low
GSGL_Baidu_1142.png,135.47671508789062,high
GSGL_Baidu_1145.png,88.1733627319336,low
GSGL_Baidu_1149.png,89.91873168945312,low
GSGL_Baidu_1155.png,112.59174346923828,medium
GSGL_Baidu_1156.png,104.99520111083984,medium
GSGL_Baidu_1158.png,94.6139144897461,low
GSGL_Baidu_1163.png,67.1464614868164,low
GSGL_Baidu_1167.png,92.72050476074219,low
GSGL_Baidu_1170.png,97.7598648071289,low
GSGL_Baidu_1171.png,113.12545013427734,medium
GSGL_Baidu_1176.png,153.04190063476562,high
GSGL_Baidu_1177.png,140.88421630859375,high
GSGL_Baidu_1190.png,119.6637191772461,medium
GSGL_Baidu_1191.png,140.69107055664062,high
GSGL_Baidu_1210.png,135.42626953125,high
GSGL_Baidu_1216.png,107.88948059082031,medium
GSGL_Baidu_1220.png,111.63727569580078,medium
GSGL_Baidu_1232.png,130.5996856689453,high
GSGL_Baidu_1241.png,85.72135925292969,low
GSGL_Baidu_1249.png,93.26438903808594,low
GSGL_Baidu_1251.png,101.25922393798828,low
GSGL_Baidu_1257.png,153.03466796875,high
GSGL_Baidu_1259.png,90.5196762084961,low
GSGL_Baidu_1263.png,75.58526611328125,low
GSGL_Baidu_1270.png,133.95040893554688,high
GSGL_Baidu_133.png,58.68361282348633,low
GSGL_Baidu_144.png,96.1413803100586,low
GSGL_Baidu_145.png,86.74222564697266,low
GSGL_Baidu_147.png,85.16596221923828,low
GSGL_Baidu_148.png,90.30525207519531,low
GSGL_Baidu_149.png,88.90013885498047,low
GSGL_Baidu_156.png,136.56007385253906,high
GSGL_Baidu_163.png,120.93221282958984,medium
GSGL_Baidu_173.png,169.43006896972656,high
GSGL_Baidu_175.png,132.8271942138672,high
GSGL_Baidu_179.png,126.21587371826172,medium
GSGL_Baidu_187.png,68.67693328857422,low
GSGL_Baidu_196.png,103.83766174316406,medium
GSGL_Baidu_198.png,116.80110168457031,medium
GSGL_Baidu_200.png,88.13162231445312,low
GSGL_Baidu_207.png,126.92452239990234,medium
GSGL_Baidu_211.png,128.71041870117188,high
GSGL_Baidu_217.png,130.9806671142578,high
GSGL_Baidu_220.png,130.28224182128906,high
GSGL_Baidu_226.png,136.1410369873047,high
GSGL_Baidu_229.png,99.99654388427734,low
GSGL_Baidu_23.png,99.83501434326172,low
GSGL_Baidu_249.png,121.78042602539062,medium
GSGL_Baidu_253.png,119.54766845703125,medium
GSGL_Baidu_261.png,35.39497375488281,low
GSGL_Baidu_266.png,108.02605438232422,medium
GSGL_Baidu_270.png,117.4168701171875,medium
GSGL_Baidu_273.png,171.309814453125,high
GSGL_Baidu_281.png,120.13060760498047,medium
GSGL_Baidu_282.png,143.1842803955078,high
GSGL_Baidu_288.png,84.22903442382812,low
GSGL_Baidu_296.png,113.5398941040039,medium
GSGL_Baidu_300.png,59.044010162353516,low
GSGL_Baidu_304.png,111.55949401855469,medium
GSGL_Baidu_308.png,101.04137420654297,low
GSGL_Baidu_329.png,134.50494384765625,high
GSGL_Baidu_330.png,100.6006088256836,low
GSGL_Baidu_335.png,138.41075134277344,high
GSGL_Baidu_35.png,106.64037322998047,medium
GSGL_Baidu_360.png,144.18417358398438,high
GSGL_Baidu_390.png,165.8681640625,high
GSGL_Baidu_394.png,148.5613555908203,high
GSGL_Baidu_399.png,116.35220336914062,medium
GSGL_Baidu_407.png,174.72169494628906,high
GSGL_Baidu_412.png,82.35189819335938,low
GSGL_Baidu_418.png,131.16201782226562,high
GSGL_Baidu_424.png,160.6691131591797,high
GSGL_Baidu_427.png,122.60384368896484,medium
GSGL_Baidu_448.png,141.28970336914062,high
GSGL_Baidu_456.png,119.5040283203125,medium
GSGL_Baidu_458.png,163.8781280517578,high
GSGL_Baidu_464.png,135.0261993408203,high
GSGL_Baidu_465.png,105.26187896728516,medium
GSGL_Baidu_474.png,139.08445739746094,high
GSGL_Baidu_476.png,78.2027816772461,low
GSGL_Baidu_478.png,63.27192306518555,low
GSGL_Baidu_479.png,134.63162231445312,high
GSGL_Baidu_484.png,75.66114807128906,low
GSGL_Baidu_489.png,82.04573059082031,low
GSGL_Baidu_490.png,102.8582763671875,medium
GSGL_Baidu_495.png,161.71243286132812,high
GSGL_Baidu_501.png,146.0238037109375,high
GSGL_Baidu_529.png,103.53377532958984,medium
GSGL_Baidu_537.png,126.25221252441406,medium
GSGL_Baidu_559.png,59.52638626098633,low
GSGL_Baidu_567.png,133.97288513183594,high
GSGL_Baidu_570.png,134.05792236328125,high
GSGL_Baidu_587.png,108.04965209960938,medium
GSGL_Baidu_596.png,182.7537384033203,high
GSGL_Baidu_602.png,171.1813507080078,high
GSGL_Baidu_604.png,137.24497985839844,high
GSGL_Baidu_607.png,121.46833038330078,medium
GSGL_Baidu_610.png,75.2325210571289,low
GSGL_Baidu_616.png,122.01380157470703,medium
GSGL_Baidu_619.png,73.9811019897461,low
GSGL_Baidu_622.png,116.55355834960938,medium
GSGL_Baidu_623.png,93.5126953125,low
GSGL_Baidu_625.png,76.2039566040039,low
GSGL_Baidu_627.png,146.77212524414062,high
GSGL_Baidu_636.png,106.25892639160156,medium
GSGL_Baidu_644.png,84.02643585205078,low
GSGL_Baidu_653.png,75.04212188720703,low
GSGL_Baidu_654.png,100.4053726196289,low
GSGL_Baidu_656.png,108.71569061279297,medium
GSGL_Baidu_662.png,94.83937072753906,low
GSGL_Baidu_663.png,87.70909118652344,low
GSGL_Baidu_665.png,90.71173095703125,low
GSGL_Baidu_669.png,107.54273986816406,medium
GSGL_Baidu_677.png,85.79591369628906,low
GSGL_Baidu_683.png,106.76182556152344,medium
GSGL_Baidu_684.png,76.43110656738281,low
GSGL_Baidu_687.png,199.84695434570312,high
GSGL_Baidu_688.png,167.43650817871094,high
GSGL_Baidu_713.png,92.54361724853516,low
GSGL_Baidu_715.png,85.38372802734375,low
GSGL_Baidu_719.png,105.27507781982422,medium
GSGL_Baidu_723.png,118.39229583740234,medium
GSGL_Baidu_726.png,153.8291015625,high
GSGL_Baidu_734.png,101.23861694335938,low
GSGL_Baidu_743.png,111.1001205444336,medium
GSGL_Baidu_751.png,149.9239044189453,high
GSGL_Baidu_768.png,149.02151489257812,high
GSGL_Baidu_769.png,124.29165649414062,medium
GSGL_Baidu_780.png,145.8733367919922,high
GSGL_Baidu_781.png,123.3841323852539,medium
GSGL_Baidu_788.png,77.14212036132812,low
GSGL_Baidu_789.png,115.8638916015625,medium
GSGL_Baidu_799.png,140.07778930664062,high
GSGL_Baidu_808.png,129.8549346923828,high
GSGL_Baidu_816.png,147.83053588867188,high
GSGL_Baidu_817.png,80.48101806640625,low
GSGL_Baidu_825.png,106.3548355102539,medium
GSGL_Baidu_829.png,168.27743530273438,high
GSGL_Baidu_830.png,148.46827697753906,high
GSGL_Baidu_845.png,73.16519165039062,low
GSGL_Baidu_848.png,78.7895278930664,low
GSGL_Baidu_850.png,108.35453796386719,medium
GSGL_Baidu_852.png,144.39678955078125,high
GSGL_Baidu_866.png,135.54464721679688,high
GSGL_Baidu_870.png,100.57913970947266,low
GSGL_Baidu_873.png,81.67212677001953,low
GSGL_Baidu_879.png,119.75484466552734,medium
GSGL_Baidu_882.png,106.72708129882812,medium
GSGL_Baidu_886.png,180.10011291503906,high
GSGL_Baidu_894.png,127.21870422363281,medium
GSGL_Baidu_896.png,86.7539291381836,low
GSGL_Baidu_900.png,148.85818481445312,high
GSGL_Baidu_905.png,129.3423614501953,high
GSGL_Baidu_906.png,130.3273468017578,high
GSGL_Baidu_955.png,140.07940673828125,high
GSGL_Baidu_957.png,93.04714965820312,low
GSGL_Baidu_976.png,137.70361328125,high
GSGL_Baidu_981.png,87.09803009033203,low
GSGL_Bing_015.png,104.26641845703125,medium
GSGL_Bing_018.png,159.7742156982422,high
GSGL_Bing_025.png,84.32787322998047,low
GSGL_Bing_027.png,158.8251495361328,high
GSGL_Bing_034.png,131.17189025878906,high
GSGL_Bing_040.png,107.43956756591797,medium
GSGL_Bing_046.png,168.7218017578125,high
GSGL_Bing_049.png,182.1062469482422,high
GSGL_Bing_059.png,104.86328125,medium
GSGL_Bing_083.png,80.95624542236328,low
GSGL_Bing_092.png,148.47935485839844,high
GSGL_Bing_095.png,136.4225311279297,high
GSGL_Bing_113.png,146.4362030029297,high
GSGL_Bing_115.png,97.51039123535156,low
GSGL_Bing_122.png,147.5826873779297,high
GSGL_Bing_136.png,118.47286987304688,medium
GSGL_Bing_149.png,129.109619140625,high
GSGL_Bing_161.png,118.80935668945312,medium
GSGL_Bing_167.png,116.50936889648438,medium
GSGL_Bing_171.png,135.87669372558594,high
GSGL_Bing_181.png,137.86048889160156,high
GSGL_Bing_184.png,121.88323211669922,medium
GSGL_Bing_193.png,167.51275634765625,high
GSGL_Bing_198.png,194.23196411132812,high
GSGL_Bing_210.png,73.66355895996094,low
GSGL_Bing_217.png,41.38146209716797,low
GSGL_Bing_231.png,110.5798110961914,medium
GSGL_Bing_261.png,121.12271881103516,medium
GSGL_Bing_264.png,118.94081115722656,medium
GSGL_Bing_267.png,88.87106323242188,low
GSGL_Bing_272.png,111.07949829101562,medium
GSGL_Bing_274.png,94.65941619873047,low
GSGL_Bing_327.png,126.95915222167969,medium
GSGL_Bing_333.png,148.77565002441406,high
GSGL_Bing_337.png,159.83203125,high
GSGL_Bing_341.png,137.88357543945312,high
GSGL_Bing_349.png,126.43665313720703,medium
GSGL_Bing_354.png,126.2860336303711,medium
GSGL_Bing_355.png,126.14159393310547,medium
GSGL_Bing_372.png,119.2878646850586,medium
GSGL_Bing_378.png,167.0165557861328,high
GSGL_Bing_408.png,123.1910171508789,medium
GSGL_Bing_413.png,119.40959930419922,medium
GSGL_Bing_417.png,149.8374481201172,high
GSGL_Bing_434.png,132.3760223388672,high
GSGL_Bing_439.png,88.23536682128906,low
GSGL_Bing_44.png,107.28884887695312,medium
GSGL_Bing_446.png,138.86331176757812,high
GSGL_Bing_447.png,84.43231201171875,low
GSGL_Bing_448.png,116.36283111572266,medium
GSGL_Bing_521.png,166.3720703125,high
GSGL_Bing_528.png,153.9059600830078,high
GSGL_Bing_535.png,86.00768280029297,low
GSGL_Bing_538.png,175.27099609375,high
GSGL_Bing_543.png,118.43743896484375,medium
GSGL_Bing_567.png,97.19037628173828,low
GSGL_Bing_573.png,139.91461181640625,high
GSGL_Bing_597.png,158.79368591308594,high
GSGL_Bing_651.png,129.26934814453125,high
GSGL_Bing_665.png,119.79114532470703,medium
GSGL_Bing_668.png,128.2001953125,high
GSGL_Bing_678.png,129.98939514160156,high
GSGL_Bing_681.png,55.42768859863281,low
GSGL_Bing_686.png,176.87168884277344,high
GSGL_Bing_688.png,92.99337005615234,low
GSGL_Bing_71.png,158.24948120117188,high
GSGL_Bing_754.png,106.10037231445312,medium
GSGL_Bing_756.png,133.7464141845703,high
GSGL_Bing_787.png,108.19184112548828,medium
GSGL_Bing_820.png,116.65534210205078,medium
GSGL_Google_004.png,116.05716705322266,medium
GSGL_Google_007.png,158.20156860351562,high
GSGL_Google_009.png,137.6490936279297,high
GSGL_Google_013.png,123.13894653320312,medium
GSGL_Google_05.png,165.64524841308594,high
GSGL_Google_073.png,162.7107391357422,high
GSGL_Google_095.png,173.63665771484375,high
GSGL_Google_120.png,1.0198266506195068,low
GSGL_Google_121.png,45.661251068115234,low
GSGL_Google_14.png,148.71983337402344,high
GSGL_Google_149.png,154.13360595703125,high
GSGL_Google_15.png,164.63121032714844,high
GSGL_Google_152.png,122.60243225097656,medium
GSGL_Google_20.png,175.8695831298828,high
GSGL_Google_218.png,115.41111755371094,medium
GSGL_Google_227.png,172.67172241210938,high
GSGL_Google_263.png,108.89825439453125,medium
GSGL_Google_269.png,138.7479705810547,high
GSGL_Google_328.png,148.7380828857422,high
GSGL_Google_335.png,115.39551544189453,medium
GSGL_Google_347.png,128.54617309570312,high
GSGL_Google_365.png,172.2283172607422,high
GSGL_Google_366.png,128.02325439453125,medium
GSGL_Google_371.png,166.65541076660156,high
GSGL_Google_382.png,133.32298278808594,high
GSGL_Google_396.png,108.50157165527344,medium
GSGL_Google_402.png,173.4046630859375,high
GSGL_Google_418.png,116.2129898071289,medium
GSGL_Google_427.png,110.03850555419922,medium
GSGL_Google_442.png,144.65097045898438,high
GSGL_Google_461.png,201.51486206054688,high
GSGL_Google_47.png,98.79094696044922,low
GSGL_Google_474.png,121.58335876464844,medium
GSGL_Google_485.png,166.99851989746094,high
GSGL_Google_49.png,139.662841796875,high
GSGL_Google_515.png,143.14321899414062,high
GSGL_Google_587.png,93.86585998535156,low
GSGL_Google_600.png,137.66392517089844,high
GSGL_Google_605.png,115.18595123291016,medium
GSGL_Google_655.png,157.3278045654297,high
GSGL_Google_663.png,125.7401351928711,medium
GSGL_Google_700.png,128.51318359375,high
GSGL_Google_708.png,118.10214233398438,medium
GSGL_Google_723.png,171.17506408691406,high
HC_Bing_355.png,100.31034088134766,low
HC_Bing_368.png,136.06039428710938,high
HC_Bing_388.png,182.12478637695312,high
HC_Bing_660.png,75.7783432006836,low
HC_Google_339.png,129.94125366210938,high
HC_Google_345.png,149.19195556640625,high
HC_Google_361.png,113.71668243408203,medium
HC_Google_364.png,74.94789123535156,low
HC_Google_432.png,135.70249938964844,high
HC_Google_450.png,108.4310073852539,medium
HC_Google_465.png,137.8430633544922,high
HC_Google_471.png,124.24497985839844,medium
HC_Google_524.png,97.79421997070312,low
HC_Google_543.png,126.36454010009766,medium
HC_Google_613.png,52.02743911743164,low
HC_Google_696.png,149.5527801513672,high
HEB_Baidu_003.png,138.01171875,high
HEB_Baidu_008.png,126.9382553100586,medium
HEB_Baidu_012.png,127.41121673583984,medium
HEB_Baidu_024.png,114.12049102783203,medium
HEB_Baidu_036.png,185.5544891357422,high
HEB_Baidu_038.png,90.25211334228516,low
HEB_Baidu_042.png,123.04363250732422,medium
HEB_Baidu_043.png,99.21009063720703,low
HEB_Baidu_05.png,86.72377014160156,low
HEB_Baidu_054.png,115.6353759765625,medium
HEB_Baidu_056.png,109.52423858642578,medium
HEB_Baidu_058.png,114.3637924194336,medium
HEB_Baidu_062.png,93.7881088256836,low
HEB_Baidu_068.png,105.28059387207031,medium
HEB_Baidu_070.png,150.89671325683594,high
HEB_Baidu_075.png,140.4843292236328,high
HEB_Baidu_089.png,111.84126281738281,medium
HEB_Baidu_09.png,116.75325775146484,medium
HEB_Baidu_103.png,119.00326538085938,medium
HEB_Baidu_107.png,114.48710632324219,medium
HEB_Baidu_109.png,194.13052368164062,high
HEB_Baidu_144.png,182.69097900390625,high
HEB_Baidu_148.png,95.83199310302734,low
HEB_Baidu_15.png,111.70958709716797,medium
HEB_Baidu_156.png,112.30358123779297,medium
HEB_Baidu_165.png,102.36448669433594,low
HEB_Baidu_169.png,136.8289031982422,high
HEB_Baidu_171.png,139.81964111328125,high
HEB_Baidu_199.png,163.7895050048828,high
HEB_Baidu_203.png,142.47805786132812,high
HEB_Baidu_216.png,114.36148071289062,medium
HEB_Baidu_218.png,75.52986907958984,low
HEB_Baidu_228.png,114.25642395019531,medium
HEB_Baidu_235.png,88.27140808105469,low
HEB_Baidu_238.png,104.5522232055664,medium
HEB_Baidu_250.png,98.80789947509766,low
HEB_Baidu_265.png,134.5991973876953,high
HEB_Baidu_273.png,123.9910659790039,medium
HEB_Baidu_279.png,123.54727935791016,medium
HEB_Baidu_28.png,148.8473663330078,high
HEB_Baidu_301.png,124.61370086669922,medium
HEB_Baidu_309.png,123.00179290771484,medium
HEB_Baidu_328.png,157.6425323486328,high
HEB_Baidu_335.png,132.55650329589844,high
HEB_Baidu_342.png,129.18728637695312,high
HEB_Baidu_369.png,154.79443359375,high
HEB_Baidu_372.png,156.2434844970703,high
HEB_Baidu_381.png,85.30886840820312,low
HEB_Baidu_385.png,116.00495147705078,medium
HEB_Baidu_416.png,136.68087768554688,high
HEB_Baidu_432.png,135.9879913330078,high
HEB_Baidu_438.png,115.508544921875,medium
HEB_Baidu_441.png,91.19117736816406,low
HEB_Baidu_453.png,98.23286437988281,low
HEB_Baidu_455.png,129.14666748046875,high
HEB_Baidu_458.png,140.96343994140625,high
HEB_Baidu_462.png,130.9314727783203,high
HEB_Baidu_464.png,165.07933044433594,high
HEB_Baidu_468.png,138.05763244628906,high
HEB_Baidu_472.png,102.4820785522461,low
HEB_Baidu_496.png,132.8722381591797,high
HEB_Baidu_497.png,94.63679504394531,low
HEB_Baidu_500.png,120.20606994628906,medium
HEB_Baidu_501.png,116.84300231933594,medium
HEB_Baidu_506.png,113.463134765625,medium
HEB_Baidu_508.png,149.0020751953125,high
HEB_Baidu_513.png,84.11922454833984,low
HEB_Baidu_515.png,125.40486145019531,medium
HEB_Baidu_521.png,153.06353759765625,high
HEB_Baidu_530.png,182.36395263671875,high
HEB_Baidu_534.png,84.59729766845703,low
HEB_Baidu_554.png,118.8151626586914,medium
HEB_Baidu_560.png,85.00033569335938,low
HEB_Baidu_569.png,137.68873596191406,high
HEB_Baidu_588.png,111.40103149414062,medium
HEB_Baidu_589.png,122.64967346191406,medium
HEB_Baidu_594.png,110.31066131591797,medium
HEB_Baidu_610.png,121.8640365600586,medium
HEB_Baidu_636.png,136.6220245361328,high
HEB_Baidu_669.png,113.6667251586914,medium
HEB_Baidu_678.png,101.4457015991211,low
HEB_Baidu_680.png,131.333740234375,high
HEB_Baidu_683.png,116.06510925292969,medium
HEB_Baidu_685.png,110.34330749511719,medium
HEB_Baidu_693.png,117.2703857421875,medium
HEB_Baidu_698.png,101.37039184570312,low
HEB_Baidu_706.png,142.6155242919922,high
HEB_Baidu_711.png,121.52135467529297,medium
HEB_Baidu_723.png,113.89431762695312,medium
HEB_Baidu_729.png,131.73507690429688,high
HEB_Baidu_753.png,139.76744079589844,high
HEB_Baidu_772.png,95.99127960205078,low
HEB_Baidu_782.png,95.51728057861328,low
HEB_Baidu_786.png,179.98681640625,high
HEB_Baidu_802.png,96.90898132324219,low
HEB_Baidu_804.png,117.9173355102539,medium
HEB_Baidu_806.png,94.14224243164062,low
HEB_Baidu_810.png,158.48056030273438,high
HEB_Baidu_815.png,126.68199920654297,medium
HEB_Baidu_831.png,138.9475860595703,high
HEB_Baidu_848.png,109.96564483642578,medium
HEB_Baidu_866.png,101.10173797607422,low
HEB_Baidu_873.png,92.63668060302734,low
HEB_Baidu_878.png,159.67404174804688,high
HEB_Baidu_885.png,147.3511962890625,high
HEB_Baidu_887.png,101.40491485595703,low
HEB_Bing_005.png,153.5457000732422,high
HEB_Bing_013.png,161.28533935546875,high
HEB_Bing_027.png,121.91488647460938,medium
HEB_Bing_029.png,127.15435028076172,medium
HEB_Bing_034.png,154.47250366210938,high
HEB_Bing_066.png,146.37786865234375,high
HEB_Bing_094.png,96.75682830810547,low
HEB_Bing_108.png,65.04096221923828,low
HEB_Bing_110.png,149.2962646484375,high
HEB_Bing_112.png,115.45420837402344,medium
HEB_Bing_120.png,161.117431640625,high
HEB_Bing_122.png,50.103092193603516,low
HEB_Bing_129.png,139.95819091796875,high
HEB_Bing_131.png,89.59867095947266,low
HEB_Bing_135.png,120.82398223876953,medium
HEB_Bing_136.png,137.7921600341797,high
HEB_Bing_137.png,135.39385986328125,high
HEB_Bing_170.png,100.08686065673828,low
HEB_Bing_181.png,107.30510711669922,medium
HEB_Bing_194.png,112.90325164794922,medium
HEB_Bing_205.png,150.51904296875,high
HEB_Bing_207.png,128.32504272460938,high
HEB_Bing_217.png,113.02339935302734,medium
HEB_Bing_221.png,132.3179931640625,high
HEB_Bing_232.png,108.8875732421875,medium
HEB_Bing_233.png,133.50051879882812,high
HEB_Bing_237.png,131.72975158691406,high
HEB_Bing_254.png,107.45978546142578,medium
HEB_Bing_269.png,159.5760498046875,high
HEB_Bing_274.png,120.92363739013672,medium
HEB_Bing_303.png,114.12505340576172,medium
HEB_Bing_308.png,109.40673065185547,medium
HEB_Bing_320.png,103.90779113769531,medium
HEB_Bing_331.png,142.77325439453125,high
HEB_Bing_340.png,77.60474395751953,low
HEB_Bing_35.png,80.41280364990234,low
HEB_Bing_365.png,72.59258270263672,low
HEB_Bing_39.png,170.52606201171875,high
HEB_Bing_396.png,103.10018157958984,medium
HEB_Bing_398.png,58.91989517211914,low
HEB_Bing_403.png,53.3685302734375,low
HEB_Bing_405.png,137.4022674560547,high
HEB_Bing_414.png,99.12171936035156,low
HEB_Bing_421.png,126.46601104736328,medium
HEB_Bing_437.png,129.34866333007812,high
HEB_Bing_444.png,128.70692443847656,high
HEB_Bing_452.png,115.1689224243164,medium
HEB_Bing_463.png,97.49659729003906,low
HEB_Bing_465.png,102.01409912109375,low
HEB_Bing_481.png,111.96644592285156,medium
HEB_Bing_490.png,117.8977279663086,medium
HEB_Bing_510.png,101.33511352539062,low
HEB_Bing_511.png,101.1591567993164,low
HEB_Bing_527.png,149.21640014648438,high
HEB_Bing_532.png,104.10671997070312,medium
HEB_Bing_546.png,92.24127197265625,low
HEB_Bing_548.png,155.9485321044922,high
HEB_Bing_549.png,153.97813415527344,high
HEB_Bing_550.png,80.63517761230469,low
HEB_Bing_560.png,66.54997253417969,low
HEB_Bing_587.png,106.22420501708984,medium
HEB_Bing_590.png,165.7938995361328,high
HEB_Bing_599.png,88.22096252441406,low
HEB_Bing_613.png,154.01625061035156,high
HEB_Bing_653.png,59.28736877441406,low
HEB_Bing_671.png,150.7598876953125,high
HEB_Bing_688.png,185.6945343017578,high
HEB_Google_014.png,92.73423767089844,low
HEB_Google_030.png,130.68048095703125,high
HEB_Google_043.png,137.9079132080078,high
HEB_Google_056.png,130.3801727294922,high
HEB_Google_057.png,78.5359115600586,low
HEB_Google_102.png,44.61814498901367,low
HEB_Google_125.png,127.04279327392578,medium
HEB_Google_128.png,131.29873657226562,high
HEB_Google_137.png,111.33747100830078,medium
HEB_Google_139.png,109.62294006347656,medium
HEB_Google_154.png,147.3391571044922,high
HEB_Google_16.png,127.89598083496094,medium
HEB_Google_171.png,86.78697967529297,low
HEB_Google_189.png,114.24787902832031,medium
HEB_Google_193.png,87.95289611816406,low
HEB_Google_197.png,139.8892364501953,high
HEB_Google_200.png,126.43756866455078,medium
HEB_Google_202.png,135.99388122558594,high
HEB_Google_22.png,113.79935455322266,medium
HEB_Google_257.png,143.01449584960938,high
HEB_Google_258.png,108.68582916259766,medium
HEB_Google_262.png,126.15023803710938,medium
HEB_Google_272.png,98.8559341430664,low
HEB_Google_282.png,123.58906555175781,medium
HEB_Google_305.png,101.14800262451172,low
HEB_Google_315.png,121.79254913330078,medium
HEB_Google_334.png,123.92327880859375,medium
HEB_Google_351.png,136.926025390625,high
HEB_Google_376.png,146.94873046875,high
HEB_Google_378.png,181.24896240234375,high
HEB_Google_391.png,139.8989715576172,high
HEB_Google_398.png,84.41433715820312,low
HEB_Google_399.png,78.10560607910156,low
HEB_Google_425.png,105.0289306640625,medium
HEB_Google_442.png,117.87517547607422,medium
HEB_Google_471.png,150.60818481445312,high
HEB_Google_477.png,177.4581298828125,high
HEB_Google_483.png,135.07199096679688,high
HEB_Google_518.png,121.76219177246094,medium
HEB_Google_547.png,124.04158782958984,medium
HEB_Google_550.png,143.3738555908203,high
HEB_Google_556.png,49.241092681884766,low
HEB_Google_558.png,88.25529479980469,low
HEB_Google_563.png,79.9380111694336,low
HEB_Google_564.png,87.03800964355469,low
HEB_Google_573.png,94.10238647460938,low
HEB_Google_582.png,124.96649169921875,medium
HEB_Google_591.png,96.45152282714844,low
HEB_Google_593.png,74.6129379272461,low
HEB_Google_599.png,94.01564025878906,low
HEB_Google_609.png,116.80105590820312,medium
HEB_Google_615.png,128.26890563964844,high
HEB_Google_618.png,99.16409301757812,low
HEB_Google_640.png,96.38275909423828,low
HEB_Google_644.png,120.17990112304688,medium
HEB_Google_651.png,102.04947662353516,low
HEB_Google_657.png,109.88865661621094,medium
HEB_Google_664.png,80.61824798583984,low
HF_Baidu_013.png,128.7347869873047,high
HF_Baidu_017.png,129.4039764404297,high
HF_Baidu_021.png,139.33714294433594,high
HF_Baidu_043.png,107.98780822753906,medium
HF_Baidu_045.png,121.35750579833984,medium
HF_Baidu_053.png,59.648719787597656,low
HF_Baidu_060.png,153.23094177246094,high
HF_Baidu_081.png,120.95496368408203,medium
HF_Baidu_086.png,154.766357421875,high
HF_Baidu_102.png,132.69772338867188,high
HF_Baidu_116.png,126.83348846435547,medium
HF_Baidu_121.png,108.0458984375,medium
HF_Baidu_122.png,129.24839782714844,high
HF_Baidu_124.png,86.6718521118164,low
HF_Baidu_128.png,123.11559295654297,medium
HF_Baidu_130.png,182.32322692871094,high
HF_Baidu_133.png,107.8581771850586,medium
HF_Baidu_136.png,69.444091796875,low
HF_Baidu_146.png,142.03221130371094,high
HF_Baidu_147.png,115.12693786621094,medium
HF_Baidu_148.png,147.85731506347656,high
HF_Baidu_15.png,123.25579833984375,medium
HF_Baidu_154.png,94.1787109375,low
HF_Baidu_155.png,143.00331115722656,high
HF_Baidu_156.png,108.31071472167969,medium
HF_Baidu_158.png,161.62420654296875,high
HF_Baidu_170.png,105.07369232177734,medium
HF_Baidu_18.png,160.50784301757812,high
HF_Baidu_202.png,76.70924377441406,low
HF_Baidu_208.png,115.36488342285156,medium
HF_Baidu_209.png,149.5892333984375,high
HF_Baidu_214.png,170.3037567138672,high
HF_Baidu_219.png,123.27425384521484,medium
HF_Baidu_220.png,111.86095428466797,medium
HF_Baidu_228.png,82.26734161376953,low
HF_Baidu_229.png,53.3144416809082,low
HF_Baidu_243.png,114.9027328491211,medium
HF_Baidu_247.png,98.82295989990234,low
HF_Baidu_253.png,106.81395721435547,medium
HF_Baidu_266.png,120.96952056884766,medium
HF_Baidu_290.png,129.32827758789062,high
HF_Baidu_291.png,172.7235107421875,high
HF_Baidu_296.png,59.465553283691406,low
HF_Baidu_30.png,168.28115844726562,high
HF_Baidu_305.png,135.83102416992188,high
HF_Baidu_321.png,139.65365600585938,high
HF_Baidu_341.png,114.77647399902344,medium
HF_Baidu_358.png,117.13607788085938,medium
HF_Baidu_368.png,129.67568969726562,high
HF_Baidu_386.png,109.53291320800781,medium
HF_Baidu_420.png,155.41651916503906,high
HF_Baidu_421.png,91.96757507324219,low
HF_Baidu_441.png,118.98674011230469,medium
HF_Baidu_446.png,132.98049926757812,high
HF_Baidu_454.png,116.5770492553711,medium
HF_Baidu_461.png,124.54412078857422,medium
HF_Baidu_499.png,87.61788940429688,low
HF_Baidu_510.png,130.34422302246094,high
HF_Bing_028.png,114.19097900390625,medium
HF_Bing_033.png,132.13291931152344,high
HF_Bing_037.png,80.48572540283203,low
HF_Bing_038.png,41.3447151184082,low
HF_Bing_055.png,120.06124114990234,medium
HF_Bing_100.png,93.38683319091797,low
HF_Bing_11.png,185.5854949951172,high
HF_Bing_114.png,139.20541381835938,high
HF_Bing_137.png,192.25674438476562,high
HF_Bing_14.png,136.62164306640625,high
HF_Bing_141.png,29.3956241607666,low
HF_Bing_172.png,150.90512084960938,high
HF_Bing_214.png,115.90826416015625,medium
HF_Bing_227.png,86.28995513916016,low
HF_Bing_250.png,48.542579650878906,low
HF_Bing_256.png,150.68112182617188,high
HF_Bing_269.png,110.54530334472656,medium
HF_Bing_283.png,158.2039337158203,high
HF_Bing_311.png,89.38198852539062,low
HF_Bing_365.png,146.89462280273438,high
HF_Bing_366.png,154.1831512451172,high
HF_Bing_367.png,118.1678695678711,medium
HF_Bing_401.png,119.6524658203125,medium
HF_Bing_420.png,99.10025024414062,low
HF_Bing_451.png,82.35303497314453,low
HF_Bing_585.png,95.48739624023438,low
HF_Bing_589.png,30.790433883666992,low
HF_Bing_591.png,124.31022644042969,medium
HF_Bing_599.png,81.51073455810547,low
HF_Bing_60.png,70.06336975097656,low
HF_Bing_601.png,104.24287414550781,medium
HF_Bing_610.png,76.46483612060547,low
HF_Bing_627.png,116.53385162353516,medium
HF_Bing_656.png,124.21683502197266,medium
HF_Bing_669.png,113.46892547607422,medium
HF_Bing_674.png,103.02118682861328,medium
HF_Bing_679.png,108.34512329101562,medium
HF_Bing_685.png,166.05941772460938,high
HF_Bing_709.png,146.83834838867188,high
HF_Bing_718.png,66.48130798339844,low
HF_Bing_732.png,93.64612579345703,low
HF_Bing_733.png,100.79639434814453,low
HF_Bing_735.png,104.22711181640625,medium
HF_Bing_737.png,120.60490417480469,medium
HF_Bing_777.png,113.09374237060547,medium
HF_Bing_826.png,169.01763916015625,high
HF_Bing_836.png,201.63999938964844,high
HF_Bing_890.png,140.32472229003906,high
HF_Google_016.png,136.45745849609375,high
HF_Google_025.png,115.64552307128906,medium
HF_Google_027.png,166.4316864013672,high
HF_Google_045.png,102.86144256591797,medium
HF_Google_047.png,170.3571319580078,high
HF_Google_057.png,142.8491668701172,high
HF_Google_085.png,125.88711547851562,medium
HF_Google_091.png,138.97113037109375,high
HF_Google_094.png,140.52694702148438,high
HF_Google_102.png,118.58112335205078,medium
HF_Google_103.png,87.1285629272461,low
HF_Google_116.png,140.22793579101562,high
HF_Google_121.png,122.94674682617188,medium
HF_Google_122.png,129.5821990966797,high
HF_Google_133.png,155.7078857421875,high
HF_Google_136.png,97.37102508544922,low
HF_Google_142.png,94.07588958740234,low
HF_Google_153.png,98.84172821044922,low
HF_Google_160.png,131.7923583984375,high
HF_Google_161.png,90.46087646484375,low
HF_Google_177.png,121.79295349121094,medium
HF_Google_179.png,58.24213790893555,low
HF_Google_193.png,119.40840911865234,medium
HF_Google_194.png,80.93968200683594,low
HF_Google_231.png,66.39067077636719,low
HF_Google_246.png,75.23204803466797,low
HF_Google_272.png,150.18218994140625,high
HF_Google_283.png,143.3834228515625,high
HF_Google_312.png,100.41542053222656,low
HF_Google_313.png,180.70249938964844,high
HF_Google_328.png,112.67916870117188,medium
HF_Google_331.png,82.74516296386719,low
HF_Google_337.png,87.85863494873047,low
HF_Google_339.png,180.15968322753906,high
HF_Google_340.png,98.29367065429688,low
HF_Google_381.png,118.41827392578125,medium
HF_Google_396.png,74.83325958251953,low
HF_Google_406.png,101.84822082519531,low
HF_Google_427.png,92.15142059326172,low
HF_Google_443.png,161.70962524414062,high
HF_Google_447.png,192.05056762695312,high
HF_Google_472.png,137.11627197265625,high
HF_Google_501.png,108.91007232666016,medium
HF_Google_504.png,97.53218841552734,low
HF_Google_511.png,118.16588592529297,medium
HF_Google_527.png,127.50776672363281,medium
HF_Google_531.png,75.0377197265625,low
HF_Google_533.png,132.35238647460938,high
HF_Google_556.png,85.96556854248047,low
HF_Google_559.png,85.06497955322266,low
HF_Google_570.png,123.20064544677734,medium
HF_Google_571.png,84.61019134521484,low
HF_Google_576.png,83.99659729003906,low
HF_Google_610.png,123.01223754882812,medium
HF_Google_623.png,148.76962280273438,high
HF_Google_649.png,97.69053649902344,low
HF_Google_665.png,110.16526794433594,medium
HF_Google_668.png,138.12567138671875,high
HF_Google_677.png,90.53003692626953,low
HF_Google_702.png,73.15470886230469,low
HF_Google_725.png,127.8214340209961,medium
HF_Google_747.png,95.8556137084961,low
HF_Google_759.png,89.80267333984375,low
HF_Google_807.png,127.2471923828125,medium
HF_Google_860.png,96.30982208251953,low
HF_Google_861.png,107.9255599975586,medium
HazeDr_Bing_178.png,147.80267333984375,high
HazeDr_Bing_233.png,151.7577362060547,high
HazeDr_Bing_252.png,112.22969818115234,medium
HazeDr_Bing_330.png,123.49371337890625,medium
HazeDr_Bing_337.png,73.7821044921875,low
HazeDr_Bing_418.png,48.7712287902832,low
HazeDr_Bing_453.png,132.62796020507812,high
HazeDr_Bing_460.png,140.8633575439453,high
HazeDr_Bing_549.png,117.13587188720703,medium
HazeDr_Bing_647.png,108.03085327148438,medium
HazeDr_Bing_655.png,150.21701049804688,high
HazeDr_Bing_763.png,123.27703094482422,medium
HazeDr_Google_123.png,75.62749481201172,low
HazeDr_Google_125.png,90.2787857055664,low
HazeDr_Google_130.png,120.0288314819336,medium
HazeDr_Google_146.png,113.20468139648438,medium
HazeDr_Google_183.png,125.07193756103516,medium
HazeDr_Google_192.png,169.88819885253906,high
HazeDr_Google_212.png,69.40289306640625,low
HazeDr_Google_213.png,52.94660949707031,low
HazeDr_Google_241.png,119.13756561279297,medium
HazeDr_Google_273.png,96.40916442871094,low
HazeDr_Google_293.png,93.00658416748047,low
HazeDr_Google_328.png,145.39646911621094,high
HazeDr_Google_355.png,143.73402404785156,high
HazeDr_Google_365.png,134.36691284179688,high
HazeDr_Google_375.png,103.23291015625,medium
HazeDr_Google_381.png,115.69140625,medium
HazeDr_Google_402.png,142.7053985595703,high
HazeDr_Google_404.png,94.19612121582031,low
HazeDr_Google_415.png,149.00193786621094,high
HazeDr_Google_421.png,158.67669677734375,high
HazeDr_Google_432.png,98.03874206542969,low
HazeDr_Google_433.png,124.47676849365234,medium
HazeDr_Google_434.png,124.90653991699219,medium
HazeDr_Google_450.png,180.29656982421875,high
HazeDr_Google_510.png,143.3304901123047,high
HazeDr_Google_512.png,97.7705078125,low
HazeDr_Google_551.png,113.50231170654297,medium
HazeDr_Google_554.png,133.44244384765625,high
HazeDr_Google_560.png,138.859619140625,high
HazeDr_Google_568.png,119.9795913696289,medium
HazeDr_Google_569.png,112.97762298583984,medium
HazeDr_Google_582.png,67.54356384277344,low
HazeDr_Google_584.png,125.69681549072266,medium
HazeDr_Google_590.png,86.8387451171875,low
HazeDr_Google_593.png,106.1164779663086,medium
HazeDr_Google_594.png,103.76175689697266,medium
HazeDr_Google_597.png,102.69993591308594,low
HazeDr_Google_603.png,114.37203216552734,medium
HazeDr_Google_614.png,130.58407592773438,high
HazeDr_Google_625.png,85.02958679199219,low
HazeDr_Google_63.png,157.64266967773438,high
HazeDr_Google_630.png,14.226269721984863,low
HazeDr_Google_633.png,106.03929901123047,medium
HazeDr_Google_636.png,110.80784606933594,medium
HazeDr_Google_637.png,113.38162231445312,medium
HazeDr_Google_640.png,43.28784942626953,low
HazeDr_Google_646.png,124.47591400146484,medium
HazeDr_Google_648.png,130.59657287597656,high
HazeDr_Google_649.png,112.76244354248047,medium
HazeDr_Google_651.png,118.2492904663086,medium
HazeDr_Google_657.png,194.36428833007812,high
HazeDr_Google_667.png,74.5940933227539,low
HazeDr_Google_673.png,91.79405212402344,low
HazeDr_Google_692.png,142.36041259765625,high
HazeDr_Google_693.png,131.05108642578125,high
HazeDr_Google_703.png,108.04196166992188,medium
HazeDr_Google_704.png,128.34532165527344,high
HazeDr_Google_709.png,82.39656829833984,low
HazeDr_Google_719.png,158.47665405273438,high
HazeDr_Google_724.png,163.29676818847656,high
HazeDr_Google_726.png,131.19126892089844,high
HazeDr_Google_740.png,129.4571075439453,high
HazeDr_Google_75.png,135.68466186523438,high
HazeDr_Google_760.png,173.99630737304688,high
HazeDr_Google_766.png,137.3245391845703,high
HazeDr_Google_767.png,117.1303482055664,medium
HazeDr_Google_772.png,128.685791015625,high
HazeDr_Google_787.png,133.10763549804688,high
HazeDr_Google_802.png,109.30215454101562,medium
HazeDr_Google_809.png,88.08597564697266,low
HazeDr_Google_813.png,121.24104309082031,medium
HazeDr_Google_838.png,116.03292083740234,medium
HazeDr_Google_845.png,59.210819244384766,low
HazyDr_Bing_089.png,28.670747756958008,low
HazyDr_Bing_126.png,113.6089096069336,medium
HazyDr_Bing_132.png,100.50023651123047,low
HazyDr_Bing_158.png,130.84544372558594,high
HazyDr_Bing_194.png,77.13921356201172,low
HazyDr_Bing_228.png,62.65869903564453,low
HazyDr_Bing_296.png,82.68340301513672,low
HazyDr_Bing_300.png,105.310791015625,medium
HazyDr_Bing_320.png,121.71652221679688,medium
HazyDr_Bing_376.png,112.00341796875,medium
HazyDr_Bing_420.png,136.92649841308594,high
HazyDr_Bing_543.png,104.53016662597656,medium
HazyDr_Bing_557.png,104.91448974609375,medium
HazyDr_Bing_569.png,148.5667266845703,high
HazyDr_Bing_780.png,96.71451568603516,low
HazyDr_Bing_800.png,74.99066162109375,low
HazyDr_Bing_820.png,96.18907928466797,low
HazyDr_Google_054.png,145.65127563476562,high
HazyDr_Google_057.png,161.38629150390625,high
HazyDr_Google_059.png,120.90379333496094,medium
HazyDr_Google_060.png,148.41384887695312,high
HazyDr_Google_118.png,107.51820373535156,medium
HazyDr_Google_138.png,95.70845031738281,low
HazyDr_Google_140.png,106.37812805175781,medium
HazyDr_Google_153.png,80.53998565673828,low
HazyDr_Google_165.png,68.88578033447266,low
HazyDr_Google_185.png,73.85903930664062,low
HazyDr_Google_188.png,110.88895416259766,medium
HazyDr_Google_240.png,80.5358657836914,low
HazyDr_Google_277.png,154.2691192626953,high
HazyDr_Google_289.png,47.06202697753906,low
HazyDr_Google_298.png,133.25430297851562,high
HazyDr_Google_324.png,106.01848602294922,medium
HazyDr_Google_359.png,102.941162109375,medium
HazyDr_Google_384.png,102.6375503540039,low
HazyDr_Google_475.png,91.14436340332031,low
HazyDr_Google_476.png,154.10560607910156,high
HazyDr_Google_602.png,65.22980499267578,low
HazyDr_Google_622.png,59.83805465698242,low
HazyDr_Google_647.png,170.40110778808594,high
HazyDr_Google_678.png,78.6106185913086,low
HazyDr_Google_753.png,132.9179229736328,high
HazyDr_Google_798.png,77.6350326538086,low
IRQ_Bing_005.png,44.348052978515625,low
IRQ_Bing_007.png,87.83585357666016,low
IRQ_Bing_017.png,43.2240104675293,low
IRQ_Bing_018.png,57.59866714477539,low
IRQ_Bing_078.png,132.44479370117188,high
IRQ_Bing_101.png,105.77943420410156,medium
IRQ_Bing_113.png,17.908113479614258,low
IRQ_Bing_146.png,118.9820327758789,medium
IRQ_Bing_228.png,118.17646026611328,medium
IRQ_Bing_250.png,71.11193084716797,low
IRQ_Bing_257.png,67.18855285644531,low
IRQ_Bing_263.png,162.2570037841797,high
IRQ_Bing_29.png,82.02473449707031,low
IRQ_Bing_399.png,38.94953536987305,low
IRQ_Bing_460.png,63.12119674682617,low
IRQ_Bing_516.png,103.19515991210938,medium
IRQ_Bing_674.png,66.55135345458984,low
IRQ_Bing_775.png,73.3492202758789,low
IRQ_Google_010.png,29.98891830444336,low
IRQ_Google_027.png,133.4302215576172,high
IRQ_Google_030.png,63.05027770996094,low
IRQ_Google_077.png,112.38096618652344,medium
IRQ_Google_084.png,167.25831604003906,high
IRQ_Google_109.png,179.53248596191406,high
IRQ_Google_115.png,51.41150665283203,low
IRQ_Google_121.png,107.04572296142578,medium
IRQ_Google_136.png,107.76400756835938,medium
IRQ_Google_147.png,45.74635696411133,low
IRQ_Google_148.png,22.490821838378906,low
IRQ_Google_161.png,178.73638916015625,high
IRQ_Google_210.png,109.11682891845703,medium
IRQ_Google_211.png,66.14763641357422,low
IRQ_Google_243.png,145.69570922851562,high
IRQ_Google_250.png,51.1014404296875,low
IRQ_Google_260.png,40.013763427734375,low
IRQ_Google_314.png,159.8227996826172,high
IRQ_Google_323.png,114.75511932373047,medium
IRQ_Google_327.png,31.675146102905273,low
IRQ_Google_422.png,116.22391510009766,medium
IRQ_Google_46.png,40.83418273925781,low
IRQ_Google_464.png,45.50231170654297,low
IRQ_Google_468.png,105.16374206542969,medium
IRQ_Google_470.png,119.45903778076172,medium
IRQ_Google_476.png,81.49076080322266,low
IRQ_Google_484.png,96.61048889160156,low
IRQ_Google_490.png,107.96260833740234,medium
IRQ_Google_494.png,93.04918670654297,low
IRQ_Google_495.png,127.35161590576172,medium
IRQ_Google_508.png,100.7249755859375,low
IRQ_Google_510.png,114.53292083740234,medium
IRQ_Google_523.png,105.22399139404297,medium
IRQ_Google_525.png,95.80542755126953,low
IRQ_Google_533.png,114.01506805419922,medium
IRQ_Google_540.png,102.31816864013672,low
IRQ_Google_658.png,116.12007904052734,medium
JL_Baidu_000.png,109.89768981933594,medium
JL_Baidu_014.png,151.87606811523438,high
JL_Baidu_016.png,175.67111206054688,high
JL_Baidu_057.png,90.0135498046875,low
JL_Baidu_089.png,149.30384826660156,high
JL_Baidu_093.png,96.48026275634766,low
JL_Baidu_110.png,127.40752410888672,medium
JL_Baidu_138.png,139.2006378173828,high
JL_Baidu_145.png,84.00762176513672,low
JL_Baidu_146.png,141.85604858398438,high
JL_Baidu_150.png,105.09552001953125,medium
JL_Baidu_153.png,106.80591583251953,medium
JL_Baidu_198.png,121.11367797851562,medium
JL_Baidu_230.png,160.59275817871094,high
JL_Baidu_231.png,125.276611328125,medium
JL_Baidu_232.png,177.51515197753906,high
JL_Bing_002.png,117.51808166503906,medium
JL_Bing_014.png,121.66898345947266,medium
JL_Bing_05.png,83.59375762939453,low
JL_Bing_055.png,77.66145324707031,low
JL_Bing_064.png,136.00389099121094,high
JL_Bing_081.png,151.32347106933594,high
JL_Bing_169.png,186.66636657714844,high
JL_Bing_196.png,93.13544464111328,low
JL_Bing_224.png,82.88619232177734,low
JL_Bing_225.png,51.2291374206543,low
JL_Bing_238.png,120.853759765625,medium
JL_Bing_257.png,182.26515197753906,high
JL_Bing_282.png,98.52404022216797,low
JL_Bing_429.png,146.41253662109375,high
JL_Bing_431.png,107.24955749511719,medium
JL_Bing_568.png,107.76266479492188,medium
JL_Bing_61.png,107.0338134765625,medium
JL_Bing_627.png,84.47817993164062,low
JL_Bing_674.png,93.12310791015625,low
JL_Bing_683.png,101.52395629882812,low
JL_Bing_684.png,146.3617706298828,high
JL_Bing_708.png,116.62383270263672,medium
JL_Bing_730.png,100.65814208984375,low
JL_Bing_751.png,111.90184020996094,medium
JL_Bing_767.png,77.27908325195312,low
JL_Bing_786.png,160.4124298095703,high
JL_Bing_804.png,91.20228576660156,low
JL_Google_011.png,160.1359100341797,high
JL_Google_038.png,89.66970825195312,low
JL_Google_095.png,156.6013946533203,high
JL_Google_104.png,122.87593078613281,medium
JL_Google_115.png,165.33575439453125,high
JL_Google_116.png,131.56288146972656,high
JL_Google_137.png,56.01686477661133,low
JL_Google_143.png,121.70819091796875,medium
JL_Google_145.png,171.82232666015625,high
JL_Google_152.png,69.96040344238281,low
JL_Google_177.png,124.6697769165039,medium
JL_Google_179.png,152.53890991210938,high
JL_Google_227.png,69.31668090820312,low
JL_Google_237.png,137.85108947753906,high
JL_Google_24.png,57.53356170654297,low
JL_Google_254.png,116.13763427734375,medium
JL_Google_255.png,146.19927978515625,high
JL_Google_263.png,102.47618865966797,low
JL_Google_288.png,104.48017883300781,medium
JL_Google_289.png,124.23159790039062,medium
JL_Google_290.png,147.2694549560547,high
JL_Google_299.png,133.52532958984375,high
JL_Google_327.png,166.8265380859375,high
JL_Google_354.png,17.240354537963867,low
JL_Google_397.png,148.63394165039062,high
JL_Google_407.png,102.33538055419922,low
JL_Google_412.png,148.49139404296875,high
JL_Google_413.png,142.2423095703125,high
JL_Google_421.png,99.3770523071289,low
JL_Google_423.png,54.26309585571289,low
JL_Google_463.png,117.32719421386719,medium
JL_Google_464.png,100.06615447998047,low
JL_Google_497.png,154.155029296875,high
JL_Google_498.png,111.16830444335938,medium
JL_Google_502.png,133.37913513183594,high
JL_Google_505.png,138.322265625,high
JL_Google_538.png,143.76904296875,high
JL_Google_588.png,121.73584747314453,medium
JL_Google_589.png,140.47689819335938,high
JL_Google_592.png,114.78040313720703,medium
JL_Google_595.png,120.87338256835938,medium
JL_Google_614.png,123.60855102539062,medium
JL_Google_620.png,58.4487419128418,low
JL_Google_621.png,126.61027526855469,medium
JL_Google_627.png,130.1005859375,high
JL_Google_641.png,72.54950714111328,low
JL_Google_66.png,144.7344970703125,high
JL_Google_674.png,125.4779281616211,medium
JL_Google_713.png,88.78854370117188,low
JL_Google_752.png,65.95738220214844,low
JL_Google_753.png,54.87327575683594,low
JL_Google_781.png,95.55233764648438,low
KRO_Google_003.png,97.92337799072266,low
KRO_Google_014.png,141.49671936035156,high
KRO_Google_015.png,156.7461395263672,high
KRO_Google_017.png,105.1014404296875,medium
KRO_Google_034.png,116.08861541748047,medium
KRO_Google_036.png,151.16342163085938,high
KRO_Google_060.png,117.68159484863281,medium
KRO_Google_079.png,78.16085052490234,low
KRO_Google_113.png,120.5947494506836,medium
KRO_Google_142.png,76.9173355102539,low
KRO_Google_162.png,91.3791275024414,low
KRO_Google_20.png,100.46003723144531,low
KRO_Google_293.png,102.49868774414062,low
KRO_Google_307.png,100.51502227783203,low
KRO_Google_311.png,101.46983337402344,low
KRO_Google_317.png,127.41140747070312,medium
KRO_Google_344.png,66.51240539550781,low
KRO_Google_348.png,111.63040161132812,medium
KRO_Google_371.png,115.27771759033203,medium
KRO_Google_375.png,142.1251220703125,high
KRO_Google_380.png,117.78218841552734,medium
KRO_Google_419.png,161.6234893798828,high
KRO_Google_452.png,76.45535278320312,low
KRO_Google_461.png,139.03445434570312,high
KRO_Google_465.png,124.40619659423828,medium
KRO_Google_480.png,120.40737915039062,medium
KRO_Google_490.png,134.33116149902344,high
KRO_Google_495.png,131.66622924804688,high
KRO_Google_499.png,120.5783920288086,medium
KRO_Google_523.png,92.51683044433594,low
KRO_Google_539.png,182.1870574951172,high
KRO_Google_546.png,96.46533966064453,low
KRO_Google_554.png,88.12265014648438,low
KRO_Google_571.png,146.1673126220703,high
KRO_Google_576.png,179.6861114501953,high
KRO_Google_58.png,72.56695556640625,low
KRO_Google_616.png,111.48484802246094,medium
LSJ_Baidu_065.png,130.35296630859375,high
LSJ_Baidu_1078.png,153.6984100341797,high
LSJ_Baidu_110.png,121.33865356445312,medium
LSJ_Baidu_1140.png,157.7755889892578,high
LSJ_Baidu_1141.png,149.2432861328125,high
LSJ_Baidu_1193.png,85.70374298095703,low
LSJ_Baidu_1218.png,119.27796173095703,medium
LSJ_Baidu_1263.png,99.41271209716797,low
LSJ_Baidu_165.png,167.9733123779297,high
LSJ_Baidu_206.png,141.56719970703125,high
LSJ_Baidu_240.png,127.58235931396484,medium
LSJ_Baidu_351.png,62.38330078125,low
LSJ_Baidu_518.png,179.21823120117188,high
LSJ_Baidu_596.png,117.58434295654297,medium
LSJ_Baidu_670.png,40.15779113769531,low
LSJ_Baidu_736.png,133.5299072265625,high
LSJ_Baidu_810.png,62.720924377441406,low
LSJ_Baidu_830.png,154.6016082763672,high
LSJ_Baidu_869.png,143.3296661376953,high
LSJ_Baidu_879.png,115.12248229980469,medium
LSJ_Baidu_882.png,167.29307556152344,high
LSJ_Baidu_890.png,132.103271484375,high
LSJ_Baidu_900.png,152.64210510253906,high
LSJ_Baidu_905.png,65.69568634033203,low
LSJ_Baidu_946.png,80.40068817138672,low
LSJ_Baidu_954.png,50.25101852416992,low
LSJ_Baidu_975.png,121.56813049316406,medium
LSJ_Baidu_990.png,131.77096557617188,high
LSJ_Baidu_999.png,89.7981185913086,low
LSJ_Bing_095.png,174.80140686035156,high
LSJ_Bing_130.png,137.759765625,high
LSJ_Bing_150.png,124.85531616210938,medium
LSJ_Bing_197.png,107.74341583251953,medium
LSJ_Bing_226.png,60.394290924072266,low
LSJ_Bing_234.png,149.05523681640625,high
LSJ_Bing_267.png,145.52597045898438,high
LSJ_Bing_313.png,146.55978393554688,high
LSJ_Bing_381.png,113.9453353881836,medium
LSJ_Bing_453.png,82.73750305175781,low
LSJ_Bing_523.png,86.57020568847656,low
LSJ_Bing_552.png,160.00131225585938,high
LSJ_Google_03.png,159.01036071777344,high
LSJ_Google_232.png,108.26115417480469,medium
LSJ_Google_233.png,74.42311096191406,low
LSJ_Google_260.png,100.52583312988281,low
LZ_Baidu_059.png,57.670326232910156,low
LZ_Baidu_094.png,91.5479507446289,low
LZ_Baidu_121.png,85.04037475585938,low
LZ_Baidu_130.png,83.40831756591797,low
LZ_Baidu_159.png,107.3543472290039,medium
LZ_Baidu_173.png,137.32293701171875,high
LZ_Baidu_175.png,135.23123168945312,high
LZ_Baidu_182.png,103.01071166992188,medium
LZ_Baidu_194.png,115.77129364013672,medium
LZ_Baidu_204.png,132.50454711914062,high
LZ_Baidu_221.png,90.27642822265625,low
LZ_Baidu_230.png,113.22032165527344,medium
LZ_Bing_019.png,20.112207412719727,low
LZ_Bing_030.png,104.36844635009766,medium
LZ_Bing_044.png,73.46991729736328,low
LZ_Bing_060.png,98.07442474365234,low
LZ_Bing_070.png,108.57987213134766,medium
LZ_Bing_081.png,117.90187072753906,medium
LZ_Bing_085.png,160.75558471679688,high
LZ_Bing_088.png,90.4758529663086,low
LZ_Bing_111.png,103.01937866210938,medium
LZ_Bing_15.png,129.89849853515625,high
LZ_Bing_279.png,171.1917266845703,high
LZ_Bing_287.png,169.3948211669922,high
LZ_Bing_291.png,117.01860809326172,medium
LZ_Bing_313.png,129.69540405273438,high
LZ_Bing_323.png,120.45542907714844,medium
LZ_Bing_332.png,105.41240692138672,medium
LZ_Bing_34.png,159.9097137451172,high
LZ_Bing_349.png,99.11804962158203,low
LZ_Bing_454.png,91.88436889648438,low
LZ_Bing_573.png,129.05406188964844,high
LZ_Bing_658.png,100.48731231689453,low
LZ_Bing_813.png,130.81944274902344,high
LZ_Bing_871.png,87.53263092041016,low
LZ_Google_014.png,123.27974700927734,medium
LZ_Google_352.png,124.78163146972656,medium
LZ_Google_355.png,179.4105682373047,high
LZ_Google_411.png,73.9081802368164,low
LZ_Google_416.png,62.129940032958984,low
LZ_Google_438.png,160.06134033203125,high
MLS_Bing_019.png,89.25487518310547,low
MLS_Bing_034.png,112.48058319091797,medium
MLS_Bing_036.png,140.2969207763672,high
MLS_Bing_046.png,58.82117462158203,low
MLS_Bing_068.png,167.3923797607422,high
MLS_Bing_085.png,118.75218200683594,medium
MLS_Bing_095.png,194.48727416992188,high
MLS_Bing_108.png,82.33788299560547,low
MLS_Bing_115.png,143.7870330810547,high
MLS_Bing_118.png,154.36671447753906,high
MLS_Bing_123.png,85.49304962158203,low
MLS_Bing_130.png,149.02297973632812,high
MLS_Bing_132.png,112.37678527832031,medium
MLS_Bing_141.png,148.75421142578125,high
MLS_Bing_168.png,116.35343933105469,medium
MLS_Bing_174.png,118.65605163574219,medium
MLS_Bing_176.png,86.9248275756836,low
MLS_Bing_194.png,91.54381561279297,low
MLS_Bing_200.png,108.4674072265625,medium
MLS_Bing_215.png,187.81320190429688,high
MLS_Bing_242.png,112.63882446289062,medium
MLS_Bing_265.png,118.43502807617188,medium
MLS_Bing_326.png,149.86390686035156,high
MLS_Bing_335.png,145.61279296875,high
MLS_Bing_343.png,81.43737030029297,low
MLS_Bing_386.png,132.9016571044922,high
MLS_Bing_388.png,46.82527160644531,low
MLS_Bing_395.png,138.8379669189453,high
MLS_Bing_432.png,151.82310485839844,high
MLS_Bing_435.png,96.09446716308594,low
MLS_Bing_456.png,87.64894104003906,low
MLS_Bing_507.png,106.33431243896484,medium
MLS_Bing_517.png,100.95494079589844,low
MLS_Bing_518.png,97.89363861083984,low
MLS_Bing_550.png,126.3831787109375,medium
MLS_Bing_552.png,57.884952545166016,low
MLS_Bing_594.png,111.55455780029297,medium
MLS_Bing_600.png,94.90570831298828,low
MLS_Bing_637.png,93.3353271484375,low
MLS_Bing_667.png,51.03786087036133,low
MLS_Bing_686.png,112.75466918945312,medium
MLS_Bing_688.png,83.8287582397461,low
MLS_Bing_711.png,128.63658142089844,high
MLS_Bing_737.png,34.618709564208984,low
MLS_Bing_747.png,80.11056518554688,low
MLS_Bing_770.png,105.12162017822266,medium
MLS_Google_001.png,87.72494506835938,low
MLS_Google_010.png,182.7279510498047,high
MLS_Google_022.png,167.61590576171875,high
MLS_Google_033.png,115.8905258178711,medium
MLS_Google_036.png,140.06329345703125,high
MLS_Google_037.png,133.99530029296875,high
MLS_Google_042.png,114.25397491455078,medium
MLS_Google_059.png,137.9636993408203,high
MLS_Google_06.png,127.88743591308594,medium
MLS_Google_060.png,88.31300354003906,low
MLS_Google_068.png,96.3043212890625,low
MLS_Google_069.png,107.41736602783203,medium
MLS_Google_076.png,136.02655029296875,high
MLS_Google_078.png,101.60275268554688,low
MLS_Google_081.png,102.42247009277344,low
MLS_Google_091.png,112.3431396484375,medium
MLS_Google_105.png,91.53426361083984,low
MLS_Google_124.png,106.18736267089844,medium
MLS_Google_139.png,101.30272674560547,low
MLS_Google_142.png,142.99090576171875,high
MLS_Google_143.png,201.35743713378906,high
MLS_Google_162.png,121.26429748535156,medium
MLS_Google_163.png,139.88101196289062,high
MLS_Google_171.png,141.76800537109375,high
MLS_Google_200.png,108.26209259033203,medium
MLS_Google_201.png,156.89891052246094,high
MLS_Google_203.png,203.0774383544922,high
MLS_Google_24.png,112.79422760009766,medium
MLS_Google_253.png,141.05154418945312,high
MLS_Google_254.png,101.36650085449219,low
MLS_Google_267.png,166.69937133789062,high
MLS_Google_271.png,97.3360824584961,low
MLS_Google_303.png,109.7325439453125,medium
MLS_Google_308.png,49.56425476074219,low
MLS_Google_314.png,84.26338195800781,low
MLS_Google_322.png,138.3754119873047,high
MLS_Google_356.png,192.42013549804688,high
MLS_Google_387.png,116.49769592285156,medium
MLS_Google_392.png,122.080322265625,medium
MLS_Google_401.png,144.53741455078125,high
MLS_Google_406.png,137.09182739257812,high
MLS_Google_419.png,102.51748657226562,low
MLS_Google_443.png,126.51856231689453,medium
MLS_Google_468.png,127.71421813964844,medium
MLS_Google_489.png,93.60951232910156,low
MLS_Google_499.png,122.08375549316406,medium
MLS_Google_516.png,39.24515151977539,low
MLS_Google_573.png,134.9107666015625,high
MLS_Google_595.png,93.97483825683594,low
MLS_Google_596.png,143.4241943359375,high
MLS_Google_633.png,73.85472869873047,low
MLS_Google_634.png,122.0204086303711,medium
MLS_Google_637.png,79.40391540527344,low
MLS_Google_653.png,148.9853515625,high
MLS_Google_706.png,69.65242004394531,low
MSK_Baidu_036.png,110.44828033447266,medium
MSK_Baidu_196.png,87.44832611083984,low
MSK_Bing_035.png,81.01390075683594,low
MSK_Bing_04.png,145.1177978515625,high
MSK_Bing_044.png,133.58348083496094,high
MSK_Bing_045.png,96.87403869628906,low
MSK_Bing_047.png,145.93043518066406,high
MSK_Bing_098.png,135.6486358642578,high
MSK_Bing_100.png,42.230506896972656,low
MSK_Bing_104.png,71.7192153930664,low
MSK_Bing_119.png,131.615966796875,high
MSK_Bing_120.png,67.35893249511719,low
MSK_Bing_128.png,163.41650390625,high
MSK_Bing_136.png,91.70246124267578,low
MSK_Bing_160.png,36.73956298828125,low
MSK_Bing_168.png,78.6519546508789,low
MSK_Bing_191.png,77.82581329345703,low
MSK_Bing_212.png,102.87589263916016,medium
MSK_Bing_227.png,68.6286849975586,low
MSK_Bing_231.png,81.91480255126953,low
MSK_Bing_255.png,66.01283264160156,low
MSK_Bing_267.png,129.32936096191406,high
MSK_Bing_293.png,127.46368408203125,medium
MSK_Bing_305.png,99.7553482055664,low
MSK_Bing_314.png,50.69517517089844,low
MSK_Bing_321.png,53.47682189941406,low
MSK_Bing_327.png,110.0557632446289,medium
MSK_Bing_338.png,166.1680908203125,high
MSK_Bing_352.png,41.123748779296875,low
MSK_Bing_384.png,107.80914306640625,medium
MSK_Bing_422.png,157.11643981933594,high
MSK_Bing_423.png,177.6491241455078,high
MSK_Bing_442.png,153.87408447265625,high
MSK_Bing_445.png,136.05392456054688,high
MSK_Bing_556.png,69.58782196044922,low
MSK_Bing_610.png,97.38146209716797,low
MSK_Bing_612.png,101.73799133300781,low
MSK_Bing_616.png,127.70899200439453,medium
NW_Bing_142.png,81.10393524169922,low
NW_Bing_407.png,73.3025894165039,low
NW_Google_035.png,131.41932678222656,high
NW_Google_046.png,201.1533966064453,high
NW_Google_055.png,187.2265167236328,high
NW_Google_061.png,148.74217224121094,high
NW_Google_110.png,64.37552642822266,low
NW_Google_117.png,131.80874633789062,high
NW_Google_125.png,115.6980972290039,medium
NW_Google_136.png,88.23294067382812,low
NW_Google_142.png,112.0626449584961,medium
NW_Google_198.png,66.02322387695312,low
NW_Google_204.png,127.44432067871094,medium
NW_Google_219.png,117.87236022949219,medium
NW_Google_221.png,149.7225799560547,high
NW_Google_224.png,163.78720092773438,high
NW_Google_242.png,149.07510375976562,high
NW_Google_247.png,165.5831756591797,high
NW_Google_397.png,142.17984008789062,high
NW_Google_405.png,126.41607666015625,medium
NW_Google_603.png,119.74566650390625,medium
NW_Google_708.png,100.35701751708984,low
NW_Google_722.png,134.8929443359375,high
NW_Google_734.png,131.3289794921875,high
NY_Baidu_073.png,89.49334716796875,low
NY_Baidu_1036.png,74.56409454345703,low
NY_Baidu_1051.png,78.41093444824219,low
NY_Baidu_112.png,72.41786193847656,low
NY_Baidu_138.png,66.31558227539062,low
NY_Baidu_253.png,124.1337661743164,medium
NY_Baidu_316.png,117.64813995361328,medium
NY_Baidu_383.png,109.37474060058594,medium
NY_Baidu_486.png,130.4654083251953,high
NY_Baidu_505.png,135.34413146972656,high
NY_Baidu_538.png,153.37771606445312,high
NY_Baidu_558.png,114.69496154785156,medium
NY_Baidu_562.png,138.92794799804688,high
NY_Baidu_594.png,139.161376953125,high
NY_Baidu_649.png,113.82510375976562,medium
NY_Baidu_653.png,119.85582733154297,medium
NY_Baidu_657.png,113.53617858886719,medium
NY_Baidu_700.png,147.0398406982422,high
NY_Baidu_726.png,86.16895294189453,low
NY_Baidu_828.png,129.2516326904297,high
NY_Bing_048.png,159.4474639892578,high
NY_Bing_077.png,134.10635375976562,high
NY_Bing_110.png,121.88697052001953,medium
NY_Bing_129.png,82.6591796875,low
NY_Bing_192.png,104.1527328491211,medium
NY_Bing_29.png,71.42982482910156,low
NY_Bing_311.png,118.20125579833984,medium
NY_Bing_339.png,118.34843444824219,medium
NY_Bing_407.png,50.45126724243164,low
NY_Bing_444.png,130.6004638671875,high
NY_Google_023.png,109.7646484375,medium
NY_Google_027.png,106.62157440185547,medium
NY_Google_111.png,99.65129089355469,low
NY_Google_283.png,94.38823699951172,low
NY_Google_450.png,119.80512237548828,medium
NZL_Bing_017.png,123.33150482177734,medium
NZL_Bing_053.png,77.93074798583984,low
NZL_Bing_054.png,132.49630737304688,high
NZL_Bing_157.png,85.48576354980469,low
NZL_Bing_230.png,57.77925491333008,low
NZL_Bing_359.png,55.929039001464844,low
NZL_Bing_617.png,128.33811950683594,high
NZL_Bing_707.png,110.51109313964844,medium
NZL_Google_003.png,89.77568054199219,low
NZL_Google_012.png,103.37848663330078,medium
NZL_Google_032.png,124.4915771484375,medium
NZL_Google_064.png,115.97441101074219,medium
NZL_Google_121.png,115.08607482910156,medium
NZL_Google_164.png,144.2560577392578,high
NZL_Google_179.png,79.41810607910156,low
NZL_Google_196.png,121.76140594482422,medium
NZL_Google_209.png,84.2830810546875,low
NZL_Google_240.png,148.86427307128906,high
NZL_Google_247.png,119.85404968261719,medium
NZL_Google_275.png,110.56790924072266,medium
NZL_Google_277.png,145.60792541503906,high
NZL_Google_280.png,126.16098022460938,medium
NZL_Google_294.png,107.63899993896484,medium
NZL_Google_327.png,138.2278594970703,high
NZL_Google_357.png,92.07521057128906,low
NZL_Google_371.png,168.53758239746094,high
NZL_Google_394.png,116.7398681640625,medium
NZL_Google_416.png,90.62580871582031,low
NZL_Google_425.png,105.3757553100586,medium
NZL_Google_446.png,128.1227569580078,high
NZL_Google_447.png,178.85137939453125,high
NZL_Google_458.png,43.128910064697266,low
NZL_Google_459.png,84.26065826416016,low
NZL_Google_463.png,177.68951416015625,high
NZL_Google_464.png,106.94442749023438,medium
NZL_Google_473.png,123.94530487060547,medium
NZL_Google_474.png,60.91063690185547,low
NZL_Google_512.png,87.11066436767578,low
NZL_Google_565.png,95.41273498535156,low
NZL_Google_576.png,141.56488037109375,high
NZL_Google_609.png,83.24525451660156,low
NZL_Google_635.png,137.53575134277344,high
NZL_Google_676.png,91.04814147949219,low
NZL_Google_711.png,124.0565185546875,medium
NZL_Google_735.png,141.90794372558594,high
NZL_Google_768.png,126.33921813964844,medium
NZL_Google_791.png,105.94967651367188,medium
NZL_Google_831.png,43.34024429321289,low
OLD_Google_021.png,127.91442108154297,medium
OLD_Google_038.png,127.80947875976562,medium
OLD_Google_049.png,108.35321807861328,medium
OLD_Google_071.png,176.8408966064453,high
OLD_Google_157.png,111.75200653076172,medium
OLD_Google_158.png,121.47106170654297,medium
OLD_Google_192.png,75.30717468261719,low
OLD_Google_216.png,127.05370330810547,medium
OLD_Google_244.png,115.48291778564453,medium
OLD_Google_317.png,130.1648712158203,high
OLD_Google_344.png,67.40182495117188,low
OLD_Google_417.png,124.1839370727539,medium
OLD_Google_452.png,104.1890869140625,medium
OLD_Google_474.png,141.89508056640625,high
OLD_Google_605.png,74.46260070800781,low
PL_Bing_046.png,51.635467529296875,low
PL_Bing_114.png,147.4916229248047,high
PL_Bing_244.png,107.64215850830078,medium
PL_Google_124.png,115.34934997558594,medium
PL_Google_148.png,98.6604232788086,low
PL_Google_202.png,101.80331420898438,low
PL_Google_225.png,89.02125549316406,low
PL_Google_227.png,102.82168579101562,medium
PL_Google_313.png,139.2080841064453,high
PL_Google_350.png,129.51776123046875,high
PL_Google_368.png,145.529541015625,high
PL_Google_394.png,153.92872619628906,high
PL_Google_467.png,180.11257934570312,high
PL_Google_512.png,80.19703674316406,low
PL_Google_527.png,86.8736572265625,low
PL_Google_569.png,135.9254150390625,high
PL_Google_635.png,65.41938781738281,low
PL_Google_665.png,115.91544342041016,medium
PL_Google_753.png,137.2134552001953,high
PL_Google_756.png,98.43709564208984,low
PL_Google_839.png,103.57854461669922,medium
PL_Google_849.png,68.7079849243164,low
PL_Google_913.png,105.87356567382812,medium
QC_Baidu_00.png,120.23139953613281,medium
QC_Baidu_002.png,161.8307647705078,high
QC_Baidu_003.png,186.4793701171875,high
QC_Baidu_004.png,123.04087829589844,medium
QC_Baidu_01.png,183.26742553710938,high
QC_Baidu_012.png,142.2028045654297,high
QC_Baidu_014.png,119.61485290527344,medium
QC_Baidu_017.png,121.63276672363281,medium
QC_Baidu_024.png,110.14437103271484,medium
QC_Baidu_028.png,130.11654663085938,high
QC_Baidu_030.png,156.33726501464844,high
QC_Baidu_031.png,134.1295623779297,high
QC_Baidu_035.png,111.67228698730469,medium
QC_Baidu_043.png,119.83589935302734,medium
QC_Baidu_049.png,120.05265045166016,medium
QC_Baidu_050.png,158.69552612304688,high
QC_Baidu_080.png,93.82647705078125,low
QC_Baidu_092.png,201.37579345703125,high
QC_Baidu_233.png,94.73346710205078,low
QC_Baidu_242.png,162.22567749023438,high
QC_Baidu_289.png,154.01675415039062,high
QC_Baidu_313.png,170.3657989501953,high
QC_Baidu_33.png,124.40437316894531,medium
QC_Baidu_334.png,128.02835083007812,high
QC_Baidu_345.png,68.48783874511719,low
QC_Baidu_348.png,143.6233673095703,high
QC_Baidu_350.png,55.6588134765625,low
QC_Baidu_367.png,97.06969451904297,low
QC_Baidu_368.png,108.74224853515625,medium
QC_Baidu_375.png,106.3086929321289,medium
QC_Baidu_421.png,114.10967254638672,medium
QC_Baidu_525.png,88.17848205566406,low
QC_Baidu_526.png,96.4306411743164,low
QC_Baidu_536.png,83.72908782958984,low
QC_Baidu_544.png,131.34884643554688,high
QC_Baidu_565.png,151.37754821777344,high
QC_Baidu_572.png,82.0186767578125,low
QC_Bing_003.png,92.89187622070312,low
QC_Bing_209.png,138.72463989257812,high
QC_Bing_235.png,131.1763153076172,high
QC_Bing_236.png,67.34049224853516,low
QC_Bing_247.png,112.32451629638672,medium
QC_Bing_251.png,126.3918228149414,medium
QC_Bing_266.png,65.36787414550781,low
QC_Bing_304.png,172.01356506347656,high
QC_Bing_312.png,131.0684356689453,high
QC_Bing_34.png,124.58076477050781,medium
QC_Bing_380.png,118.31513214111328,medium
QC_Bing_445.png,82.07499694824219,low
QC_Bing_454.png,148.18011474609375,high
QC_Bing_502.png,172.69346618652344,high
QC_Bing_515.png,146.0649871826172,high
QC_Bing_528.png,179.87606811523438,high
QC_Bing_555.png,99.7910385131836,low
QC_Bing_564.png,99.48799133300781,low
QC_Bing_589.png,144.98497009277344,high
QC_Bing_602.png,133.0194549560547,high
QC_Bing_618.png,122.34294128417969,medium
QC_Bing_794.png,155.63253784179688,high
QC_Bing_812.png,121.7824935913086,medium
QC_Bing_857.png,29.39505958557129,low
QC_Bing_867.png,124.9813461303711,medium
QC_Bing_938.png,127.04376983642578,medium
QC_Google_002.png,155.0696258544922,high
QC_Google_004.png,112.26225280761719,medium
QC_Google_168.png,124.10714721679688,medium
QC_Google_223.png,133.35499572753906,high
QC_Google_257.png,86.32252502441406,low
QC_Google_314.png,163.17225646972656,high
QC_Google_324.png,58.58918762207031,low
QC_Google_372.png,154.75181579589844,high
QC_Google_432.png,138.11195373535156,high
QC_Google_474.png,113.24687957763672,medium
QC_Google_520.png,135.02883911132812,high
QC_Google_541.png,82.95638275146484,low
QC_Google_644.png,149.9827117919922,high
QC_Google_650.png,94.3819580078125,low
QC_Google_802.png,128.57254028320312,high
QD_Baidu_017.png,115.37020874023438,medium
QD_Baidu_021.png,131.81427001953125,high
QD_Baidu_036.png,51.782806396484375,low
QD_Baidu_065.png,162.7292022705078,high
QD_Baidu_071.png,104.96897888183594,medium
QD_Baidu_087.png,134.5082244873047,high
QD_Baidu_088.png,120.88786315917969,medium
QD_Baidu_091.png,131.9846649169922,high
QD_Baidu_098.png,110.24187469482422,medium
QD_Baidu_111.png,117.51127624511719,medium
QD_Baidu_118.png,118.27538299560547,medium
QD_Baidu_13.png,128.9452362060547,high
QD_Baidu_131.png,89.44632720947266,low
QD_Baidu_133.png,147.37844848632812,high
QD_Baidu_134.png,111.82999420166016,medium
QD_Baidu_139.png,58.41842269897461,low
QD_Baidu_146.png,52.88862991333008,low
QD_Baidu_149.png,160.43934631347656,high
QD_Baidu_169.png,123.75882720947266,medium
QD_Baidu_181.png,125.06434631347656,medium
QD_Baidu_182.png,130.13523864746094,high
QD_Baidu_192.png,139.26512145996094,high
QD_Baidu_245.png,156.2904815673828,high
QD_Baidu_249.png,117.63929748535156,medium
QD_Baidu_260.png,109.10860443115234,medium
QD_Baidu_274.png,93.32195281982422,low
QD_Baidu_280.png,102.16157531738281,low
QD_Baidu_282.png,114.8816146850586,medium
QD_Baidu_291.png,111.05388641357422,medium
QD_Baidu_294.png,138.1577911376953,high
QD_Baidu_302.png,100.42545318603516,low
QD_Bing_051.png,144.4502716064453,high
QD_Bing_075.png,68.25476837158203,low
QD_Bing_101.png,135.49147033691406,high
QD_Bing_109.png,129.43276977539062,high
QD_Bing_110.png,112.0050048828125,medium
QD_Bing_112.png,104.0514907836914,medium
QD_Bing_114.png,92.80387878417969,low
QD_Bing_119.png,100.594482421875,low
QD_Bing_120.png,117.94996643066406,medium
QD_Bing_124.png,131.73558044433594,high
QD_Bing_143.png,179.0836944580078,high
QD_Bing_144.png,127.95596313476562,medium
QD_Bing_165.png,146.36654663085938,high
QD_Bing_174.png,107.67924499511719,medium
QD_Bing_179.png,92.1396484375,low
QD_Bing_192.png,139.64215087890625,high
QD_Bing_200.png,125.11348724365234,medium
QD_Bing_271.png,114.51490020751953,medium
QD_Bing_313.png,99.99724578857422,low
QD_Bing_351.png,103.51355743408203,medium
QD_Bing_416.png,98.39289855957031,low
QD_Bing_439.png,43.27574157714844,low
QD_Bing_500.png,96.29593658447266,low
QD_Bing_516.png,100.72608184814453,low
QD_Bing_525.png,72.57746124267578,low
QD_Bing_533.png,46.376373291015625,low
QD_Bing_635.png,119.2610855102539,medium
QD_Bing_742.png,111.39673614501953,medium
QD_Bing_824.png,145.76419067382812,high
QD_Bing_849.png,101.31163024902344,low
QD_Bing_850.png,119.01895904541016,medium
QD_Bing_851.png,86.33638000488281,low
QD_Bing_857.png,119.14202880859375,medium
QD_Bing_860.png,135.82913208007812,high
QD_Bing_870.png,145.67958068847656,high
QD_Bing_871.png,168.52523803710938,high
QD_Bing_873.png,80.18710327148438,low
QD_Bing_878.png,100.11176300048828,low
QD_Google_019.png,148.6755828857422,high
QD_Google_043.png,87.79662322998047,low
QD_Google_045.png,149.2227020263672,high
QD_Google_073.png,146.2535858154297,high
QD_Google_080.png,77.22673797607422,low
QD_Google_095.png,123.97267150878906,medium
SFC_Bing_300.png,148.97125244140625,high
SFC_Bing_448.png,61.24260711669922,low
SFC_Google_069.png,68.5877914428711,low
SFC_Google_165.png,144.94581604003906,high
SFC_Google_178.png,118.86979675292969,medium
SFC_Google_182.png,109.63661193847656,medium
SFC_Google_197.png,114.02871704101562,medium
SFC_Google_20.png,31.67470359802246,low
SFC_Google_206.png,147.4396209716797,high
SFC_Google_209.png,114.90540313720703,medium
SFC_Google_225.png,159.3022003173828,high
SFC_Google_285.png,98.31726837158203,low
SFC_Google_305.png,102.98287200927734,medium
SFC_Google_332.png,139.8155975341797,high
SFC_Google_409.png,121.74527740478516,medium
SFC_Google_426.png,119.06019592285156,medium
SFC_Google_462.png,120.45323181152344,medium
SFC_Google_473.png,119.1235580444336,medium
SFC_Google_474.png,126.570556640625,medium
SFC_Google_481.png,178.60972595214844,high
SFC_Google_486.png,187.9180908203125,high
SFC_Google_531.png,112.75958251953125,medium
SFC_Google_668.png,188.26455688476562,high
SFC_Google_672.png,164.20535278320312,high
SFC_Google_679.png,80.24317932128906,low
SFC_Google_703.png,194.23895263671875,high
SGP_Bing_018.png,64.03055572509766,low
SGP_Bing_019.png,112.34100341796875,medium
SGP_Bing_027.png,57.0622444152832,low
SGP_Bing_035.png,105.6783218383789,medium
SGP_Bing_041.png,143.06678771972656,high
SGP_Bing_052.png,120.54271697998047,medium
SGP_Bing_072.png,141.89285278320312,high
SGP_Bing_078.png,63.38920593261719,low
SGP_Bing_080.png,102.9875717163086,medium
SGP_Bing_082.png,81.6029281616211,low
SGP_Bing_083.png,83.4361572265625,low
SGP_Bing_090.png,115.24382019042969,medium
SGP_Bing_092.png,81.8537826538086,low
SGP_Bing_097.png,150.47030639648438,high
SGP_Bing_103.png,50.39035415649414,low
SGP_Bing_109.png,45.00584411621094,low
SGP_Bing_116.png,104.10230255126953,medium
SGP_Bing_120.png,139.8848876953125,high
SGP_Bing_125.png,69.80593872070312,low
SGP_Bing_141.png,121.18302154541016,medium
SGP_Bing_148.png,63.66928482055664,low
SGP_Bing_167.png,48.26900100708008,low
SGP_Bing_171.png,184.26736450195312,high
SGP_Bing_179.png,36.977596282958984,low
SGP_Bing_181.png,105.38823699951172,medium
SGP_Bing_191.png,188.36903381347656,high
SGP_Bing_192.png,123.57563018798828,medium
SGP_Bing_196.png,160.50975036621094,high
SGP_Bing_209.png,27.614444732666016,low
SGP_Bing_225.png,154.08290100097656,high
SGP_Bing_231.png,76.44881439208984,low
SGP_Bing_264.png,128.27908325195312,high
SGP_Bing_286.png,154.10525512695312,high
SGP_Bing_295.png,183.2118682861328,high
SGP_Bing_309.png,55.51217269897461,low
SGP_Bing_414.png,66.63729858398438,low
SGP_Bing_421.png,136.25904846191406,high
SGP_Bing_445.png,72.92420959472656,low
SGP_Bing_538.png,151.6064453125,high
SGP_Bing_551.png,106.24769592285156,medium
SGP_Bing_557.png,148.91888427734375,high
SGP_Bing_562.png,148.26492309570312,high
SGP_Bing_566.png,152.3485107421875,high
SGP_Bing_572.png,99.73665618896484,low
SGP_Bing_58.png,137.12840270996094,high
SGP_Bing_583.png,130.3638153076172,high
SGP_Bing_623.png,57.1182975769043,low
SGP_Bing_628.png,63.43873977661133,low
SGP_Bing_684.png,130.87725830078125,high
SGP_Bing_695.png,97.1434555053711,low
SGP_Bing_723.png,124.09337615966797,medium
SGP_Bing_727.png,86.0406723022461,low
SGP_Google_002.png,153.0167999267578,high
SGP_Google_015.png,127.49662017822266,medium
SGP_Google_024.png,159.8368377685547,high
SGP_Google_067.png,110.78944396972656,medium
SGP_Google_073.png,154.6124267578125,high
SGP_Google_075.png,159.48284912109375,high
SGP_Google_080.png,117.33566284179688,medium
SGP_Google_092.png,43.01613235473633,low
SGP_Google_109.png,152.46505737304688,high
SGP_Google_117.png,153.21905517578125,high
SGP_Google_119.png,161.05645751953125,high
SGP_Google_127.png,135.25286865234375,high
SGP_Google_161.png,92.3300552368164,low
SGP_Google_170.png,105.8321304321289,medium
SGP_Google_21.png,127.87214660644531,medium
SGP_Google_213.png,116.82284545898438,medium
SGP_Google_214.png,92.583740234375,low
SGP_Google_223.png,127.23928833007812,medium
SGP_Google_244.png,147.58370971679688,high
SGP_Google_263.png,117.91563415527344,medium
SGP_Google_329.png,108.69883728027344,medium
SGP_Google_345.png,161.8358154296875,high
SGP_Google_389.png,87.1807632446289,low
SGP_Google_414.png,132.71929931640625,high
SGP_Google_419.png,64.59613037109375,low
SGP_Google_421.png,136.42007446289062,high
SGP_Google_429.png,135.3358612060547,high
SGP_Google_433.png,113.1304702758789,medium
SGP_Google_441.png,91.32349395751953,low
SGP_Google_450.png,122.15312194824219,medium
SGP_Google_451.png,212.24737548828125,high
SGP_Google_460.png,124.9727783203125,medium
SGP_Google_461.png,133.86366271972656,high
SGP_Google_518.png,124.8322982788086,medium
SGP_Google_558.png,127.86517333984375,medium
SGP_Google_564.png,194.49627685546875,high
SH_Baidu_01.png,148.333984375,high
SH_Baidu_011.png,128.4888458251953,high
SH_Baidu_032.png,161.13429260253906,high
SH_Baidu_040.png,196.63009643554688,high
SH_Baidu_059.png,113.07217407226562,medium
SH_Baidu_086.png,188.83090209960938,high
SH_Baidu_088.png,83.41571807861328,low
SH_Baidu_099.png,158.10162353515625,high
SH_Baidu_112.png,130.1768798828125,high
SH_Baidu_126.png,138.97030639648438,high
SH_Baidu_146.png,52.8785285949707,low
SH_Baidu_150.png,118.13993835449219,medium
SH_Baidu_161.png,124.98827362060547,medium
SH_Baidu_169.png,108.77198028564453,medium
SH_Baidu_179.png,110.33311462402344,medium
SH_Baidu_188.png,148.1669158935547,high
SH_Baidu_226.png,149.97608947753906,high
SH_Baidu_251.png,117.90892791748047,medium
SH_Baidu_252.png,127.2476806640625,medium
SH_Bing_121.png,124.71066284179688,medium
SH_Bing_123.png,74.18877410888672,low
SH_Bing_139.png,63.254756927490234,low
SH_Bing_156.png,107.45259094238281,medium
SH_Bing_203.png,89.29558563232422,low
SH_Bing_228.png,185.74659729003906,high
SH_Bing_252.png,141.27865600585938,high
SH_Bing_274.png,185.9893341064453,high
SH_Bing_279.png,101.81282806396484,low
SH_Bing_297.png,106.53118133544922,medium
SH_Bing_352.png,115.19159698486328,medium
SH_Bing_353.png,125.599365234375,medium
SH_Bing_44.png,89.26074981689453,low
SH_Bing_453.png,139.03158569335938,high
SH_Bing_455.png,109.31560516357422,medium
SH_Bing_465.png,130.17247009277344,high
SH_Bing_503.png,96.96080017089844,low
SH_Bing_523.png,166.66522216796875,high
SH_Bing_548.png,144.4373016357422,high
SH_Bing_554.png,116.87857055664062,medium
SH_Bing_721.png,137.11187744140625,high
SH_Bing_765.png,156.43788146972656,high
SH_Google_075.png,149.79934692382812,high
SH_Google_130.png,109.7308120727539,medium
SH_Google_139.png,118.904052734375,medium
SH_Google_161.png,114.50479125976562,medium
SH_Google_267.png,158.50648498535156,high
SH_Google_298.png,140.1747589111328,high
SH_Google_302.png,106.84490203857422,medium
SH_Google_353.png,59.25420379638672,low
SH_Google_383.png,86.20521545410156,low
SH_Google_411.png,86.42003631591797,low
SH_Google_413.png,118.80279541015625,medium
SH_Google_418.png,136.69827270507812,high
SH_Google_470.png,53.40456771850586,low
SH_Google_477.png,83.65314483642578,low
SH_Google_516.png,128.14697265625,high
SH_Google_53.png,63.78082275390625,low
SJZ_Baidu_003.png,134.15948486328125,high
SJZ_Baidu_011.png,108.04750061035156,medium
SJZ_Baidu_017.png,178.0175018310547,high
SJZ_Baidu_023.png,121.99974822998047,medium
SJZ_Baidu_024.png,99.00381469726562,low
SJZ_Baidu_029.png,104.66582489013672,medium
SJZ_Baidu_040.png,141.77781677246094,high
SJZ_Baidu_042.png,121.962158203125,medium
SJZ_Baidu_068.png,143.40420532226562,high
SJZ_Baidu_075.png,140.65240478515625,high
SJZ_Baidu_088.png,159.1957244873047,high
SJZ_Baidu_097.png,132.19288635253906,high
SJZ_Baidu_099.png,167.22779846191406,high
SJZ_Baidu_1074.png,78.14606475830078,low
SJZ_Baidu_1110.png,100.24396514892578,low
SJZ_Baidu_1114.png,70.87442779541016,low
SJZ_Baidu_114.png,117.990966796875,medium
SJZ_Baidu_116.png,108.83845520019531,medium
SJZ_Baidu_118.png,160.03109741210938,high
SJZ_Baidu_1195.png,59.58721160888672,low
SJZ_Baidu_120.png,112.37213897705078,medium
SJZ_Baidu_1218.png,112.5961685180664,medium
SJZ_Baidu_1231.png,98.37638092041016,low
SJZ_Baidu_125.png,88.81864166259766,low
SJZ_Baidu_127.png,112.68968200683594,medium
SJZ_Baidu_133.png,99.58634948730469,low
SJZ_Baidu_134.png,118.99259185791016,medium
SJZ_Baidu_137.png,155.38987731933594,high
SJZ_Baidu_147.png,103.9416732788086,medium
SJZ_Baidu_151.png,107.67108917236328,medium
SJZ_Baidu_159.png,100.22899627685547,low
SJZ_Baidu_164.png,152.6591033935547,high
SJZ_Baidu_172.png,164.3888397216797,high
SJZ_Baidu_177.png,109.8886947631836,medium
SJZ_Baidu_184.png,142.7674560546875,high
SJZ_Baidu_203.png,125.61185455322266,medium
SJZ_Baidu_209.png,90.90675354003906,low
SJZ_Baidu_223.png,162.83743286132812,high
SJZ_Baidu_224.png,164.33741760253906,high
SJZ_Baidu_225.png,169.50344848632812,high
SJZ_Baidu_240.png,155.13998413085938,high
SJZ_Baidu_243.png,165.7244873046875,high
SJZ_Baidu_244.png,157.95755004882812,high
SJZ_Baidu_249.png,163.6382598876953,high
SJZ_Baidu_267.png,135.15469360351562,high
SJZ_Baidu_286.png,164.7147979736328,high
SJZ_Baidu_305.png,146.06997680664062,high
SJZ_Baidu_332.png,100.47748565673828,low
SJZ_Baidu_333.png,143.8822784423828,high
SJZ_Baidu_381.png,142.301025390625,high
SJZ_Baidu_397.png,158.8642578125,high
SJZ_Baidu_406.png,97.58184051513672,low
SJZ_Baidu_418.png,115.6125259399414,medium
SJZ_Baidu_420.png,93.8630599975586,low
SJZ_Baidu_421.png,94.855712890625,low
SJZ_Baidu_451.png,99.85684967041016,low
SJZ_Baidu_475.png,104.59608459472656,medium
SJZ_Baidu_491.png,85.45291137695312,low
SJZ_Baidu_550.png,144.65293884277344,high
SJZ_Baidu_570.png,75.17611694335938,low
SJZ_Baidu_575.png,120.37614440917969,medium
SJZ_Baidu_593.png,112.87813568115234,medium
SJZ_Baidu_620.png,125.76825714111328,medium
SJZ_Baidu_688.png,130.9897918701172,high
SJZ_Baidu_716.png,76.37100982666016,low
SJZ_Baidu_730.png,126.2818374633789,medium
SJZ_Baidu_771.png,111.1010971069336,medium
SJZ_Baidu_772.png,96.33482360839844,low
SJZ_Baidu_774.png,78.49129486083984,low
SJZ_Baidu_787.png,61.90850067138672,low
SJZ_Baidu_790.png,81.23677062988281,low
SJZ_Baidu_84.png,102.428955078125,low
SJZ_Baidu_870.png,69.4718017578125,low
SJZ_Baidu_891.png,61.89576721191406,low
SJZ_Baidu_892.png,122.61629486083984,medium
SJZ_Baidu_897.png,131.69448852539062,high
SJZ_Baidu_910.png,73.13138580322266,low
SJZ_Baidu_924.png,56.39946746826172,low
SJZ_Baidu_935.png,94.24676513671875,low
SJZ_Baidu_956.png,97.2613296508789,low
SJZ_Baidu_994.png,48.93571472167969,low
SJZ_Bing_009.png,143.2587432861328,high
SJZ_Bing_025.png,135.9701385498047,high
SJZ_Bing_036.png,133.51756286621094,high
SJZ_Bing_061.png,141.81333923339844,high
SJZ_Bing_062.png,184.13656616210938,high
SJZ_Bing_082.png,73.75961303710938,low
SJZ_Bing_085.png,104.6574478149414,medium
SJZ_Bing_125.png,135.8321533203125,high
SJZ_Bing_146.png,108.02533721923828,medium
SJZ_Bing_181.png,81.3763198852539,low
SJZ_Bing_189.png,90.87770080566406,low
SJZ_Bing_196.png,65.36618041992188,low
SJZ_Bing_202.png,86.28654479980469,low
SJZ_Bing_236.png,108.30103302001953,medium
SJZ_Bing_246.png,120.27597045898438,medium
SJZ_Bing_297.png,106.34419250488281,medium
SJZ_Bing_301.png,98.13217163085938,low
SJZ_Bing_377.png,66.48904418945312,low
SJZ_Bing_387.png,163.60879516601562,high
SJZ_Bing_397.png,139.35751342773438,high
SJZ_Bing_410.png,80.91834259033203,low
SJZ_Bing_412.png,143.63919067382812,high
SJZ_Bing_461.png,135.11329650878906,high
SJZ_Bing_492.png,86.86490631103516,low
SJZ_Bing_499.png,100.47216796875,low
SJZ_Bing_556.png,114.53056335449219,medium
SJZ_Bing_570.png,69.14430236816406,low
SJZ_Bing_587.png,78.67265319824219,low
SJZ_Bing_593.png,129.1302490234375,high
SJZ_Bing_623.png,160.7703094482422,high
SJZ_Bing_666.png,76.72911071777344,low
SJZ_Bing_673.png,55.39497375488281,low
SJZ_Bing_683.png,116.36213684082031,medium
SJZ_Bing_686.png,113.64588928222656,medium
SJZ_Bing_695.png,150.7550506591797,high
SJZ_Bing_703.png,133.52806091308594,high
SJZ_Bing_704.png,105.95944213867188,medium
SJZ_Bing_716.png,118.2777328491211,medium
SJZ_Bing_752.png,62.36939239501953,low
SJZ_Bing_764.png,140.58428955078125,high
SJZ_Bing_794.png,99.36046600341797,low
SJZ_Bing_812.png,64.65697479248047,low
SJZ_Bing_819.png,155.19448852539062,high
SJZ_Bing_824.png,66.69669342041016,low
SJZ_Google_069.png,129.85733032226562,high
SJZ_Google_123.png,96.18566131591797,low
SJZ_Google_247.png,100.32768249511719,low
SJZ_Google_271.png,76.95634460449219,low
SJZ_Google_282.png,138.92868041992188,high
SJZ_Google_293.png,120.62615966796875,medium
SJZ_Google_338.png,94.53485870361328,low
SJZ_Google_339.png,151.57809448242188,high
SJZ_Google_352.png,150.380126953125,high
SJZ_Google_361.png,144.5447540283203,high
SJZ_Google_382.png,111.87238311767578,medium
SJZ_Google_400.png,122.6679916381836,medium
SJZ_Google_404.png,91.59895324707031,low
SJZ_Google_407.png,118.55653381347656,medium
SJZ_Google_412.png,133.1936492919922,high
SJZ_Google_435.png,165.1709442138672,high
SJZ_Google_452.png,158.92706298828125,high
SJZ_Google_455.png,100.22278594970703,low
SJZ_Google_501.png,126.9837646484375,medium
SJZ_Google_505.png,125.5401382446289,medium
SJZ_Google_514.png,171.61451721191406,high
SJZ_Google_525.png,159.4111785888672,high
SJZ_Google_534.png,124.40448760986328,medium
SJZ_Google_553.png,105.20952606201172,medium
SJZ_Google_56.png,84.4235610961914,low
SY_Baidu_035.png,88.5126953125,low
SY_Baidu_044.png,116.89347839355469,medium
SY_Baidu_046.png,127.93399047851562,medium
SY_Baidu_048.png,121.53328704833984,medium
SY_Baidu_055.png,106.0705337524414,medium
SY_Baidu_056.png,150.76890563964844,high
SY_Baidu_069.png,125.94821166992188,medium
SY_Baidu_073.png,133.0318603515625,high
SY_Baidu_110.png,111.3105239868164,medium
SY_Baidu_111.png,94.3803482055664,low
SY_Baidu_118.png,104.75601959228516,medium
SY_Baidu_12.png,134.58743286132812,high
SY_Baidu_128.png,100.72740936279297,low
SY_Baidu_132.png,181.9084014892578,high
SY_Baidu_137.png,109.59725189208984,medium
SY_Baidu_140.png,158.0315399169922,high
SY_Baidu_141.png,123.86527252197266,medium
SY_Baidu_148.png,121.64442443847656,medium
SY_Baidu_156.png,122.32722473144531,medium
SY_Baidu_158.png,112.31521606445312,medium
SY_Baidu_160.png,130.93563842773438,high
SY_Baidu_184.png,177.66885375976562,high
SY_Baidu_186.png,161.91146850585938,high
SY_Baidu_190.png,74.19329833984375,low
SY_Baidu_196.png,165.9170684814453,high
SY_Baidu_208.png,152.98654174804688,high
SY_Baidu_227.png,103.43373107910156,medium
SY_Baidu_25.png,120.5799560546875,medium
SY_Baidu_262.png,157.7686767578125,high
SY_Baidu_292.png,125.0291519165039,medium
SY_Baidu_295.png,94.48880004882812,low
SY_Baidu_337.png,112.1525650024414,medium
SY_Baidu_346.png,112.88297271728516,medium
SY_Baidu_367.png,141.4041748046875,high
SY_Baidu_371.png,160.32688903808594,high
SY_Baidu_374.png,141.94847106933594,high
SY_Baidu_385.png,127.2623519897461,medium
SY_Baidu_386.png,141.22862243652344,high
SY_Baidu_398.png,107.41868591308594,medium
SY_Baidu_405.png,141.89280700683594,high
SY_Baidu_412.png,104.1015625,medium
SY_Baidu_415.png,52.29981231689453,low
SY_Bing_026.png,139.4958953857422,high
SY_Bing_049.png,159.5848846435547,high
SY_Bing_062.png,161.58045959472656,high
SY_Bing_105.png,87.65560913085938,low
SY_Bing_122.png,107.9426498413086,medium
SY_Bing_123.png,93.77603149414062,low
SY_Bing_135.png,65.54000854492188,low
SY_Bing_154.png,135.22213745117188,high
SY_Bing_181.png,126.61801147460938,medium
SY_Bing_221.png,88.27924346923828,low
SY_Bing_23.png,109.83179473876953,medium
SY_Bing_336.png,110.17096710205078,medium
SY_Bing_424.png,74.51973724365234,low
SY_Bing_477.png,108.59806823730469,medium
SY_Bing_501.png,114.75728607177734,medium
SY_Bing_536.png,110.36033630371094,medium
SY_Bing_541.png,68.0518569946289,low
SY_Bing_582.png,56.995487213134766,low
SY_Bing_648.png,107.00270080566406,medium
SY_Bing_688.png,95.4343490600586,low
SY_Bing_696.png,97.08708190917969,low
SY_Google_120.png,83.74784088134766,low
SY_Google_125.png,128.8548583984375,high
SY_Google_151.png,107.5056381225586,medium
SY_Google_177.png,119.1052474975586,medium
SY_Google_189.png,93.19947814941406,low
SY_Google_259.png,143.3541259765625,high
SY_Google_260.png,97.42145538330078,low
SY_Google_299.png,46.20697021484375,low
SY_Google_314.png,111.97088623046875,medium
SY_Google_321.png,126.2525863647461,medium
SY_Google_338.png,116.2435531616211,medium
SY_Google_363.png,33.75699996948242,low
SY_Google_368.png,113.58211517333984,medium
SY_Google_387.png,157.09304809570312,high
SY_Google_391.png,188.32484436035156,high
SY_Google_398.png,139.13333129882812,high
SY_Google_428.png,118.38201904296875,medium
SY_Google_44.png,130.5978240966797,high
SY_Google_444.png,170.50180053710938,high
SY_Google_475.png,125.09158325195312,medium
SY_Google_51.png,107.2105484008789,medium
SY_Google_514.png,91.1274185180664,low
SY_Google_525.png,111.38833618164062,medium
SY_Google_532.png,137.13760375976562,high
TJ_Baidu_034.png,125.11465454101562,medium
TJ_Baidu_037.png,110.05328369140625,medium
TJ_Baidu_074.png,179.96092224121094,high
TJ_Baidu_077.png,139.2914581298828,high
TJ_Baidu_1012.png,105.99143981933594,medium
TJ_Baidu_1032.png,70.71534729003906,low
TJ_Baidu_108.png,183.30567932128906,high
TJ_Baidu_1116.png,98.01034545898438,low
TJ_Baidu_1152.png,106.12313079833984,medium
TJ_Baidu_1200.png,77.22586822509766,low
TJ_Baidu_128.png,82.6114273071289,low
TJ_Baidu_13.png,136.15621948242188,high
TJ_Baidu_132.png,99.63015747070312,low
TJ_Baidu_150.png,137.25344848632812,high
TJ_Baidu_175.png,44.91091537475586,low
TJ_Baidu_19.png,108.68022918701172,medium
TJ_Baidu_202.png,98.1471939086914,low
TJ_Baidu_225.png,50.716617584228516,low
TJ_Baidu_227.png,130.2685089111328,high
TJ_Baidu_232.png,136.08229064941406,high
TJ_Baidu_254.png,111.84333801269531,medium
TJ_Baidu_297.png,118.42948150634766,medium
TJ_Baidu_302.png,162.72293090820312,high
TJ_Baidu_315.png,108.09974670410156,medium
TJ_Baidu_320.png,114.87240600585938,medium
TJ_Baidu_362.png,115.39754486083984,medium
TJ_Baidu_368.png,144.51551818847656,high
TJ_Baidu_372.png,132.366455078125,high
TJ_Baidu_387.png,116.68313598632812,medium
TJ_Baidu_398.png,104.17516326904297,medium
TJ_Baidu_408.png,100.10913848876953,low
TJ_Baidu_419.png,119.52667999267578,medium
TJ_Baidu_464.png,125.55683898925781,medium
TJ_Baidu_487.png,141.4203338623047,high
TJ_Baidu_488.png,133.43624877929688,high
TJ_Baidu_505.png,188.6034393310547,high
TJ_Baidu_519.png,159.49490356445312,high
TJ_Baidu_522.png,123.33969116210938,medium
TJ_Baidu_523.png,109.0467529296875,medium
TJ_Baidu_524.png,98.17057037353516,low
TJ_Baidu_525.png,74.18160247802734,low
TJ_Baidu_526.png,86.73135375976562,low
TJ_Baidu_534.png,147.3313751220703,high
TJ_Baidu_547.png,117.46598052978516,medium
TJ_Baidu_559.png,82.95198822021484,low
TJ_Baidu_567.png,112.9632797241211,medium
TJ_Baidu_583.png,134.69764709472656,high
TJ_Baidu_711.png,131.68051147460938,high
TJ_Baidu_811.png,69.02653503417969,low
TJ_Baidu_813.png,74.02591705322266,low
TJ_Baidu_843.png,82.48915100097656,low
TJ_Baidu_900.png,38.880271911621094,low
TJ_Baidu_944.png,108.53087615966797,medium
TJ_Bing_005.png,140.6956329345703,high
TJ_Bing_066.png,204.28688049316406,high
TJ_Bing_166.png,80.01020050048828,low
TJ_Bing_326.png,114.5838623046875,medium
TJ_Bing_338.png,124.08822631835938,medium
TJ_Bing_339.png,143.75131225585938,high
TJ_Bing_343.png,137.3323974609375,high
TJ_Bing_349.png,126.4385757446289,medium
TJ_Bing_495.png,143.04583740234375,high
TJ_Bing_563.png,49.14236068725586,low
TJ_Bing_659.png,122.89320373535156,medium
TJ_Bing_697.png,117.10212707519531,medium
TJ_Google_034.png,150.23304748535156,high
TJ_Google_272.png,79.95021057128906,low
TJ_Google_321.png,113.14385986328125,medium
TJ_Google_333.png,145.8881072998047,high
TJ_Google_336.png,142.4048309326172,high
TJ_Google_390.png,50.00706100463867,low
TJ_Google_395.png,111.92012023925781,medium
TJ_Google_411.png,149.93946838378906,high
TJ_Google_505.png,61.449520111083984,low
TJ_Google_511.png,121.5931167602539,medium
TJ_Google_649.png,120.03395080566406,medium
TJ_Google_688.png,112.16779327392578,medium
TJ_Google_707.png,76.515625,low
TJ_Google_708.png,119.97357940673828,medium
TKO_Bing_479.png,135.08120727539062,high
TKO_Bing_519.png,150.07240295410156,high
TKO_Bing_657.png,26.015605926513672,low
TKO_Google_183.png,119.55048370361328,medium
TKO_Google_474.png,173.94180297851562,high
TKO_Google_600.png,139.2074432373047,high
TKO_Google_628.png,136.5429229736328,high
TKO_Google_693.png,157.54873657226562,high
TKO_Google_734.png,157.1851043701172,high
TKO_Google_805.png,173.39942932128906,high
TKO_Google_824.png,97.46307373046875,low
TS_Baidu_006.png,102.0640869140625,low
TS_Baidu_025.png,121.86502075195312,medium
TS_Baidu_026.png,147.8208770751953,high
TS_Baidu_039.png,110.67244720458984,medium
TS_Baidu_046.png,108.04478454589844,medium
TS_Baidu_1111.png,128.33311462402344,high
TS_Baidu_1134.png,125.97760009765625,medium
TS_Baidu_114.png,111.96607208251953,medium
TS_Baidu_1258.png,102.05613708496094,low
TS_Baidu_160.png,107.2818374633789,medium
TS_Baidu_188.png,96.31591796875,low
TS_Baidu_195.png,57.030738830566406,low
TS_Baidu_226.png,115.87784576416016,medium
TS_Baidu_351.png,130.03952026367188,high
TS_Baidu_355.png,144.59654235839844,high
TS_Baidu_374.png,124.12088775634766,medium
TS_Baidu_422.png,121.12421417236328,medium
TS_Baidu_440.png,149.33021545410156,high
TS_Baidu_463.png,140.43084716796875,high
TS_Baidu_480.png,103.87500762939453,medium
TS_Baidu_486.png,144.00515747070312,high
TS_Baidu_504.png,189.79473876953125,high
TS_Baidu_506.png,130.677734375,high
TS_Baidu_514.png,136.4440460205078,high
TS_Baidu_550.png,128.37599182128906,high
TS_Baidu_625.png,136.5369873046875,high
TS_Baidu_669.png,143.25294494628906,high
TS_Baidu_816.png,61.76036834716797,low
TS_Baidu_848.png,92.59774017333984,low
TS_Baidu_906.png,113.01764678955078,medium
TS_Bing_022.png,138.06246948242188,high
TS_Bing_262.png,76.9462890625,low
TS_Bing_300.png,121.98657989501953,medium
TS_Bing_304.png,93.89986419677734,low
TS_Bing_318.png,114.1873550415039,medium
TS_Bing_355.png,123.24012756347656,medium
TS_Bing_541.png,96.20936584472656,low
TS_Bing_57.png,64.095947265625,low
TS_Bing_62.png,121.50312042236328,medium
TS_Bing_622.png,122.60965728759766,medium
TS_Bing_632.png,99.89875793457031,low
TS_Bing_643.png,51.39890670776367,low
TS_Bing_686.png,72.2102279663086,low
TS_Bing_697.png,108.1293716430664,medium
TS_Bing_702.png,109.11604309082031,medium
TS_Google_013.png,134.66555786132812,high
TS_Google_039.png,152.7073211669922,high
TS_Google_153.png,142.4384307861328,high
TS_Google_191.png,132.19447326660156,high
TS_Google_198.png,117.26597595214844,medium
TS_Google_400.png,142.33888244628906,high
TS_Google_409.png,146.80514526367188,high
TS_Google_429.png,109.28563690185547,medium
TS_Google_463.png,146.27151489257812,high
TS_Google_519.png,109.1801528930664,medium
TS_Google_527.png,117.8378677368164,medium
TS_Google_529.png,52.87750244140625,low
TS_Google_549.png,49.05061721801758,low
TS_Google_579.png,79.1302261352539,low
TS_Google_623.png,70.18780517578125,low
WST_Bing_521.png,87.34956359863281,low
WST_Google_074.png,83.08702850341797,low
WST_Google_167.png,91.41371154785156,low
WST_Google_197.png,103.87297058105469,medium
WST_Google_203.png,103.12942504882812,medium
WST_Google_276.png,76.0431900024414,low
WST_Google_354.png,112.25082397460938,medium
WST_Google_405.png,81.57601165771484,low
WST_Google_452.png,160.88714599609375,high
WST_Google_455.png,116.99685668945312,medium
WST_Google_504.png,146.65122985839844,high
WST_Google_54.png,116.17182922363281,medium
WST_Google_547.png,223.27474975585938,high
WST_Google_599.png,150.7223663330078,high
WST_Google_710.png,78.39366149902344,low
WST_Google_741.png,143.9107208251953,high
WST_Google_759.png,92.91927337646484,low
WST_Google_836.png,130.08743286132812,high
XA_Baidu_014.png,133.59222412109375,high
XA_Baidu_021.png,118.5840835571289,medium
XA_Baidu_034.png,74.53173828125,low
XA_Baidu_037.png,104.53240203857422,medium
XA_Baidu_038.png,182.0452423095703,high
XA_Baidu_043.png,131.033203125,high
XA_Baidu_05.png,153.3284912109375,high
XA_Baidu_069.png,155.73887634277344,high
XA_Baidu_127.png,109.88922119140625,medium
XA_Baidu_152.png,77.46682739257812,low
XA_Baidu_180.png,102.77558135986328,medium
XA_Baidu_208.png,89.02984619140625,low
XA_Baidu_209.png,144.23458862304688,high
XA_Baidu_251.png,131.54795837402344,high
XA_Baidu_270.png,102.94165802001953,medium
XA_Baidu_342.png,110.54558563232422,medium
XA_Baidu_359.png,95.0277099609375,low
XA_Bing_070.png,138.03741455078125,high
XA_Bing_087.png,69.46656036376953,low
XA_Bing_090.png,91.09712219238281,low
XA_Bing_104.png,42.449981689453125,low
XA_Bing_120.png,97.99484252929688,low
XA_Bing_170.png,90.84628295898438,low
XA_Bing_178.png,111.1747817993164,medium
XA_Bing_194.png,62.579933166503906,low
XA_Bing_204.png,103.74053192138672,medium
XA_Bing_257.png,130.4185028076172,high
XA_Bing_260.png,116.27571868896484,medium
XA_Bing_264.png,119.45748138427734,medium
XA_Bing_282.png,87.19216918945312,low
XA_Bing_288.png,157.00381469726562,high
XA_Bing_298.png,114.67355346679688,medium
XA_Bing_304.png,58.32099151611328,low
XA_Bing_321.png,99.4377670288086,low
XA_Bing_387.png,102.78136444091797,medium
XA_Bing_394.png,75.23259735107422,low
XA_Bing_471.png,58.58418273925781,low
XA_Bing_733.png,74.3511734008789,low
XA_Bing_734.png,87.65564727783203,low
XA_Bing_767.png,95.67411804199219,low
XA_Bing_800.png,99.84361267089844,low
XA_Google_033.png,131.2445068359375,high
XA_Google_040.png,109.4465560913086,medium
XA_Google_082.png,112.5761947631836,medium
XA_Google_121.png,108.56566619873047,medium
XA_Google_125.png,102.78379821777344,medium
XA_Google_147.png,138.1020965576172,high
XA_Google_163.png,94.28558349609375,low
XA_Google_173.png,53.93172836303711,low
XA_Google_378.png,87.93949890136719,low
XA_Google_381.png,41.718936920166016,low
XA_Google_391.png,125.92912292480469,medium
XA_Google_431.png,91.1700668334961,low
XA_Google_475.png,139.81492614746094,high
XA_Google_481.png,168.26210021972656,high
XA_Google_586.png,63.85087585449219,low
XA_Google_619.png,84.40263366699219,low
XA_Google_625.png,104.90576171875,medium
XG_Baidu_017.png,116.59957122802734,medium
XG_Baidu_018.png,91.62495422363281,low
XG_Baidu_050.png,121.80799865722656,medium
XG_Baidu_053.png,143.31698608398438,high
XG_Baidu_1116.png,150.81887817382812,high
XG_Baidu_1228.png,149.58758544921875,high
XG_Baidu_175.png,93.97671508789062,low
XG_Baidu_248.png,151.97743225097656,high
XG_Baidu_328.png,103.62212371826172,medium
XG_Baidu_409.png,162.66990661621094,high
XG_Baidu_511.png,173.88267517089844,high
XG_Baidu_548.png,109.80558013916016,medium
XG_Baidu_575.png,142.26611328125,high
XG_Baidu_627.png,107.14862823486328,medium
XG_Baidu_634.png,171.96131896972656,high
XG_Baidu_829.png,125.35835266113281,medium
XG_Baidu_981.png,118.47807312011719,medium
XG_Bing_106.png,83.24638366699219,low
XG_Bing_135.png,132.04180908203125,high
XG_Bing_140.png,114.49261474609375,medium
XG_Bing_176.png,162.7412872314453,high
XG_Bing_198.png,103.63516998291016,medium
XG_Bing_346.png,157.08792114257812,high
XG_Bing_412.png,143.38417053222656,high
XG_Bing_419.png,120.55697631835938,medium
XG_Bing_497.png,88.8484115600586,low
XG_Bing_529.png,115.48338317871094,medium
XG_Bing_582.png,143.66712951660156,high
XG_Bing_679.png,159.66490173339844,high
XG_Google_308.png,145.81517028808594,high
XG_Google_528.png,83.15870666503906,low
XG_Google_591.png,129.8612518310547,high
XG_Google_633.png,93.13761138916016,low
XG_Google_646.png,122.11576843261719,medium
XG_Google_648.png,125.32485961914062,medium
XG_Google_687.png,120.43624114990234,medium
XG_Google_688.png,125.87336730957031,medium
XR_Baidu_001.png,105.00508880615234,medium
XR_Baidu_002.png,135.68991088867188,high
XR_Baidu_006.png,133.44676208496094,high
XR_Baidu_007.png,70.99931335449219,low
XR_Baidu_012.png,117.79385375976562,medium
XR_Baidu_014.png,111.99313354492188,medium
XR_Baidu_015.png,109.40766143798828,medium
XR_Baidu_016.png,92.23533630371094,low
XR_Baidu_017.png,129.49940490722656,high
XR_Baidu_019.png,119.56401062011719,medium
XR_Baidu_020.png,160.20851135253906,high
XR_Baidu_023.png,127.13853454589844,medium
XR_Baidu_024.png,152.57620239257812,high
XR_Baidu_027.png,92.6810073852539,low
XR_Baidu_030.png,137.3211212158203,high
XR_Baidu_037.png,113.6374282836914,medium
XR_Baidu_040.png,135.86622619628906,high
XR_Baidu_043.png,68.57005310058594,low
XR_Baidu_047.png,84.42414093017578,low
XR_Baidu_057.png,176.08697509765625,high
XR_Baidu_058.png,150.03619384765625,high
XR_Baidu_061.png,131.23765563964844,high
XR_Baidu_062.png,173.52474975585938,high
XR_Baidu_067.png,137.5231475830078,high
XR_Baidu_068.png,30.702909469604492,low
XR_Baidu_069.png,112.01414489746094,medium
XR_Baidu_071.png,165.1979522705078,high
XR_Baidu_073.png,148.25611877441406,high
XR_Baidu_081.png,115.55307006835938,medium
XR_Baidu_086.png,154.7003173828125,high
XR_Baidu_096.png,82.27714538574219,low
XR_Baidu_103.png,50.50032424926758,low
XR_Baidu_104.png,181.41635131835938,high
XR_Baidu_109.png,99.54578399658203,low
XR_Baidu_113.png,153.33660888671875,high
XR_Baidu_120.png,68.98356628417969,low
XR_Baidu_122.png,65.24614715576172,low
XR_Baidu_127.png,90.17044830322266,low
XR_Baidu_131.png,44.51264190673828,low
XR_Baidu_132.png,76.57549285888672,low
XR_Baidu_134.png,86.1527328491211,low
XR_Baidu_157.png,85.78250122070312,low
XR_Baidu_164.png,103.55801391601562,medium
XR_Baidu_182.png,70.36742401123047,low
XR_Baidu_189.png,145.5269775390625,high
XR_Baidu_193.png,150.0019073486328,high
XR_Baidu_219.png,131.91812133789062,high
XR_Baidu_221.png,138.8075714111328,high
XR_Baidu_229.png,112.1748275756836,medium
XR_Baidu_236.png,152.53404235839844,high
XR_Baidu_238.png,95.93416595458984,low
XR_Baidu_245.png,144.29835510253906,high
XR_Baidu_247.png,131.1683807373047,high
XR_Baidu_255.png,106.5004653930664,medium
XR_Baidu_262.png,90.45925903320312,low
XR_Baidu_263.png,95.03162384033203,low
XR_Baidu_264.png,86.8750991821289,low
XR_Baidu_269.png,151.89845275878906,high
XR_Baidu_270.png,162.661865234375,high
XR_Baidu_272.png,93.04764556884766,low
XR_Baidu_276.png,136.22288513183594,high
XR_Baidu_278.png,136.9274444580078,high
XR_Baidu_279.png,111.23751068115234,medium
XR_Baidu_294.png,125.71317291259766,medium
XR_Baidu_295.png,104.79335021972656,medium
XR_Baidu_299.png,149.0396728515625,high
XR_Baidu_301.png,150.8943328857422,high
XR_Baidu_315.png,141.00120544433594,high
XR_Baidu_358.png,124.98419952392578,medium
XR_Baidu_365.png,152.34312438964844,high
XR_Baidu_375.png,146.7976837158203,high
XR_Baidu_377.png,83.94271087646484,low
XR_Baidu_378.png,143.986328125,high
XR_Baidu_380.png,101.39238739013672,low
XR_Baidu_395.png,128.4738006591797,high
XR_Baidu_398.png,160.86183166503906,high
XR_Baidu_402.png,185.71495056152344,high
XR_Baidu_404.png,111.70425415039062,medium
XR_Baidu_406.png,91.39599609375,low
XR_Baidu_415.png,138.38021850585938,high
XR_Baidu_431.png,101.51364135742188,low
XR_Baidu_45.png,140.52183532714844,high
XR_Baidu_460.png,143.0223388671875,high
XR_Baidu_462.png,169.28335571289062,high
XR_Baidu_466.png,85.57335662841797,low
XR_Baidu_471.png,152.47024536132812,high
XR_Baidu_479.png,150.4120635986328,high
XR_Baidu_482.png,147.57362365722656,high
XR_Baidu_499.png,104.52594757080078,medium
XR_Bing_010.png,135.49659729003906,high
XR_Bing_024.png,75.06706237792969,low
XR_Bing_025.png,106.55757141113281,medium
XR_Bing_033.png,139.15786743164062,high
XR_Bing_058.png,151.85604858398438,high
XR_Bing_126.png,101.72578430175781,low
XR_Bing_138.png,135.85789489746094,high
XR_Bing_146.png,53.8923454284668,low
XR_Bing_164.png,84.9832763671875,low
XR_Bing_174.png,86.48493194580078,low
XR_Bing_182.png,73.75396728515625,low
XR_Bing_198.png,118.3572769165039,medium
XR_Bing_211.png,99.71115112304688,low
XR_Bing_216.png,70.4424819946289,low
XR_Bing_221.png,91.29393768310547,low
XR_Bing_228.png,54.17776870727539,low
XR_Bing_240.png,65.49124145507812,low
XR_Bing_254.png,22.705615997314453,low
XR_Bing_257.png,114.9037094116211,medium
XR_Bing_261.png,90.1694107055664,low
XR_Bing_264.png,158.64443969726562,high
XR_Bing_289.png,93.10590362548828,low
XR_Bing_346.png,140.64532470703125,high
XR_Bing_347.png,175.04661560058594,high
XR_Bing_348.png,94.23324584960938,low
XR_Bing_362.png,107.23561096191406,medium
XR_Bing_381.png,148.99798583984375,high
XR_Bing_385.png,113.3118896484375,medium
XR_Bing_40.png,71.48204040527344,low
XR_Bing_444.png,115.36595153808594,medium
XR_Bing_45.png,68.46919250488281,low
XR_Bing_463.png,34.19477081298828,low
XR_Bing_475.png,44.22037124633789,low
XR_Bing_495.png,62.787628173828125,low
XR_Bing_497.png,74.4143295288086,low
XR_Bing_499.png,118.68244934082031,medium
XR_Bing_500.png,124.90721130371094,medium
XR_Bing_590.png,82.4183578491211,low
XR_Bing_593.png,145.11175537109375,high
XR_Bing_604.png,57.14800262451172,low
XR_Bing_632.png,125.57237243652344,medium
XR_Bing_637.png,66.17010498046875,low
XR_Bing_638.png,42.85369110107422,low
XR_Bing_640.png,128.63832092285156,high
XR_Bing_682.png,47.81123733520508,low
XR_Bing_698.png,162.5118865966797,high
XR_Bing_731.png,76.81629180908203,low
XR_Bing_740.png,144.4663543701172,high
XR_Bing_756.png,87.91326904296875,low
XR_Bing_760.png,167.3793182373047,high
XR_Bing_768.png,75.10777282714844,low
XR_Bing_774.png,83.81451416015625,low
XR_Bing_775.png,71.57588195800781,low
XR_Bing_790.png,132.22190856933594,high
XR_Bing_802.png,80.68611907958984,low
XR_Bing_804.png,154.6656036376953,high
XR_Bing_818.png,190.90530395507812,high
XR_Bing_820.png,39.77582931518555,low
XR_Google_000.png,108.9235610961914,medium
XR_Google_022.png,122.46478271484375,medium
XR_Google_064.png,99.51649475097656,low
XR_Google_067.png,149.55999755859375,high
XR_Google_088.png,98.15972900390625,low
XR_Google_095.png,102.80458068847656,medium
XR_Google_102.png,71.67530822753906,low
XR_Google_105.png,114.67943572998047,medium
XR_Google_110.png,87.61224365234375,low
XR_Google_124.png,86.5782470703125,low
XR_Google_127.png,91.2684326171875,low
XR_Google_137.png,173.6154327392578,high
XR_Google_142.png,41.88344192504883,low
XR_Google_143.png,83.81104278564453,low
XR_Google_146.png,91.5809326171875,low
XR_Google_180.png,127.79906463623047,medium
XR_Google_183.png,111.48634338378906,medium
XR_Google_187.png,145.28814697265625,high
XR_Google_228.png,119.28876495361328,medium
XR_Google_243.png,129.57296752929688,high
XR_Google_252.png,100.39498901367188,low
XR_Google_263.png,133.36843872070312,high
XR_Google_275.png,69.2901382446289,low
XR_Google_276.png,73.10820007324219,low
XR_Google_284.png,122.61338806152344,medium
XR_Google_293.png,69.3939437866211,low
XR_Google_311.png,141.09683227539062,high
XR_Google_313.png,106.87418365478516,medium
XR_Google_331.png,93.91292572021484,low
XR_Google_338.png,59.88908767700195,low
XR_Google_34.png,93.2282485961914,low
XR_Google_341.png,54.63125991821289,low
XR_Google_355.png,207.53875732421875,high
XR_Google_371.png,104.68480682373047,medium
XR_Google_377.png,79.66960906982422,low
XR_Google_403.png,27.121780395507812,low
XR_Google_404.png,120.47150421142578,medium
XR_Google_411.png,80.6419448852539,low
XR_Google_416.png,104.71894073486328,medium
XR_Google_427.png,70.21056365966797,low
XR_Google_436.png,109.4813232421875,medium
XR_Google_494.png,167.81459045410156,high
XR_Google_502.png,130.1222381591797,high
XR_Google_504.png,149.89170837402344,high
XR_Google_515.png,54.303401947021484,low
XR_Google_529.png,84.10811614990234,low
XR_Google_537.png,97.27664947509766,low
XR_Google_538.png,99.6410903930664,low
XR_Google_573.png,103.30999755859375,medium
XR_Google_581.png,111.55819702148438,medium
XR_Google_583.png,105.46408081054688,medium
XR_Google_626.png,129.2176513671875,high
XR_Google_633.png,86.46702575683594,low
XR_Google_638.png,42.476768493652344,low
XR_Google_659.png,77.87057495117188,low
XR_Google_689.png,126.97509002685547,medium
XR_Google_691.png,124.92686462402344,medium
XR_Google_721.png,134.60458374023438,high
XYT_Baidu_073.png,129.15626525878906,high
XYT_Baidu_074.png,142.242431640625,high
XYT_Baidu_104.png,109.4029541015625,medium
XYT_Baidu_309.png,71.75946807861328,low
XYT_Google_569.png,76.99443054199219,low
XYT_Google_617.png,152.17422485351562,high
YC_Baidu_027.png,104.1692123413086,medium
YC_Baidu_042.png,125.38502502441406,medium
YC_Baidu_052.png,142.64541625976562,high
YC_Baidu_084.png,102.41986083984375,low
YC_Baidu_108.png,153.0859832763672,high
YC_Baidu_137.png,141.21621704101562,high
YC_Baidu_140.png,89.06328582763672,low
YC_Baidu_201.png,53.09788131713867,low
YC_Bing_000.png,48.65233612060547,low
YC_Bing_237.png,91.35851287841797,low
YC_Bing_246.png,96.94233703613281,low
YC_Bing_311.png,63.950538635253906,low
YC_Bing_317.png,128.74600219726562,high
YC_Bing_721.png,116.79517364501953,medium
YC_Bing_731.png,96.15674591064453,low
YC_Google_062.png,118.4411392211914,medium
YC_Google_063.png,110.70369720458984,medium
YC_Google_594.png,122.72256469726562,medium
YC_Google_633.png,92.15576934814453,low
YC_Google_758.png,82.86311340332031,low
YD_Baidu_00.png,130.82467651367188,high
YD_Baidu_015.png,143.18447875976562,high
YD_Baidu_026.png,77.6713638305664,low
YD_Baidu_029.png,93.5744857788086,low
YD_Baidu_030.png,104.27909851074219,medium
YD_Baidu_037.png,76.96540069580078,low
YD_Baidu_039.png,132.49948120117188,high
YD_Baidu_040.png,117.70443725585938,medium
YD_Baidu_051.png,93.3189926147461,low
YD_Baidu_053.png,177.48513793945312,high
YD_Baidu_055.png,101.96166229248047,low
YD_Baidu_058.png,138.7314453125,high
YD_Baidu_059.png,89.95272827148438,low
YD_Baidu_068.png,87.40980529785156,low
YD_Baidu_069.png,93.31488800048828,low
YD_Baidu_070.png,17.478042602539062,low
YD_Baidu_073.png,117.71241760253906,medium
YD_Baidu_074.png,119.62197875976562,medium
YD_Baidu_082.png,133.11349487304688,high
YD_Baidu_087.png,119.68238067626953,medium
YD_Baidu_099.png,88.01053619384766,low
YD_Baidu_171.png,99.00447845458984,low
YD_Baidu_183.png,218.41661071777344,high
YD_Baidu_201.png,125.73091125488281,medium
YD_Baidu_214.png,104.33023834228516,medium
YD_Baidu_300.png,132.1040496826172,high
YD_Bing_022.png,100.75082397460938,low
YD_Bing_038.png,94.86785125732422,low
YD_Bing_086.png,125.10506439208984,medium
YD_Bing_11.png,173.15853881835938,high
YD_Bing_212.png,134.55416870117188,high
YD_Bing_213.png,86.37661743164062,low
YD_Bing_243.png,81.8645248413086,low
YD_Bing_258.png,115.60697174072266,medium
YD_Bing_290.png,106.87583923339844,medium
YD_Bing_351.png,110.63815307617188,medium
YD_Bing_428.png,108.25090026855469,medium
YD_Bing_429.png,111.70281982421875,medium
YD_Bing_547.png,151.625,high
YD_Bing_568.png,120.87015533447266,medium
YD_Bing_580.png,157.64767456054688,high
YD_Bing_688.png,91.51026916503906,low
YD_Bing_694.png,112.96907043457031,medium
YD_Google_015.png,93.29447937011719,low
YD_Google_017.png,151.6858367919922,high
YD_Google_020.png,148.98141479492188,high
YD_Google_032.png,116.81976318359375,medium
YD_Google_056.png,74.92146301269531,low
YD_Google_09.png,93.15734100341797,low
YD_Google_108.png,157.64227294921875,high
YD_Google_133.png,155.55670166015625,high
YD_Google_136.png,118.97845458984375,medium
YD_Google_140.png,146.5684356689453,high
YD_Google_255.png,117.5685806274414,medium
YD_Google_281.png,73.11710357666016,low
YD_Google_297.png,109.08003234863281,medium
YD_Google_322.png,140.046875,high
YD_Google_376.png,92.43321990966797,low
YD_Google_447.png,120.27965545654297,medium
YSM_Bing_204.png,158.16038513183594,high
YSM_Bing_239.png,112.60540008544922,medium
YSM_Bing_478.png,89.8264389038086,low
YSM_Google_146.png,130.24307250976562,high
YSM_Google_149.png,165.9561767578125,high
YSM_Google_405.png,99.7509994506836,low
YSM_Google_515.png,82.60266876220703,low
YSM_Google_54.png,132.46490478515625,high
YSM_Google_543.png,17.921123504638672,low
YSM_Google_553.png,107.24403381347656,medium
YSM_Google_602.png,152.88478088378906,high
YSM_Google_639.png,71.02920532226562,low
YSM_Google_665.png,97.0544662475586,low
YSM_Google_743.png,113.67767333984375,medium
YST_Bing_105.png,50.986419677734375,low
YST_Bing_667.png,102.58173370361328,low
YST_Bing_753.png,69.73475646972656,low
YST_Bing_775.png,125.84109497070312,medium
YST_Google_245.png,210.24551391601562,high
YST_Google_810.png,26.513286590576172,low
YST_Google_891.png,68.78375244140625,low
YT_Baidu_062.png,88.29571533203125,low
YT_Baidu_135.png,71.83997344970703,low
YT_Bing_014.png,140.35394287109375,high
YT_Bing_065.png,85.4266357421875,low
YT_Bing_097.png,135.70309448242188,high
YT_Bing_115.png,119.63433074951172,medium
YT_Bing_194.png,101.67029571533203,low
YT_Bing_195.png,77.64515686035156,low
YT_Bing_43.png,131.18231201171875,high
YT_Bing_547.png,110.05742645263672,medium
YT_Bing_586.png,106.80125427246094,medium
YT_Bing_665.png,108.37860107421875,medium
YT_Bing_691.png,124.87181091308594,medium
YT_Bing_726.png,125.24063873291016,medium
YT_Bing_739.png,172.23301696777344,high
YT_Google_043.png,152.64022827148438,high
YT_Google_057.png,144.74122619628906,high
YT_Google_101.png,155.84323120117188,high
YT_Google_296.png,67.58927917480469,low
YT_Google_298.png,79.92562103271484,low
YT_Google_881.png,174.73439025878906,high
YT_Google_917.png,77.74678802490234,low
hv10_1.png,79.79688262939453,low
hv10_122.png,82.87714385986328,low
hv10_193.png,80.69564819335938,low
hv10_34.png,85.71061706542969,low
hv10_526.png,70.29241180419922,low
hv10_718.png,81.94440460205078,low
hv10_9.png,89.60343933105469,low
hv11_1.png,95.7540054321289,low
hv11_114.png,132.47914123535156,high
hv11_193.png,137.849365234375,high
hv11_204.png,132.5520782470703,high
hv11_206.png,133.60464477539062,high
hv11_266.png,145.8602294921875,high
hv11_270.png,147.4390869140625,high
hv11_286.png,146.35560607910156,high
hv11_315.png,126.29315948486328,medium
hv11_354.png,111.36126708984375,medium
hv11_397.png,111.14229583740234,medium
hv11_406.png,113.70577239990234,medium
hv11_42.png,132.51019287109375,high
hv11_435.png,111.9122543334961,medium
hv11_442.png,115.02677917480469,medium
hv11_475.png,122.28546905517578,medium
hv11_498.png,126.32125854492188,medium
hv11_528.png,125.14981079101562,medium
hv11_529.png,122.38717651367188,medium
hv11_542.png,109.73726654052734,medium
hv11_549.png,125.92910766601562,medium
hv11_558.png,118.25946044921875,medium
hv11_562.png,124.59532928466797,medium
hv11_643.png,127.6217041015625,medium
hv11_655.png,116.09280395507812,medium
hv11_674.png,108.93537139892578,medium
hv11_78.png,138.6184844970703,high
hv11_86.png,123.6689224243164,medium
hv11_97.png,134.06271362304688,high
hv12_1042.png,81.40898895263672,low
hv12_1213.png,65.45919036865234,low
hv12_1329.png,92.33332824707031,low
hv12_1357.png,71.71048736572266,low
hv12_1434.png,90.83060455322266,low
hv12_1482.png,82.82095336914062,low
hv12_171.png,81.97249603271484,low
hv12_1774.png,61.8409423828125,low
hv12_1848.png,61.69842529296875,low
hv12_1862.png,58.30276107788086,low
hv12_188.png,87.28775024414062,low
hv12_1884.png,61.2366943359375,low
hv12_189.png,86.46491241455078,low
hv12_1897.png,56.178348541259766,low
hv12_2022.png,54.3133544921875,low
hv12_2043.png,53.0637321472168,low
hv12_2077.png,69.04557800292969,low
hv12_2152.png,69.04082489013672,low
hv12_2202.png,59.48109817504883,low
hv12_2247.png,69.3717041015625,low
hv12_237.png,86.32069396972656,low
hv12_267.png,79.5786361694336,low
hv12_27.png,82.72748565673828,low
hv12_286.png,79.32225036621094,low
hv12_344.png,103.6874008178711,medium
hv12_382.png,88.38688659667969,low
hv12_404.png,80.28690338134766,low
hv12_426.png,79.95066833496094,low
hv12_549.png,63.27597427368164,low
hv12_678.png,80.09146118164062,low
hv12_68.png,59.129669189453125,low
hv12_693.png,93.88681030273438,low
hv12_721.png,97.55216979980469,low
hv12_759.png,83.530517578125,low
hv14_105.png,122.3374252319336,medium
hv14_129.png,100.31111907958984,low
hv14_133.png,76.84150695800781,low
hv14_136.png,81.07707214355469,low
hv14_139.png,109.51979064941406,medium
hv14_140.png,108.81558227539062,medium
hv14_148.png,125.30580139160156,medium
hv14_169.png,100.32787322998047,low
hv14_170.png,112.10667419433594,medium
hv14_21.png,116.45256042480469,medium
hv14_22.png,136.02532958984375,high
hv14_30.png,122.69540405273438,medium
hv14_42.png,111.77767181396484,medium
hv14_43.png,98.95921325683594,low
hv14_49.png,104.73666381835938,medium
hv14_55.png,120.74697875976562,medium
hv14_56.png,106.78675842285156,medium
hv14_64.png,115.79598999023438,medium
hv15_.png,114.67652893066406,medium
hv15_1.png,120.75353240966797,medium
hv15_11.png,128.18202209472656,high
hv15_111.png,117.52590942382812,medium
hv15_117.png,108.51951599121094,medium
hv15_15.png,116.74617004394531,medium
hv15_17.png,100.00715637207031,low
hv15_2.png,117.2308349609375,medium
hv15_21.png,113.73808288574219,medium
hv15_23.png,132.49993896484375,high
hv15_28.png,126.71328735351562,medium
hv15_29.png,106.87958526611328,medium
hv15_3.png,117.18270111083984,medium
hv15_41.png,117.01547241210938,medium
hv15_47.png,132.4600372314453,high
hv15_49.png,180.33055114746094,high
hv15_54.png,122.069580078125,medium
hv15_6.png,104.38199615478516,medium
hv15_60.png,144.140380859375,high
hv15_69.png,113.8987808227539,medium
hv15_73.png,140.00611877441406,high
hv15_81.png,124.40518951416016,medium
hv15_86.png,116.09049987792969,medium
hv15_90.png,115.64651489257812,medium
hv16_108.png,124.49758911132812,medium
hv16_117.png,165.29930114746094,high
hv16_127.png,133.10333251953125,high
hv16_241.png,126.04469299316406,medium
hv16_411.png,67.72655487060547,low
hv16_416.png,60.40235137939453,low
hv16_75.png,124.73299407958984,medium
hv17_1.png,109.68761444091797,medium
hv17_10.png,117.2198715209961,medium
hv17_11.png,113.94447326660156,medium
hv17_12.png,108.82725524902344,medium
hv17_22.png,109.59334564208984,medium
hv17_24.png,106.8360824584961,medium
hv17_29.png,105.55132293701172,medium
hv17_31.png,101.50747680664062,low
hv17_32.png,105.51371002197266,medium
hv17_33.png,119.55750274658203,medium
hv17_38.png,135.509033203125,high
hv17_40.png,127.35979461669922,medium
hv17_42.png,126.25763702392578,medium
hv17_44.png,126.65296936035156,medium
hv17_48.png,84.48076629638672,low
hv17_59.png,115.00138854980469,medium
hv17_6.png,119.23307037353516,medium
hv17_7.png,118.01373291015625,medium
hv17_70.png,122.46063995361328,medium
hv17_71.png,119.70787048339844,medium
hv17_72.png,124.88854217529297,medium
hv18_9.png,131.7201690673828,high
hv19_175.png,90.66991424560547,low
hv19_225.png,99.75779724121094,low
hv1_120.png,63.39965057373047,low
hv1_158.png,94.39336395263672,low
hv1_54.png,116.6803207397461,medium
hv1_61.png,41.235740661621094,low
hv1_72.png,31.35175132751465,low
hv1_78.png,66.41189575195312,low
hv1_86.png,87.52058410644531,low
hv1_9.png,106.31218719482422,medium
hv1_93.png,59.493282318115234,low
hv20_231.png,127.43987274169922,medium
hv20_234.png,129.70465087890625,high
hv20_369.png,115.24126434326172,medium
hv20_440.png,123.38460540771484,medium
hv20_572.png,86.2454833984375,low
hv20_64.png,112.192138671875,medium
hv21_171.png,116.36510467529297,medium
hv21_252.png,118.25003051757812,medium
hv21_258.png,112.41465759277344,medium
hv21_266.png,110.59129333496094,medium
hv21_292.png,113.2944564819336,medium
hv21_46.png,118.24081420898438,medium
hv21_87.png,115.93350219726562,medium
hv22_.png,93.91677856445312,low
hv22_127.png,118.97834014892578,medium
hv22_28.png,94.3662109375,low
hv22_31.png,83.76463317871094,low
hv22_43.png,90.82894134521484,low
hv22_92.png,118.25640869140625,medium
hv23_160.png,101.1720199584961,low
hv23_20.png,103.66658020019531,medium
hv23_222.png,101.36001586914062,low
hv23_34.png,115.85411071777344,medium
hv23_36.png,120.95179748535156,medium
hv23_92.png,96.96467590332031,low
hv24_.png,135.88803100585938,high
hv24_116.png,122.27790069580078,medium
hv24_139.png,125.33663177490234,medium
hv24_21.png,140.8575897216797,high
hv24_28.png,144.97731018066406,high
hv24_4.png,143.62054443359375,high
hv24_93.png,132.8060302734375,high
hv25_108.png,136.3914337158203,high
hv25_116.png,126.1570053100586,medium
hv25_117.png,130.4241180419922,high
hv25_12.png,133.60816955566406,high
hv25_121.png,131.3819122314453,high
hv25_156.png,134.33389282226562,high
hv25_162.png,123.06112670898438,medium
hv25_176.png,122.30632019042969,medium
hv25_4.png,131.2405242919922,high
hv25_6.png,132.35684204101562,high
hv26_133.png,140.5838165283203,high
hv26_224.png,120.73596954345703,medium
hv26_291.png,127.12300109863281,medium
hv26_466.png,130.24508666992188,high
hv27_237.png,111.92285919189453,medium
hv27_339.png,104.75086975097656,medium
hv27_386.png,129.30641174316406,high
hv27_387.png,121.9659423828125,medium
hv27_75.png,110.7540054321289,medium
hv27_88.png,119.54924774169922,medium
hv28_.png,139.52987670898438,high
hv28_133.png,133.2537384033203,high
hv28_135.png,139.1568145751953,high
hv28_157.png,148.39739990234375,high
hv28_195.png,132.21136474609375,high
hv28_198.png,143.05123901367188,high
hv28_294.png,144.9180908203125,high
hv28_3.png,139.36949157714844,high
hv28_96.png,133.11749267578125,high
hv29_.png,96.72876739501953,low
hv29_103.png,105.33926391601562,medium
hv29_115.png,104.29566192626953,medium
hv29_128.png,102.72877502441406,low
hv29_142.png,103.51715850830078,medium
hv29_210.png,106.544677734375,medium
hv29_219.png,107.42332458496094,medium
hv29_22.png,99.95919799804688,low
hv29_243.png,106.44147491455078,medium
hv29_70.png,102.15288543701172,low
hv29_82.png,102.11070251464844,low
hv2_.png,116.88156127929688,medium
hv2_10.png,111.65381622314453,medium
hv2_16.png,112.90026092529297,medium
hv2_28.png,94.61831665039062,low
hv2_45.png,166.2523956298828,high
hv2_49.png,163.31224060058594,high
hv2_56.png,164.1342315673828,high
hv30_110.png,130.3411865234375,high
hv30_128.png,117.98925018310547,medium
hv30_138.png,127.36384582519531,medium
hv30_145.png,126.47571563720703,medium
hv30_148.png,130.31515502929688,high
hv30_169.png,123.60469818115234,medium
hv30_42.png,127.33333587646484,medium
hv30_76.png,125.88890838623047,medium
hv32_108.png,137.29736328125,high
hv32_126.png,153.2325439453125,high
hv33_124.png,37.11248016357422,low
hv33_183.png,50.07364273071289,low
hv34_1033.png,37.767520904541016,low
hv34_1270.png,29.211044311523438,low
hv34_1778.png,24.953697204589844,low
hv34_589.png,17.549644470214844,low
hv35_121.png,113.59231567382812,medium
hv35_133.png,100.83613586425781,low
hv35_157.png,122.29450225830078,medium
hv35_181.png,132.7116241455078,high
hv35_24.png,108.20299530029297,medium
hv35_282.png,116.78587341308594,medium
hv35_290.png,121.61572265625,medium
hv35_292.png,119.7945327758789,medium
hv35_327.png,110.23079681396484,medium
hv35_340.png,106.81015014648438,medium
hv35_345.png,102.50043487548828,low
hv35_352.png,110.9609603881836,medium
hv35_38.png,117.11300659179688,medium
hv35_433.png,112.06246185302734,medium
hv35_436.png,107.02156066894531,medium
hv35_474.png,105.69673919677734,medium
hv35_496.png,105.17232513427734,medium
hv35_51.png,115.06666564941406,medium
hv35_519.png,111.09822845458984,medium
hv35_560.png,111.014404296875,medium
hv35_60.png,117.10735321044922,medium
hv35_849.png,106.51811981201172,medium
hv36_216.png,149.1392822265625,high
hv36_219.png,148.667724609375,high
hv36_304.png,147.75096130371094,high
hv36_306.png,149.2391815185547,high
hv36_379.png,138.1054229736328,high
hv36_510.png,154.08030700683594,high
hv36_601.png,123.86290740966797,medium
hv36_615.png,123.89659881591797,medium
hv36_630.png,110.2901611328125,medium
hv36_639.png,89.14344024658203,low
hv36_652.png,84.36316680908203,low
hv36_670.png,111.93848419189453,medium
hv36_675.png,105.76727294921875,medium
hv36_68.png,125.77485656738281,medium
hv36_87.png,145.32139587402344,high
hv36_92.png,129.1206512451172,high
hv37_1022.png,145.35501098632812,high
hv37_1076.png,139.30523681640625,high
hv37_1088.png,139.975341796875,high
hv37_1095.png,138.61256408691406,high
hv37_1107.png,137.16015625,high
hv37_1136.png,145.0576171875,high
hv37_115.png,139.26100158691406,high
hv37_1165.png,140.35690307617188,high
hv37_1200.png,139.1050567626953,high
hv37_1222.png,144.08987426757812,high
hv37_1246.png,140.87644958496094,high
hv37_1260.png,123.92424011230469,medium
hv37_1275.png,134.45980834960938,high
hv37_1294.png,122.36155700683594,medium
hv37_1300.png,141.5816650390625,high
hv37_1317.png,136.72300720214844,high
hv37_1386.png,129.85739135742188,high
hv37_1452.png,140.02516174316406,high
hv37_1465.png,139.65748596191406,high
hv37_1479.png,130.25714111328125,high
hv37_1626.png,89.58991241455078,low
hv37_1642.png,93.80489349365234,low
hv37_1735.png,87.2912826538086,low
hv37_1812.png,124.25299835205078,medium
hv37_1862.png,96.10600280761719,low
hv37_1969.png,94.10257720947266,low
hv37_2042.png,105.23251342773438,medium
hv37_2055.png,106.3995590209961,medium
hv37_2128.png,63.79182434082031,low
hv37_2158.png,105.87677001953125,medium
hv37_26.png,128.54086303710938,high
hv37_291.png,145.6582794189453,high
hv37_309.png,147.50857543945312,high
hv37_322.png,141.9034423828125,high
hv37_34.png,121.17151641845703,medium
hv37_358.png,145.76954650878906,high
hv37_38.png,118.90699005126953,medium
hv37_381.png,146.2731475830078,high
hv37_436.png,151.92088317871094,high
hv37_446.png,148.66278076171875,high
hv37_459.png,151.6451416015625,high
hv37_465.png,152.67198181152344,high
hv37_523.png,150.15933227539062,high
hv37_56.png,117.06771850585938,medium
hv37_564.png,149.76280212402344,high
hv37_571.png,150.12648010253906,high
hv37_577.png,153.60223388671875,high
hv37_636.png,138.80030822753906,high
hv37_64.png,133.7324981689453,high
hv37_650.png,141.90785217285156,high
hv37_738.png,141.0301971435547,high
hv37_774.png,138.1643524169922,high
hv37_78.png,131.04794311523438,high
hv37_781.png,145.91580200195312,high
hv37_840.png,138.92906188964844,high
hv37_870.png,141.54299926757812,high
hv37_888.png,134.718505859375,high
hv37_921.png,138.83876037597656,high
hv38_127.png,122.50411987304688,medium
hv38_210.png,138.646484375,high
hv38_72.png,128.12306213378906,high
hv38_86.png,117.41322326660156,medium
hv38_87.png,108.3413314819336,medium
hv38_91.png,114.09825134277344,medium
hv39_.png,83.8929672241211,low
hv39_10.png,89.51803588867188,low
hv39_115.png,77.11123657226562,low
hv39_156.png,86.3800048828125,low
hv39_182.png,100.16702270507812,low
hv39_21.png,96.48143768310547,low
hv39_243.png,90.43192291259766,low
hv39_253.png,94.94860076904297,low
hv39_26.png,98.30634307861328,low
hv39_264.png,88.62581634521484,low
hv39_273.png,91.98802947998047,low
hv39_28.png,98.85991668701172,low
hv39_306.png,87.38665771484375,low
hv39_312.png,86.00923919677734,low
hv39_333.png,88.62168884277344,low
hv39_351.png,83.94293212890625,low
hv39_358.png,92.98090362548828,low
hv39_368.png,93.17242431640625,low
hv39_369.png,93.6294937133789,low
hv39_384.png,99.55638122558594,low
hv39_422.png,88.41806030273438,low
hv39_426.png,85.7913589477539,low
hv39_49.png,65.66057586669922,low
hv39_529.png,90.29735565185547,low
hv39_609.png,86.97997283935547,low
hv39_614.png,83.46073150634766,low
hv39_620.png,93.76809692382812,low
hv39_656.png,80.77075958251953,low
hv39_679.png,82.61296844482422,low
hv39_684.png,81.21730041503906,low
hv39_692.png,82.62523651123047,low
hv39_759.png,94.2249755859375,low
hv39_786.png,78.41873931884766,low
hv39_834.png,82.98147583007812,low
hv39_838.png,77.14189910888672,low
hv39_907.png,70.6251449584961,low
hv39_91.png,93.39325714111328,low
hv39_931.png,76.2846450805664,low
hv39_936.png,73.01387786865234,low
hv3_106.png,161.95156860351562,high
hv3_117.png,91.98399353027344,low
hv3_118.png,92.5407485961914,low
hv3_14.png,126.03643798828125,medium
hv3_2.png,91.45233917236328,low
hv3_33.png,90.52989959716797,low
hv3_63.png,82.0758285522461,low
hv3_7.png,91.44268035888672,low
hv3_76.png,155.68563842773438,high
hv3_79.png,152.1526336669922,high
hv3_82.png,125.26370239257812,medium
hv3_91.png,127.71446228027344,medium
hv40_10.png,156.03298950195312,high
hv40_109.png,188.73985290527344,high
hv40_110.png,182.8007049560547,high
hv40_120.png,181.10731506347656,high
hv40_127.png,181.95880126953125,high
hv40_13.png,81.41809844970703,low
hv40_150.png,180.21009826660156,high
hv40_155.png,175.8665008544922,high
hv40_160.png,178.3770751953125,high
hv40_165.png,182.8303680419922,high
hv40_172.png,140.15078735351562,high
hv40_176.png,163.51124572753906,high
hv40_188.png,160.47117614746094,high
hv40_193.png,148.4384002685547,high
hv40_217.png,148.3874969482422,high
hv40_225.png,146.24012756347656,high
hv40_243.png,174.2047882080078,high
hv40_255.png,173.9632568359375,high
hv40_266.png,164.8727264404297,high
hv40_275.png,161.0579071044922,high
hv40_277.png,162.96554565429688,high
hv40_28.png,148.42857360839844,high
hv40_290.png,110.04053497314453,medium
hv40_307.png,162.3972930908203,high
hv40_309.png,104.59494018554688,medium
hv40_311.png,107.15290832519531,medium
hv40_315.png,118.45175170898438,medium
hv40_337.png,126.11883544921875,medium
hv40_340.png,130.8112030029297,high
hv40_342.png,120.90472412109375,medium
hv40_357.png,132.6859893798828,high
hv40_37.png,139.18475341796875,high
hv40_39.png,136.1070098876953,high
hv40_404.png,159.73757934570312,high
hv40_405.png,146.42446899414062,high
hv40_411.png,157.15774536132812,high
hv40_412.png,166.96368408203125,high
hv40_42.png,136.37777709960938,high
hv40_423.png,164.11575317382812,high
hv40_49.png,167.88368225097656,high
hv40_5.png,63.37019348144531,low
hv40_51.png,169.59120178222656,high
hv40_57.png,172.75131225585938,high
hv40_61.png,167.98667907714844,high
hv40_64.png,163.48533630371094,high
hv40_67.png,148.77561950683594,high
hv40_72.png,158.88534545898438,high
hv40_78.png,153.52413940429688,high
hv40_84.png,130.97242736816406,high
hv40_87.png,126.83746337890625,medium
hv41_39.png,92.46852111816406,low
hv41_46.png,79.36203002929688,low
hv42_1005.png,112.41436004638672,medium
hv42_1012.png,101.21536254882812,low
hv42_1021.png,105.4925537109375,medium
hv42_1024.png,99.273681640625,low
hv42_1028.png,88.16136932373047,low
hv42_1048.png,118.54872131347656,medium
hv42_1054.png,97.51919555664062,low
hv42_1071.png,83.60301208496094,low
hv42_1077.png,109.4515609741211,medium
hv42_13.png,97.33414459228516,low
hv42_175.png,122.14523315429688,medium
hv42_20.png,77.8114013671875,low
hv42_236.png,99.15998840332031,low
hv42_256.png,107.09497833251953,medium
hv42_261.png,117.42557525634766,medium
hv42_283.png,104.582275390625,medium
hv42_297.png,108.844482421875,medium
hv42_304.png,99.59220123291016,low
hv42_326.png,102.88264465332031,medium
hv42_336.png,117.97203826904297,medium
hv42_350.png,83.37676239013672,low
hv42_361.png,92.88945770263672,low
hv42_37.png,90.29747772216797,low
hv42_379.png,104.29253387451172,medium
hv42_394.png,107.05715942382812,medium
hv42_420.png,93.32501983642578,low
hv42_433.png,88.10442352294922,low
hv42_440.png,111.07479095458984,medium
hv42_450.png,112.23989868164062,medium
hv42_487.png,125.36186981201172,medium
hv42_496.png,105.72662353515625,medium
hv42_505.png,103.44717407226562,medium
hv42_525.png,107.98592376708984,medium
hv42_535.png,116.24637603759766,medium
hv42_543.png,98.74838256835938,low
hv42_550.png,101.705322265625,low
hv42_555.png,92.6655044555664,low
hv42_562.png,100.45135498046875,low
hv42_570.png,109.22245788574219,medium
hv42_576.png,104.90977478027344,medium
hv42_582.png,91.52957153320312,low
hv42_586.png,111.84294128417969,medium
hv42_594.png,100.02385711669922,low
hv42_6.png,108.3078384399414,medium
hv42_60.png,86.64676666259766,low
hv42_601.png,109.0166015625,medium
hv42_620.png,119.41075897216797,medium
hv42_651.png,98.9701919555664,low
hv42_658.png,103.03944396972656,medium
hv42_664.png,96.12648010253906,low
hv42_675.png,107.0869369506836,medium
hv42_686.png,114.16877746582031,medium
hv42_716.png,98.33768463134766,low
hv42_736.png,119.37943267822266,medium
hv42_752.png,95.75991821289062,low
hv42_774.png,109.653076171875,medium
hv42_796.png,123.299072265625,medium
hv42_837.png,118.98941040039062,medium
hv42_846.png,93.32897186279297,low
hv42_855.png,109.29691314697266,medium
hv42_861.png,118.55915832519531,medium
hv42_885.png,104.60059356689453,medium
hv42_895.png,108.20465087890625,medium
hv42_906.png,120.31693267822266,medium
hv42_916.png,110.56522369384766,medium
hv42_925.png,110.00474548339844,medium
hv42_933.png,65.70518493652344,low
hv42_937.png,100.26121520996094,low
hv42_943.png,116.26286315917969,medium
hv42_970.png,82.22254943847656,low
hv42_976.png,86.56423950195312,low
hv42_981.png,75.67969512939453,low
hv42_986.png,89.313232421875,low
hv42_99.png,102.54736328125,low
hv42_999.png,105.90068054199219,medium
hv43_1038.png,104.51775360107422,medium
hv43_1095.png,134.45144653320312,high
hv43_1212.png,132.57955932617188,high
hv43_1273.png,118.84584045410156,medium
hv43_1298.png,75.20275115966797,low
hv43_1306.png,59.245121002197266,low
hv43_1364.png,129.1287841796875,high
hv43_324.png,116.36671447753906,medium
hv43_336.png,134.2776641845703,high
hv43_451.png,136.07374572753906,high
hv43_482.png,128.0680389404297,high
hv43_644.png,125.66275787353516,medium
hv43_672.png,150.14141845703125,high
hv43_685.png,143.40567016601562,high
hv43_724.png,111.54920196533203,medium
hv43_931.png,48.559593200683594,low
hv44_1.png,99.74726104736328,low
hv44_2.png,100.8504409790039,low
hv44_20.png,121.77059936523438,medium
hv44_25.png,117.02027893066406,medium
hv44_29.png,113.61463928222656,medium
hv44_3.png,113.74705505371094,medium
hv44_31.png,100.85250091552734,low
hv44_34.png,106.242431640625,medium
hv44_35.png,113.46466064453125,medium
hv44_38.png,111.1144790649414,medium
hv44_39.png,117.83680725097656,medium
hv44_4.png,108.15576171875,medium
hv44_41.png,120.23392486572266,medium
hv44_43.png,106.24375915527344,medium
hv44_44.png,96.8981704711914,low
hv44_47.png,83.41606903076172,low
hv44_49.png,94.51447296142578,low
hv45_159.png,11.365532875061035,low
hv45_31.png,13.837737083435059,low
hv45_315.png,4.0027313232421875,low
hv45_82.png,16.11798667907715,low
hv46_124.png,150.47134399414062,high
hv46_433.png,159.44183349609375,high
hv47_1003.png,113.24752044677734,medium
hv47_1009.png,113.65110778808594,medium
hv47_1065.png,111.72340393066406,medium
hv47_1069.png,121.13627624511719,medium
hv47_1086.png,118.83335876464844,medium
hv47_1096.png,112.28803253173828,medium
hv47_1115.png,124.28015899658203,medium
hv47_1167.png,110.92744445800781,medium
hv47_118.png,104.94041442871094,medium
hv47_1187.png,112.64356231689453,medium
hv47_1192.png,113.52330780029297,medium
hv47_153.png,112.00355529785156,medium
hv47_208.png,100.82655334472656,low
hv47_275.png,113.55876159667969,medium
hv47_322.png,113.37705993652344,medium
hv47_37.png,104.8588638305664,medium
hv47_408.png,111.81525421142578,medium
hv47_488.png,125.60559844970703,medium
hv47_547.png,122.40582275390625,medium
hv47_566.png,119.26817321777344,medium
hv47_588.png,118.25358581542969,medium
hv47_60.png,101.9289321899414,low
hv47_624.png,99.92664337158203,low
hv47_642.png,121.65650177001953,medium
hv47_661.png,123.18260192871094,medium
hv47_674.png,115.51526641845703,medium
hv47_699.png,90.32791137695312,low
hv47_71.png,93.73204803466797,low
hv47_727.png,108.22029876708984,medium
hv47_729.png,116.02388763427734,medium
hv47_76.png,103.65660095214844,medium
hv47_766.png,115.62863159179688,medium
hv47_786.png,108.14069366455078,medium
hv47_80.png,106.84814453125,medium
hv47_844.png,106.89752197265625,medium
hv47_856.png,115.34326171875,medium
hv47_858.png,90.20752716064453,low
hv47_871.png,115.00743103027344,medium
hv47_887.png,116.04981231689453,medium
hv47_898.png,118.6740493774414,medium
hv47_92.png,108.15840148925781,medium
hv47_936.png,116.67118072509766,medium
hv47_95.png,97.8978042602539,low
hv47_952.png,105.35758972167969,medium
hv48_.png,116.35693359375,medium
hv48_104.png,106.1822280883789,medium
hv48_190.png,107.6607894897461,medium
hv48_196.png,122.26319885253906,medium
hv48_200.png,125.41477966308594,medium
hv48_255.png,129.54421997070312,high
hv48_4.png,145.50082397460938,high
hv48_63.png,135.35763549804688,high
hv49_.png,107.10853576660156,medium
hv49_78.png,106.91621398925781,medium
hv49_82.png,98.9136962890625,low
hv4_133.png,76.80419921875,low
hv4_162.png,78.61650085449219,low
hv4_259.png,92.4253921508789,low
hv4_267.png,43.18650436401367,low
hv4_273.png,31.136146545410156,low
hv4_289.png,73.97136688232422,low
hv4_294.png,56.42149353027344,low
hv4_304.png,75.64818572998047,low
hv4_308.png,115.54972076416016,medium
hv4_34.png,105.10225677490234,medium
hv50_.png,80.41905975341797,low
hv50_121.png,106.67339324951172,medium
hv50_186.png,89.53885650634766,low
hv50_213.png,95.53543853759766,low
hv50_223.png,85.44255828857422,low
hv50_230.png,97.42793273925781,low
hv50_241.png,94.29043579101562,low
hv50_259.png,94.278076171875,low
hv50_26.png,78.7928466796875,low
hv50_304.png,95.40338134765625,low
hv50_319.png,98.73652648925781,low
hv50_348.png,107.21587371826172,medium
hv50_366.png,103.19461822509766,medium
hv50_384.png,100.34148406982422,low
hv50_392.png,103.08583068847656,medium
hv50_408.png,105.17420196533203,medium
hv50_416.png,103.67654418945312,medium
hv50_446.png,103.8306655883789,medium
hv50_465.png,105.40885162353516,medium
hv50_481.png,106.37017059326172,medium
hv50_493.png,95.9261474609375,low
hv50_528.png,108.90435791015625,medium
hv50_57.png,86.932861328125,low
hv50_620.png,108.26622009277344,medium
hv50_639.png,107.03125,medium
hv50_649.png,93.21589660644531,low
hv50_696.png,98.97380828857422,low
hv50_718.png,82.17737579345703,low
hv50_736.png,88.59004211425781,low
hv50_793.png,94.14746856689453,low
hv50_81.png,92.90933227539062,low
hv5_106.png,116.91063690185547,medium
hv5_136.png,120.99920654296875,medium
hv5_147.png,120.2292251586914,medium
hv5_22.png,183.39675903320312,high
hv5_30.png,182.953369140625,high
hv5_34.png,182.6934051513672,high
hv5_50.png,112.91438293457031,medium
hv5_56.png,114.62797546386719,medium
hv5_70.png,36.74837112426758,low
hv5_75.png,38.16135025024414,low
hv5_80.png,78.78653717041016,low
hv5_86.png,65.72183227539062,low
hv5_94.png,61.8586311340332,low
hv6_100.png,91.30712127685547,low
hv6_102.png,91.00251770019531,low
hv6_106.png,104.33403015136719,medium
hv6_13.png,127.99757385253906,medium
hv6_133.png,129.37789916992188,high
hv6_139.png,134.8007354736328,high
hv6_142.png,133.73228454589844,high
hv6_144.png,110.36720275878906,medium
hv6_147.png,104.471435546875,medium
hv6_148.png,108.19153594970703,medium
hv6_152.png,106.58414459228516,medium
hv6_153.png,108.97335052490234,medium
hv6_154.png,131.28050231933594,high
hv6_16.png,126.90933990478516,medium
hv6_166.png,56.693450927734375,low
hv6_20.png,126.64814758300781,medium
hv6_204.png,84.43948364257812,low
hv6_208.png,91.1581802368164,low
hv6_217.png,107.70040893554688,medium
hv6_218.png,107.21015167236328,medium
hv6_223.png,104.16154479980469,medium
hv6_226.png,100.81497192382812,low
hv6_24.png,126.71092224121094,medium
hv6_9.png,128.5642852783203,high
hv6_96.png,46.76904296875,low
hv6_97.png,96.00472259521484,low
hv7_126.png,120.24130249023438,medium
hv7_132.png,116.08952331542969,medium
hv7_138.png,128.5659637451172,high
hv7_21.png,116.09440612792969,medium
hv7_22.png,127.16964721679688,medium
hv7_27.png,72.92420959472656,low
hv8_120.png,121.96497344970703,medium
hv8_128.png,105.14507293701172,medium
hv8_147.png,115.14179992675781,medium
hv8_160.png,112.70201110839844,medium
hv8_169.png,106.61682891845703,medium
hv8_256.png,176.0026092529297,high
hv8_262.png,182.17076110839844,high
hv8_325.png,117.1738052368164,medium
hv8_367.png,111.30562591552734,medium
hv8_58.png,70.53943634033203,low
hv8_88.png,100.61244201660156,low
hv8_99.png,123.57563781738281,medium
hv9_1.png,134.43109130859375,high
hv9_14.png,123.56484985351562,medium
hv9_182.png,136.87445068359375,high
hv9_186.png,137.80740356445312,high
hv9_188.png,137.48899841308594,high
hv9_198.png,116.25921630859375,medium
hv9_202.png,121.78231811523438,medium
hv9_21.png,130.51600646972656,high
hv9_215.png,137.0740966796875,high
hv9_221.png,133.5333709716797,high
hv9_223.png,132.02369689941406,high
hv9_36.png,111.58980560302734,medium
hv9_47.png,121.40350341796875,medium
